Unnamed: 0.1,Unnamed: 0,smiles,ex1,ex2,ex3,ex4,ex5,ex6,ex7,ex8,ex9,ex10,ex11,ex12,ex13,ex14,ex15,ex16,ex17,ex18,ex19,ex20,ex21,ex22,ex23,ex24,ex25,ex26,ex27,ex28,ex29,ex30,ex31,ex32,ex33,ex34,ex35,ex36,ex37,ex38,ex39,ex40,ex41,ex42,ex43,ex44,ex45,ex46,ex47,ex48,ex49,ex50,prob1,prob2,prob3,prob4,prob5,prob6,prob7,prob8,prob9,prob10,prob11,prob12,prob13,prob14,prob15,prob16,prob17,prob18,prob19,prob20,prob21,prob22,prob23,prob24,prob25,prob26,prob27,prob28,prob29,prob30,prob31,prob32,prob33,prob34,prob35,prob36,prob37,prob38,prob39,prob40,prob41,prob42,prob43,prob44,prob45,prob46,prob47,prob48,prob49,prob50,pc1,pc2,pc3,pc4,pc5,cluster
5543909,5543909,CCc1ccc(CS(=O)(=O)N2CCOCC2)cc1NC(=O)c1cccc2cccnc12,1.967,2.273,2.381,2.679,3.033,3.217,3.242,3.375,3.547,3.549,3.595,3.751,3.847,3.888,3.944,3.954,3.99,4.086,4.139,4.173,4.26,4.302,4.305,4.353,4.4,4.432,4.441,4.494,4.497,4.528,4.556,4.579,4.597,4.621,4.65,4.734,4.792,4.814,4.849,4.935,4.947,4.977,5.026,5.11,5.152,5.172,5.174,5.193,5.231,5.254,0.00063783,2.15e-06,0.02046188,0.0002926,0.00064418,2.251e-05,1.369e-05,3.88e-05,0.00085114,9.444e-05,0.00168715,0.17017097,0.00068606,0.01782009,0.01287496,0.00012582,5.193e-05,0.03415304,0.0610008,0.01171765,0.00658216,0.00201279,0.00116771,0.01044724,0.0030168,0.00062152,0.01599653,4.57e-06,4.49e-05,0.00048858,6.129e-05,0.00101364,0.00023815,4.145e-05,8.647e-05,0.03550592,0.00086644,2.638e-05,0.00011364,0.03367394,0.03810648,0.00299738,0.02297402,0.00756254,0.11336705,0.06158123,0.02138596,0.00133033,0.08553684,0.00025493,298391.9999999011,-8.104729334017593,0.8041356518961789,-0.4925779876393873,-0.3546285320614232,4
5369425,5369425,COC(=O)c1cccc(CNC(=O)COCC(=O)NCc2cccnc2)c1O,2.873,3.046,3.383,3.543,3.57,3.623,3.682,3.765,3.815,3.885,4.042,4.061,4.085,4.152,4.188,4.206,4.221,4.288,4.299,4.389,4.406,4.448,4.474,4.526,4.644,4.709,4.72,4.857,4.938,4.947,4.985,5.049,5.059,5.065,5.071,5.176,5.267,5.277,5.286,5.33,5.353,5.36,5.362,5.366,5.46,5.504,5.541,5.545,5.647,5.673,0.0055695,0.00176743,0.00072642,6.97e-06,0.00253006,0.00212898,6.5e-07,0.00039241,0.00851972,2.77e-05,0.00162415,5.87e-06,0.1089383,3.627e-05,6.682e-05,9.755e-05,0.00315283,1.376e-05,8.15e-06,0.00017986,3.509e-05,0.00310575,1.51e-05,3.2e-07,0.00011904,1.182e-05,0.00162778,4.32e-06,0.00108067,0.00027525,0.0656965,1.124e-05,0.00012931,0.00593231,0.00459857,0.00010635,2.45e-06,0.00050843,8.967e-05,0.02880414,0.00064919,0.00023574,7.161e-05,0.00162132,0.0008602,5.95e-06,0.00010148,0.00105391,0.00110621,7.009e-05,123907.999999961,-5.508100472987126,-0.2194829457262916,0.4072803702749719,-0.2494924625387377,4
4621832,4621832,CCN(CCCNC(=O)Cc1n[nH]cc1C)C(=O)c1occc1C(C)C,3.801,3.815,4.472,4.53,4.669,4.671,4.726,4.895,5.081,5.087,5.101,5.243,5.301,5.441,5.443,5.477,5.584,5.617,5.667,5.814,5.857,5.924,5.959,5.997,6.011,6.1,6.157,6.304,6.321,6.344,6.377,6.386,6.419,6.455,6.482,6.518,6.529,6.601,6.603,6.633,6.652,6.724,6.749,6.781,6.844,6.851,6.902,6.917,6.944,6.947,0.00102921,9.464e-05,0.05929435,1.248e-05,0.01087972,0.01878579,0.00215553,0.00040015,0.20778821,0.0326647,0.00396065,0.00010928,0.00560784,0.00233133,0.00142972,1.759e-05,0.02760566,0.00207072,1.09e-06,0.00014269,0.00129391,0.02187545,6.705e-05,0.03462517,2.44e-06,0.06159201,0.00141385,0.00080979,0.0010711,0.02126278,0.01442413,0.0026909,0.00222105,0.00379254,0.01755418,0.01772237,0.00039838,0.00060588,0.08899419,0.00815772,0.02065669,0.00013001,2.768e-05,0.02095268,0.03584477,0.02186065,2.992e-05,0.00604403,6.01e-06,0.00198676,-623684.999999783,3.649204017504956,-0.6400266213314775,-0.0337798587242566,0.0513918843529075,4
894046,894046,C#CCCNC(=O)CCCOc1ccc(C(C)(C)CC)cc1C(C)(C)CC,4.381,4.604,4.839,5.077,5.125,5.202,5.376,5.565,5.583,5.829,5.861,5.865,5.977,6.016,6.066,6.094,6.096,6.109,6.146,6.19,6.237,6.313,6.319,6.362,6.378,6.509,6.517,6.543,6.564,6.598,6.645,6.668,6.674,6.754,6.777,6.788,6.799,6.806,6.829,6.863,6.88,6.919,6.969,6.976,7.001,7.005,7.035,7.071,7.095,7.143,0.00775769,0.04184835,0.01806189,0.03587485,1.881e-05,0.0656533,0.00090715,0.00022728,0.00011704,0.00011533,0.01838059,0.00015003,0.17936989,0.02471925,0.07378832,0.00244633,0.06762803,0.00017907,0.00058309,0.09234883,6.933e-05,0.00542258,0.00443796,0.04124024,0.19308911,0.00304603,0.04330832,0.01281328,0.00747822,0.00306999,0.01032218,0.00062246,0.00022445,0.00072113,0.06147253,0.00916707,0.00088106,0.0163741,2.996e-05,0.00498136,0.15833366,0.00436482,0.01018597,0.02405946,0.00937173,0.00484794,0.0430185,0.001152,0.00656178,0.00048982,-4351470.999998483,6.200351799950356,-2.057599091007124,-0.6252486650295586,-0.0474077087653499,2
9400048,9400048,C=CCC(=O)CC=C(OCC)c1ccc(CNS(=O)(=O)c2ccccc2)nn1,2.822,3.069,3.253,3.278,3.439,3.466,3.491,3.528,3.549,3.617,3.89,3.946,3.985,4.018,4.046,4.049,4.06,4.107,4.269,4.505,4.524,4.54,4.552,4.604,4.628,4.694,4.709,4.752,4.795,4.909,4.969,4.977,4.995,5.003,5.009,5.074,5.086,5.103,5.11,5.121,5.127,5.145,5.176,5.199,5.256,5.264,5.284,5.29,5.304,5.331,0.00266639,0.00037661,0.00570452,2.189e-05,0.04473327,0.05998353,0.00735067,0.00018945,0.0140017,0.0096843,0.00087837,3.4e-06,0.00169649,0.00264692,0.00356788,0.00049635,0.00524488,0.03590064,0.00076131,4.569e-05,0.00307109,0.01663821,0.01066967,0.03791247,0.00198812,0.10474255,0.00482404,0.00751323,0.00163399,0.00055955,0.00021212,0.00569994,9.815e-05,0.00063699,0.0004693,0.00728615,4.318e-05,0.00386828,0.02715096,0.0293122,0.00455133,0.05334909,0.00904994,0.01579012,0.00368169,0.00255179,0.02382836,0.00117288,0.01041427,0.00152861,4154530.999998553,-6.397839480649639,-0.1696111394734275,0.1627184818396502,0.3362110332440379,1
6784277,6784277,CC(C)(C)NC(=O)CONC(=N)NOCc1ccnn1-c1ccccc1,3.387,3.79,3.934,4.146,4.31,4.355,4.546,4.56,4.59,4.655,4.743,4.854,4.87,4.893,5.009,5.08,5.173,5.174,5.271,5.277,5.277,5.348,5.417,5.568,5.579,5.642,5.707,5.8,5.81,5.863,5.87,5.919,5.921,5.965,6.016,6.038,6.052,6.098,6.121,6.168,6.222,6.236,6.287,6.311,6.321,6.363,6.367,6.446,6.467,6.523,1.057e-05,4e-07,0.01002481,0.00039384,0.00018926,0.00145779,0.00076609,0.00604308,0.33263818,0.01876654,0.00181108,0.00059632,0.00114267,0.00246679,0.00212589,0.00153176,0.00158928,0.00022501,0.00123982,0.00058695,0.00017361,0.02901725,0.00805561,0.00056098,0.00168031,0.00220361,0.00012099,0.00403729,0.01755935,6.057e-05,0.00073547,8.19e-06,1.682e-05,0.00013474,0.03110504,0.00932745,0.14129853,0.01709191,0.00010468,0.01568259,0.00059167,0.03439173,0.01023823,0.0490941,0.00281734,0.00078456,5.789e-05,0.00173613,0.03898594,7.581e-05,1538759.999999463,0.4654864416732959,-0.5581606487887584,0.0848048561836875,-0.085194314503743,3
5543048,5543048,CCOC(=O)N(C)c1ccccc1C(=O)OCC(=O)c1ccc2c(c1)CCCC2,3.079,3.178,3.188,3.535,3.595,3.637,3.739,3.994,4.032,4.098,4.127,4.164,4.264,4.272,4.273,4.333,4.343,4.408,4.502,4.508,4.546,4.593,4.618,4.661,4.716,4.813,4.816,4.976,5.002,5.027,5.119,5.127,5.147,5.231,5.258,5.352,5.354,5.417,5.445,5.45,5.452,5.453,5.46,5.472,5.495,5.564,5.585,5.603,5.612,5.625,0.00018499,8.357e-05,0.00035327,0.00385282,0.00445976,0.00610867,0.02506066,0.00185544,7.253e-05,0.00407288,0.00016888,3.04e-06,0.00154985,0.03371468,0.00643022,0.00682322,0.07472236,0.00710955,0.03195381,0.00654684,0.05098224,0.08884482,0.00170858,0.01597619,0.00071845,0.00073319,3.221e-05,0.0006408,0.00026024,0.00149503,3.195e-05,0.01346422,0.00012979,0.00947513,0.00050236,0.00011354,0.00687705,0.01034171,0.00405469,0.00323484,0.00123564,0.00312186,0.00600722,0.08925375,0.0010022,0.07415949,0.00439206,0.00693776,0.00928942,0.04023246,297530.9999999004,-4.795205770926014,-0.3088796191317589,0.2123987509984153,-0.1609646484931779,4
1867362,1867362,CC(C)(NC(=O)N1CCC(O)(C(F)(F)F)CC1)c1ccc(F)cc1F,3.516,3.928,3.938,4.348,4.377,4.787,4.969,5.426,5.489,5.837,6.045,6.059,6.188,6.245,6.268,6.352,6.47,6.505,6.597,6.644,6.685,6.766,6.808,6.854,6.935,6.976,7.022,7.108,7.126,7.176,7.238,7.252,7.264,7.27,7.381,7.396,7.412,7.432,7.485,7.604,7.659,7.671,7.701,7.725,7.796,7.806,7.818,7.852,7.9,7.949,0.0001164,0.00096777,0.00017974,5.83e-06,0.00041234,0.00029565,0.04442892,5e-06,0.02864856,1.105e-05,0.00031106,0.00072961,0.00061808,0.29348868,0.03548109,0.05160269,0.00118088,0.03894897,0.01745729,0.33544561,0.00839663,1.364e-05,0.05551101,0.00519908,0.00226505,0.00153349,0.02935954,0.00420582,0.09912078,0.00093774,0.25130995,0.01240689,0.00490909,0.00336767,0.00098538,0.00010902,0.01453318,0.00077856,0.00374071,0.00509476,0.00041569,0.00014298,0.00283895,4.875e-05,0.05367623,0.01374227,0.0733634,0.00017349,0.00538532,0.00219644,-3378154.9999988247,9.042745504723603,0.837164747735814,-1.055608055857635,0.0554345831201297,2
4471638,4471638,Cn1cc(CCC(=S)N2CCC(NCCCN3CCCC3=O)C2)nn1,3.119,3.636,3.967,4.11,4.336,4.484,4.487,4.586,4.602,4.835,4.853,4.924,5.046,5.074,5.077,5.418,5.453,5.476,5.562,5.771,5.883,5.988,5.999,6.031,6.14,6.28,6.329,6.345,6.365,6.411,6.465,6.528,6.596,6.602,6.669,6.751,6.803,6.849,6.85,6.864,6.903,6.92,6.948,7.0,7.094,7.141,7.184,7.223,7.278,7.308,0.00015571,1.544e-05,1.03e-06,0.00043997,5.472e-05,1.945e-05,0.16283915,0.06758291,1.1e-07,0.02160029,1.72e-06,0.00125354,0.00102805,0.00045167,8e-07,0.00932194,8.794e-05,0.00246937,1.215e-05,2e-08,0.00397414,0.05707566,0.01057213,0.00023945,2.03e-06,4.954e-05,0.00697286,0.05817924,0.00702332,0.04294858,0.00610557,3e-08,0.00459539,0.01072866,0.00076058,0.02163776,0.01752301,0.00093446,0.20944997,0.00153916,1.113e-05,0.00338859,0.00029289,0.01565722,4.772e-05,0.00117035,7.71e-05,0.01503363,3.918e-05,0.00027719,-773878.9999997308,3.8655802849393535,1.0157762098428929,0.3987731805101269,0.1037304630642386,4
4276035,4276035,C=C(C)CN(CC)C(=O)c1ccn(CC(F)(F)F)c1,4.02,4.343,4.431,4.853,4.939,4.959,5.322,5.58,5.702,5.968,6.096,6.493,6.591,6.602,6.631,6.788,6.892,6.994,7.007,7.078,7.136,7.214,7.347,7.376,7.406,7.423,7.446,7.588,7.606,7.647,7.673,7.685,7.846,7.898,7.926,7.937,7.974,7.999,8.165,8.173,8.175,8.204,8.274,8.285,8.344,8.407,8.44,8.458,8.497,8.504,0.00293503,0.00088166,0.00095247,0.00235093,0.01182413,0.00119059,0.0005032,0.08985824,0.00556834,0.10530952,0.00624955,0.07718284,0.00768241,0.00174722,0.04991056,0.13711068,0.01908572,0.18473434,0.09158349,0.02449286,0.04308202,0.01480541,0.01084123,0.01318795,0.02208384,0.03996486,0.03282391,0.02014316,0.01093947,0.00115723,0.00504049,0.01916123,0.01444585,0.00247323,0.00225451,0.03198305,0.01926603,0.121758,0.00603217,0.02882022,0.05508255,0.09820628,0.00367519,0.01989847,0.02438487,0.02370777,0.01057333,0.00339984,0.00044814,0.00873409,-969481.999999669,12.377006462830806,0.8636335759525009,-0.6198195012998149,0.3554859051208311,4
4266398,4266398,CC(C)=CCCC(=O)N(C)CCN(C)Cc1nc(=N)[nH][nH]1,3.916,4.255,4.36,4.394,4.536,4.556,4.586,4.649,4.849,5.034,5.138,5.286,5.293,5.518,5.693,5.751,5.875,6.238,6.296,6.581,6.594,6.678,6.697,6.714,6.759,6.846,6.893,6.946,7.004,7.009,7.095,7.215,7.237,7.286,7.304,7.307,7.389,7.411,7.452,7.503,7.55,7.56,7.627,7.64,7.651,7.666,7.667,7.74,7.749,7.777,4.691e-05,3.28e-05,0.0005689,0.04718577,0.00136402,0.05566645,0.0004312,0.00118741,0.00018955,0.00096453,0.00068736,1.846e-05,0.00021661,7.04e-06,0.00745748,0.00016107,0.02064489,0.13856261,4.231e-05,0.00126165,0.21755534,0.00659285,0.02809777,0.00359796,0.11111354,0.02873116,0.29766518,0.00182593,0.1476822,0.00116388,0.00132957,0.00863555,0.01123876,0.00096776,0.00947839,0.00896505,3.106e-05,0.00055851,0.00143982,0.00381767,0.00184644,0.00548714,0.00901288,0.08877617,0.06111692,0.00485573,0.00113921,0.04282838,0.00396699,0.000283,-979118.999999663,7.622066517222675,1.129699203128826,0.5355528526044101,1.136232937308622,4
1726107,1726107,C=CCC(=O)N(C)CCN(C)CCc1nc(C)ns1,2.965,3.222,3.397,3.807,4.048,4.228,4.228,4.235,4.474,4.655,4.667,4.866,5.005,5.248,5.262,5.301,5.312,5.385,5.497,5.497,5.501,5.51,5.595,5.605,5.635,5.686,5.765,5.808,5.929,5.97,6.012,6.225,6.265,6.335,6.355,6.373,6.467,6.534,6.536,6.552,6.559,6.605,6.647,6.706,6.732,6.747,6.76,6.791,6.818,6.826,0.0002164,0.00704435,0.00632341,2.855e-05,0.00106726,0.00031267,0.00027166,0.00015317,6.35e-06,0.00012402,2.476e-05,0.05005353,0.02253626,0.01899197,0.00245323,9.184e-05,0.04958312,0.00014019,3.89e-06,4.09e-05,0.00010994,1.06e-06,0.00509468,0.00367869,0.00196479,6.3e-07,0.00030458,0.00021271,4.51e-06,0.00712411,0.00049006,0.0073412,0.00036683,0.00057629,0.00938192,0.00147333,0.02370215,0.0188546,1.868e-05,0.00104108,0.00396184,0.00046423,8.2e-06,0.00552569,0.01035926,0.0369983,0.02871015,0.19398633,0.0016915,6.274e-05,-3519409.999998773,1.655456269107353,0.9754540205536408,-0.1045972888624676,-0.1884003791160351,2
1994583,1994583,C=CCOc1ccc(C(=O)NCCNC(=O)CCc2cncc(F)c2)cc1,2.954,3.466,3.512,3.601,3.608,3.62,3.743,4.024,4.049,4.12,4.179,4.267,4.308,4.357,4.366,4.555,4.56,4.597,4.639,4.664,4.7,4.721,4.791,4.835,4.868,4.878,4.976,5.009,5.013,5.031,5.086,5.109,5.152,5.176,5.187,5.209,5.266,5.279,5.313,5.331,5.332,5.402,5.408,5.451,5.585,5.598,5.701,5.72,5.763,5.773,7.6e-07,4.03e-06,1.55e-06,0.00103416,1.979e-05,9.116e-05,0.00015485,3.24e-06,0.00031642,3.104e-05,0.00082091,0.00027478,3.104e-05,0.00195697,4.755e-05,0.03636135,0.00037166,1.15e-06,0.03256908,0.00037349,0.00152631,0.00278429,0.27396412,0.00026331,0.00468284,2.456e-05,0.00852772,0.00010145,0.05985671,1.25e-06,7.63e-06,3.5e-07,6.7e-07,0.00078168,1.82e-06,3.1e-07,0.00196133,2e-08,1.822e-05,1.47e-06,3.697e-05,0.00052302,1.39e-05,5.362e-05,0.02333469,9.744e-05,0.02713783,0.000169,0.01121857,0.02845331,-3250933.999998864,-4.4642691936912895,-0.5673130605271085,-0.0441074152702521,-0.0001160610869292,2
5268671,5268671,CC(C)(C)OCc1ccccc1C(O)=NOCCCNc1nc2ccccc2o1,3.412,3.738,3.786,3.921,4.074,4.194,4.29,4.399,4.501,4.616,4.682,4.737,4.759,4.782,4.876,4.965,4.993,5.075,5.108,5.192,5.21,5.248,5.302,5.339,5.394,5.429,5.508,5.524,5.555,5.644,5.647,5.741,5.817,5.855,5.868,5.872,5.932,5.962,5.996,6.017,6.033,6.065,6.069,6.087,6.107,6.176,6.213,6.232,6.275,6.305,5.62e-06,3.1e-06,0.06644146,0.0011001,0.00022089,0.00020646,8.85e-06,0.00060182,0.18581154,2.8e-07,1.2e-07,0.00479762,0.00052993,0.00019486,0.10496187,0.00821066,3.89e-05,0.00518502,0.00023685,0.00022747,0.00054604,7.1e-07,2.071e-05,0.03566123,1.97e-05,4.519e-05,0.02285764,0.01377276,0.09870679,0.01204243,0.00067241,0.00010291,0.00318459,0.33461321,0.00188076,0.03498208,0.0816059,0.0068669,0.00214871,0.00169228,0.04083039,0.03359964,0.06240066,0.01386063,0.00830907,0.00300733,0.00075227,0.12819509,0.00140871,0.32505551,23153.99999999279,-0.6536362505669745,-0.5686469504501798,0.0388109872830358,-0.0101152903117251,4
6303611,6303611,CCN(CC)c1ccnc(NCC(=O)C2CCCC(OCCOC)CC2)n1,3.587,3.949,3.993,4.518,4.604,4.633,4.687,4.827,4.828,5.215,5.246,5.271,5.302,5.468,5.499,5.633,5.739,5.838,5.888,5.898,6.055,6.143,6.218,6.29,6.327,6.351,6.38,6.421,6.482,6.568,6.661,6.778,6.788,6.821,6.851,6.913,6.962,6.968,6.982,6.994,7.047,7.171,7.207,7.225,7.307,7.329,7.36,7.365,7.381,7.416,0.00115649,0.00014833,4.22e-05,0.04242217,0.00175186,0.00047172,0.00036172,0.00066925,0.02363121,0.00463403,1.987e-05,0.10478058,0.01377629,0.00039816,0.01959178,0.1704736,0.00185465,0.00175208,0.00327246,0.00503086,0.00045372,0.00186415,0.00857591,0.28465134,0.00892348,0.00433806,0.00060944,0.01156061,0.00661099,0.01822863,0.00059811,5.532e-05,0.00582229,0.00210451,0.00723143,0.05009783,0.00330535,0.00346623,0.00137533,0.00361377,0.00168799,0.00521615,0.15038018,0.01003899,0.00109908,0.04176346,0.00025083,0.00031215,0.06275072,0.00542788,1058093.9999996324,5.332231223342979,0.4560588057655005,0.2429358296028386,0.0777295839872841,3
1509143,1509143,Cc1cc(NC(=O)CSc2nnc(CN3CCCC3)n2Cc2ccco2)n(C(C)(C)C)n1,4.063,4.426,4.467,4.583,4.721,4.815,4.826,4.904,4.923,5.117,5.124,5.138,5.223,5.233,5.282,5.351,5.418,5.432,5.541,5.584,5.598,5.611,5.656,5.675,5.75,5.764,5.765,5.807,5.834,5.839,5.862,5.88,5.888,5.91,5.942,5.972,5.974,5.982,6.027,6.077,6.078,6.095,6.143,6.212,6.267,6.275,6.28,6.304,6.346,6.359,0.00048595,0.00192738,0.00058635,0.00081592,0.06476974,0.00074604,0.00406752,0.00140942,0.00194279,0.00025061,0.02078076,0.00038981,0.00180788,0.01172217,0.00279926,0.0019873,0.01611464,0.00814341,0.00099813,0.00613186,0.00426245,0.02277835,0.00072872,0.00226804,0.05877819,0.0002618,0.02112797,0.00744833,0.00601288,0.00364214,0.00016886,0.02440121,0.00985709,0.03241917,0.01605709,0.06787492,0.02404686,0.02866945,0.03389768,0.01315113,0.00120764,0.06048071,0.05187977,0.00787984,0.00031279,0.01762378,0.00616263,0.00518136,0.00024775,0.00696305,-3736373.999998696,1.223895923262664,-2.21263908360774,-0.3178129030818654,0.1000562158191153,2
9547736,9547736,CCOC(C)(C)OC(O)=Nc1ccc(N(C)C(=O)COc2ccccc2CNc2ccc(C=NOC)cc2)cc1,3.31,3.428,3.471,3.596,3.647,3.687,3.971,3.992,4.055,4.085,4.119,4.136,4.145,4.175,4.242,4.262,4.285,4.304,4.317,4.322,4.347,4.367,4.392,4.485,4.501,4.51,4.514,4.525,4.598,4.609,4.625,4.634,4.636,4.661,4.677,4.689,4.703,4.73,4.793,4.794,4.803,4.853,4.86,4.864,4.909,4.915,4.961,4.991,4.993,5.0,0.01366776,0.00156515,5.84e-06,0.0001746,0.00912459,0.00062702,0.07413823,0.32442232,0.09398645,0.00160279,0.15544221,0.00164495,0.00334446,0.10136716,0.01185603,0.0086561,0.00293617,0.0001284,0.00162991,0.00013353,0.00252467,1.761e-05,2.34e-06,0.0007377,4.425e-05,0.00010068,0.00228006,0.00041236,6.139e-05,0.00075159,0.00807795,0.00106941,0.00570998,0.00559031,1.66e-05,0.00025441,0.00034153,6.612e-05,0.00035546,0.05667297,0.00129758,0.00112574,0.00777722,0.00327825,0.00013692,0.01042556,0.00087218,0.00155618,0.03383655,6.507e-05,4302218.9999985015,-7.141811319562797,-1.9437713269446533,-0.3789935474160636,-0.077761998455122,1
5992235,5992235,COc1ccc(-c2ncc(CNC(=O)CN3CCN(S(N)(=O)=O)CC3)o2)cc1,3.314,3.597,3.656,3.932,3.934,3.981,4.079,4.217,4.432,4.572,4.696,4.73,4.745,4.858,4.885,4.916,4.916,4.928,5.114,5.17,5.187,5.197,5.214,5.413,5.425,5.475,5.519,5.541,5.599,5.633,5.691,5.701,5.766,5.813,5.867,5.871,5.88,5.891,5.906,6.039,6.075,6.088,6.102,6.146,6.15,6.155,6.196,6.221,6.265,6.31,0.00054216,4.801e-05,0.00098935,0.00066641,0.00215654,0.01898884,0.46930777,3.078e-05,0.02555738,0.0053002,0.00105128,0.00098629,0.01444354,0.00065403,0.00025744,0.00126282,0.00273768,0.00565797,0.00705402,0.00018181,4.607e-05,0.00074009,0.00100046,0.00096927,0.03686052,3.881e-05,0.06576077,0.00056176,0.00223684,1.8e-05,0.01866764,0.00624474,2.965e-05,0.00024326,0.00227012,5.575e-05,0.00405984,0.01533115,0.0023037,2.429e-05,0.02751006,0.01353883,0.00197855,2.326e-05,0.01254618,0.00030075,0.0048179,0.00039793,0.15727215,0.01007203,746717.999999741,-0.8256399865274068,-0.2584755412623668,-0.0135627768293816,0.0725224681229679,4
7972216,7972216,O=C(CCN1CC(=O)NCCn2nnnc21)NCCc1cn(Cc2ccccc2)cn1,3.42,3.457,3.753,3.789,3.87,3.906,4.245,4.281,4.303,4.34,4.52,4.671,4.701,4.717,4.752,4.763,4.774,4.796,4.834,4.859,4.895,4.896,4.949,4.959,4.984,5.054,5.07,5.127,5.197,5.233,5.287,5.309,5.348,5.377,5.459,5.49,5.506,5.542,5.629,5.662,5.685,5.692,5.751,5.789,5.859,5.874,5.887,5.923,5.949,5.954,2.183e-05,6.3e-07,4.51e-06,7.15e-06,6.638e-05,0.00035371,7.34e-06,2.15e-06,2.665e-05,5.302e-05,0.00500414,0.0065153,0.00091413,0.00111723,0.00037343,0.00435057,0.00148045,0.00226815,0.01817219,3.899e-05,1.001e-05,0.00023792,0.00192817,0.00094586,0.00045547,0.00493326,0.00010014,0.00128969,0.00023188,3.902e-05,0.00021564,0.00202917,0.00262309,0.00018552,0.00011372,0.00174893,0.00035088,0.00686617,0.01853494,0.00197237,1.409e-05,1.915e-05,0.0011098,0.00039452,1.91e-06,0.00145416,0.00116059,0.00042082,0.00029491,7.077e-05,2726698.999999048,-2.7615474278384844,-0.9155125842119896,-0.038543671557034,-0.273819794694686,3
2494640,2494640,Cc1cc(-c2ccncc2)nc(N2CCCN(C(=O)O)CC2)c1,3.268,3.475,3.59,3.75,3.889,4.008,4.372,4.474,4.496,4.596,4.662,4.685,4.694,4.793,4.822,4.848,4.947,4.978,4.992,5.231,5.364,5.404,5.414,5.477,5.565,5.602,5.653,5.7,5.732,5.771,5.818,5.891,5.935,6.002,6.074,6.075,6.097,6.25,6.258,6.389,6.398,6.42,6.448,6.478,6.509,6.563,6.651,6.68,6.7,6.709,0.02730141,0.00570007,0.00500829,0.00015187,4.313e-05,0.0001657,5.468e-05,0.02484666,7.815e-05,0.00407054,0.00136195,0.01285611,0.0124449,0.11305813,0.20937905,0.01035111,0.04520615,6.463e-05,0.0103581,0.05416765,0.10930418,0.03715018,0.01495739,0.02968572,0.00089838,0.00812083,0.00432179,0.00203999,0.03550217,0.00171812,0.0260024,6.747e-05,0.00144512,0.00101291,0.00197837,0.00016818,0.27403196,0.00110502,0.00206881,0.03531499,0.31031307,0.00797956,0.00020706,0.02340367,0.00719842,0.00902076,0.00035205,0.00048442,0.00673246,0.00019724,-2750876.9999990403,0.3695557852832252,0.4842210358911026,0.4613230298286067,-0.2511576552356105,0
4792772,4792772,C=S(=O)(NC(=O)c1cn(CCOC)nc1C)c1cccc2ccccc12,1.869,2.582,2.642,3.006,3.06,3.114,3.184,3.279,3.62,3.74,3.763,3.836,3.864,3.947,4.033,4.067,4.096,4.228,4.25,4.278,4.325,4.399,4.429,4.487,4.566,4.611,4.744,4.805,4.854,4.86,4.865,4.878,4.912,4.939,4.957,4.972,4.989,5.143,5.157,5.168,5.212,5.242,5.305,5.307,5.368,5.387,5.42,5.464,5.469,5.478,0.01034186,0.0024852,0.00309784,0.00135434,0.00162526,0.01580506,0.00023937,0.00827882,0.06304509,0.03398311,0.00237089,0.00020451,0.00061166,0.00194404,0.00202092,0.02340982,0.04701017,0.00442108,0.00099569,0.00645672,0.03534455,0.00092393,0.00063214,0.0107932,1.808e-05,0.01112474,0.02079528,0.00385976,0.04535616,0.0143827,0.0077802,0.06814466,0.01480425,0.00152679,0.01600976,0.02170791,0.02271023,0.00423068,0.01575851,0.04680551,0.02538128,0.00139435,0.01132188,0.00821756,0.08006939,0.01233302,0.00472174,0.00254264,0.02764745,0.01268608,-452744.9999998365,-6.755729277054866,1.08303284037794,-0.2045076370922404,-0.1643603723932888,4
6071384,6071384,CN(CCCCCO)c1ccc(Cn2c(-c3cnc4c(c3)OCCO4)nnc2N(C)CCC#N)cn1,3.316,3.548,3.876,3.889,3.895,4.008,4.059,4.076,4.252,4.28,4.454,4.455,4.498,4.517,4.614,4.637,4.644,4.685,4.692,4.761,4.821,4.866,4.92,4.959,5.006,5.016,5.044,5.055,5.076,5.08,5.124,5.135,5.179,5.257,5.307,5.332,5.418,5.443,5.502,5.589,5.628,5.645,5.662,5.683,5.74,5.749,5.774,5.834,5.853,5.939,2.345e-05,0.0183563,7.16e-05,7.406e-05,0.01165484,0.050148,0.0300881,0.00185959,0.00096375,0.00240541,0.00035264,0.00012215,0.00073685,0.11837706,1.369e-05,0.00016362,0.0043188,0.00016592,0.00167098,0.00064108,0.0005128,0.00061173,0.20032087,0.13949403,0.03349032,0.02156226,0.00574255,0.00281204,0.00576676,0.0053001,0.00502851,0.00277733,0.00140327,0.00011129,0.0001176,0.00673303,0.00941068,0.01654809,0.00238735,0.13136149,0.03898961,0.03914909,0.00113232,0.00860113,0.00039886,0.00125498,0.00361939,0.01306044,0.00059115,0.00028905,825866.9999997126,-3.391146111792111,-1.029711862462359,0.1512944188129493,-0.2085842764407509,4
730210,730210,CC#Cc1cccc(N(C(=O)Cc2ccc(S(=O)(=O)N(C)c3ccccc3OC)cc2)C2CCC2)c1,2.73,3.147,3.189,3.212,3.306,3.343,3.6,3.714,3.76,3.799,3.822,3.872,3.896,3.905,4.056,4.087,4.176,4.228,4.282,4.321,4.371,4.375,4.39,4.442,4.482,4.55,4.573,4.587,4.622,4.666,4.742,4.763,4.825,4.849,4.899,4.925,4.936,4.95,4.962,4.997,5.003,5.008,5.015,5.049,5.09,5.116,5.151,5.161,5.169,5.203,0.0576807,0.00023402,0.02908381,1.781e-05,0.01148023,0.01154354,0.00044972,0.00040164,0.00086016,0.00725469,0.00029087,0.00018241,0.00015759,0.05360179,0.0120522,0.07965606,0.00679628,0.00479049,0.00013484,7.351e-05,0.00066297,0.00012472,0.0047237,0.0011614,0.00358476,0.00016566,0.06396617,0.07923924,0.00035851,0.00090346,0.00482573,0.00170497,0.00046015,0.0004144,0.00892337,0.00027819,0.00015909,0.03215941,0.00262052,0.27834297,0.00931222,0.00300492,0.00971484,0.00059217,0.07615501,0.00017599,0.00507887,0.00069992,0.02280709,0.00914106,-4515306.999998423,-7.104289352802599,-0.4902479428469746,-0.0521644938680265,0.0676800682275385,2
6627001,6627001,C#CCNC(=O)N1CCN(CCCOC(=O)C2(c3ccc4c(c3)OCCO4)CC2)CC1,3.977,4.076,4.247,4.288,4.346,4.436,4.559,4.709,4.752,4.76,4.994,4.999,5.03,5.097,5.214,5.31,5.466,5.543,5.641,5.698,5.752,5.764,5.78,5.781,5.811,5.823,5.848,5.853,5.866,6.001,6.027,6.049,6.051,6.164,6.186,6.207,6.277,6.278,6.325,6.331,6.334,6.367,6.379,6.41,6.477,6.508,6.559,6.578,6.617,6.638,1.855e-05,0.00026452,3.12e-06,5.867e-05,0.00022631,0.05859966,6.664e-05,0.02213749,0.04166648,0.00101805,0.02380418,0.00180065,5.976e-05,0.00032703,0.00426919,4.81e-06,0.03985248,0.00179747,0.03158407,0.00341003,0.01008621,0.17156975,0.0014433,0.00141558,0.00089639,0.00012548,0.01475222,7.612e-05,0.00480215,0.01171996,0.00098573,0.01817055,0.00103161,0.11293408,9.58e-06,3.773e-05,0.00221224,0.03107559,0.07660322,0.01087003,5.33e-06,0.01515077,2e-08,0.00056752,1.79e-06,0.02341438,0.0066489,0.00269011,0.00342855,0.00568831,1381483.999999518,1.8120619370156203,-0.9616581417755432,-0.0355297099334732,0.421132452999292,3
6985568,6985568,O=C(c1csc(C2CC2)n1)N1CCN(c2ccc3c(c2)CCO3)CC1,2.378,3.136,3.422,3.463,3.564,3.945,4.07,4.271,4.342,4.389,4.547,4.572,4.634,4.762,4.778,4.816,4.973,4.996,5.142,5.185,5.24,5.373,5.388,5.481,5.534,5.624,5.68,5.714,5.784,5.818,5.823,5.851,5.915,5.95,5.972,5.978,5.991,6.027,6.109,6.145,6.187,6.251,6.27,6.282,6.31,6.384,6.419,6.44,6.514,6.545,0.01006991,0.00072786,0.00023822,0.02266789,0.04483756,3.87e-05,0.00080908,0.00156295,0.02227384,0.00086883,0.37001102,0.00457532,0.09273965,0.01906868,0.00212854,7.883e-05,1.854e-05,0.01250506,0.00047287,0.0016024,0.01908394,0.01544817,0.00016665,0.00307026,0.00179062,0.10949825,0.10939615,0.00170049,0.10143543,0.00519869,0.08769359,0.00029668,0.08299195,0.0019055,0.02355177,0.01680596,0.00042366,0.02190344,0.00294689,0.14816677,0.17543183,0.04400032,0.04056226,0.00089978,0.00027173,0.0048661,0.00089008,0.0064104,0.00298748,0.0025467,1740050.9999993918,-0.4414706153705546,1.069990989153282,-0.2743643294292587,-0.1277733785725013,3
2782688,2782688,CCc1c(Nc2ncccc2C(=O)NCc2nnc(C(C)(C)C)o2)ccn1C(CC)CC,2.805,3.664,3.673,3.767,3.906,4.282,4.47,4.515,4.537,4.55,4.625,4.667,4.744,4.753,4.78,4.997,5.059,5.146,5.267,5.291,5.409,5.434,5.44,5.46,5.483,5.557,5.603,5.659,5.691,5.724,5.756,5.776,5.875,5.908,6.004,6.025,6.043,6.059,6.086,6.169,6.208,6.21,6.243,6.267,6.278,6.305,6.306,6.315,6.39,6.412,0.01761423,0.00555097,0.00081892,0.00058323,0.31687651,0.00043608,0.01953889,0.00915123,0.00430466,0.03542521,0.0011843,0.00827789,0.00168725,0.04962563,0.02108456,0.00830798,0.00641296,0.05860815,0.00068058,0.0008356,0.00135514,0.00104355,0.00465371,0.01107751,0.00218048,0.0023935,4.875e-05,0.01570521,0.00175713,0.00038969,0.00010332,0.00101967,0.02098346,0.02812114,0.07699064,0.1070583,0.00154969,0.0838332,0.08442704,0.12990989,0.00010677,0.0017148,0.00326979,0.03170388,0.03767867,0.00636111,0.01497953,0.0452514,0.00858639,0.01845106,-2462828.9999991423,-0.1325347668582347,0.0311565028655816,-0.178070355875319,-0.1709175031820656,0
7912559,7912559,CCCCCOc1ccc(CC)cc1-n1ccc(C(=O)NCCc2nn(C)c3ccccc23)n1,2.751,2.98,3.294,3.43,3.489,3.655,3.807,3.821,3.897,4.079,4.105,4.133,4.175,4.202,4.425,4.452,4.455,4.479,4.503,4.537,4.551,4.593,4.675,4.688,4.771,4.802,4.896,4.944,4.959,5.048,5.079,5.086,5.178,5.215,5.227,5.271,5.286,5.352,5.367,5.378,5.392,5.411,5.435,5.473,5.495,5.532,5.556,5.565,5.574,5.618,2.479e-05,0.00073915,0.00036409,5.35e-06,0.00287714,0.00012963,0.03246113,0.00147726,0.01523248,0.09393912,0.17082369,0.06060535,0.02786429,0.00028128,0.03761298,2.045e-05,0.00599927,0.02846019,0.00509671,0.00073688,1.299e-05,0.00890966,0.01072661,0.00380044,6.244e-05,0.04295953,0.00124149,0.00498817,2.793e-05,2.5e-07,6.802e-05,0.00022324,0.02116794,0.00012268,0.01455201,0.00458243,0.03728497,0.00790792,0.01987918,0.004143,0.00764199,0.00671848,6.76e-05,0.10475951,0.01039906,0.00110716,0.01227416,0.00097386,0.00087489,0.00014734,2667041.9999990705,-4.93720823307974,-0.1191391588304908,-0.0826186785077168,-0.1449538750177929,3
8728426,8728426,CN(Cc1ccccn1)C(=O)CNC(=O)Nc1ccc(CN)c(CNc2cccc(C(F)(F)F)c2)c1,3.225,3.37,3.456,3.589,3.662,3.674,3.687,3.748,3.807,3.816,3.819,3.891,3.893,3.905,3.938,3.979,3.981,4.045,4.119,4.123,4.205,4.283,4.307,4.354,4.406,4.418,4.439,4.452,4.46,4.502,4.535,4.538,4.554,4.675,4.698,4.766,4.774,4.784,4.787,4.846,4.923,4.983,4.999,5.006,5.023,5.077,5.079,5.097,5.121,5.131,7.292e-05,2.211e-05,0.00088203,5.426e-05,1.848e-05,0.00025659,0.00058867,0.00040755,8.73e-06,0.00021184,2.25e-05,4.777e-05,1.6e-06,0.00063295,0.01284453,0.00031883,5.6e-06,0.00351814,0.01858854,0.00029873,4.293e-05,0.00032026,9.777e-05,9.601e-05,0.01003216,1.35e-05,0.00109452,0.00817835,0.01342042,9.101e-05,0.00089932,5.056e-05,0.00024338,4.037e-05,5.721e-05,0.00113026,0.00110128,0.00110263,0.00533093,0.16506744,0.00055969,0.12556134,0.0018666,0.0002701,0.00213701,3.187e-05,0.02146343,4.23e-06,0.02537621,0.03699607,3482908.999998788,-7.559144292548069,-1.3744520745061426,0.4389706399368456,-0.1548681052633813,1
7480988,7480988,COc1nc(N)nc(C)c1CN1CCN(C(=O)C(=O)NCCCc2nnnn2C)CCCC1(C)C,3.291,3.616,3.714,3.767,3.866,4.049,4.05,4.199,4.209,4.491,4.512,4.532,4.642,4.776,4.794,4.84,4.846,4.867,4.897,4.954,4.984,5.026,5.198,5.219,5.267,5.289,5.309,5.341,5.348,5.423,5.477,5.48,5.555,5.57,5.572,5.592,5.62,5.643,5.644,5.765,5.787,5.79,5.794,5.832,5.899,5.912,5.923,5.95,5.999,6.037,0.00615527,0.00052673,2.224e-05,2.868e-05,0.00048058,5.555e-05,3.11e-06,3.809e-05,1.91e-05,4.126e-05,0.00014066,7.5e-06,2.979e-05,0.00049806,0.00438935,0.08115598,0.00366783,4.955e-05,0.05375664,0.00136105,0.01510282,2.029e-05,0.00117309,2.139e-05,0.01484934,4.788e-05,1.1e-07,0.00704985,0.00023223,0.00110934,2.456e-05,0.00016564,0.00421639,0.05184217,0.0004762,0.01960886,0.00050361,0.12331387,0.00086064,0.00018121,0.01498214,0.01600991,0.00059013,0.00632742,0.00074565,5.436e-05,0.00024897,0.00148048,0.00024912,2.17e-06,2235470.99999922,-2.1487613508169434,-0.6634780106634158,-0.1322098892469893,0.1175221481544036,3
3362204,3362204,CC1CCN(CC(=O)NC2CCCN(Cc3cn(C(C)C)nn3)CC2)CC1,4.503,4.536,4.892,5.234,5.261,5.303,5.639,5.644,5.678,5.749,6.065,6.137,6.159,6.372,6.477,6.635,6.67,6.765,6.767,6.782,6.814,6.853,6.882,7.04,7.047,7.085,7.249,7.296,7.38,7.413,7.511,7.521,7.561,7.582,7.606,7.624,7.676,7.796,7.809,7.827,7.834,7.854,7.897,7.936,7.956,8.013,8.026,8.029,8.054,8.082,6.596e-05,0.0004948,1.72e-06,2.861e-05,0.00054399,1.983e-05,8.58e-06,0.00279069,0.0010236,0.03121216,9.42e-05,0.06214357,0.00016309,3.541e-05,0.00038975,0.00349687,0.00421403,2.686e-05,0.01818775,2.93e-05,0.00051506,0.00024845,5.074e-05,0.17677617,0.00242796,0.00030413,0.00099181,0.00014826,0.00125496,0.00028038,0.03102701,0.00027256,0.51423902,0.02203464,0.01327375,0.00236565,0.00505066,0.00022305,0.00281888,0.00020536,0.00263503,0.00934078,0.00878577,0.02551966,0.00113191,0.00785052,0.00045109,0.00443025,0.00197632,0.00314075,-1883312.9999993464,10.786091424417004,-0.466681436866996,-0.1268748451264491,0.2805366586111684,0
7181743,7181743,CC=C(Cc1cccc(C)n1)NCC1(O)CCCC1,3.237,3.404,4.534,4.603,4.704,4.773,5.164,5.466,5.561,5.649,5.788,5.884,5.957,6.047,6.06,6.126,6.216,6.273,6.295,6.324,6.428,6.456,6.477,6.493,6.548,6.597,6.644,6.648,6.715,6.757,6.771,6.869,6.936,6.967,7.026,7.1,7.106,7.129,7.155,7.192,7.219,7.253,7.312,7.32,7.36,7.413,7.422,7.467,7.481,7.509,0.00220831,0.00108035,7.072e-05,3.303e-05,1.091e-05,0.0002839,0.05544009,0.0018421,0.05185507,0.00522396,0.00017008,0.00157747,0.00065389,0.2059147,0.15545471,0.02225426,0.02640068,0.01177703,0.02253543,0.00538401,3.17e-05,0.01983697,0.00442754,0.01749436,0.00363799,3.856e-05,0.01741074,0.0777755,0.03786348,0.26053685,0.23918723,0.06166175,0.00087765,0.01382627,0.00741705,0.0424517,0.01408333,0.00056079,0.00558814,0.02898731,0.01678492,0.01247713,0.00108239,0.00015496,0.01653579,0.00341544,0.00364321,0.00103379,0.00065309,0.00118268,1936225.9999993213,7.043426024902355,0.0415632207707635,-1.0975176366844412,-0.485358258820682,3
741285,741285,O=C(COc1ccc2c(c1)CCCC2)NCCNC(=O)C(CO)Nc1ccc(N2CCCC2)c(F)c1,2.544,2.85,3.392,3.589,3.645,3.951,4.062,4.096,4.321,4.395,4.423,4.501,4.505,4.531,4.601,4.633,4.7,4.703,4.811,4.837,4.906,4.912,4.927,5.041,5.062,5.09,5.16,5.226,5.248,5.254,5.276,5.3,5.312,5.365,5.384,5.385,5.418,5.453,5.55,5.584,5.681,5.682,5.701,5.773,5.799,5.804,5.848,5.879,5.899,5.927,5.6e-07,5.717e-05,0.00067568,0.04836037,2.43e-06,2.741e-05,0.0493292,0.00190217,0.00128339,0.00022747,0.01805253,0.00113584,9.19e-06,4.152e-05,0.00010882,0.35096396,0.00409582,0.00125042,9.303e-05,0.00013483,0.00298377,0.01837165,0.00398148,0.00133072,0.00388763,0.00271144,0.00023947,0.00172793,0.00709421,0.00652609,0.00501447,0.0307144,0.0015091,0.00125563,0.00023044,5.27e-05,0.00141336,0.00510329,0.0008681,0.00368219,1.06e-06,0.00061744,0.00504572,0.00072554,9e-07,0.00537139,0.00282098,0.00550792,0.0296234,0.00395415,-4504231.999998428,-3.239722266609618,-0.0548613951720758,-0.5461784695699484,-0.4989977761440076,2
9932760,9932760,CCc1ccc(-c2nc(CCS(=O)(=O)c3ccccc3C(F)(F)F)cs2)cc1,2.85,3.147,3.587,3.772,3.884,3.89,3.957,4.016,4.068,4.118,4.129,4.255,4.302,4.348,4.427,4.431,4.433,4.611,4.686,4.709,4.726,4.726,4.82,4.925,4.939,4.955,4.96,5.006,5.046,5.117,5.142,5.147,5.206,5.228,5.238,5.258,5.331,5.343,5.367,5.398,5.467,5.479,5.509,5.511,5.512,5.542,5.561,5.592,5.634,5.658,7.195e-05,2.38e-05,0.00177288,0.00057628,0.00322799,0.35024639,1.137e-05,0.00299446,4.905e-05,0.01685472,3.664e-05,2.8e-07,0.00038797,0.00173406,0.00045086,0.02588196,0.04781109,0.03180981,0.01160955,0.00103775,0.00039208,0.01321021,7.76e-05,0.00486688,0.00447499,0.03816394,0.00088708,8.8e-06,0.00270064,2.722e-05,0.00261437,0.00345649,0.00052543,0.00074935,0.00061621,0.00226409,0.00478909,0.00176234,0.04397164,0.00123724,0.0111896,0.0024799,0.00113514,0.00037839,0.00402076,0.0026772,0.00026339,0.0001081,0.00011357,0.00643306,4687242.9999983655,-4.314090537227632,-0.6333026541289813,-0.1121777594485631,-0.1342477974378191,1
10474505,10474505,COc1ccccc1CN1CCN(CN2NC=C(N3CCCC3)N(CC(F)(F)F)C2=CS)CC1,2.734,3.136,3.19,3.529,3.567,3.592,3.826,4.022,4.032,4.21,4.282,4.446,4.45,4.484,4.523,4.67,4.682,4.906,4.935,5.158,5.3,5.549,5.596,5.706,5.731,5.819,5.837,5.89,6.005,6.077,6.091,6.118,6.138,6.192,6.244,6.269,6.349,6.385,6.421,6.452,6.522,6.536,6.54,6.547,6.593,6.618,6.647,6.648,6.717,6.742,3.682e-05,3.04e-06,2.2e-06,0.00430419,5.079e-05,1.49e-06,1.48e-05,3.76e-06,0.00042802,0.00757583,3.98e-06,0.21075032,0.00021617,5.492e-05,0.06081014,0.05117601,0.01285349,3.68e-06,2.85e-05,0.00467513,0.06570949,4.49e-06,0.15823216,0.01612076,0.10017135,0.00628967,5.595e-05,0.00029508,1.098e-05,0.00144372,0.00124352,0.07750659,0.00596204,0.00046107,0.3059478,0.01852563,0.00637882,0.00464417,0.00010382,0.0498458,0.00045631,0.00184892,0.00138904,1.963e-05,0.14311938,0.00041186,4.736e-05,1.393e-05,0.00098035,0.03843277,5228987.999998177,0.3015600442497916,1.968512320085758,0.6145408177921973,0.4498052136730528,1
7306503,7306503,O=C(c1ncc2ccccn12)N1CC2(CCNC2)C1,3.01,3.302,3.417,3.526,3.638,4.137,4.211,4.319,4.391,5.019,5.026,5.171,5.248,5.505,5.533,5.613,5.659,5.698,5.877,5.925,6.038,6.109,6.203,6.277,6.313,6.378,6.39,6.397,6.407,6.466,6.588,6.612,6.665,6.735,6.747,6.853,6.889,7.004,7.022,7.058,7.064,7.164,7.241,7.254,7.266,7.391,7.442,7.486,7.562,7.587,2.677e-05,0.00254904,0.02727572,4.722e-05,0.00050672,0.02792702,0.17119681,0.05817878,0.00026929,9.02e-06,0.00182868,0.29446707,0.00080644,0.19958279,0.02273554,0.00037444,0.00278635,0.00586737,0.00027654,0.13632821,0.00035665,0.00510493,0.03345934,0.0042322,0.0050567,0.01346767,0.07124716,0.09355015,0.00028948,0.01901874,0.05558111,0.00109156,0.00014207,0.00731337,0.00248899,0.00177899,0.00170856,0.01279136,0.00144695,1.43e-05,0.00076543,0.04095171,0.00166248,0.07288248,0.01313539,0.01581308,0.00014292,0.00507991,0.01139019,0.00685396,2060985.9999992792,4.6346209578005535,2.1325826698552204,-0.2190241945833593,0.272972666720101,3
2568816,2568816,NS(=O)(=O)c1ccc(CNC(=O)CSCC(=O)N2CCOCC2)cc1,2.731,2.963,3.11,3.186,3.333,3.418,3.563,3.724,3.788,4.001,4.177,4.179,4.433,4.481,4.58,4.589,4.713,4.778,4.872,5.003,5.009,5.034,5.062,5.08,5.159,5.217,5.235,5.285,5.38,5.448,5.465,5.475,5.489,5.515,5.549,5.611,5.648,5.676,5.734,5.837,5.838,5.879,5.948,5.956,5.976,5.995,5.996,6.009,6.071,6.166,9.698e-05,1.708e-05,0.00210657,2.5e-06,2.611e-05,4.72e-05,0.00012645,9.615e-05,7.372e-05,0.0156355,0.00279726,1.998e-05,0.0005474,0.00130254,0.00012901,8.77e-06,0.00016192,0.00311232,0.00200782,0.00082149,0.00146987,0.00013034,0.00291719,1.439e-05,0.03835659,0.00017463,3.84e-06,0.06890974,0.00216597,2.745e-05,0.00134252,0.00050878,0.00980109,0.00318898,0.00105187,2.654e-05,0.00133902,0.00397603,9.009e-05,0.00020773,0.00015271,0.00024965,0.00610649,0.00467231,0.00017563,0.01024533,0.00100612,0.00090909,0.06013829,0.00028024,-2676700.999999066,-2.8767113846302634,1.048495384082058,-0.0999509394209902,0.3627036550714483,0
742700,742700,CCn1c(C(=O)CCC(=O)NN=c2[nH]nc(C3CCC3)n2C)cc(OC)c1OC,2.784,3.562,3.697,3.76,4.037,4.054,4.093,4.584,4.603,4.767,4.768,4.79,5.26,5.31,5.337,5.36,5.474,5.49,5.526,5.66,5.764,5.789,5.876,5.93,5.945,5.978,5.989,5.993,6.015,6.143,6.192,6.195,6.212,6.29,6.333,6.437,6.462,6.476,6.525,6.584,6.616,6.631,6.652,6.668,6.677,6.684,6.695,6.768,6.846,6.878,1.817e-05,0.0145662,0.22148342,0.02251392,0.01463905,0.00395853,2.281e-05,0.00061592,0.08057871,0.00590902,8.114e-05,0.07873435,0.00011361,0.02661933,0.00848615,0.00032234,0.0003394,0.00730831,5.679e-05,0.00017269,0.00198889,0.18273639,0.00012734,0.00111899,0.03470998,0.00018253,0.00239125,0.00013625,0.00865674,1.382e-05,0.00340698,0.0101251,0.00015499,0.00023621,0.00058317,0.01323118,0.00014768,0.00063885,0.00933328,0.07043468,0.00156926,0.00578743,0.03127974,0.00755612,0.05633666,0.00532875,0.00063895,7.131e-05,0.00241182,0.11040572,-4502816.999998432,2.1965225008299045,0.7951414207496977,-0.5007082481099058,0.1763479910868944,2
8366757,8366757,NC(=O)CN1CCN(CCCNC(=O)C(=O)N(C2CCCC2)C2CC2)CC1=O,3.708,4.007,4.17,4.47,4.781,4.782,4.932,5.073,5.077,5.08,5.104,5.122,5.216,5.3,5.417,5.526,5.582,5.769,5.808,5.856,5.881,5.976,6.078,6.11,6.113,6.167,6.174,6.189,6.224,6.263,6.273,6.411,6.606,6.739,6.75,6.759,6.816,6.877,6.89,6.942,6.951,7.019,7.021,7.05,7.131,7.136,7.174,7.182,7.205,7.253,0.00018956,7.745e-05,1.238e-05,1.86e-06,1.78e-06,0.00208548,0.06277511,0.00334075,0.00114515,0.0031284,0.0005088,0.02151608,8.033e-05,0.01267016,3.8e-07,3.409e-05,0.05106525,2.375e-05,0.0002979,2.223e-05,0.00038581,0.0016743,0.00019361,3.73e-05,0.00478126,9.233e-05,4.35e-05,1.244e-05,0.00093762,0.00422096,0.00010807,0.01892434,3.266e-05,4.999e-05,0.00038638,0.00154548,0.06695294,0.14094291,0.00163278,0.00048938,0.0027929,0.00195849,0.00776732,4.518e-05,0.00641892,5.662e-05,0.00119646,0.00010872,5.643e-05,5.304e-05,3121239.99999891,4.499461479054428,-0.1550542949793373,0.3946094189391079,-0.2658677156696482,3
9405982,9405982,CC(=O)c1ccc(S(=O)(=O)NCC(=O)c2ccn3cc(C)nc3c2)cc1,2.41,2.582,2.797,2.957,3.181,3.227,3.359,3.424,3.458,3.505,3.576,3.629,3.789,3.843,3.91,3.997,4.108,4.2,4.222,4.309,4.352,4.366,4.377,4.416,4.457,4.546,4.549,4.574,4.603,4.69,4.721,4.733,4.795,4.838,4.873,4.916,4.924,4.941,5.043,5.09,5.145,5.148,5.154,5.205,5.209,5.24,5.337,5.347,5.398,5.443,0.00617121,0.00019,0.0014585,2.928e-05,6.247e-05,0.01363931,0.00079232,0.00338375,0.10794929,2.574e-05,0.00964614,0.00664108,0.00103355,0.01537714,0.000249,3.552e-05,0.00885586,0.0002271,0.0003761,0.00088449,0.00072463,0.00264486,0.00968777,0.07230511,0.00069941,3.14e-06,8.113e-05,0.00039583,0.00973568,0.00178247,0.00294145,0.00247161,0.03898316,0.00439757,0.04478169,0.00042573,0.00179833,0.04919822,0.0012205,0.23908282,0.00730764,0.00162438,0.00320391,0.00068344,0.00071414,0.02014328,0.01273353,0.000425,0.00383468,5.023e-05,4160464.9999985504,-7.285715251826483,0.5971064014752747,0.083694117404897,-0.0150024533978448,1
395075,395075,Cc1ccc(CCNC(=O)NCCCn2ccnc2)c(C)c1C,4.069,4.101,4.183,4.214,4.637,4.701,4.75,4.782,4.857,4.945,5.032,5.119,5.135,5.326,5.445,5.955,6.1,6.11,6.125,6.171,6.191,6.192,6.215,6.237,6.246,6.323,6.334,6.352,6.461,6.475,6.799,6.802,6.832,6.842,6.874,6.9,6.912,6.985,6.997,7.027,7.055,7.087,7.097,7.101,7.121,7.131,7.138,7.154,7.219,7.228,0.00026098,0.00092441,2.924e-05,1.813e-05,0.0032701,0.02423543,0.00015088,0.00124256,0.0022545,0.02050162,5.389e-05,0.00227021,0.00158549,0.00066596,9.457e-05,1.719e-05,0.31802785,0.27484873,1.909e-05,0.20708489,0.05824534,0.00470846,0.05596795,0.00077439,0.02911482,0.06409159,0.00330526,0.00323103,0.00379933,0.00014234,0.00809999,0.00813431,0.00040066,3.568e-05,0.00014165,7.589e-05,0.02058151,1.913e-05,0.01079186,0.01326028,0.00136242,0.00042863,0.00073065,0.01601488,0.00147466,0.00406616,0.00529257,1.545e-05,0.00343384,0.00125945,-4850441.999998309,5.22987303231105,0.0852541344600621,0.1569498026873195,0.7181835921683977,2
7297706,7297706,CCCn1nccc1NC(=O)CNC(C)(C)CCCN(C)C,4.697,4.809,5.11,5.393,5.525,5.843,5.909,5.953,6.217,6.659,6.815,6.835,6.986,7.054,7.082,7.097,7.22,7.273,7.487,7.527,7.542,7.595,7.657,7.678,7.763,7.803,7.855,7.931,7.979,8.007,8.015,8.063,8.148,8.2,8.214,8.227,8.273,8.334,8.375,8.444,8.539,8.636,8.663,8.683,8.71,8.742,8.803,8.823,8.919,8.945,2.01e-06,0.00037299,0.26342307,0.02273645,0.00010176,9.2e-07,3.232e-05,7.189e-05,0.08292518,0.00054559,0.0421134,0.00094222,3.12e-06,0.00021996,0.00012146,9.06e-06,0.01176274,0.12215894,0.01240065,0.01894397,0.00099862,0.00145965,0.09146895,0.0002123,0.00726717,0.00030792,0.00483301,0.00318131,0.00357373,0.00482093,0.00603329,0.0005098,0.10417007,0.00757552,0.01033263,9.467e-05,0.0004747,0.04796069,0.01666913,0.1237316,0.02483896,0.00196438,0.04083358,0.00769856,0.05609843,0.0015816,0.01691881,3.12e-06,0.004524,0.01043465,2052188.9999992745,15.188568612208964,-0.1974340214687876,-0.5485899806214248,0.1092526700035038,3
6370136,6370136,CC(F)N(Cc1cccc(OCc2ccccn2)c1)Cc1ccco1,3.503,3.704,3.711,3.892,3.912,4.093,4.138,4.504,4.513,4.581,4.605,4.687,4.708,4.717,4.783,4.888,4.976,5.168,5.258,5.266,5.304,5.321,5.361,5.411,5.473,5.491,5.57,5.632,5.654,5.673,5.69,5.771,5.789,5.858,5.908,5.912,5.914,5.974,6.034,6.038,6.062,6.104,6.111,6.134,6.136,6.15,6.234,6.248,6.285,6.326,1.64e-06,3.05e-06,7.332e-05,9.94e-06,0.00022287,2.131e-05,0.00030934,0.00512718,1.055e-05,0.00037091,0.00011419,1.87e-06,0.01798985,0.01134716,0.00079166,5.9e-07,0.00233781,0.00306919,0.00378336,0.03947364,0.01501332,2.831e-05,0.0390908,0.02872283,2.183e-05,0.00896445,0.00689063,0.00272774,0.00246695,0.00190076,0.04590667,0.00032809,9.851e-05,0.0010391,0.0239022,0.07187478,0.10657646,0.00094729,0.00020109,0.00649262,0.00105406,0.0047139,0.00156353,0.00756349,0.08571297,0.00329047,0.0128983,0.31569191,0.00428362,1.327e-05,1124618.9999996084,-0.5361649871446723,-0.3926244041857201,0.0285581969900792,0.2316773329511448,3
5974832,5974832,CC(=O)c1cn(CCCCNC(=O)c2ccc(CN3CCC(CO)CC3)cc2)nn1,3.317,3.325,3.51,3.519,3.679,3.688,3.794,3.984,4.088,4.155,4.163,4.171,4.179,4.278,4.447,4.452,4.59,4.638,4.651,4.673,4.903,4.935,4.935,4.944,4.946,4.964,5.086,5.135,5.152,5.158,5.313,5.325,5.356,5.411,5.467,5.477,5.493,5.502,5.545,5.602,5.667,5.67,5.679,5.697,5.709,5.793,5.839,5.847,5.886,5.902,0.00045103,0.00031077,0.00012577,0.00072472,6.04e-06,6.449e-05,0.00114296,0.00026884,2.49e-06,6.64e-06,0.00021458,9.297e-05,4.817e-05,3.058e-05,0.01596491,5.74e-06,0.00054166,8.53e-06,0.00047634,0.00333193,0.00046288,9.35e-06,9.57e-05,0.00028637,0.00056803,0.00926685,0.1048737,0.00140186,0.0229037,0.00530333,0.06989958,0.05039842,0.01393062,5.596e-05,0.00059361,0.00222782,0.00039694,0.00055078,0.06705722,0.00130578,0.0004822,0.00116642,0.00153826,0.00053444,3.67e-06,0.00189163,0.00043613,0.00024603,2.069e-05,0.00151535,729314.9999997467,-3.5826889349808195,-0.2067338477958581,0.3591556204352303,0.186962239255725,4
6698330,6698330,O=C(O)c1ccc(F)c2c1CN(C(=O)C1(F)CCSCC1)CC2,3.02,3.37,3.504,3.578,3.826,3.859,3.928,4.172,4.657,4.887,4.909,5.088,5.128,5.242,5.314,5.419,5.43,5.474,5.493,5.572,5.64,5.645,5.67,5.765,5.781,5.842,5.876,5.89,5.92,5.945,5.989,6.03,6.111,6.138,6.227,6.241,6.316,6.334,6.347,6.377,6.419,6.504,6.547,6.586,6.606,6.639,6.668,6.699,6.733,6.742,0.0001344,0.00062694,0.00036234,0.00019765,0.00083803,0.00526452,8.326e-05,0.0002701,0.01830555,0.01770036,0.04186211,0.00086088,0.00162976,0.00098936,0.00017159,0.12352333,0.00775646,0.00417464,0.01118065,0.00999438,0.03152317,0.11871818,0.03329946,0.00616124,0.01122188,0.00690751,0.00146341,0.15892214,0.10249553,0.00061945,0.0004553,0.01162426,0.00238969,0.00415391,0.01234998,0.03337498,0.00500274,0.01492006,0.00240964,0.00299976,0.00090782,0.00076436,0.02782337,0.08586665,0.08820634,0.0040221,0.00296483,0.00095478,0.0060016,8.28e-06,1452812.9999994936,1.4715385804553351,0.7585248096631008,-0.6611718202761485,0.1684400452283074,3
4058550,4058550,CCCCNC(=O)CN1CCCN(c2nnc(Cc3cn4ccccc4n3)n2CCC)CC1,2.909,3.198,3.65,3.757,3.886,3.916,3.937,4.163,4.206,4.433,4.452,4.469,4.657,4.665,4.767,4.945,4.985,5.171,5.279,5.316,5.397,5.44,5.457,5.467,5.587,5.61,5.659,5.672,5.706,5.736,5.742,5.749,5.777,5.81,5.849,5.853,5.873,5.938,5.961,5.981,5.991,6.038,6.107,6.117,6.171,6.196,6.245,6.246,6.279,6.286,0.00104155,1.453e-05,0.00413438,0.00234174,0.04584203,0.00021546,6.43e-06,0.00047427,1.3e-07,0.01774936,0.00306729,0.01466944,0.00059421,0.00027442,0.00026906,4.43e-06,8.13e-06,0.00063794,0.00078499,0.18351611,0.14043329,0.00236217,0.00975995,0.01087701,8.842e-05,1.952e-05,0.0876659,0.00109929,0.00010229,0.00618293,0.05698892,0.35909749,0.0129795,0.00077363,0.00246991,0.00406258,0.01425878,0.0013025,0.00701759,0.00084598,0.00419163,0.0019725,0.00151291,0.04142559,8.902e-05,8.2e-06,0.01048786,8.149e-05,0.0023894,0.00037585,-1186966.999999585,-0.7914562632315236,0.3334126652510981,-0.3464557476770896,0.4094653594140971,0
2678909,2678909,O=C(OCC1(NCn2nnc3ccccc3c2=O)CCOCC1)c1ccnn1CC(F)F,2.946,3.299,3.372,3.518,3.556,3.651,3.726,3.776,3.822,3.846,3.939,3.955,3.984,4.005,4.061,4.16,4.203,4.243,4.265,4.269,4.273,4.381,4.487,4.529,4.615,4.669,4.698,4.943,4.958,4.976,5.003,5.043,5.095,5.134,5.145,5.18,5.272,5.317,5.32,5.324,5.354,5.426,5.452,5.533,5.558,5.575,5.601,5.605,5.618,5.631,0.00038644,1.634e-05,4.196e-05,0.00544331,0.00012162,0.00028094,4.002e-05,0.00023587,0.10660181,0.00660733,0.0025202,0.00067648,5.879e-05,0.00029243,0.00159731,0.01927115,0.00010672,0.00667561,0.00294855,0.00136921,0.000297,1.692e-05,0.00173749,0.03472005,3.44e-06,0.00022718,0.01341112,0.0004112,0.00102386,0.04822717,0.0216701,0.00034136,0.00070457,3.848e-05,0.06105184,4.996e-05,0.0001828,0.00017691,0.00019092,0.00010874,0.1145449,0.11429112,0.03884471,0.00584492,0.01487928,0.00015362,0.0713276,0.02101422,0.04352153,0.16724056,-2566607.999999104,-5.480086123259553,-0.1826975994111823,0.7796539353898996,-0.2212013479117873,0
5437953,5437953,CCc1c(OC(=O)Nc2nccc3ccncc23)nnn1-c1ccc(F)c(F)c1,3.194,3.294,3.32,3.354,3.545,3.63,3.653,3.668,3.7,3.777,3.833,3.923,3.933,4.026,4.028,4.079,4.137,4.164,4.237,4.274,4.418,4.427,4.431,4.47,4.563,4.664,4.673,4.679,4.758,4.766,4.772,4.804,4.904,5.06,5.07,5.105,5.109,5.131,5.174,5.221,5.26,5.292,5.323,5.348,5.356,5.421,5.43,5.527,5.57,5.574,0.00657942,0.01526859,0.00255728,0.00184996,0.02126084,0.03053869,0.02458047,0.03219906,0.11508386,0.00075104,0.03422405,6.037e-05,0.00061142,0.00039541,0.00030486,0.0004502,0.00227879,7.696e-05,0.02056614,0.00538024,0.00084888,0.0076938,0.17141985,0.00585672,0.0056896,0.00048498,0.20360643,0.0572106,0.02083967,0.00046585,0.00408159,0.0023676,0.0002199,0.0134151,0.00846859,0.03056097,0.01996588,0.03354033,0.00110071,0.04777868,0.00355879,0.00127781,0.00800696,0.00337282,0.02528502,0.09134917,0.00325809,0.28728397,0.00072442,0.00029826,192435.9999999372,-6.116918672092176,-0.4080862544620764,0.7185109734563425,-0.0438652823225733,4
1777266,1777266,CCOc1cc(C(=O)NNc2cccc(-n3ccnn3)c2)cc(OC)c1C(C)C,3.288,3.506,3.556,3.608,3.722,3.888,3.908,4.106,4.144,4.166,4.204,4.25,4.273,4.331,4.384,4.42,4.434,4.474,4.567,4.586,4.687,4.688,4.74,4.833,4.877,4.976,4.989,5.009,5.107,5.131,5.153,5.251,5.277,5.347,5.35,5.377,5.385,5.417,5.481,5.516,5.562,5.586,5.597,5.637,5.64,5.669,5.697,5.709,5.724,5.745,0.00229478,0.00430252,0.00066275,0.0073012,8.959e-05,0.10152541,0.03407624,0.01282638,1.658e-05,0.01724068,0.04485503,0.03086033,0.00397368,0.00535255,0.05860072,0.03641939,0.00027501,0.00140625,0.0133981,0.00677067,0.13714242,0.01539474,0.00211491,0.06999806,0.13300359,0.00070869,0.0040912,0.00918174,0.04304981,0.00521548,0.00024031,0.03700094,0.06245546,3.1e-07,0.00095777,0.0088703,0.0115451,2.985e-05,0.00075657,0.20848681,0.11151913,0.05740505,0.06599497,0.00130448,0.00229459,0.00735618,0.04426489,0.02452998,0.00307598,0.01000268,-3468250.9999987893,-4.027015222731749,-0.6441979319184067,0.3964507959321215,-0.0746590239270725,2
7917404,7917404,Cc1ccc(C)c(NC(=S)NNC(=O)CCn2c(=S)[nH]c3ccccc3c2=O)c1,1.626,1.944,1.988,2.306,2.646,2.809,2.964,3.022,3.074,3.095,3.126,3.152,3.233,3.342,3.417,3.436,3.49,3.655,3.798,3.851,3.874,3.97,3.996,4.067,4.094,4.171,4.243,4.256,4.29,4.333,4.338,4.433,4.467,4.474,4.488,4.529,4.546,4.547,4.556,4.576,4.61,4.676,4.715,4.798,4.837,4.845,4.869,4.882,4.927,4.946,1.279e-05,0.00013792,1.28e-06,2.687e-05,0.00012491,6.566e-05,0.00014278,0.00079683,1.982e-05,0.0012946,1.453e-05,0.00015227,0.01095408,0.00134742,0.00215544,2.657e-05,0.00040978,0.00015665,0.00351096,3.184e-05,0.00157908,0.24753109,0.10470293,0.00462153,0.00155659,0.00130841,0.00255504,0.00035555,0.00104994,0.00118476,0.05133137,2.54e-06,0.07731353,0.04524565,0.08998209,0.00109398,0.00149638,0.00286997,0.00012026,0.00089291,0.00015264,0.00920808,0.08139946,0.00156803,4.687e-05,0.00605209,0.04950431,0.07002534,0.01242783,0.01160006,2671886.9999990715,-10.386829231509353,1.5034330064460115,-0.1101974097909968,-0.0988213801082989,3
4924404,4924404,O=C(O)C=CNc1ccc(NS(=O)(=O)Nc2cccc(C(F)(F)F)c2)cc1,2.885,2.978,3.183,3.312,3.456,3.74,3.757,3.872,3.963,4.161,4.217,4.277,4.289,4.453,4.545,4.578,4.6,4.633,4.705,4.729,4.784,4.88,4.931,4.962,5.088,5.152,5.2,5.212,5.223,5.271,5.283,5.393,5.421,5.463,5.514,5.547,5.579,5.626,5.663,5.685,5.713,5.74,5.778,5.797,5.815,5.857,5.859,5.867,5.875,5.934,0.04506337,0.00078869,0.00113728,6.2e-07,0.00119993,0.0551597,0.49666032,0.15186136,0.0066017,0.00336921,0.07311105,0.02144434,0.00935883,0.00125576,0.02248989,0.10760978,0.01506453,0.00222328,0.0088353,0.0002494,0.00017095,0.0149813,0.06849089,0.00027915,0.04523454,0.00213062,0.02456183,0.04144738,0.0012741,0.04047435,0.00998747,0.03666556,0.00481906,0.00622844,0.01987327,0.01346088,0.02956141,0.00373568,0.04662708,0.00321719,0.00677846,0.0381151,0.02342143,0.0151049,0.02560872,0.00119623,0.00076844,0.00854496,0.017464,0.06980976,-321112.99999988754,-3.3791593902389327,0.43550414506294,-0.0450859217821238,0.0380606641112767,4
8544234,8544234,CCC(C)C(=O)N1CCN(NC(=O)C(C)(C)c2ccc(F)cc2F)CC1,2.883,3.218,3.26,3.32,3.607,3.728,3.939,4.298,4.323,4.689,4.791,5.023,5.123,5.207,5.208,5.252,5.26,5.389,5.506,5.585,5.607,5.629,5.719,5.765,5.868,5.896,5.964,6.015,6.054,6.096,6.18,6.214,6.264,6.279,6.293,6.343,6.349,6.364,6.417,6.439,6.566,6.587,6.638,6.653,6.657,6.676,6.693,6.722,6.726,6.775,6.604e-05,0.00244876,0.00016815,0.00605836,0.00755964,0.03112561,0.01024344,0.00010917,0.013177,0.00121636,5.67e-05,0.03925356,0.00222543,0.00073963,1.01e-06,4.34e-06,0.00045442,9.7e-07,0.01480732,5.57e-06,0.0005421,4.078e-05,1.868e-05,3.7e-06,0.00337455,0.00100217,0.00055678,0.00506079,0.00227878,0.0002004,0.05252329,0.16506938,0.00107089,0.0228781,0.00918669,0.00297503,0.00227732,0.02896502,0.01802899,0.01502031,0.29499884,0.03050779,0.01265989,0.05962929,0.0259887,0.00885082,0.04341352,0.00056665,0.0014803,0.01047306,3298716.999998847,1.5545734310760695,1.386769212529962,-0.5820503692755397,0.3397251449966055,1
8273765,8273765,CCN=C(NCCc1cnn(CNCC)c1C)Nc1ccc(S(=O)(=O)Nc2nnc(CC)s2)cc1,3.132,3.296,3.433,3.503,3.54,3.588,3.756,3.84,3.871,4.001,4.017,4.074,4.115,4.185,4.208,4.232,4.296,4.37,4.432,4.455,4.472,4.504,4.563,4.61,4.662,4.703,4.728,4.773,4.814,4.869,4.939,4.984,5.067,5.079,5.124,5.142,5.181,5.193,5.238,5.241,5.271,5.319,5.35,5.366,5.403,5.426,5.437,5.446,5.462,5.469,0.11470801,0.02892013,0.0683987,0.00376984,0.00428042,0.09340681,0.00057572,0.0184653,0.00167382,0.00516684,0.00042121,0.15773042,0.00725352,0.00237839,0.08945546,0.00895766,0.02938907,1.989e-05,0.04878936,0.00100958,0.0122084,5.176e-05,0.12564753,0.00203099,0.03285147,0.0022006,0.00069191,7.514e-05,0.0157862,0.00083796,0.03491108,0.01949417,0.06797587,0.01254323,0.00246551,0.03419441,0.01227493,0.01104257,0.00077037,0.00383451,0.01136356,0.01713,0.0018611,0.00153181,0.00585898,0.00335826,0.00249483,0.00250558,0.01267216,0.00062128,3028247.9999989443,-5.564400488300785,-0.6256834900376242,0.2787457843634382,-0.0085985851164483,3
955355,955355,Cc1[nH]ncc1C(=O)NC1(CNC(=O)c2cnn(N(C)C)c2)CCC1,4.029,4.142,4.177,4.287,4.527,4.561,4.625,4.641,4.739,4.793,4.971,5.074,5.123,5.268,5.307,5.432,5.448,5.489,5.569,5.576,5.597,5.668,5.722,5.758,5.789,5.843,5.923,5.932,5.967,5.989,6.031,6.159,6.238,6.25,6.305,6.308,6.394,6.452,6.491,6.554,6.563,6.645,6.656,6.662,6.749,6.757,6.782,6.807,6.847,6.905,0.00021991,4.607e-05,0.00054127,0.00037304,6.073e-05,0.01596981,4.44e-06,1.281e-05,4.684e-05,0.03243727,0.00064016,0.00191534,0.01094753,0.01223605,0.00682743,3.39e-06,0.01753966,0.00055449,0.05329241,8.317e-05,0.03120908,0.04125552,0.03873122,0.00600904,0.00106572,0.0087037,0.08443983,0.00017187,0.23200682,0.00483953,0.00049803,0.00076236,0.00056898,0.00011986,9.242e-05,4.384e-05,6.219e-05,2.127e-05,0.0019082,0.12734219,0.10703804,0.00444663,0.02490253,0.0635282,0.00028301,0.0069325,0.02715952,0.00017646,0.00153682,0.00019271,-4290161.999998504,2.4761581274067432,-0.6801028854838719,0.4018632145124037,0.089709642444719,2
7470403,7470403,CCCNC(=O)Cc1ccc(OC(=O)Nc2cccc(OCC(=O)N(C)C)c2)cc1,3.831,3.845,3.91,3.954,4.12,4.23,4.262,4.342,4.421,4.431,4.461,4.474,4.527,4.556,4.566,4.622,4.631,4.664,4.725,4.732,4.831,4.864,4.905,4.922,4.944,5.001,5.044,5.051,5.068,5.119,5.164,5.191,5.271,5.367,5.43,5.466,5.493,5.499,5.538,5.581,5.779,5.786,5.817,5.838,5.871,5.895,5.9,5.927,5.938,6.023,0.01313612,0.03729995,7.311e-05,0.00292244,0.03655363,0.00450518,0.00028461,0.04873713,0.04536726,4.938e-05,0.00012033,0.02558349,0.0001639,0.00423773,0.00015874,0.00019481,0.00477602,0.01370851,0.11228426,6.554e-05,0.01341167,0.03027366,0.0227126,0.01759623,0.00036019,0.05888628,1.606e-05,0.01990178,0.00486912,0.01741723,0.02062783,0.00338089,0.00015836,0.22732217,0.08608334,0.00354169,0.02805558,0.058574,0.01224836,0.00127712,0.00491048,0.00014647,0.05626747,0.00914051,5.54e-05,0.0016906,0.0030761,0.00019768,0.00285429,0.00582046,2224885.999999225,-2.864886252910979,-1.422278229853512,0.6194705368390716,-0.3596497944853781,3
8677257,8677257,CN1C=C(CCNC(=O)c2csc(-c3cccc(C(F)(F)F)c3)n2)Cc2ccccc21,1.368,2.096,2.125,2.668,2.748,2.853,3.085,3.296,3.42,3.475,3.644,3.661,3.836,3.843,3.87,3.873,3.984,4.054,4.07,4.14,4.205,4.21,4.328,4.465,4.511,4.569,4.63,4.675,4.708,4.716,4.761,4.775,4.777,4.827,4.838,4.855,4.944,4.961,5.063,5.085,5.137,5.152,5.172,5.184,5.235,5.249,5.252,5.281,5.288,5.383,3.136e-05,1.01e-06,7.3e-07,0.00112688,0.00063362,3.15e-06,7.89e-06,1.836e-05,2.61e-06,1.978e-05,0.19513884,0.02140518,0.02906585,2.616e-05,0.14370235,0.01438216,0.01629962,1.947e-05,0.00144702,4.77e-05,0.00488438,3.059e-05,0.02192077,9.673e-05,0.08991349,0.00015838,0.00060789,1.255e-05,0.00043174,0.00716713,0.00336667,0.00078601,0.00030208,0.00012042,0.00026217,0.03677834,0.02976038,0.00037169,0.00046523,0.00612646,0.03396882,0.02352926,0.04201414,0.02705971,0.00712227,0.00060649,0.00028633,0.03009428,0.01024032,0.02706625,3431739.999998805,-7.777617338120714,1.7644583700693526,-0.5460438728848802,-0.3111831311812021,1
5918713,5918713,CC(C)N(C)c1nnc(-c2cccc(S(C)(=O)=O)c2)n1Cc1ccccc1S(=O)(=O)N(C)C,2.647,2.907,3.168,3.256,3.372,3.445,3.53,3.597,3.638,3.781,3.79,3.868,3.969,4.01,4.058,4.06,4.201,4.226,4.235,4.262,4.291,4.344,4.363,4.41,4.44,4.48,4.509,4.541,4.614,4.623,4.625,4.642,4.648,4.719,4.734,4.817,4.875,4.884,4.884,4.9,4.901,5.012,5.028,5.068,5.079,5.103,5.116,5.124,5.166,5.215,0.00713562,9.42e-05,0.00031127,0.00785402,0.0024381,2.187e-05,0.02253873,0.00529205,1.05e-05,9.014e-05,0.00617586,0.00149158,2.112e-05,7.369e-05,0.00694406,0.00744067,5.16e-06,2.716e-05,0.01234199,0.00376497,0.00278821,8.317e-05,0.0016429,0.00312516,0.00170671,6.3e-06,0.03050336,0.00275211,0.00062695,0.00019913,0.00105979,0.00114499,0.0001951,0.00335025,3.752e-05,0.00036655,0.00064722,0.00016113,0.00023132,0.00405857,0.00016011,1.925e-05,0.01110174,1.03e-06,0.00140157,0.00795352,0.00298393,0.0092952,0.00771578,2.86e-05,673195.9999997702,-7.406349165842334,-0.4840782743750134,-0.1631942374962018,-0.0895366115623495,4
7723811,7723811,CCN(CCc1ccccc1)Cc1nnc(C(=O)NC(C)C)n1Cc1ccc2c(c1)COCC2,3.483,3.578,3.72,3.844,3.856,3.896,3.938,4.081,4.214,4.253,4.287,4.369,4.391,4.446,4.474,4.502,4.52,4.552,4.595,4.649,4.688,4.699,4.723,4.73,4.768,4.794,4.805,4.844,4.872,4.911,4.928,4.946,4.978,5.01,5.071,5.082,5.158,5.197,5.211,5.218,5.224,5.248,5.287,5.302,5.328,5.391,5.491,5.53,5.569,5.579,7.18e-05,3.182e-05,0.00018602,0.00100537,0.00041234,0.00152916,0.00016942,0.00080745,3.48e-06,1.727e-05,0.0011347,0.00151512,0.00723544,0.00062781,0.00224449,0.00038413,0.00072186,0.00042214,8.62e-06,7.98e-06,7.7e-06,0.0002028,0.00422453,0.00016694,0.00128557,0.00034691,4.284e-05,2.632e-05,0.00047563,5.997e-05,0.01206407,0.02250533,0.00030606,0.00307295,0.04655332,0.20268411,2.994e-05,2.251e-05,0.00143874,0.00195578,0.00210929,0.00375229,0.01538541,0.02180515,0.06869615,0.00247139,4.41e-06,1.788e-05,0.03119542,0.00191784,2478293.999999138,-4.836737562220973,-1.5733810658251348,-0.0510377686653771,-0.0773668444909791,3
226805,226805,Cc1cc2n[nH]c(NC(=O)CCCCCNC(=O)NC3CCCCC3)c2c(=O)n1C,3.597,3.864,3.883,3.921,4.153,4.188,4.317,4.445,4.477,4.53,4.533,4.769,4.818,4.843,4.854,5.109,5.12,5.398,5.41,5.615,5.69,5.734,5.775,5.783,5.816,5.884,6.02,6.031,6.07,6.107,6.143,6.207,6.217,6.261,6.288,6.301,6.306,6.383,6.394,6.44,6.466,6.467,6.554,6.561,6.576,6.585,6.626,6.655,6.665,6.706,7.88e-06,0.00082505,0.06617641,3.3e-07,3.477e-05,4.21e-05,0.1004471,6.325e-05,8.157e-05,0.00707661,0.11125829,0.00010292,0.2435471,3.589e-05,9.923e-05,0.00154161,0.02335031,1.672e-05,2.8e-07,0.07354673,4.096e-05,1.039e-05,6.051e-05,8.24e-06,0.09627459,3.454e-05,1.6e-07,0.08354617,4.894e-05,1.89e-06,0.00257945,3.158e-05,1.61e-06,0.01995586,0.00010501,0.00161218,0.00175858,0.00131564,4.235e-05,0.09813103,0.00078381,0.00144791,0.05003609,3e-08,1.88e-06,0.00099848,0.00082552,5.21e-06,0.00020234,0.00135616,-5018711.999998249,1.6002308717295617,0.2008114876568479,0.3440590313233975,0.6550365233684483,2
8916261,8916261,Cc1cc(NNC(=O)Nc2ccccc2-n2ccnn2)ccc1CNCCNC(=O)c1nn(C)cc1C,2.807,3.076,3.263,3.276,3.575,3.673,3.733,3.733,3.795,3.951,4.047,4.105,4.143,4.187,4.201,4.226,4.243,4.255,4.265,4.36,4.422,4.474,4.506,4.549,4.554,4.555,4.574,4.6,4.641,4.701,4.722,4.723,4.759,4.782,4.815,4.825,4.837,4.84,4.891,4.896,4.923,5.011,5.031,5.036,5.054,5.096,5.102,5.131,5.183,5.217,2.97e-06,0.00766109,4.008e-05,1.935e-05,0.04810623,8.232e-05,0.00044178,9.47e-06,6.84e-06,0.00054932,0.00041444,2.151e-05,0.00029712,0.00105145,0.10932637,0.00067124,0.01488605,0.010048,2.535e-05,5.902e-05,0.00010579,0.00024517,0.00121338,0.14232932,5.205e-05,0.00209678,6.735e-05,4.6e-05,0.11681317,0.00611601,5.44e-06,0.0012005,5.71e-06,0.00116817,0.02682242,0.02116628,0.17982965,0.02245914,0.00084216,0.02003322,0.03305748,1.247e-05,3.33e-06,0.00038438,0.00091357,0.00010596,0.00212578,1.045e-05,0.18956242,0.00545188,3670743.999998721,-6.875231850328964,-0.9486948690508172,-0.4125192628395707,-0.1213167081678898,1
5966982,5966982,COc1cccc2c1CCN(c1nnc(C3CCC3)n1CCN(CCN(C)C1CCCC1)C(C)C)C2,3.288,3.482,3.606,3.81,4.055,4.238,4.258,4.441,4.62,4.82,4.873,4.979,5.017,5.095,5.152,5.189,5.277,5.29,5.358,5.399,5.756,5.807,5.876,5.913,5.945,5.978,5.991,6.006,6.011,6.019,6.054,6.08,6.142,6.152,6.176,6.204,6.218,6.229,6.28,6.297,6.328,6.376,6.383,6.404,6.414,6.49,6.493,6.529,6.557,6.6,0.00612631,0.00116717,0.00082714,3.724e-05,0.00189563,0.0012116,0.00042186,0.00020522,0.01209299,0.00316908,0.01196918,0.0036246,0.00457844,0.00332383,0.00087628,0.00049182,0.14480624,0.00192294,0.00098764,0.00332314,0.00414424,1.693e-05,0.00033389,0.00067908,0.00839443,0.04594615,0.09056406,0.10000381,0.00061194,0.1026732,0.08876424,0.0002892,0.12484848,0.01537214,0.02495046,0.01313213,0.00691163,0.015158,0.04337137,0.09847191,0.02989013,0.01350832,0.0050978,0.00088803,0.0714542,0.013922,0.000516,0.00094886,0.0044105,0.00496368,721464.9999997483,1.362176189641238,0.1603140622798805,-0.535969885739751,0.3841632407504817,4
2634400,2634400,Cc1ccc(SCCNC(=O)C(N)(F)c2ccc(C)nc2)cc1,3.813,3.934,4.011,4.015,4.02,4.221,4.321,4.388,4.432,4.577,4.638,4.655,4.683,4.865,4.893,4.904,4.93,4.944,5.021,5.055,5.108,5.121,5.164,5.197,5.288,5.325,5.418,5.446,5.452,5.463,5.529,5.692,5.777,5.805,5.812,5.881,5.95,5.983,5.988,6.003,6.15,6.177,6.194,6.224,6.288,6.376,6.403,6.415,6.421,6.436,0.01924572,0.00145068,0.00583542,0.00516321,0.01528857,0.00102777,0.01943575,0.06018672,0.00363479,6.073e-05,0.00457918,6.991e-05,0.00025012,0.00228965,0.00057275,5.522e-05,0.00069724,0.00042812,6.392e-05,0.03466377,5.764e-05,6.35e-06,0.0010143,0.00233132,0.0323428,2.968e-05,0.11042203,0.03118491,0.00055752,0.01194848,2.78e-05,0.02985689,0.00042184,0.0005643,0.01025485,0.00018006,0.00723909,0.00057341,3.329e-05,0.00925087,0.0050816,0.00101432,0.00016746,0.00618326,0.00761886,0.16003339,0.01195131,0.37199191,0.02180258,0.21875716,-2611116.9999990896,-0.625726977286674,-0.7127395453259963,0.7082685222974929,-0.1695193513880675,0
2542139,2542139,CSC(C)(C)CNC(Cc1ccccc1S(C)(=O)=O)c1sccc1O,3.112,3.486,3.502,3.514,3.855,3.886,4.056,4.177,4.207,4.377,4.405,4.441,4.757,4.823,4.864,4.992,5.077,5.113,5.2,5.233,5.274,5.31,5.349,5.422,5.45,5.486,5.51,5.545,5.591,5.605,5.627,5.681,5.7,5.746,5.793,5.812,5.862,5.898,5.951,5.967,6.026,6.031,6.048,6.097,6.123,6.132,6.137,6.168,6.229,6.241,0.00782147,0.00141154,0.01999959,0.0002382,0.00136251,0.00012736,0.00281789,5.646e-05,0.00299516,0.11727953,0.00295686,0.01344036,0.00049035,0.0057845,0.00233571,0.00849338,3.18e-05,0.01079714,0.02594497,0.00506158,0.02294359,0.01746442,0.01079302,0.00020644,0.02512435,0.01429284,0.00818926,0.00029903,0.00023714,0.001522,0.00067761,0.00130347,0.00091415,0.01340089,0.00220752,0.00075534,0.00039543,0.00120016,0.0325989,0.00177565,0.00457636,0.00427234,0.01602236,0.0062658,0.00091108,0.00253755,0.00351757,0.04155446,0.03106157,0.03486016,-2703377.999999059,-1.0800786197916066,0.1172432653432619,-0.2934861738579287,0.3611783483695316,0
7900834,7900834,CCN(CCCCN(C)C)C(=O)COC1CCNCC1,5.093,5.119,5.603,5.996,6.632,7.094,7.453,7.545,7.694,7.766,7.887,7.979,8.12,8.157,8.205,8.358,8.421,8.493,8.612,8.658,8.776,8.859,8.995,9.064,9.243,9.38,9.452,9.64,9.739,9.946,10.048,10.101,10.158,10.336,10.468,10.711,10.815,11.002,11.156,11.548,11.563,11.741,11.747,11.804,11.959,12.054,12.09,12.19,12.2,12.259,0.00046403,4.516e-05,6.338e-05,0.00381603,0.21637201,0.00951099,0.00227206,0.00485432,0.00070004,0.00165157,0.00150687,0.00022183,0.00095562,0.0014928,0.00108915,0.00220724,0.00326689,0.02872812,0.01991056,0.006971,0.00516425,0.01609089,0.01240719,0.06424386,0.01314984,0.00347718,0.00697145,0.00858208,0.00029111,0.00065955,0.00023862,0.00129743,0.01213297,0.00173303,0.01230986,0.00263814,0.00049926,0.00284605,0.00327324,0.027789,0.00361396,0.00549376,0.00534347,0.04261125,0.00196532,0.00306726,0.0246303,0.01491475,0.00853082,0.00121998,2655316.9999990533,28.959726654455935,3.0676508400107583,1.9192472464776795,-1.9937070837194613,3
6493705,6493705,Cc1cnc(-c2nnc(N(C)CCN3CCOCC3)n2Cc2cccs2)c(O)c1,2.838,2.984,3.142,3.23,3.568,3.635,3.662,3.757,3.921,3.947,3.992,4.162,4.208,4.226,4.364,4.365,4.542,4.624,4.658,4.732,4.771,4.802,4.881,4.916,4.925,4.95,4.961,4.996,5.013,5.033,5.116,5.152,5.176,5.289,5.341,5.384,5.428,5.483,5.527,5.549,5.658,5.677,5.716,5.718,5.775,5.777,5.781,5.793,5.896,5.949,0.00290213,0.05627369,0.00739087,0.03354101,0.00103021,0.0006771,0.01544547,0.00239549,0.0155444,0.02150478,0.01815991,0.01267016,0.16398788,0.00420679,0.00298723,0.00245043,0.00015628,0.00019101,0.02830779,0.00865401,0.00261131,0.00027079,0.00202594,0.03101969,0.00163278,0.00560624,0.02150354,0.00135328,0.12617923,0.00634242,0.00637408,0.00390602,0.01366436,0.04969505,0.00020833,0.0140208,0.0031956,0.0052745,0.01239539,0.00241377,0.00829708,0.0060894,8.54e-06,0.00107971,0.00025113,0.00079868,6.29e-06,0.00826104,0.00891191,0.00010636,1248187.9999995658,-4.157253248031832,0.4175090572925969,0.1262575254856369,-0.0333188154399392,3
7443173,7443173,CCCCN(Cc1ccc(C)o1)C(=S)NC1CN(c2ccncn2)C1,3.407,3.676,3.73,3.763,3.925,4.08,4.28,4.316,4.393,4.44,4.446,4.559,4.589,4.642,4.779,4.825,4.836,4.884,5.065,5.077,5.099,5.337,5.367,5.407,5.453,5.62,5.681,5.727,5.803,5.816,5.91,5.924,5.949,5.963,6.012,6.22,6.228,6.257,6.343,6.403,6.449,6.466,6.503,6.529,6.582,6.59,6.628,6.672,6.706,6.716,6.42e-06,0.00013276,0.00092449,1.59e-06,9.525e-05,8.831e-05,2.6e-05,0.00059532,4.786e-05,0.02211291,0.00072371,0.0001127,4.902e-05,4.68e-06,0.1965589,4.315e-05,0.0004677,0.02294931,0.00857329,0.00161024,0.00233406,0.04110623,0.28512797,0.00177537,0.00136368,0.09729162,0.01373298,0.0022277,0.26812073,0.00017875,2.357e-05,3.11e-06,1.27e-06,6.31e-06,4.4e-07,0.00136458,0.02454252,0.00062916,0.00273166,0.00041874,6.614e-05,4.014e-05,0.00607098,0.00662442,0.16353985,0.18573279,0.00054722,0.00063628,0.00046642,0.00073528,2197655.999999232,0.3051552832547528,0.5255579931040673,0.959004381975863,-0.075310327262674,3
9679724,9679724,N=C(OCC(=O)OCC(F)(F)F)c1ccc(NC(N)=O)cn1,3.649,4.113,4.145,4.337,4.394,4.478,4.502,4.532,4.558,4.61,4.748,4.875,4.974,4.984,5.089,5.119,5.218,5.358,5.386,5.476,5.567,5.707,5.746,5.808,5.939,5.999,6.026,6.148,6.304,6.374,6.441,6.518,6.542,6.612,6.687,6.689,6.761,6.779,6.826,6.833,6.918,6.936,6.945,7.01,7.017,7.127,7.15,7.205,7.256,7.268,6.45e-06,2.84e-06,0.00015918,0.38943094,0.0129129,0.00025135,0.0309246,0.00063027,0.00540336,0.00262559,0.00865154,0.07407826,0.00099498,0.0001446,0.00045671,0.00182784,0.00050734,0.0027678,0.00271449,0.00018303,0.00050757,0.08369969,0.00101019,1.158e-05,0.0001039,0.00112873,0.00663768,0.00827518,0.00197674,0.28315269,0.01226355,0.04277942,0.01727171,0.09446366,2.168e-05,0.00907238,0.00919118,1.998e-05,0.01339931,0.10429617,0.04576551,0.0484386,0.0029938,0.02450775,0.04758184,0.0008034,0.00156947,0.01281443,0.00163773,0.00286081,4434206.999998453,3.396503396958196,0.5379319662667327,1.2805386419294462,0.0890742217487606,1
10243145,10243145,COC(=O)c1nc(SC)ccc1OCCCCCOC(C)(C)C,3.547,3.644,3.684,4.319,4.388,4.413,4.624,4.67,4.693,4.848,5.176,5.305,5.457,5.461,5.528,5.534,5.555,5.576,5.581,5.641,5.672,5.812,5.897,5.937,5.943,6.023,6.188,6.248,6.297,6.313,6.36,6.379,6.402,6.421,6.431,6.479,6.493,6.573,6.622,6.652,6.666,6.677,6.71,6.718,6.737,6.759,6.813,6.882,6.934,6.967,7.164e-05,0.00246311,0.04007649,0.00018865,0.00573988,0.00149564,0.08185301,0.15577007,0.01255798,0.00748285,0.00062506,0.01107778,0.02086445,0.00648053,0.00539266,0.00082121,0.0034347,0.0001367,0.00014414,0.00112853,0.00142398,0.01271792,0.00246169,0.0051442,0.02206048,0.07573781,0.0819402,0.10804583,0.00180402,0.01553851,0.00770322,0.01135044,0.02622279,0.01643238,0.025441,0.01390652,0.00490612,0.00636178,0.01803161,0.01784943,3.7e-06,0.00365541,0.01010329,0.00021057,0.01031584,0.00081285,0.04111158,0.00235122,0.0285146,0.08669508,4997627.9999982575,3.1617957376876635,0.0200003092290104,-0.3350080392788018,0.0683585438110789,1
9551584,9551584,CCCN(CC1C(c2ccccc2)=CC1C)C(=O)CSc1nc2ccccc2[nH]1,3.136,3.31,3.462,3.688,3.852,3.948,3.974,4.122,4.267,4.373,4.405,4.465,4.496,4.539,4.606,4.653,4.663,4.773,4.785,4.798,4.855,4.899,4.936,4.967,5.059,5.091,5.11,5.136,5.278,5.327,5.33,5.393,5.437,5.469,5.47,5.502,5.505,5.525,5.599,5.653,5.655,5.672,5.69,5.692,5.713,5.722,5.785,5.806,5.818,5.826,5.4e-07,1.75e-05,0.00053126,0.01006602,7.89e-06,1.65e-06,8.519e-05,6.7e-07,8.014e-05,0.01002677,0.00066335,0.29600382,0.02790451,0.14535266,0.00091113,0.05061689,1.004e-05,0.00038825,3.379e-05,0.00945247,0.03701596,0.00148263,0.0050487,0.00214213,0.00097135,0.0032631,0.04125009,0.00024233,0.00055419,0.0003322,0.00192798,2.099e-05,0.00020519,0.00715634,8.51e-06,0.00015994,0.00139773,0.0110858,0.01373688,0.02392707,0.03595415,0.01867645,0.00041261,0.00907418,0.00244997,0.00020987,0.00238712,0.00882769,0.03894718,0.00827336,4306066.999998499,-3.118038843412497,-0.5335125933862127,-0.1471698691901198,-0.095471607749083,1
6045394,6045394,Cc1nnc(N(CCc2ccccc2)C(C)C2CCC2)n1CCN1CCC(C)CC1,3.42,3.457,3.699,3.735,4.181,4.217,4.641,4.678,5.017,5.054,5.192,5.213,5.234,5.318,5.481,5.552,5.571,5.609,5.698,5.735,5.846,5.87,5.884,5.938,5.974,6.0,6.051,6.087,6.102,6.109,6.143,6.195,6.232,6.269,6.308,6.413,6.455,6.536,6.557,6.57,6.594,6.616,6.666,6.708,6.745,6.773,6.782,6.81,6.812,6.847,0.00045048,0.0004482,6.32e-05,4.341e-05,2.387e-05,4.79e-06,0.00012726,0.00080505,2.169e-05,4.827e-05,0.00064438,0.00145742,0.00013826,0.04213604,0.02490694,0.02349702,0.00224305,0.00124819,6.715e-05,5.086e-05,0.00016215,0.01894498,0.00103746,8.275e-05,2.927e-05,0.01012827,0.00023814,0.00025893,0.01362617,0.02842586,0.00180378,0.00014216,3.322e-05,0.00115893,0.00136859,0.03165742,0.07506874,0.05661344,0.14390133,0.10011323,0.02916292,0.06441652,0.15639919,0.03206577,0.05381695,0.00073367,0.00106527,0.00185376,0.00573997,0.00521171,799876.9999997189,2.7430866773062945,0.1664837053855649,-0.6890388936090865,-0.0379048994140244,4
7462290,7462290,CCCN(CC(=O)NCc1ccccc1OCO)C1(CC)CCC1,3.003,3.338,3.667,4.002,4.048,4.383,4.545,4.903,4.979,4.986,5.385,5.411,5.535,5.559,5.658,5.722,5.736,5.811,5.858,5.896,5.983,6.074,6.113,6.135,6.147,6.15,6.259,6.303,6.333,6.388,6.449,6.455,6.484,6.502,6.589,6.597,6.653,6.669,6.686,6.723,6.735,6.787,6.841,6.878,6.931,6.997,7.013,7.028,7.039,7.056,0.00491282,0.00303252,0.00224841,0.00110732,0.00065881,0.00093745,0.00536558,0.00585246,0.02805244,0.00025857,0.00010717,0.04022896,0.0006801,0.00032034,0.00117481,7.93e-06,3.254e-05,0.00099174,0.05040656,0.00040243,0.00051936,1.371e-05,0.00609658,0.0390424,0.00190193,0.00358799,0.00200442,0.0266451,0.02468591,0.17787258,0.0027335,0.00413155,0.00013865,0.00460201,0.17978517,0.03232065,0.0580619,0.02124863,0.00390325,0.04690075,0.00153114,0.1099164,0.0067364,0.00299528,0.0160238,0.03938523,0.07797583,0.07479729,0.00222531,0.01515823,2216772.9999992256,3.922209406363809,0.6110104187929762,-1.0157259992103254,-0.1000022699397797,3
8908812,8908812,CCN1CCN(Cc2ccc(S(=O)(=O)C(C)(C)C)nc2)c2ccccc21,2.067,2.366,3.071,3.37,3.669,3.958,4.156,4.364,4.524,4.548,4.564,4.658,4.689,4.812,4.849,4.858,4.89,4.986,5.003,5.097,5.133,5.15,5.25,5.275,5.323,5.336,5.539,5.574,5.6,5.686,5.74,5.747,5.763,5.776,5.986,6.026,6.03,6.04,6.06,6.136,6.166,6.204,6.232,6.319,6.324,6.338,6.348,6.447,6.458,6.47,0.00203437,0.00218649,0.00192338,0.00149729,0.00330189,0.00119978,0.0635953,0.00959651,0.03770158,0.09849093,0.03701294,0.00170355,0.00011037,0.0004737,0.00050205,0.00038466,0.04138251,0.00019195,0.00497007,0.01135601,0.00447777,0.00199403,0.00719032,0.00443048,0.00691373,0.04529825,0.02442691,0.02802936,0.04673455,0.00127445,0.03758352,0.10498118,0.00274566,0.14274114,0.00104365,0.00587673,0.0070348,0.00126614,0.00352699,0.00058818,0.00308616,0.00021073,0.00027306,0.00184506,0.0031326,0.00434829,0.00372336,0.00962025,0.04261063,0.00674949,3663294.999998721,-0.8859047534515005,1.3554240547441765,-0.6361510739666325,-0.9074217173446468,1
7018825,7018825,COc1ncnc(OC)c1CSCC(=O)N1CCC(C)(C)NS(=O)(=O)CC1,3.951,4.32,4.441,4.468,4.688,4.704,4.813,4.892,4.945,4.978,5.091,5.187,5.198,5.233,5.419,5.552,5.575,5.582,5.612,5.662,5.681,5.724,5.844,5.986,5.998,6.017,6.042,6.067,6.073,6.103,6.122,6.146,6.159,6.227,6.296,6.335,6.477,6.493,6.53,6.581,6.588,6.598,6.616,6.667,6.703,6.708,6.724,6.758,6.776,6.848,0.00573239,0.00013208,0.00055155,0.00730607,0.00169555,3.476e-05,1.464e-05,0.08531218,0.00638483,0.0020248,0.0017725,6.426e-05,5.13e-06,0.00020863,0.00097859,0.00057208,0.00028479,0.00083325,0.00405422,0.00851932,2.5e-05,0.00099892,2.512e-05,3.839e-05,1.102e-05,0.36981899,0.00732684,0.00084141,0.01997659,0.0212208,0.00274856,0.02614193,0.0758625,0.00854957,0.03078275,8.1e-07,0.00021092,8.3e-07,0.02767978,0.00882043,0.00051182,0.00346641,0.00142229,0.03615186,0.01208707,0.00292739,0.05687444,0.04057701,0.09886266,1.739e-05,1773307.9999993795,2.936037445191692,-1.128229487598147,0.1439367670061475,0.0930561581100986,3
1516584,1516584,CCOC(C)(CCNC)Cn1c(Cc2ccncc2)nnc1N(CC)Cc1nc2ccccc2c(=O)[nH]1,2.962,2.999,3.416,3.457,3.517,3.567,3.608,3.741,3.826,3.867,3.901,3.924,3.942,3.965,3.966,4.117,4.202,4.216,4.231,4.331,4.353,4.378,4.457,4.477,4.515,4.551,4.556,4.562,4.566,4.591,4.607,4.611,4.655,4.685,4.69,4.695,4.712,4.793,4.834,4.889,4.952,4.973,5.097,5.125,5.142,5.165,5.196,5.215,5.237,5.267,0.00356808,0.00206463,3.218e-05,0.00010198,0.00500616,3.484e-05,1.868e-05,0.0005031,0.00010898,0.00016616,0.0005239,0.00051115,0.00071982,0.00019619,0.00035323,1.568e-05,1.65e-06,0.09119229,0.03835134,0.00215253,3.887e-05,0.00220449,0.00034497,0.00033924,0.00011192,0.0010174,7.92e-05,0.00010544,0.00030468,2.611e-05,5.772e-05,8.277e-05,0.0026844,0.00032693,4.443e-05,0.00027743,1.992e-05,0.00336384,0.00023435,0.01937555,0.01025657,0.00348011,0.00027045,0.00187406,5.461e-05,0.00178761,0.00037562,0.00485165,1.826e-05,0.05159963,-3728932.999998696,-7.164140592085523,-0.9208712528789382,0.0044917043800175,-0.1363833288876256,2
4024504,4024504,Cc1ccc(N2CCOC2=O)cc1NC(=NC1CC1)Nc1ccc2[nH]ccc2c1,3.207,3.508,3.585,3.846,3.934,4.001,4.106,4.207,4.236,4.326,4.38,4.404,4.576,4.628,4.674,4.693,4.734,4.749,4.77,4.797,4.902,4.904,5.012,5.135,5.183,5.242,5.258,5.345,5.419,5.473,5.561,5.625,5.629,5.66,5.712,5.73,5.742,5.78,5.792,5.82,5.844,5.865,5.882,5.936,5.98,6.007,6.018,6.035,6.069,6.105,0.00847857,0.00303892,0.00888473,0.01699957,0.00168675,0.00052457,0.04718609,0.0143652,0.00155796,0.03615698,0.07428892,0.05208463,0.08624426,0.13782763,0.03319022,0.00287768,0.01543298,0.00231344,0.01776434,0.00621549,0.11688837,0.05936518,0.43061709,0.00367769,0.14577922,0.00730873,0.02963128,0.00228175,0.00347489,0.02129967,0.0813917,0.00813169,0.00084561,0.14037133,0.10043268,0.01066137,0.01622211,0.0119606,0.0382332,0.00757993,0.00040708,0.00221336,0.00277599,0.03888069,0.04993072,0.00500639,0.00276873,0.0330446,0.00745447,0.06464793,-1221012.9999995742,-2.112785308150085,-0.2967912239688566,0.3045604773761929,-0.0794213141589936,0
160315,160315,Cc1ccc(CCC2=NC(CCN(C)S(=O)(=O)N(C)C)=N2)cc1F,2.779,3.042,3.134,3.262,3.395,3.909,3.97,4.01,4.349,4.367,4.39,4.406,4.48,4.743,4.745,4.752,4.783,4.876,4.96,4.967,4.972,5.026,5.185,5.291,5.358,5.384,5.396,5.406,5.492,5.501,5.54,5.559,5.608,5.643,5.701,5.836,5.894,5.968,5.996,6.004,6.053,6.076,6.103,6.142,6.153,6.167,6.191,6.235,6.243,6.262,2.002e-05,0.00057904,0.00026888,0.00099815,0.00079119,0.00436447,0.00079638,3.775e-05,0.00011203,0.00042792,0.00097553,5.338e-05,1.053e-05,0.00034339,4.875e-05,0.00164219,0.00010056,8.03e-06,0.01692999,0.0206863,0.00585167,0.0005143,0.00340363,0.0195944,0.01979758,0.00118094,0.00285012,0.03276882,0.01509562,0.00077442,6.961e-05,0.00056218,2.502e-05,0.01500016,0.00135015,0.00643386,0.00015806,0.00065147,0.09210553,0.00028465,0.00525403,0.00047129,0.01069854,0.00020861,0.00148705,0.02049395,0.00016354,0.02046065,0.00202993,0.00319774,-5085201.999998228,-1.7144041959567278,0.8398033827100516,-0.1380124863968101,-0.1662949840913425,2
1018678,1018678,CC=C(N)NCc1cc(N(C)C)ccc1NC(=O)c1cc(CCC)[nH]n1,2.546,2.942,3.248,3.553,3.71,3.8,4.02,4.102,4.204,4.549,4.716,4.753,4.917,4.943,4.985,5.072,5.183,5.199,5.27,5.431,5.558,5.596,5.686,5.687,5.77,5.823,5.91,5.976,6.019,6.037,6.091,6.162,6.176,6.186,6.217,6.278,6.303,6.307,6.354,6.367,6.427,6.507,6.518,6.541,6.672,6.698,6.766,6.79,6.83,6.855,0.00051852,0.00247994,0.1711572,0.00048792,0.00019173,0.03826856,0.0014449,7.067e-05,0.1163376,0.00154699,6.638e-05,0.1867787,0.01082836,0.00820283,0.13025588,0.01433416,5.184e-05,0.01721431,0.00815976,0.00820683,0.01217418,0.16880567,0.00057834,0.02788077,0.00132107,0.00130302,0.00214437,0.05648371,0.24187334,0.05512604,0.02644249,0.0003226,0.01504129,0.07937894,0.00613711,0.04580228,0.01363379,0.00533284,0.06466145,0.00066247,0.38669576,0.12747174,0.05780365,0.08606056,0.00242344,0.00236431,0.01006451,0.02792521,0.00115189,0.00350096,-4226838.999998524,1.045729019785082,1.6316275443332724,-0.3286741364878435,0.080316853961046,2
10429963,10429963,O=C(CSc1nc2ccccc2[nH]1)Nc1nc(-c2ccccc2)cs1,3.312,3.774,3.793,3.944,4.056,4.161,4.292,4.303,4.338,4.416,4.448,4.475,4.488,4.547,4.564,4.625,4.687,4.699,4.703,4.754,4.895,4.934,4.963,5.008,5.034,5.035,5.043,5.178,5.199,5.245,5.249,5.337,5.345,5.374,5.377,5.396,5.407,5.435,5.448,5.46,5.462,5.464,5.552,5.577,5.613,5.654,5.672,5.696,5.725,5.733,0.00017291,0.00251807,0.00642133,0.09523469,0.00087635,0.05616851,0.00517865,0.00220179,0.00024203,0.00030794,0.00613029,0.01263823,0.16358985,0.03676226,0.06032336,0.02459851,0.04163578,0.18077385,0.23229953,0.00719107,0.00447796,0.04273636,6.224e-05,0.00023394,0.00151796,0.00216373,8.844e-05,0.01594281,0.01659064,7.48e-06,0.00028048,0.0062684,0.02909221,0.00590097,0.00502443,0.00347676,0.00224089,8.752e-05,0.00773156,0.00139456,0.01023013,0.00923194,0.0014817,0.00055588,0.06223286,0.00016538,0.10612589,0.04276064,0.00118548,0.03889149,5184445.999998192,-3.291841425626514,-1.409087505958234,-0.0519952138560324,-0.101645070630816,1
3119297,3119297,COc1ccc(Oc2ncccc2CNC(=O)c2csc(-c3cn(C)n3C)n2)cc1,2.905,2.953,3.28,3.433,3.454,3.482,3.49,3.575,3.643,3.726,3.788,3.864,3.931,3.985,4.026,4.03,4.054,4.077,4.102,4.126,4.251,4.26,4.273,4.277,4.459,4.487,4.517,4.588,4.615,4.619,4.645,4.73,4.788,4.798,4.812,4.865,4.896,4.953,4.972,4.984,5.008,5.042,5.049,5.107,5.124,5.135,5.178,5.196,5.212,5.22,0.00021106,4.584e-05,0.00260815,0.02775123,0.10798152,0.00180257,0.00963777,0.00390352,0.00028645,0.00297168,0.08777319,0.0062802,0.02389749,0.00927858,0.00145551,0.00104951,0.00250931,0.09105519,0.05863571,0.0546821,0.00017704,0.01180757,0.0032989,0.00269423,2.424e-05,0.00368792,0.00907937,0.00183178,0.00054007,0.00870921,0.07493508,0.00774523,0.00428418,0.00943888,0.05893954,0.00230423,0.00134698,0.0002354,0.0545416,0.00025199,0.00299162,0.06142708,0.04779823,0.00125957,0.04607553,0.02190718,0.01266134,0.00042545,0.08082854,0.00173493,-2126219.999999256,-7.298782954047878,-0.5573094023237817,0.2847553727502082,-0.0963088952823762,0
6271711,6271711,CCc1nc(-c2ccccc2)c(NS(=O)(=O)Cc2ccc(COC)cc2C)s1,3.418,3.654,3.702,3.748,3.895,4.061,4.086,4.185,4.275,4.299,4.351,4.432,4.488,4.492,4.556,4.672,4.697,4.766,4.785,4.791,4.81,4.919,4.94,5.019,5.042,5.053,5.066,5.085,5.091,5.178,5.202,5.22,5.223,5.239,5.247,5.282,5.302,5.324,5.394,5.404,5.419,5.428,5.448,5.472,5.519,5.53,5.544,5.592,5.633,5.655,0.22064181,0.0032836,0.08611714,0.00033995,0.01103768,0.00183228,0.00120461,0.06417084,0.00205627,0.08723634,0.00254948,0.00307679,0.00202421,0.00254411,0.00026677,0.05176986,0.00294798,5.953e-05,0.01427862,0.00010896,0.02901697,0.00057862,0.00230946,0.00312452,0.00265094,0.01715532,0.0004909,0.00065803,0.00033081,7.107e-05,0.00237785,0.00241013,0.00752411,0.0165616,0.00204195,0.00944794,0.03569082,0.01722801,0.01370906,0.00253557,7.818e-05,0.00300498,0.00093484,0.00024111,0.00328111,0.00177943,0.00067539,0.00392805,0.00163266,0.00053609,1026193.9999996428,-3.752446720671194,-1.3522898070493117,-0.2420362094751071,0.1515461273404351,3
7891697,7891697,CNC(=NCCN1CCOCC1)NCCc1ccc(C(=O)N(C)C2CCOCC2)cc1,2.466,2.715,3.048,3.294,3.413,3.519,3.626,3.662,3.746,3.868,3.875,3.981,4.029,4.124,4.148,4.227,4.486,4.778,4.949,5.027,5.063,5.066,5.203,5.204,5.252,5.388,5.433,5.514,5.579,5.615,5.638,5.653,5.662,5.797,5.828,5.835,5.863,5.896,5.903,5.935,5.963,5.999,6.045,6.072,6.085,6.127,6.139,6.189,6.213,6.248,0.00013565,3.5e-07,0.00321531,1.913e-05,0.00017229,0.00710508,0.00028077,4e-07,0.00064172,1.85e-06,9.83e-06,0.00656003,0.01029169,5.9e-07,0.00018876,0.00014229,3.15e-05,6.448e-05,0.00491328,6.83e-06,0.00061713,0.0003767,0.01094595,0.00347555,0.19481651,5.767e-05,2.309e-05,0.00507239,1.599e-05,0.00039973,0.00013379,0.00236636,0.00182906,8.782e-05,2.487e-05,0.00385188,0.00046035,1.52e-06,0.00060165,0.00467014,0.01669423,0.0005663,0.00170149,0.01908085,0.00746773,0.05118547,0.00101753,0.00617464,0.0001913,0.00773642,2646179.999999078,-2.483346872170962,1.762437123392545,0.39424407615507,0.4666790273680225,3
2922479,2922479,CC(=O)Nc1ccc(Oc2ccc(C(=O)N3CC(n4cc(C(N)=O)nn4)C3)cc2)cc1,3.342,3.432,3.607,3.683,3.731,3.747,3.822,3.835,3.881,3.907,3.924,3.986,4.095,4.172,4.234,4.261,4.296,4.33,4.369,4.37,4.397,4.399,4.46,4.51,4.55,4.596,4.599,4.635,4.706,4.712,4.719,4.766,4.771,4.792,4.823,4.857,4.881,4.89,4.909,4.912,4.967,4.984,5.032,5.1,5.145,5.205,5.209,5.224,5.241,5.254,1.014e-05,4e-07,3.4e-07,0.09074397,0.00435857,0.00053705,0.0002598,0.00032755,3.4e-07,2.258e-05,7.62e-06,0.00020632,0.00051669,5.609e-05,0.02651846,0.00355093,0.00113746,2.39e-06,0.004998,3.001e-05,0.00205164,1.3e-06,0.00053213,0.13131875,0.35234984,1.404e-05,0.0049484,3.504e-05,0.00100598,0.0046843,0.00029699,0.00173498,0.01323696,1.309e-05,2e-08,6.933e-05,0.01624041,0.00057193,0.00010205,0.0419865,1.819e-05,0.00023224,1.345e-05,0.13523917,0.01395152,0.01756648,0.0014148,0.00035369,2.833e-05,6.96e-06,-2323037.9999991874,-6.5367925180126045,-1.4989109323993384,0.1259503161907669,0.0609823064592419,0
4181287,4181287,COC(=O)c1ccc(S(=O)(=O)Nc2n[nH]c(C)c2-c2cccc(N3CCCC3)c2)c(OC)c1F,1.904,2.153,2.804,2.925,3.129,3.223,3.415,3.752,3.79,3.821,3.99,4.036,4.057,4.17,4.24,4.294,4.324,4.425,4.434,4.479,4.525,4.558,4.604,4.654,4.704,4.732,4.757,4.766,4.871,4.9,4.922,5.006,5.009,5.049,5.057,5.067,5.117,5.225,5.257,5.322,5.326,5.33,5.371,5.39,5.411,5.432,5.445,5.48,5.49,5.511,2.125e-05,0.01803207,0.00131962,3.6e-06,0.00021853,0.00289344,0.00140065,0.00148283,0.05339417,0.00080815,0.00046943,0.0005037,0.00165185,0.03939528,4.69e-06,0.0065116,0.05353705,0.0012318,0.00031767,0.00953545,0.00782143,0.00370294,0.00309926,0.01579218,0.0030919,0.00245363,0.00221571,0.00017674,0.01129428,0.00471666,0.00624704,0.0008805,0.014938,0.16639546,0.00091262,0.07987121,0.05760977,0.03318111,0.00256214,0.02117184,0.00043988,0.00139862,0.05433065,0.00067059,0.0014299,0.04423277,0.00308395,0.00876303,0.00028971,0.02207701,-1064229.9999996289,-5.989940517640328,0.9864612161821,-0.7276546280185793,-0.3708457090232979,4
5579732,5579732,CCOc1ccc(NC(=O)CN2c3ccccc3CCC2(C)C)cc1OCC,3.391,3.628,4.069,4.139,4.215,4.452,4.538,4.616,4.708,4.779,4.792,4.83,4.878,5.012,5.036,5.123,5.146,5.212,5.299,5.417,5.449,5.536,5.589,5.658,5.695,5.871,5.89,5.912,6.005,6.022,6.079,6.097,6.111,6.161,6.217,6.218,6.247,6.267,6.286,6.314,6.322,6.421,6.441,6.445,6.489,6.494,6.552,6.584,6.641,6.656,0.0072969,0.002792,0.03039446,0.17032689,0.00247362,0.0841044,0.01837792,0.02478149,0.14396867,0.00083969,0.00475398,0.01120402,0.00760046,0.00658431,0.00120559,0.00545633,0.02837447,0.07421455,0.00034708,0.0714018,0.18630829,0.03732854,0.06865491,0.00141081,0.00803542,0.00026656,0.00703666,0.02135012,0.00968262,0.01321925,0.01223593,0.12003143,0.04312437,0.26170423,0.00459591,0.00844251,0.00051001,0.00440153,0.000906,0.02078813,0.00739891,0.00241203,0.00097871,0.03936416,0.03180277,0.00808638,0.00173578,0.05826869,0.01710456,0.08256025,334214.9999998824,1.3108388423498354,-0.2431226275910321,0.1223137791706498,-0.0194116700099554,4
7773041,7773041,O=C(NCc1cc(=O)[nH][nH]1)Nc1ccc(-c2ncn(C(F)(F)F)n2)cc1,2.642,2.782,3.198,3.338,3.564,3.704,3.731,4.056,4.228,4.484,4.582,4.611,4.666,4.677,4.735,4.775,4.819,4.855,4.903,4.977,5.136,5.2,5.279,5.366,5.397,5.459,5.585,5.616,5.703,5.718,5.747,5.747,5.757,5.819,5.824,5.887,5.911,5.947,5.981,6.062,6.073,6.078,6.091,6.145,6.147,6.214,6.27,6.303,6.348,6.352,0.00021858,0.0004541,1.04e-06,5.13e-06,0.00015375,9.192e-05,0.00046757,0.00197289,0.56729298,0.02038234,0.06955375,5.89e-06,0.0052961,0.01323806,0.08844809,0.07631269,0.0027379,0.00436577,0.00014885,5.817e-05,0.00020889,0.00077091,0.02597311,0.00208095,0.03713332,3.228e-05,0.0031229,0.00462948,0.00942199,0.00574067,8.63e-05,0.00066949,0.00772593,0.02799943,5.55e-06,0.00023115,0.01845581,0.01971423,5.387e-05,0.07544111,0.06907291,0.00306354,0.00388912,0.01536247,0.00123756,0.42237256,0.00031422,0.0004,0.06521022,0.00519382,2527523.999999118,-1.2806174877865022,1.0901899555872712,-0.3433040154398453,-0.0557364287831064,3
3791749,3791749,Cc1ccc(COCC(=O)Nc2[nH]nnc2C(=O)NC2CCCC2)o1,3.693,4.05,4.241,4.364,4.512,4.525,4.598,4.777,5.041,5.061,5.079,5.1,5.106,5.163,5.214,5.264,5.346,5.347,5.603,5.634,5.692,5.696,5.894,5.916,5.939,5.988,5.989,6.019,6.078,6.128,6.152,6.241,6.332,6.365,6.38,6.476,6.502,6.504,6.516,6.568,6.573,6.604,6.653,6.672,6.689,6.697,6.717,6.793,6.804,6.81,0.00051433,0.00068167,0.00013997,0.00553805,0.00396735,3.986e-05,0.00012087,0.32055589,0.00639156,0.00047751,0.01456616,0.00087938,0.00477258,0.00160685,0.04875821,0.001514,0.00016109,0.0021758,0.03467741,9.027e-05,0.19295818,0.00221626,0.00080141,0.06576834,0.0057001,0.00160277,0.02031814,0.01636906,0.00039648,0.06485165,0.03345975,0.00055573,0.00042136,0.0016381,0.00341878,0.00076738,0.00458029,4.581e-05,0.00693786,0.00021435,0.00316706,0.0554047,0.00037621,7.93e-05,0.0120997,0.01664246,0.00125725,0.00153902,3.064e-05,5.484e-05,-1453767.999999493,2.712938787477927,-0.5846658872409254,0.1800688623568254,0.015713780773267,0
4717503,4717503,CC(C)(C)C(=O)c1ccc(S(=O)(=O)NCc2cccc(NNC(=O)c3ccncc3)c2)cc1,2.938,2.942,2.981,2.999,3.308,3.329,3.442,3.5,3.653,3.687,3.705,3.737,3.947,3.975,3.997,4.033,4.044,4.096,4.117,4.187,4.198,4.237,4.265,4.339,4.387,4.427,4.461,4.473,4.481,4.519,4.557,4.575,4.636,4.69,4.718,4.731,4.742,4.786,4.799,4.818,4.828,4.833,4.866,4.874,4.881,4.902,4.915,4.94,4.942,4.949,0.00016979,2.367e-05,0.00051288,0.02820242,0.00023596,1.6e-06,4.998e-05,0.00657076,0.00045857,0.00014712,0.00098617,3.6e-06,0.00016551,7.9e-07,8.559e-05,0.00555216,3.28e-06,0.00012338,5.467e-05,3.337e-05,1.36e-05,6e-07,0.01032022,0.00087197,0.00994806,0.01045484,0.00157528,0.00057634,9.653e-05,0.00028287,0.00021281,3.09e-06,1.639e-05,2.6e-06,0.00105008,0.00015175,3.86e-06,0.00012534,0.04368047,0.00014653,0.00119058,0.00061816,0.00196097,0.00763882,0.00797444,0.02365973,0.04327045,0.00646716,0.00402435,0.12706627,-528013.9999998114,-8.11512701514451,-0.6384386405553373,-0.1808982345642752,0.1861835692431229,4
7035613,7035613,O=C1SC(=CC2CCN(c3ccccn3)CC2)C(=O)N1c1cccc(C(F)(F)F)c1,2.129,2.839,2.893,3.014,3.366,3.603,3.725,3.793,3.83,3.871,4.025,4.043,4.133,4.16,4.186,4.251,4.32,4.398,4.473,4.557,4.578,4.643,4.679,4.705,4.707,4.779,4.791,4.855,4.896,4.912,4.95,4.968,5.004,5.017,5.038,5.1,5.142,5.227,5.271,5.33,5.402,5.408,5.427,5.456,5.459,5.507,5.554,5.58,5.585,5.611,7.116e-05,0.00082737,1.473e-05,4.977e-05,0.00017714,1.5e-07,2.3e-06,0.00014689,0.01125843,0.01122631,0.03249159,0.1910065,0.0025193,0.02463104,1.707e-05,0.00048025,0.02306075,6.176e-05,0.07532195,1.218e-05,0.00035324,0.00534047,4.695e-05,0.00837803,0.00402813,0.00638149,4.082e-05,0.00974994,3.084e-05,9.694e-05,0.00884798,0.18832646,0.09159246,0.06278332,0.05336897,0.00011179,0.05783713,0.00448692,0.00036103,0.00064043,0.0001421,0.01516352,0.00711136,0.00144148,0.00359038,5.618e-05,0.00986058,0.00117081,0.00045402,0.00815038,1790095.9999993758,-5.55449162342838,0.4646256785041995,-0.3614162122983032,-0.389255264541212,3
2745209,2745209,O=CSC(NCCCNC(=O)c1ccccc1)C(=O)N1CCOCC1,3.234,3.326,3.639,3.938,3.943,3.944,4.09,4.098,4.138,4.233,4.255,4.395,4.504,4.533,4.561,4.638,4.643,4.703,4.743,4.878,4.915,4.972,5.038,5.04,5.062,5.068,5.074,5.171,5.223,5.317,5.337,5.387,5.433,5.48,5.492,5.595,5.655,5.765,5.771,5.788,5.867,5.869,5.915,5.961,5.971,6.023,6.059,6.079,6.164,6.202,0.00026393,4.219e-05,0.00024192,0.0002406,0.00161827,0.00157572,0.00904488,0.00222521,0.00664156,0.00336951,0.00076155,2.885e-05,0.00034712,4.108e-05,0.00090022,0.00974612,0.00035584,0.00117793,0.00021673,6.472e-05,2.484e-05,0.00031815,0.00169737,0.00026134,0.00089156,0.00045168,0.00564502,0.04013401,0.00642399,0.11386538,0.00617018,0.00032742,0.02134694,0.00025694,0.00054158,0.00010557,0.00016965,0.0011658,0.00049212,0.00495793,0.00051966,0.00131865,0.0009913,0.00106333,0.00156158,0.00279371,0.01176115,0.01593496,0.03686384,0.01256256,-2500307.9999991264,-2.518885308920133,-0.2696375833994384,0.4687810711326535,-0.2635994235050999,0
120260,120260,Cc1ccc(CC(=O)NOCc2nnc(C3CC3)s2)c(F)c1,3.185,3.426,3.55,3.752,3.89,4.1,4.39,4.467,4.758,4.849,4.867,4.916,4.964,5.01,5.077,5.127,5.154,5.238,5.266,5.345,5.371,5.374,5.45,5.48,5.564,5.608,5.634,5.656,5.746,5.758,5.797,5.897,5.98,6.023,6.058,6.121,6.149,6.156,6.191,6.201,6.264,6.288,6.321,6.354,6.418,6.426,6.457,6.463,6.49,6.51,0.0002585,0.00299168,0.01952094,0.01634799,0.01154538,0.00241193,6.565e-05,0.00105292,0.00020094,0.00115331,0.00113274,0.00015397,0.00077453,0.02454086,0.14606746,0.00105209,0.00268486,0.00067194,0.00015626,0.00179844,0.00188801,0.00313319,0.02698182,0.021112,0.00092047,0.00293554,0.00011511,0.00026591,0.00098087,0.00043699,0.00096399,0.00011988,0.00824345,0.00040564,0.00029226,0.00012396,0.00063527,0.00010942,0.00055634,0.00170016,0.00394449,0.16902782,0.08026812,0.09085679,0.00425062,0.00238603,0.03476531,0.03730638,0.08712123,0.22017288,-5125256.999998212,0.435524152855569,0.0641288936612045,-0.329265947794894,-0.2683578005007458,2
8424734,8424734,Cc1ccc(CSCCNCc2cccc(Cn3c(O)c4n(c3=O)CCCC4)c2)nn1,2.438,2.704,2.769,2.901,3.278,3.462,3.549,3.61,3.675,3.727,3.741,3.794,3.888,3.926,3.953,4.052,4.14,4.15,4.22,4.357,4.616,4.835,4.837,4.898,4.903,4.948,4.97,4.988,5.016,5.08,5.13,5.154,5.159,5.19,5.234,5.297,5.365,5.379,5.381,5.43,5.446,5.486,5.511,5.555,5.561,5.596,5.674,5.737,5.74,5.808,4.3e-07,0.00067543,2.503e-05,1.41e-06,4.181e-05,5.96e-06,0.00382072,3.461e-05,7.319e-05,2.188e-05,2.687e-05,3.9e-06,0.00028977,0.00017614,0.00123347,0.01551992,0.00235227,0.00036838,0.00192893,0.0033896,8.395e-05,0.00012987,0.0008224,0.00104647,1.548e-05,0.0071642,0.00021467,0.00138845,0.01759212,0.00021852,0.00239781,0.0005589,1.57e-06,0.00030881,0.00018488,6.725e-05,6.884e-05,0.16800552,0.00120714,0.00347472,2.409e-05,0.07904099,0.03249132,0.00508073,0.01052446,0.0091915,0.00046413,0.00078613,0.00017822,0.00393156,3179216.999998891,-5.30695580851149,1.112459628499444,0.2767117598740242,0.0844862668968707,1
1915273,1915273,CON(C)N1C(=O)C(=O)N(CN2CCC(C3CCOCC3)CC2)C1=O,2.585,2.614,2.755,3.401,3.71,3.779,3.805,4.208,4.252,4.498,4.637,4.684,4.823,4.963,4.971,5.178,5.395,5.553,5.637,5.694,5.717,5.745,5.747,5.888,5.974,6.141,6.17,6.239,6.297,6.313,6.358,6.439,6.496,6.536,6.62,6.821,6.846,6.866,6.913,6.938,6.957,6.964,7.076,7.135,7.164,7.263,7.313,7.343,7.346,7.362,0.00014606,4.141e-05,0.00025399,4.546e-05,0.00042878,0.00033115,4.36e-06,0.0011925,0.00039249,0.00657073,0.00959966,0.00037374,0.00490673,0.00265918,0.14587834,0.00658961,0.00112426,0.00019565,0.00178546,0.00459823,0.00057451,0.00195828,0.00172664,0.00024361,0.00096165,0.00058058,0.0001906,3.31e-06,0.00399822,0.00017812,0.00425476,0.01102009,0.00416019,0.00054606,0.0024026,0.00075801,0.00369963,0.00622591,0.0007522,5.041e-05,0.00056497,0.00394993,0.00451786,0.03752535,0.00257485,0.00108818,0.00282444,0.00399877,0.02178351,6.258e-05,-3330243.999998837,2.945519384834929,3.0150546985062,0.1074680030440338,0.0371411961162975,2
1974287,1974287,CC(C)Nc1nn(OCCN(CCc2ccccc2)Cc2ccncc2)c(=S)n1C1CC1,2.807,2.869,2.98,3.042,3.274,3.309,3.336,3.371,3.806,3.977,4.054,4.28,4.333,4.41,4.461,4.475,4.567,4.582,4.644,4.647,4.816,4.831,4.877,4.891,4.912,4.941,4.976,4.989,5.064,5.142,5.238,5.284,5.366,5.395,5.555,5.579,5.598,5.615,5.647,5.652,5.659,5.681,5.701,5.811,5.828,5.847,5.855,5.887,5.912,5.925,1.068e-05,2.143e-05,5.7e-07,1.2e-07,2.2e-07,3.681e-05,6e-08,8e-08,0.00074514,0.00042929,1.467e-05,0.00045689,0.0175733,2.134e-05,3.564e-05,7.08e-05,0.0313929,8.1e-07,0.00031898,1.95e-06,0.00019098,0.2553332,5.3e-07,4.851e-05,1.943e-05,4.4e-07,1.91e-06,0.00020309,1.205e-05,0.00463139,0.00224104,0.00209786,0.00632072,0.00017396,0.00153539,0.01507125,0.00346897,0.00187316,0.00077484,0.00053272,5.377e-05,4.14e-05,0.00032982,0.00487574,0.00019131,0.0005437,0.0003897,0.00031273,0.05767897,0.00410025,-3271229.9999988573,-3.97747363056289,0.9931679496252424,0.0341044737665102,0.2320404410230096,2
6278573,6278573,O=C(CN1CCC=C(N2CCCCC2)C1)N(Cc1ccccc1F)CC1CC1,2.359,2.749,2.898,3.287,3.383,3.77,3.772,4.157,4.323,4.694,4.867,5.036,5.085,5.151,5.299,5.346,5.349,5.402,5.509,5.589,5.612,5.636,5.692,5.696,5.707,5.741,5.793,5.834,5.954,5.975,6.002,6.018,6.048,6.081,6.084,6.222,6.288,6.32,6.337,6.34,6.399,6.437,6.449,6.459,6.461,6.483,6.524,6.619,6.648,6.66,1.294e-05,9.6e-07,0.00196768,0.00166447,0.00158152,0.00068607,0.00256715,0.00125288,0.00020046,1.179e-05,0.00065695,0.03743818,0.00022683,0.00074436,0.00046896,0.00026037,0.00010869,0.00014415,0.01217933,0.00062918,8.114e-05,0.00112303,0.00170246,0.00168754,0.31909139,0.00097616,0.00017827,0.00045328,0.00116428,0.00107839,0.00041925,0.0005083,4.971e-05,9.924e-05,0.00039774,0.00280734,2.708e-05,0.02276532,0.01577606,0.00011222,0.0078213,0.00795005,0.04076744,0.13961455,0.14808519,0.11174456,0.12660384,0.0215495,0.03451352,0.00315042,1033055.9999996396,0.7997640007390204,1.651161125038364,-1.255758430444544,0.0651228171971986,3
10403526,10403526,C=CCOCCCC(=O)N1CCC(OC2CCC(F)CC2)CC1,4.519,4.716,4.898,5.281,5.323,5.49,6.009,6.075,6.359,6.569,6.678,6.719,6.732,6.779,6.789,6.81,7.03,7.07,7.16,7.242,7.292,7.373,7.431,7.473,7.478,7.512,7.579,7.605,7.72,7.812,7.863,7.876,8.039,8.062,8.08,8.094,8.199,8.201,8.232,8.27,8.283,8.329,8.405,8.466,8.525,8.558,8.614,8.715,8.814,8.868,0.00016704,0.00581399,9.06e-06,8.3e-07,0.00029158,0.00048624,0.00672272,0.00031295,1.04e-06,6.07e-06,0.00012598,0.04052011,0.17276965,0.08436056,0.00011466,0.0442035,0.00028033,0.0091023,0.00125151,0.10597174,0.01983731,0.00292743,0.00264221,0.00728313,0.00044444,0.07849477,0.00114291,0.0021534,0.01640362,0.01396516,0.0047485,0.00072673,0.0002815,0.0153447,0.00228462,0.0051262,0.00311981,0.0037566,0.00012696,0.00112601,0.00221188,0.00045572,1.41e-06,0.00774077,6.696e-05,0.02582458,0.01888582,0.02636245,0.00025574,0.00210662,5158008.9999982,13.906222379097644,-0.1599832968061875,-0.4013559344848896,-0.2441152456181653,1
10489883,10489883,CCn1nc(C)c(=O)c(C(=O)OCC(=O)N(C)C2CCC(C)CC2)c1C,2.84,3.058,3.16,3.378,3.481,3.748,3.804,3.909,4.074,4.682,4.803,4.809,4.92,5.022,5.084,5.126,5.38,5.427,5.429,5.498,5.515,5.582,5.592,5.704,5.75,5.752,5.837,5.841,5.905,5.915,5.935,5.997,6.103,6.212,6.239,6.244,6.286,6.295,6.336,6.426,6.488,6.562,6.563,6.594,6.617,6.66,6.707,6.753,6.79,6.832,0.00071767,0.0020731,0.00020062,0.00032488,9.514e-05,0.00974726,9.83e-06,0.08450322,0.00260186,0.13509254,0.00316129,0.01436333,0.00837576,0.00014303,0.0007057,0.00500858,0.00028426,0.00084483,0.00024451,0.00134991,5.789e-05,3.552e-05,0.00403326,0.00049157,0.00718678,0.00257206,0.00035915,0.02721212,6.074e-05,0.00772054,0.00538964,0.06206388,0.00011612,0.14811619,0.03126982,0.01080177,0.08747739,0.0310356,0.02951111,0.00049866,0.27058298,0.00147128,0.02134858,0.08232668,0.00218855,0.00370781,0.03801803,0.01820175,0.01539101,0.04611304,5244365.999998173,0.9605410760969644,1.5921928506855283,-0.4129448286239484,0.2933908767181154,1
8697922,8697922,CC(C)(C)OC(=O)CSCC(=O)Nc1c(F)cccc1N1CCCC1n1cccn1,3.752,3.815,4.1,4.134,4.333,4.398,4.59,4.674,4.697,4.703,4.745,4.776,4.782,4.914,4.929,4.954,4.962,5.04,5.049,5.093,5.286,5.321,5.34,5.357,5.39,5.464,5.525,5.624,5.684,5.697,5.717,5.724,5.812,5.853,5.882,5.897,5.9,5.921,5.941,6.018,6.08,6.111,6.122,6.131,6.134,6.158,6.225,6.226,6.246,6.289,0.00018731,0.00830618,0.00027514,0.00621965,0.04461616,0.04480585,0.01622698,0.0583326,0.01063161,0.00155457,0.08612068,0.00015236,3.446e-05,0.00018227,0.00251288,4.525e-05,0.00171015,0.00025214,0.000791,0.00076685,0.00154783,0.0024371,0.00147148,0.0982633,0.00052632,4.95e-06,2.051e-05,2.308e-05,0.0173887,0.03063296,0.00010804,2.009e-05,1.387e-05,0.00245823,0.13214363,0.00020892,0.02094668,0.00150981,0.05102833,0.00752319,0.09679042,0.00014716,0.00037487,0.00040552,0.00187651,0.00129209,0.00108214,0.00122758,0.00745494,0.00017853,3452404.9999987944,-0.3083423956925741,-1.165300606306523,0.2026052093697255,-0.1338752903740164,1
6809151,6809151,O=C(C1C=NC(=S)N1c1ccccc1)N1CCC(Cc2cccc(C3CC3)c2)CC1,2.023,2.914,2.956,3.082,3.277,3.319,3.525,3.657,3.848,3.876,3.91,3.917,3.964,4.148,4.164,4.175,4.21,4.244,4.334,4.451,4.487,4.515,4.519,4.556,4.594,4.654,4.695,4.722,4.727,4.786,4.815,4.825,4.87,4.9,4.947,4.958,4.981,5.011,5.013,5.032,5.062,5.07,5.114,5.168,5.202,5.222,5.33,5.335,5.361,5.425,0.00039757,0.12622179,0.00020337,0.00098451,0.03336073,2.849e-05,0.00592026,0.0002706,0.0002361,7e-08,0.00052304,0.0576023,0.00764859,0.00869775,0.04783936,0.05786889,1.642e-05,0.00047737,3.966e-05,1.981e-05,0.0026297,0.00018518,1.168e-05,0.00050388,0.00041761,0.00162288,0.00043999,0.00532705,0.00452221,0.00053089,5.35e-06,0.02541268,0.0189331,0.00137003,0.00532578,0.00019647,0.00368024,0.00227126,8.715e-05,0.00462715,0.00185535,0.00111025,0.00721871,0.00056984,0.00039169,0.00576235,0.04298635,0.08195261,0.01743784,0.01307066,1563633.9999994566,-6.642713573593546,0.167121464981386,-0.5281573660432067,-0.2156742388505815,3
1708788,1708788,Cc1ccc(C(F)(F)F)c(NC(=O)NCC2(CS(=O)(=O)CN)CC2)c1,3.802,4.217,4.321,4.431,4.861,4.93,5.027,5.347,5.374,5.701,5.741,5.747,5.789,5.829,5.967,6.008,6.131,6.162,6.208,6.217,6.331,6.354,6.367,6.419,6.448,6.556,6.611,6.628,6.681,6.787,6.801,6.931,6.963,6.971,7.081,7.18,7.232,7.303,7.308,7.34,7.369,7.424,7.451,7.48,7.492,7.576,7.593,7.612,7.627,7.696,7.556e-05,0.00033957,0.00328728,0.04371237,0.01539457,2.435e-05,0.20603379,0.00014578,1.3e-06,0.0109853,0.02469964,6.571e-05,0.01119592,0.60340561,0.01205612,0.00103673,0.00233576,1.974e-05,0.00311372,0.00381209,0.00143836,0.0218526,0.00808874,0.00093763,0.09345355,0.00045202,0.03048176,0.00249237,0.06169727,0.00190843,0.01898722,0.00260721,0.00273104,0.00019013,0.01339067,0.01093169,0.04176366,0.00075558,0.00236029,0.00020747,0.00039415,0.00887259,0.00514144,0.00165635,0.003118,0.00107078,0.0061312,0.05493018,0.0001146,0.11591917,-3536728.999998768,7.268071655451131,-0.0195383925808621,-0.1291073596047278,-0.3132038255598409,2
8440826,8440826,O=C(CNCC1(N2CCSCC2)CC1)Nc1nnc(-c2ccco2)o1,3.351,3.911,4.074,4.119,4.194,4.571,4.634,4.896,4.918,4.933,5.24,5.291,5.328,5.419,5.531,5.544,5.619,5.656,5.743,5.851,5.896,5.902,5.93,5.976,6.052,6.069,6.134,6.142,6.15,6.158,6.267,6.269,6.399,6.459,6.53,6.536,6.595,6.62,6.651,6.672,6.74,6.819,6.836,6.872,6.874,6.876,6.895,6.978,6.996,7.007,6.39e-06,1.361e-05,0.00559198,0.45517908,0.00024159,0.07138091,3.11e-06,0.00011869,1.752e-05,0.00072951,0.06136037,4.446e-05,4.703e-05,1.85e-05,0.02054684,7.107e-05,0.0004484,0.00469647,0.03368779,1.708e-05,0.0536902,0.00191769,0.00159883,6.96e-05,5.746e-05,1.448e-05,5.374e-05,7.232e-05,0.00023598,0.01444874,4.299e-05,0.00139717,0.0218614,0.00084521,2.525e-05,3.62e-06,8.8e-07,0.00049687,0.01717812,0.0973879,8.487e-05,4.081e-05,0.00011598,0.00072893,4.113e-05,6.22e-05,1.19e-06,3.867e-05,4.93e-05,0.01606571,3195308.999998883,3.509244409114444,-0.0290595248509589,-0.3154722641237995,-0.0809631131997636,1
9932801,9932801,CN=C(NCCc1nccnc1C)NCc1cccc(Oc2ccccc2F)c1,3.011,3.311,3.44,3.499,3.542,3.626,3.673,3.807,3.885,3.923,3.93,3.98,4.028,4.072,4.098,4.122,4.197,4.289,4.295,4.299,4.349,4.367,4.374,4.499,4.513,4.541,4.6,4.607,4.671,4.7,4.718,4.816,4.861,4.873,4.896,4.958,4.99,5.074,5.091,5.119,5.127,5.202,5.206,5.24,5.283,5.337,5.385,5.458,5.459,5.478,0.00322158,0.00074981,0.00606742,1.353e-05,0.00692107,0.00030745,0.00027946,0.00017383,0.00743099,1.878e-05,0.00057358,3.047e-05,0.0043269,0.01456787,0.00142992,0.00010609,0.00015318,0.00462523,4.601e-05,0.0035119,0.00057057,0.00729694,0.01468353,0.02315826,0.00463769,0.00031801,0.00279233,0.00937184,0.00238791,0.00082818,0.00284746,0.05622365,0.00220241,0.00148753,0.00186171,0.00744952,0.00932601,0.01553108,0.08257475,0.00150045,0.00446353,0.00199523,0.0013071,0.02575678,9.605e-05,0.00541199,0.0064412,0.0132604,0.01232948,0.01390023,4687283.999998366,-6.345604471316486,-0.7599338142372691,0.386743182190104,-0.2570040946775556,1
4494828,4494828,CCc1ccc(-c2csc(CCS(=O)(=O)Cc3ccc(C)cn3)n2)cc1,4.03,4.05,4.191,4.215,4.26,4.395,4.508,4.527,4.566,4.609,4.64,4.673,4.738,4.754,4.796,4.811,4.865,4.898,4.912,4.916,4.935,5.012,5.021,5.077,5.126,5.131,5.144,5.162,5.221,5.223,5.24,5.247,5.273,5.278,5.337,5.344,5.353,5.364,5.369,5.455,5.461,5.488,5.502,5.514,5.518,5.573,5.613,5.628,5.717,5.774,0.00076498,0.00043591,0.00054604,0.13697238,0.00259056,0.00357822,0.00266727,0.00383696,0.0779867,0.00610491,0.00245195,0.02533084,7.51e-05,8.873e-05,0.00035861,0.00714783,0.00040548,0.00015599,0.01628278,0.02714402,0.004195,0.005402,0.17217492,0.01407792,0.00159402,0.00317378,0.00087193,0.02991372,0.00088866,6.562e-05,0.00356456,0.00297238,0.00946964,0.08487975,0.00144893,0.00243043,0.00027449,0.00084483,2.244e-05,0.02713767,0.05022546,0.00072745,1.99e-06,0.00634942,0.0003739,0.00030593,0.0002349,0.02512718,0.00258458,0.00116237,-750688.9999997373,-2.7952153811638336,-2.4817979662699665,-0.1541600041173018,0.0362181442205063,4
10211605,10211605,CC1=CN=C(NCCCS(N)(=O)=O)C(C(=O)Nc2cnn(C)c2C)=C(C)O1,2.951,3.418,3.516,3.978,4.138,4.248,4.253,4.318,4.548,4.706,4.777,4.889,4.984,5.033,5.078,5.096,5.107,5.265,5.272,5.293,5.426,5.455,5.501,5.529,5.549,5.622,5.673,5.713,5.73,5.734,5.784,5.809,5.854,5.972,6.025,6.176,6.186,6.199,6.203,6.277,6.312,6.317,6.336,6.431,6.491,6.534,6.566,6.591,6.605,6.606,0.01871277,0.00585347,0.00367814,0.00126869,0.00337967,0.00013069,0.00050635,6.182e-05,0.04175366,0.01446111,0.00020201,2.263e-05,0.00026673,0.05477833,0.03191288,0.02609463,0.17168515,0.03960072,0.02497792,0.01169392,0.00268323,0.09908844,0.01017232,0.04444583,0.00012059,0.01304223,0.01270205,0.00161354,0.02303085,0.01048784,0.00549179,0.37090896,0.00349405,0.00153953,0.01522498,0.01055121,0.01096049,0.00047266,0.00342508,0.00017282,0.00052453,0.0039264,0.0233154,0.01431206,0.04676842,0.00044301,0.00026218,0.06783853,0.05269202,0.01168956,4966087.999998268,0.5428898098779236,0.2350751081039741,-0.1965262709500363,-0.3451441066139371,1
10413301,10413301,CNC(=O)N=C1N=CNc2ccc(NC(=O)c3csc(N4CCCCC4)n3)cc2S1,2.71,3.047,3.217,3.264,3.418,3.457,3.473,3.519,3.781,3.794,3.807,3.848,3.892,3.913,3.995,4.001,4.021,4.197,4.217,4.395,4.429,4.433,4.456,4.516,4.552,4.643,4.65,4.669,4.693,4.716,4.784,4.793,4.856,4.865,4.946,5.002,5.006,5.071,5.098,5.142,5.158,5.176,5.181,5.211,5.217,5.264,5.293,5.333,5.374,5.385,0.00021718,0.00157494,0.01414303,0.00320294,0.13827719,0.03062467,0.00286493,0.00824474,0.00714698,0.01740495,9.843e-05,0.0398886,0.11462277,0.01759561,0.01271968,0.0261522,0.00162256,0.02263207,0.0698869,0.01031485,0.09908477,0.0061336,0.00027254,0.0371694,0.00827598,0.02835621,0.00163193,0.00505862,0.00391445,0.01914952,0.08594058,0.04861789,0.00860288,0.02140759,0.02482781,0.00079586,0.00065034,0.05884268,0.05022349,0.03458956,0.0012662,0.01251105,0.00020779,0.00285825,0.00431809,0.06830567,0.03911213,0.0724766,0.00317113,0.11688977,5167783.999998198,-6.684886259630978,-0.1666695517641434,0.2372006701503974,0.0058951581686266,1
9418400,9418400,CSCCC(C)CN(CCC(=O)Nc1ccc(N2CCCC2)cc1)Cc1cccs1,2.823,3.626,3.697,3.786,3.922,4.17,4.192,4.265,4.453,4.486,4.512,4.563,4.78,4.799,4.839,4.969,4.977,5.132,5.133,5.252,5.301,5.366,5.379,5.444,5.474,5.566,5.637,5.659,5.704,5.735,5.771,5.783,5.81,5.843,5.852,5.925,5.994,6.004,6.034,6.07,6.082,6.109,6.144,6.161,6.18,6.209,6.253,6.254,6.273,6.298,6.999e-05,0.00430489,0.0002148,0.03100501,0.00049779,0.30586069,0.13370648,0.02394441,7.625e-05,2.9e-06,0.00508036,0.00208958,0.00025413,1.081e-05,1.52e-05,0.0001054,0.14673938,0.00529538,0.00028716,0.11564414,0.06540016,1.568e-05,0.00020753,0.00073772,1.044e-05,0.00172212,9.35e-06,4.724e-05,3.486e-05,0.03489463,0.00228902,0.00013631,0.00561525,0.00306046,0.00228207,0.03699298,0.00098114,0.00010886,0.00059241,3.07e-05,0.00012924,2.381e-05,0.00125,6.063e-05,0.00482763,0.07571837,0.1762234,0.31431082,0.00118172,0.00074511,4172882.999998544,-0.5457072324932214,0.0346085540480957,-0.208252992099794,0.0812707108142026,1
9520952,9520952,COc1c(CNC(=NNCCO)c2ccc(C(C)=O)o2)oc2ccccc12,2.458,2.754,3.009,3.269,3.297,3.631,3.75,3.764,3.796,3.86,3.868,3.976,4.12,4.253,4.34,4.35,4.379,4.396,4.656,4.657,4.685,4.835,4.847,4.863,5.014,5.022,5.081,5.14,5.182,5.189,5.224,5.247,5.309,5.333,5.393,5.434,5.514,5.608,5.615,5.676,5.724,5.786,5.849,5.957,5.978,6.001,6.015,6.053,6.1,6.114,0.00154543,0.0005246,0.00031893,0.01160262,0.00098795,0.04854193,0.05512694,0.00069149,0.00029509,0.00768374,0.00017264,1.199e-05,0.001661,0.0052327,0.00707837,0.11761511,0.18133285,0.10959909,7.105e-05,0.00172245,0.02701849,0.0004083,0.08462078,0.00436417,0.10870703,0.10665385,0.0142896,0.00213961,0.01489415,0.00395189,0.00531422,0.00059793,0.00180512,0.00073844,8.941e-05,9.413e-05,0.00284918,4.394e-05,0.00876969,0.09111609,0.00319729,0.03165679,0.00079918,0.00383042,0.01204872,0.00380061,0.00547078,0.00476551,0.0002602,0.00017394,4275434.999998507,-3.850281686073968,1.1591665172175851,0.3511672658056377,-0.2489176679157529,1
2937782,2937782,CN(C)CCCCC(=O)NC1CC1C(=N)COCC1CC1,3.974,4.043,4.578,4.746,5.147,5.331,5.4,5.72,5.873,6.084,6.09,6.306,6.342,6.401,6.475,6.588,6.62,6.666,6.834,6.843,6.931,6.968,7.064,7.141,7.234,7.27,7.356,7.413,7.436,7.586,7.623,7.649,7.725,7.917,7.932,7.939,7.974,7.975,8.003,8.148,8.198,8.219,8.281,8.327,8.362,8.49,8.508,8.549,8.583,8.638,0.00084892,3.592e-05,0.01163255,0.00157688,0.00028139,0.00106504,0.00013281,0.00205076,0.00050664,0.00012501,0.00343474,0.00188528,0.02723658,0.02312156,0.01682269,0.00109679,0.00081051,0.01531422,9.818e-05,0.00073908,0.1526309,0.002036,0.000975,0.00021162,0.004525,0.00055454,0.01241438,0.01101858,0.00019339,0.02101648,0.0381012,0.00167507,0.01804785,0.03013409,0.01486995,0.00323638,0.00623743,0.00361142,0.01093804,0.01665498,0.0044322,0.00111752,0.11729155,0.00167433,0.01289206,0.0228937,0.01817645,0.03913015,0.06782353,0.0052028,-2307734.9999991977,11.978613260444993,0.8677913466543603,-0.1040864303497899,-0.3600987920868286,0
6912712,6912712,O=C(CC1(NC(=O)N2CCCN(c3nccs3)CC2)CCCC1)NCc1ccccc1,3.188,3.208,3.519,3.539,3.952,3.97,3.986,4.003,4.299,4.353,4.372,4.476,4.496,4.538,4.671,4.688,4.707,4.75,4.777,4.817,4.837,4.872,5.132,5.258,5.273,5.289,5.3,5.309,5.329,5.445,5.621,5.68,5.7,5.709,5.72,5.746,5.791,5.826,5.972,5.984,6.004,6.012,6.061,6.073,6.081,6.092,6.093,6.129,6.147,6.167,1.5e-07,2e-08,3.7e-07,1.48e-06,0.00146851,0.0003271,0.00655989,0.00397039,0.00048271,0.00107774,0.00076111,1.333e-05,1.149e-05,2.03e-06,0.16264498,0.00329618,0.00892462,0.02120604,0.06585077,4e-07,5.7e-07,0.00180253,9.963e-05,0.00070049,0.00063389,7e-08,9.884e-05,5e-08,8.53e-06,3.2e-06,0.01943086,0.00221911,5.903e-05,0.00049384,4.07e-06,0.00072103,0.00893527,4.92e-06,1e-08,0.00037937,0.0001691,0.00027813,3.646e-05,0.00039382,1.538e-05,0.00034114,0.00010875,0.0,0.00032561,9e-07,1667194.9999994177,-1.9093645271904556,0.1766706642918548,0.3520793029788157,-0.1372301083050197,3
8313912,8313912,Cc1ccccc1-c1ccc(C(F)(F)F)nc1SCC(=O)C(F)F,3.744,3.812,4.028,4.074,4.094,4.161,4.208,4.335,4.38,4.397,4.588,4.597,4.614,4.651,4.667,4.71,4.838,4.898,4.916,5.094,5.175,5.242,5.348,5.397,5.446,5.456,5.509,5.582,5.626,5.671,5.707,5.757,5.81,5.839,5.922,5.953,6.012,6.03,6.042,6.142,6.221,6.277,6.287,6.304,6.352,6.38,6.389,6.41,6.416,6.424,0.00061392,0.00327589,0.00017296,0.00366112,0.00023036,0.00053981,0.03569072,0.00242504,0.00022102,0.0002408,0.00114233,0.02136301,0.00399527,0.03232782,8.129e-05,0.09417354,0.00044311,0.00023122,0.00026238,0.00602779,0.00224157,0.02987068,0.04253297,0.00797509,0.00513135,0.00393892,0.03678622,0.00958755,0.01038027,0.00236154,0.01239954,0.00211799,0.03188964,0.01807363,0.03319139,0.0005716,0.00104398,0.00059528,0.00334422,0.00861485,0.06588697,0.00212524,0.03719957,0.00760134,0.01452085,0.01108385,0.21256995,0.14537924,0.07409229,0.09277456,3068394.9999989304,-0.4171391644573478,-0.38094780670721,0.8817724870174506,0.1028796535072272,3
90989,90989,CC(C)N(C)C(=O)N(C)C1CC(NC(=O)c2ccn(C)n2)C1,3.816,3.971,4.281,4.492,4.7,4.759,4.913,5.222,5.348,5.433,5.552,5.583,5.636,5.917,5.92,5.957,6.105,6.206,6.43,6.587,6.725,6.764,6.807,6.852,6.862,6.864,6.986,7.047,7.079,7.094,7.162,7.281,7.371,7.404,7.46,7.479,7.533,7.559,7.613,7.64,7.703,7.749,7.83,7.859,7.868,7.877,7.898,7.999,8.003,8.029,0.00010642,3.268e-05,8.01e-06,0.00098327,0.0313075,0.00157964,7.127e-05,3.115e-05,3.029e-05,0.00475214,0.20635592,0.00129947,0.03760648,5.678e-05,0.00052513,0.1228634,8.521e-05,0.18258899,0.00518768,0.00040664,0.11232796,0.00685995,0.00019161,0.06369358,0.00091748,0.01076604,0.09620387,0.00052218,0.18164191,0.07885334,0.00331746,0.00130252,0.01407931,0.00038301,0.00167892,0.00350471,0.01699154,1.266e-05,3.296e-05,0.00042435,0.00012796,9.82e-06,0.00277181,0.00073655,1.011e-05,0.00185548,0.00101823,0.00480549,0.01285591,6.204e-05,-5154527.999998204,8.819360274160557,1.0549902795577346,0.1425685595030315,0.3199436550692194,2
10190579,10190579,CC(C)=CC(NO)N1CCN(CCN(Cc2cncs2)C(=O)c2cncc(C)c2)CC1,2.56,2.859,2.998,3.079,3.168,3.26,3.296,3.468,3.516,3.59,3.688,3.729,3.744,3.79,4.041,4.061,4.08,4.143,4.16,4.261,4.277,4.388,4.459,4.471,4.576,4.61,4.614,4.622,4.623,4.679,4.695,4.749,4.831,4.84,4.915,4.975,4.985,5.06,5.096,5.116,5.133,5.138,5.16,5.229,5.233,5.275,5.298,5.303,5.313,5.317,0.00057486,0.00018079,0.00045745,0.00016349,1.61e-06,0.00200285,0.00018509,3.825e-05,0.00015802,0.00795206,1.323e-05,0.00249187,0.00012489,0.00251537,0.00010754,0.00152061,0.0004489,0.00294052,1.884e-05,0.00030008,0.00272613,0.00052529,7e-08,0.00117651,0.00062688,0.00083614,1.198e-05,0.00024043,0.00168715,2.5e-07,0.00112377,0.00074386,2.13e-06,0.00214387,0.00082378,0.00139422,0.09221007,0.00399187,0.03327953,0.00012599,0.00064528,0.00501532,0.00077463,0.0002201,0.00247507,0.00014775,4.372e-05,1.441e-05,0.00062851,0.0003045,4945061.999998277,-7.104519492788372,0.3088689629883577,0.2021878554974658,0.1258897873748614,1
2664947,2664947,Cc1cc(NC(=O)C(=O)N2CCC(c3ccc4[nH]cccc3-4)CC2)n(C)n1,2.355,2.525,2.72,3.136,3.272,3.82,3.847,3.931,3.954,3.985,4.07,4.35,4.704,4.735,4.767,4.774,4.781,4.783,4.807,4.9,4.906,4.909,4.966,5.104,5.181,5.218,5.248,5.371,5.375,5.39,5.425,5.457,5.504,5.656,5.675,5.7,5.714,5.746,5.747,5.823,5.931,5.983,6.033,6.039,6.124,6.148,6.227,6.252,6.273,6.273,1.756e-05,0.00892894,4.07e-06,0.0001994,8.25e-06,0.00444917,0.01587361,0.00032662,0.0016543,5.677e-05,4.302e-05,3.954e-05,0.02685294,0.04344543,0.02697067,0.00052621,0.00423571,0.00049627,0.01963706,0.06069152,0.00096584,0.22369731,0.00156731,0.08193769,0.01010435,0.08666449,0.11151814,0.00054196,0.00154823,0.00134795,0.00169884,0.00012077,0.01438278,0.00010054,0.01252153,3.296e-05,0.00733858,3.891e-05,0.00012284,0.00010792,0.0154028,9.95e-05,0.03305719,0.0017464,5.557e-05,0.00192649,0.04018368,0.00559974,0.03242771,0.00410442,-2580569.999999101,-2.498813009077017,1.4304641774538782,-0.3949345048659607,-0.3808158398254299,0
10269949,10269949,COc1cc(CNC(O)NCCN2C(=O)CCC2=O)n[nH]1,3.797,3.957,4.299,4.415,4.686,4.951,5.109,5.262,5.347,5.393,5.511,5.809,5.858,5.934,5.973,6.124,6.171,6.191,6.236,6.313,6.364,6.419,6.47,6.508,6.528,6.56,6.657,6.731,6.781,6.822,6.839,6.869,6.893,6.985,6.989,7.057,7.363,7.393,7.52,7.563,7.611,7.644,7.664,7.683,7.725,7.731,7.818,7.862,7.888,7.902,0.00121029,0.0043263,0.0001166,0.00014189,0.00351499,0.00013497,0.00317305,0.00022591,0.00415726,0.00048019,0.01030651,0.00142285,0.00060461,0.00397596,0.00419002,0.05594252,0.1477618,0.07063769,0.00443421,0.00125906,0.00015876,0.01517662,0.00230593,0.00150768,0.00365827,0.00719105,0.00655838,0.03069063,0.0048948,0.00351551,0.00186478,0.00068437,0.01603006,0.00054999,0.06074701,0.00202502,0.00238412,0.3436241,0.00681997,0.00393445,0.02479165,0.01312856,0.0037992,0.00499941,0.01291978,0.00150349,0.00400384,0.00088272,0.00044649,0.00651901,5024431.999998244,7.740995450475846,0.4890679344730575,0.0405901705503119,-0.3808283045175353,1
1931602,1931602,CCOc1ccccc1NC(=O)c1ccc(NC(=O)Cc2cccc(SCC)c2)cn1,3.1,3.136,3.27,3.329,3.4,3.404,3.461,3.531,3.738,3.818,3.958,4.008,4.087,4.144,4.164,4.191,4.208,4.238,4.251,4.271,4.303,4.317,4.324,4.366,4.378,4.464,4.518,4.575,4.644,4.678,4.702,4.773,4.774,4.796,4.827,4.852,4.907,4.958,5.055,5.073,5.088,5.151,5.164,5.177,5.21,5.278,5.362,5.369,5.405,5.428,0.06757231,0.00088171,0.00176807,0.00154212,0.00293536,0.00028153,9.97e-06,0.00081823,0.00045156,0.00044564,0.00397119,2.643e-05,8.342e-05,0.00168226,1.237e-05,3.892e-05,0.02136528,0.15011359,3.816e-05,0.04516353,0.03267323,0.13725582,0.11376448,0.01471986,0.07401089,0.00018449,0.08005399,0.04589348,0.00174061,0.04741645,0.00026526,0.0002434,0.00039443,0.00315291,0.00078745,0.00012343,0.0003694,0.09751701,0.00051677,5.638e-05,0.07771442,5.724e-05,0.00141388,2.541e-05,0.00408421,0.00696268,0.0126649,0.0470934,0.00091417,0.00158537,-3313914.999998841,-6.7780566442802765,-0.5650887035485039,0.2456382870845987,-0.0939710985352891,2
4606903,4606903,COC(=O)c1ccn(C(=O)NNc2nc(-c3cccnc3)nc3c2CCC3)n1,3.233,3.298,3.519,3.579,3.66,3.752,3.843,3.862,3.976,4.035,4.097,4.158,4.186,4.266,4.301,4.317,4.319,4.363,4.485,4.519,4.551,4.552,4.609,4.63,4.643,4.66,4.771,4.784,4.786,4.873,4.891,4.937,4.946,4.95,4.96,5.016,5.111,5.127,5.127,5.141,5.209,5.217,5.22,5.243,5.259,5.287,5.293,5.308,5.321,5.341,0.0001579,0.0356391,0.00231756,0.00033911,0.13238414,0.00053179,0.00087866,0.00121112,7.061e-05,8.8e-07,0.00041956,2.055e-05,0.00041849,6.084e-05,0.16566484,0.00018261,0.02554045,0.13617658,0.14360091,0.01371801,0.0103723,0.002706,0.00174531,0.04401467,0.00327913,0.00239057,0.03516235,0.00106005,0.01096032,0.00427522,0.00039183,0.0040932,0.00129957,0.04007973,0.00016465,0.03736999,0.03872551,0.00227028,3.22e-06,0.11283729,0.00807459,0.00073093,0.00704999,0.02883131,0.06599008,0.00177186,0.00064257,0.00969571,0.00199028,0.01436807,-638613.999999774,-5.730880255434685,-1.1106848208065174,-0.0270109259999221,0.0318092682817496,4
7133667,7133667,CC(NC(=O)CN(C)CCNC(=O)C1CC(=O)NC(CNCO)C1)C1CC1,4.776,5.101,5.112,5.314,5.324,5.401,5.434,5.507,5.626,5.659,5.767,5.845,5.855,5.875,5.904,5.947,6.179,6.295,6.328,6.381,6.39,6.534,6.663,6.667,6.86,6.95,6.995,7.004,7.149,7.231,7.287,7.38,7.445,7.53,7.581,7.584,7.618,7.68,7.778,7.789,7.84,7.883,7.92,7.957,7.98,8.015,8.047,8.051,8.058,8.117,4.32e-06,0.00152481,5.913e-05,0.00036176,0.00017597,0.00074772,0.00126983,0.00026742,5.92e-06,0.00034874,0.00482119,0.00070012,2.163e-05,0.00172559,0.00389738,0.00054996,0.00017925,0.00288601,4.522e-05,9.888e-05,0.00015871,0.00023447,0.0020797,0.00015798,0.00157692,5.992e-05,0.08725777,0.01471309,0.12029548,0.2524017,0.0040059,0.06206539,0.00105459,0.003867,0.0577875,0.00926711,0.00103587,0.00235396,0.00221576,0.00787396,0.00086716,0.01228902,0.00084959,0.00034243,0.0010014,0.00083428,0.0118714,0.00222721,0.00707453,6.193e-05,1888149.9999993392,9.79065881258596,-0.6278638585354277,1.321159563145988,0.0777566831643389,3
3718884,3718884,CON=C(NCCC(=O)N(C)OC)c1occc1NC(=O)OC(C)(C)C,3.775,4.127,4.273,4.39,4.509,4.683,4.771,4.841,4.849,5.119,5.228,5.265,5.363,5.604,5.705,5.739,5.789,5.84,5.867,5.959,5.99,6.082,6.126,6.208,6.279,6.476,6.479,6.492,6.504,6.608,6.624,6.764,6.807,6.864,6.886,6.893,6.9,6.966,6.99,7.009,7.065,7.119,7.124,7.13,7.203,7.231,7.265,7.319,7.402,7.406,0.07612558,0.0004131,0.00158274,0.01867226,0.20541894,0.00027557,0.01497786,0.01984118,3.88e-06,1.42e-06,0.03901612,0.00083232,0.045542,0.00015618,0.02161415,0.04957168,6.214e-05,0.000862,0.03495066,0.05137894,0.225584,4.2e-07,0.00024338,0.00512279,0.00030208,0.00514574,0.00025227,0.01075578,0.06089147,0.00762427,0.18711831,0.00039598,0.00407542,0.05577579,0.0045165,0.00975495,0.01394557,0.00070323,0.00328326,0.00168658,0.06197609,0.0061252,1.083e-05,0.00859208,0.01264632,0.01347547,1.377e-05,0.01236335,0.15532239,0.00993886,-1526632.9999994696,5.365215431261879,0.176258155249561,0.2360546675141702,0.2642556012551014,0
7254581,7254581,CCCN1CCN(C(=O)NCCc2ccc(OC)c(OCCC(C)C)c2)CC1=O,4.241,4.287,4.443,4.594,4.618,4.639,4.813,4.871,4.919,4.923,4.958,5.178,5.25,5.32,5.463,5.641,5.672,5.741,5.786,5.924,6.067,6.117,6.137,6.239,6.29,6.427,6.488,6.546,6.583,6.613,6.707,6.712,6.747,6.771,6.816,6.844,6.848,6.862,6.884,6.912,6.932,6.967,7.041,7.044,7.069,7.11,7.123,7.196,7.208,7.209,0.00037547,0.00100663,0.09705943,0.00080019,8.78e-06,0.00045413,0.00754422,0.03461628,0.00733725,0.06451068,0.00050003,0.0194312,0.03584551,0.00278081,0.0001096,0.02570337,0.02755301,0.00054644,0.00670655,0.00408718,0.27530702,0.00036028,0.07283684,0.03515057,0.05775618,0.04034959,0.02559946,0.03520125,0.0289083,0.04838762,0.1169096,0.00019957,0.0745859,0.00036793,0.03578478,0.00524157,0.0125541,0.00073825,0.00214685,0.03507246,4.998e-05,0.05027199,0.00180293,0.03779573,0.00182346,0.06247441,0.01104768,0.00090044,0.00018294,0.02297388,2009063.999999297,4.996818866889853,-0.2902680272822719,0.5687421950627359,0.7078573315238387,3
2185814,2185814,CCN(Cc1ccc(F)s1)c1nnc(-c2ccc(C)nc2)n1Cc1cc(C)nn1C,3.404,3.458,3.566,4.107,4.157,4.182,4.262,4.312,4.315,4.366,4.449,4.468,4.492,4.515,4.585,4.605,4.637,4.738,4.846,4.877,4.909,4.938,4.986,5.039,5.06,5.092,5.103,5.137,5.205,5.214,5.255,5.266,5.266,5.295,5.31,5.358,5.394,5.446,5.453,5.514,5.56,5.57,5.636,5.734,5.74,5.862,5.931,5.991,6.044,6.058,0.00196624,0.00343404,0.01014779,0.00150205,0.00111556,0.00239342,0.00395501,0.00337369,0.00065691,3.64e-06,0.00156388,0.00149046,0.00039296,0.00201883,0.00043644,0.00488563,0.00049277,0.00129927,0.00440723,0.0099042,0.15003572,0.00053974,0.00075085,0.00849527,0.00033845,0.0007671,0.00011259,0.00365465,0.00096311,9.923e-05,0.00025575,0.03150188,0.00347892,0.00565912,0.01192066,3.614e-05,0.04873882,0.04984699,0.00058503,0.02904519,0.04650883,0.0032175,0.03601533,0.00048345,1.374e-05,0.01184218,0.00421281,0.00630237,0.00798251,0.05963734,-3059702.999998928,-2.9861400659170125,-1.099885845747815,0.0979890249534347,-0.3534649299560655,0
666569,666569,Cc1ccccc1-c1nnc(N2CCCN(C(=O)C3CCCCC3)CC2)n1CCCCCS(=O)(=O)CN,3.753,3.786,3.822,3.843,4.156,4.219,4.221,4.29,4.641,4.683,5.082,5.142,5.175,5.209,5.245,5.255,5.259,5.274,5.334,5.423,5.446,5.49,5.554,5.559,5.654,5.678,5.711,5.747,5.755,5.781,5.824,5.875,5.879,5.93,5.945,5.953,6.076,6.129,6.198,6.23,6.256,6.299,6.312,6.338,6.362,6.387,6.402,6.408,6.432,6.472,1.54e-05,0.01101621,1.36e-06,0.00038724,0.00558823,0.00028506,0.00029874,2.909e-05,0.01646325,0.00119323,0.00119892,0.00017763,6.31e-06,0.00371378,3.989e-05,0.0001772,0.00243121,0.00182995,0.00066318,0.00052182,0.00259063,1.03e-06,0.01495535,4.81e-06,0.00157535,7.9e-07,2.198e-05,3.4e-07,1.371e-05,8.371e-05,8e-07,1.202e-05,0.00460678,0.00040122,2.28e-06,0.00025951,0.00681151,0.00017274,0.00051665,0.0015223,0.04150206,0.00224559,0.66528855,0.01576299,7.314e-05,0.00051755,2.535e-05,0.01227169,0.00012944,3.033e-05,-4578947.999998403,0.6806160208890525,-0.5770631355035656,-0.293466058751254,0.1953676217585037,2
10116933,10116933,O=C(CNCCNC(=O)NCc1ccc(N2CCCN=C2O)cc1)Nc1ccccn1,3.143,3.204,3.325,3.386,3.691,3.699,3.799,3.81,3.873,3.953,4.054,4.086,4.118,4.135,4.222,4.236,4.267,4.308,4.332,4.487,4.489,4.563,4.59,4.592,4.613,4.634,4.692,4.714,4.716,4.725,4.745,4.775,4.819,4.822,4.857,4.917,4.96,5.039,5.064,5.089,5.153,5.163,5.171,5.193,5.262,5.264,5.335,5.525,5.626,5.629,9.15e-06,2.069e-05,1.731e-05,5.42e-06,3.89e-06,0.00097409,0.00368434,0.0132783,1.75e-06,3.504e-05,1.074e-05,1.179e-05,0.21159141,5.876e-05,0.00059189,6.596e-05,5.89e-06,1.159e-05,0.00101506,0.00201338,1.188e-05,0.00123437,0.00096929,0.00945552,0.00021327,0.00403552,0.01085098,4.833e-05,0.00060108,0.05701281,0.00246894,7.14e-06,6.47e-06,0.00361402,5.66e-06,1e-07,0.00975585,0.00058302,0.21141853,0.00032541,0.00014971,0.02699162,0.0550855,0.02521875,6.96e-06,0.00137912,4.806e-05,0.00021699,4.34e-05,0.00342076,4871415.999998302,-6.066808704894475,-0.8417360061174705,0.0864778984180575,-0.1808157855130815,1
1552682,1552682,CC(C)Oc1cc(NNC(=O)NCCCN(C)Cc2nnc[nH]2)ccc1C(N)=C1CCCOC1,3.406,3.776,3.862,3.927,4.16,4.236,4.288,4.368,4.413,4.428,4.488,4.507,4.651,4.681,4.745,4.748,4.82,4.877,4.979,5.039,5.075,5.08,5.117,5.285,5.296,5.308,5.318,5.362,5.402,5.428,5.483,5.532,5.614,5.626,5.626,5.644,5.671,5.674,5.743,5.836,5.843,5.849,5.86,5.925,5.945,5.982,6.052,6.083,6.124,6.165,0.01012302,0.04065527,3e-08,7.1e-05,0.02946176,0.00011223,0.01899757,0.00052742,1e-08,0.0,3.64e-06,0.03713266,0.06985852,0.01143563,6.576e-05,0.07771836,0.00260716,0.00285446,1e-08,2.19e-06,1.33e-06,0.0170761,0.01578506,0.00019569,2.544e-05,0.0447178,0.00074963,3.36e-06,0.02435142,0.00208744,0.00204219,0.01625192,4.659e-05,3.9e-07,5.021e-05,0.00387519,0.00014271,0.01295224,0.01072487,6.581e-05,1.181e-05,0.06030431,8.544e-05,1.07e-06,0.04766821,0.05219021,0.00052752,0.00295431,0.32742413,2.862e-05,-3692834.999998711,-1.7267385426768531,-0.9049688817554148,0.1731462395662756,-0.0545868205504202,2
6849517,6849517,CSC(C)(C)CN(CCO)C(=O)NCCSCc1ccccc1F,3.241,3.545,3.699,3.862,4.003,4.191,4.242,4.32,4.347,4.648,4.7,4.798,4.985,5.429,5.433,5.562,5.627,5.684,5.708,5.889,5.94,6.002,6.005,6.012,6.092,6.105,6.139,6.18,6.245,6.266,6.329,6.364,6.389,6.412,6.463,6.56,6.573,6.594,6.599,6.606,6.625,6.641,6.658,6.71,6.725,6.744,6.809,6.815,6.842,6.859,3.384e-05,8.7e-07,2.785e-05,0.00115039,6.2e-06,0.00030737,1.362e-05,0.00070311,0.00098958,0.00017447,0.00010867,0.00028647,0.05529066,0.01726169,0.00984524,0.00139495,0.00298538,0.00046229,0.00011434,0.00050825,0.00944908,0.00037491,0.00389331,0.00011851,0.00823856,0.00018366,0.00229098,0.00637349,0.00270212,0.19216977,0.00071061,0.19308105,0.0219199,0.0153061,0.00751445,0.00738193,0.00062701,0.0005722,0.01473104,0.23057578,0.00015155,0.00163141,0.00592488,9.005e-05,0.00234281,0.01313914,0.00135261,0.00080101,0.00149673,0.04055246,1603999.9999994389,2.775692341436826,0.7968537275275194,-0.4476598606398966,0.8085613800943905,3
8334763,8334763,O=C(CC=C(O)c1c(F)cccc1F)NCCN=c1cc(C(F)(F)F)nc(-c2ccccc2)[nH]1,1.912,2.354,2.846,2.91,2.94,2.957,3.02,3.157,3.273,3.367,3.394,3.705,3.723,3.739,3.845,3.923,3.926,3.938,4.005,4.008,4.02,4.052,4.099,4.157,4.268,4.281,4.297,4.38,4.393,4.453,4.527,4.673,4.757,4.814,4.816,4.888,4.911,4.923,4.95,5.031,5.063,5.083,5.094,5.117,5.16,5.163,5.213,5.235,5.254,5.27,0.00033462,0.00936206,0.00499699,7.473e-05,0.00445643,0.01284791,1.07e-06,0.00032634,0.00024601,7.964e-05,9.774e-05,2.5e-05,0.04297428,0.00099105,0.00234618,4.413e-05,0.00034985,0.00552991,1.515e-05,5.569e-05,7.86e-06,0.00021098,0.00341943,0.00061914,0.00049305,0.00811199,0.00027992,0.0001762,2.487e-05,0.04217253,0.33524964,0.03060842,0.00095756,7.2e-07,0.00013388,0.01897204,0.03549461,0.01488849,6.964e-05,0.02107315,0.00027684,0.00022459,0.01202723,3.926e-05,0.0005234,0.01018511,0.00276499,0.03112845,0.00076033,0.00065731,3089245.9999989234,-8.313609124182257,1.0210486199944522,0.2004665839252803,-0.2846092544867187,3
9091003,9091003,CC(C)N(C)CC(=CN)N1CCCN(C(=S)NCC(C)(C)C(F)F)CC1,3.144,3.74,4.306,4.848,4.958,5.157,5.291,5.424,5.536,5.787,6.281,6.381,6.655,6.76,6.852,6.88,6.937,7.037,7.149,7.172,7.278,7.394,7.424,7.466,7.511,7.603,7.662,7.683,7.757,7.888,7.909,7.927,7.948,7.964,7.985,8.084,8.087,8.127,8.141,8.189,8.24,8.245,8.278,8.301,8.328,8.379,8.425,8.534,8.556,8.613,0.00635004,0.0002884,0.00092495,0.24091398,1.493e-05,0.00423404,0.07366279,0.2795259,0.00246073,0.22666377,0.01232336,0.00275751,0.00037756,0.00013545,0.00237399,0.08703587,0.0255103,0.02605475,5.625e-05,0.0079919,0.00138836,0.00037954,0.00281615,2.794e-05,0.00434229,0.00093139,0.00034578,0.00083148,0.00272889,0.00703516,0.00538586,0.00670485,0.00032262,0.00061247,0.00035105,0.0005679,0.00382121,0.0020298,0.00017214,0.00386942,0.0166105,0.00360624,0.00328268,0.0112747,0.00646656,0.00155547,0.00141647,0.01488847,0.00137422,0.00075137,3845485.999998655,12.746122219558384,1.604660758707969,-1.2825664086500508,0.2174670170517751,1
8373179,8373179,COc1cccc(OC)c1OC1CCN(c2nnc(-c3cc[nH]c3)n2Cc2ccccc2)CC1,2.903,2.95,3.386,3.468,3.747,3.786,3.8,3.84,4.109,4.162,4.207,4.238,4.286,4.318,4.32,4.341,4.37,4.403,4.42,4.458,4.497,4.584,4.599,4.633,4.681,4.731,4.739,4.786,4.797,4.805,4.855,4.871,4.888,4.893,4.907,4.952,5.041,5.066,5.096,5.148,5.178,5.209,5.226,5.242,5.27,5.298,5.315,5.351,5.385,5.397,0.00262473,8.171e-05,0.0004107,3.004e-05,0.00074143,6.01e-05,5.786e-05,5.81e-06,0.00215122,0.00101195,0.17543825,0.00013614,2.259e-05,0.00094938,5.177e-05,3.05e-06,5.599e-05,4.421e-05,0.01737659,5.3e-07,0.01364947,0.00312536,6.506e-05,0.00021388,9.819e-05,1.47e-06,0.00020523,1e-08,0.00262555,0.00059436,0.08132977,0.00286015,0.0042142,0.05720626,0.03015755,0.00808104,4.6e-07,9.65e-05,9.9e-07,9.849e-05,0.00994989,0.03779354,0.00055429,0.00027674,0.00014895,0.00039231,4.015e-05,0.01992479,0.08663063,1.983e-05,3127661.99999891,-5.782603740570105,-0.8983218023690905,-0.3819557250686924,-0.3307945582101292,1
6232135,6232135,CCCOc1ccccc1-c1cc(C(=O)NNc2sccc2C(C)CCC)n[nH]1,2.626,3.271,3.336,3.505,3.929,3.941,4.002,4.025,4.051,4.182,4.299,4.395,4.578,4.608,4.643,4.72,4.746,4.804,4.831,4.866,5.058,5.08,5.087,5.126,5.158,5.188,5.207,5.268,5.354,5.362,5.368,5.405,5.444,5.461,5.543,5.648,5.73,5.732,5.746,5.758,5.784,5.791,5.817,5.823,5.849,5.874,5.923,5.931,5.979,5.99,1.752e-05,0.00073702,0.00378489,0.15738125,0.00022825,0.00187902,0.00425116,0.19910345,6.797e-05,0.13930517,0.00686073,0.00849925,0.04389708,0.07358503,0.00011333,0.01128717,0.00085943,0.0027103,0.04355573,0.00108392,0.00012952,0.0081945,0.00250778,0.00268335,0.03340508,0.00767617,0.02877627,0.0079777,0.00074468,0.04396379,0.07166316,0.02462506,0.01954436,0.00011918,0.00036731,0.00576791,0.00534568,0.09641653,0.00263435,0.00052887,0.03919325,8.433e-05,0.01903472,0.11839213,0.02968333,0.00641382,0.07717404,0.0045725,0.03180345,0.00095992,986617.999999656,-2.657477564253746,0.1012381162765592,-0.2657145353053592,-0.1048401321591032,4
8431228,8431228,CCOc1nnc(CC(=O)NNc2ccc(CC)cc2OC)[nH]1,3.566,3.838,3.901,4.295,4.387,4.389,4.566,4.659,4.813,5.006,5.152,5.174,5.234,5.273,5.406,5.446,5.498,5.521,5.586,5.593,5.693,5.972,6.007,6.116,6.225,6.253,6.268,6.271,6.284,6.307,6.322,6.357,6.386,6.489,6.52,6.531,6.579,6.59,6.655,6.687,6.727,6.792,6.798,6.877,6.954,6.968,7.002,7.04,7.042,7.096,0.00041293,0.0026123,0.0380727,0.00025394,0.22099637,0.1201684,0.0029023,4.992e-05,0.01316692,0.03097827,0.02338634,0.00647084,0.0155928,0.02139796,0.04116105,0.00609102,0.00068022,0.00760754,0.00120428,0.01662953,0.03595172,0.19014834,0.00247804,0.07414233,0.11622189,0.01084296,0.01340697,0.04046595,0.00377735,0.00079164,0.00092969,0.06624576,0.00877334,0.00147181,0.1168986,0.07973556,0.02170126,0.00744408,0.0184261,0.05187039,0.00216107,0.04586235,0.07219773,0.00938572,0.01044813,0.03552179,0.04458961,0.00068689,0.00388275,0.00404445,3185710.9999988885,3.53481709343191,0.1530927265011079,0.024871445222328,0.1421029712588913,1
6209140,6209140,NCCN(CCC(F)(F)F)C(=O)CCC(O)=C1CCCOC1,4.962,5.025,5.19,5.234,5.448,5.631,5.73,5.914,6.108,6.467,6.759,6.787,6.947,7.209,7.322,7.558,7.582,7.708,7.795,7.844,7.882,7.924,7.971,8.031,8.145,8.165,8.194,8.228,8.335,8.424,8.442,8.477,8.582,8.595,8.614,8.695,8.726,8.79,8.856,8.938,8.985,9.051,9.141,9.264,9.293,9.302,9.333,9.355,9.4,9.487,0.00124602,0.00428391,0.00071101,0.00052068,0.00020804,0.00106512,0.00297457,0.00084339,0.24366413,0.05125313,0.06452988,0.19115724,0.01060746,0.00623722,0.0065862,0.00644819,0.00024347,0.00970575,0.00963079,0.01140724,0.00370961,0.00512014,0.00853037,0.01450689,0.00640521,0.00604445,0.00615976,0.01024568,0.0021171,0.00222997,0.00642257,0.04796556,0.00930253,0.0024818,0.01368857,0.00538183,0.01572988,0.01357021,0.00510668,0.02213431,0.00746273,0.03109884,0.02867741,0.00176759,0.00120553,0.00628453,0.0048784,0.00055311,0.00181129,0.00147201,963622.9999996534,17.44249940159035,0.7795203187437608,-0.1267008687115303,0.7420024411747936,4
2780739,2780739,CCCN1CCN(c2ccccc2NC(=S)Nc2cccc(S(=O)(=O)N(C)C)c2C)CC1,2.53,2.697,2.729,2.904,3.096,3.111,3.243,3.308,3.348,3.432,3.437,3.448,3.612,3.641,3.751,3.773,3.868,3.953,3.997,4.074,4.094,4.251,4.296,4.401,4.451,4.477,4.583,4.589,4.73,4.74,4.759,4.804,4.86,4.878,4.928,4.953,4.99,5.025,5.035,5.069,5.094,5.095,5.192,5.218,5.265,5.302,5.317,5.331,5.382,5.419,0.00590931,0.00220606,0.00076484,0.00468708,0.00334756,0.01271468,0.00243682,0.06031481,0.02573998,0.00427255,0.00840765,0.01465469,0.08714601,0.00621578,0.01319917,0.0062607,0.08200645,0.01105629,0.01021127,0.34270138,0.05922817,0.00085431,0.05636864,0.00099616,0.00047528,0.03640156,0.00587269,0.00319703,0.00693499,0.01115904,0.00156409,0.00154709,0.07309912,0.01740612,0.00124167,0.02812271,0.00142418,0.02388051,0.020721,0.02303688,0.00028523,0.00066664,0.0021824,0.03515333,0.00017825,0.00183922,0.0007476,0.00856434,0.00304319,0.00589871,-2464777.9999991376,-7.598309238004537,0.8407682146722999,0.6340920746156923,0.1313089853626136,0
7494129,7494129,COC(=O)c1cn(C)nc1NC(=O)N(C)C(=O)Cn1nnnc1N(C)Cc1cccc(=O)[nH]1,2.977,3.063,3.348,3.433,3.567,3.619,3.83,3.922,4.004,4.054,4.133,4.136,4.185,4.334,4.365,4.382,4.446,4.481,4.5,4.56,4.582,4.669,4.68,4.704,4.722,4.729,4.741,4.764,4.788,4.791,4.797,4.832,4.847,4.927,4.966,4.981,5.021,5.03,5.059,5.066,5.129,5.153,5.168,5.204,5.215,5.25,5.252,5.301,5.326,5.333,9.11e-06,3.838e-05,0.00017826,4.158e-05,7.52e-05,4.36e-05,0.00211357,0.05318237,3.457e-05,0.00944046,0.00164936,0.00156037,0.00012358,0.00570758,0.04717249,0.00369045,0.01205411,0.0002893,0.01058073,0.00114667,0.00038498,5.446e-05,0.02259256,0.00151098,0.01481559,0.00046627,0.00013672,0.02947844,0.0005761,0.00059481,0.00293017,0.00149397,0.01317375,0.00058142,0.00037479,0.00078659,0.00183868,0.00305872,0.01334732,0.00063176,0.00199053,2.751e-05,0.00428374,0.01199992,0.02671896,8.118e-05,0.00278498,0.00700707,0.03050241,0.03318988,2248611.9999992163,-5.8716442245835605,-0.9157827008625672,-0.4974059555675987,-0.0169106540909026,3
7152929,7152929,CCN1CC2(CCN(C(=O)c3c(C)nnc(C)c3C)C2)C1,3.194,3.546,3.74,3.743,3.808,4.102,4.295,4.359,5.003,5.016,5.108,5.464,5.469,5.496,5.568,5.64,5.678,5.961,6.019,6.142,6.194,6.246,6.263,6.438,6.485,6.514,6.516,6.57,6.627,6.695,6.704,6.756,6.803,6.805,6.861,6.969,6.998,7.012,7.032,7.041,7.048,7.057,7.128,7.182,7.198,7.257,7.29,7.361,7.379,7.381,0.00123203,2.68e-06,0.00025471,0.00087666,0.00047764,1.349e-05,0.00032249,6.062e-05,0.01501327,0.01096177,0.00768413,3.421e-05,0.00217213,0.00384784,0.0004627,0.00017309,0.00129104,6.92e-06,9.431e-05,0.00248829,0.00091416,0.01924562,0.46441213,0.28207764,0.00264633,0.02512288,0.0013043,0.0018099,0.00747739,0.00889573,0.00923099,0.19167411,0.00015509,0.00858332,0.00148065,0.02734625,0.02773662,0.01196195,0.00264971,0.00186182,0.00771361,0.01729124,0.00428967,0.00141201,0.0039336,0.00158591,0.00981331,0.00099887,0.00819745,0.00374165,1907411.9999993325,5.15798651700244,1.5171327169443356,-0.5184050704061482,0.6231035495262588,3
104496,104496,COC(=O)C1CCN(C(=O)CONC(=O)c2ccc(=O)n(CCOCCOCCO)c2)CC1,2.834,3.112,3.201,3.292,3.521,3.581,3.69,3.834,3.875,3.894,4.064,4.118,4.212,4.299,4.527,4.568,4.587,4.624,4.742,4.76,4.815,4.886,4.902,5.025,5.034,5.07,5.08,5.087,5.153,5.167,5.209,5.225,5.301,5.402,5.43,5.435,5.496,5.508,5.531,5.574,5.577,5.624,5.627,5.652,5.742,5.762,5.763,5.776,5.812,5.822,0.0011158,2.221e-05,0.0006825,2.098e-05,0.00034125,2.918e-05,0.05693229,0.00298333,0.0122229,0.00475574,1.8e-06,3.96e-05,0.00062256,0.00017472,0.0002067,3.05e-06,7.183e-05,0.00157736,0.00041996,0.12434555,0.00302349,0.02728807,0.02888756,1.2e-07,0.00284797,1.087e-05,0.00029054,0.0178961,8.848e-05,9e-08,0.00055734,0.00057708,0.00076536,0.00148733,0.0001045,2.19e-06,0.0005223,0.00442238,0.00053747,3.288e-05,4.57e-06,0.00166823,1.315e-05,0.00196996,0.00044286,0.00144244,2.88e-06,0.0289256,0.01899771,0.01400447,-5141020.999998204,-3.9154688060034126,0.3274919202477657,-0.0549035951701387,0.2614185406699101,2
6814186,6814186,CC(C)OC1(C(=O)C(=O)NCCCc2ccc3c(c2)CCO3)CC1,2.391,2.604,3.33,3.8,3.825,3.845,3.973,4.33,4.425,4.511,4.572,4.645,4.723,4.778,4.994,5.025,5.103,5.125,5.177,5.253,5.262,5.401,5.476,5.533,5.588,5.678,5.748,5.792,5.922,5.932,5.976,5.998,6.011,6.056,6.059,6.117,6.148,6.156,6.158,6.233,6.297,6.342,6.44,6.451,6.515,6.544,6.552,6.557,6.634,6.655,0.00095639,0.00331797,0.00600348,1.33e-05,0.00116142,0.00434622,0.02787353,0.00051724,0.05232042,0.00132407,0.0005819,0.00037439,6.46e-06,0.01385729,0.00084957,0.00228209,0.11928542,0.00224229,0.00908565,1.895e-05,6.297e-05,0.00088073,0.00208659,0.0117496,0.00026097,0.00090318,0.00572902,0.00066415,5.73e-06,0.00024848,0.00743895,0.00243118,0.02341431,0.01033268,6.062e-05,0.0418027,0.01462728,0.00629258,0.00010877,0.3618317,0.0015824,0.00062021,0.0091105,4.5e-07,0.00601008,0.05583371,4.172e-05,0.00463336,0.00397662,0.01835108,1568668.999999454,0.2070671045525926,1.3348244039461865,-0.3867879203552031,-0.2994959640638128,3
71573,71573,COC1=CC1(C)CN(Cc1ccsc1)CC1CC(OCc2ccccc2)C1,3.386,3.545,3.583,3.988,4.129,4.144,4.182,4.258,4.298,4.333,4.417,4.455,4.517,4.555,4.593,4.844,4.882,4.904,4.984,5.158,5.176,5.192,5.228,5.23,5.239,5.255,5.279,5.281,5.349,5.433,5.495,5.506,5.572,5.598,5.69,5.778,5.779,5.784,5.785,5.856,5.887,5.948,5.977,5.996,6.002,6.018,6.032,6.079,6.107,6.167,0.00088823,5.766e-05,4.708e-05,0.00097597,7e-07,6.08e-06,1.09e-06,0.000489,0.00126475,0.00090548,2.66e-06,5.56e-06,0.00110788,3.7e-07,5.7e-07,1e-08,5e-08,0.00055173,0.03744662,0.00101628,0.04153149,0.00117414,0.00374113,0.00176229,0.00048596,0.00116805,0.00174821,0.08263666,0.02180381,0.00068402,0.00033172,0.00089069,0.01211733,1.42e-06,0.00028708,0.00280089,0.00275659,0.00038286,0.00042333,0.0002893,0.0004487,0.00383672,0.0019175,0.00039736,0.02418458,0.00010876,0.0356909,3.871e-05,0.00188243,6.098e-05,-5173943.999998192,-1.7419933813890858,-0.5319991341252063,0.1885688221309839,0.0260319540439206,2
2482422,2482422,Cc1nc2c(s1)CCN2CC1CC1,3.182,4.973,5.053,5.418,5.609,5.668,5.954,6.202,6.327,6.542,6.612,6.739,7.103,7.216,7.26,7.403,7.444,7.501,7.631,7.73,7.781,7.892,8.009,8.059,8.074,8.164,8.228,8.309,8.417,8.424,8.608,8.682,8.774,8.819,8.828,8.979,9.014,9.091,9.121,9.136,9.35,9.386,9.421,9.508,9.551,9.563,9.593,9.764,9.935,10.004,0.04080995,0.0001997,1.834e-05,0.13302446,0.00022551,0.01205159,0.00344085,0.26399738,0.00570811,0.00015507,0.00078271,0.00739445,0.00418282,0.00047452,0.00063708,0.0227972,0.03469434,0.1054013,7.353e-05,0.00223023,0.00047701,0.00089504,0.00035764,0.00059453,0.00367369,2.577e-05,0.00499131,0.02024071,0.00084043,0.02708345,0.03674624,0.03369736,0.02003199,0.03006939,0.00934941,0.01449465,0.02493676,0.00061429,0.09215571,0.0007734,0.00094385,0.01668974,0.00156317,0.00136573,0.00572332,0.00169721,0.0221528,0.03608978,0.00354754,0.00062548,-2763094.99999904,18.214790870143627,1.9618533544285708,-0.059993213535767,-0.5518668152005403,0
426423,426423,CCOc1nc(C)ccc1C(=O)Nc1ccc2[nH]c3ccccc3c(=O)c2c1,2.711,2.858,2.96,3.023,3.067,3.17,3.613,3.675,3.707,3.767,3.79,3.807,3.913,3.925,3.988,3.993,4.064,4.119,4.178,4.271,4.338,4.397,4.537,4.563,4.588,4.633,4.665,4.706,4.717,4.79,4.835,4.853,4.901,5.077,5.081,5.099,5.126,5.143,5.2,5.256,5.282,5.293,5.347,5.387,5.421,5.441,5.49,5.5,5.533,5.542,0.0,2.4e-07,0.12592562,1.7e-07,0.04190147,3.71e-06,6e-08,5e-08,0.00033998,0.05307526,0.01256496,1.08e-06,0.18468968,1.772e-05,2.2e-07,0.02297053,0.16948668,3.16e-06,7.269e-05,0.10713144,0.03624814,0.00227543,0.03691229,0.00173456,7e-08,0.01910627,0.0359304,0.14640605,0.0040243,0.01304288,0.00050706,0.11392743,1.1e-07,0.09898989,0.04135552,0.00647198,0.05629684,0.00075428,2.63e-06,0.02550547,0.01084286,0.00458647,2.362e-05,2.294e-05,9e-08,0.01189896,0.26330612,0.01925891,0.00206235,0.00267727,-4819093.999998318,-6.386888614784435,0.4661291474590837,0.3726732424688251,-0.1155684466065347,2
7073633,7073633,CCN=C(NCC(=O)N1CCCCc2ccccc21)C1(CC(C)C)CC1,3.456,3.485,3.69,3.721,3.945,3.957,4.225,4.473,4.879,5.113,5.15,5.181,5.291,5.33,5.367,5.387,5.584,5.628,5.666,5.694,5.804,5.862,5.879,5.908,6.025,6.044,6.072,6.102,6.122,6.156,6.18,6.222,6.25,6.28,6.281,6.309,6.349,6.379,6.384,6.419,6.43,6.432,6.453,6.513,6.533,6.572,6.616,6.639,6.703,6.753,0.00138629,0.00032045,0.0004975,1.404e-05,0.00518245,0.0056915,0.01115522,0.15578235,0.00043164,0.00418508,0.00050947,3.115e-05,0.00989331,6.741e-05,0.00142352,0.00054681,0.01834829,0.00120104,0.00128018,0.00171924,0.00326177,0.10070968,0.06008954,0.01824101,0.00972421,0.01773563,0.00277309,0.00221115,0.03001112,0.02135298,0.01577945,0.04200442,0.00481736,0.0015905,0.00371775,0.00164939,0.00937443,0.0031172,0.00142545,0.00120668,0.00060801,0.00097736,0.00023367,0.05573983,0.24890593,0.00699784,0.01463543,0.00503587,0.10541748,0.00117237,1828115.9999993627,2.211581936146701,0.1753230907492757,-0.8930931439441167,0.453378154777814,3
3186506,3186506,Cc1cc(-c2csc(=Nc3cccc(C)n3)n2Cc2ccccc2)on1,3.066,3.342,3.419,3.621,3.82,3.946,3.977,4.045,4.127,4.168,4.236,4.46,4.521,4.54,4.671,4.696,4.73,4.765,4.791,4.808,4.834,4.903,4.953,4.961,5.043,5.116,5.152,5.215,5.227,5.249,5.307,5.318,5.38,5.402,5.418,5.423,5.432,5.438,5.455,5.471,5.51,5.571,5.595,5.61,5.622,5.666,5.699,5.729,5.738,5.744,0.01883547,0.01900152,0.00042341,0.0086736,0.04420152,0.0074425,0.07223044,0.00023202,0.00025937,0.27571752,0.00066559,0.02115545,0.00192981,0.000723,0.03846975,0.01691578,0.00440141,0.11479751,0.00664892,0.00417051,0.05716759,0.01009622,0.00302433,0.00960449,0.00026057,0.01821459,0.01097953,0.00021552,0.03000764,0.0151892,0.00272768,0.01216286,0.0034642,0.0110029,0.00074506,0.01180955,0.00213339,0.00299291,0.0246811,0.00349179,0.00063008,0.01299828,0.00891126,0.00421656,0.00010951,0.00233809,0.00276458,0.00274538,0.0013725,0.00436526,-2059010.9999992808,-3.458595865860564,-0.5773261739039153,-0.3292472433734936,0.1039566995309445,0
2012722,2012722,COCCC1(C(=O)N2CC(NC(=O)C3(c4ccccc4C)CCC3)C2)CC1,3.667,3.728,4.113,4.129,4.181,4.216,4.578,4.64,4.865,4.909,4.939,5.172,5.251,5.303,5.425,5.468,5.501,5.562,5.615,5.8,5.833,5.85,5.876,5.93,5.967,6.028,6.09,6.15,6.157,6.182,6.205,6.306,6.33,6.362,6.394,6.42,6.464,6.473,6.502,6.53,6.652,6.654,6.691,6.709,6.752,6.768,6.789,6.821,6.861,6.88,5.491e-05,5.95e-06,0.01208543,0.00972452,0.02885224,0.0012503,1.08e-06,4e-08,0.00380354,0.0004138,4.77e-05,0.00061437,0.00045501,0.00220704,0.00074341,0.01311503,0.00015556,1.151e-05,0.00016113,0.01173871,0.00870724,7.34e-06,0.00545934,0.00356157,2.275e-05,5.622e-05,0.00124128,0.00244068,0.00530384,0.07919549,0.07567796,0.02652134,0.00231863,0.11103457,0.01193976,0.0012947,0.01905374,0.06097898,0.02518458,0.00451672,0.07042591,0.0123534,0.00375075,0.14022854,0.0061439,0.01116591,2.814e-05,0.01083266,0.4732745,0.01530853,-3232794.999998873,2.861746237745656,-0.0984898736596508,-0.2030016063884016,0.298744905129662,2
7627327,7627327,CSC1CCN(c2nnnn2CC(C)(F)F)C1,4.988,5.384,5.835,5.938,5.953,6.142,6.458,6.621,6.744,6.791,6.928,7.032,7.062,7.094,7.177,7.336,7.434,7.508,7.608,7.808,7.836,7.87,7.949,8.024,8.168,8.277,8.296,8.362,8.384,8.415,8.541,8.621,8.665,8.692,8.722,8.751,8.774,8.828,8.837,8.876,8.947,9.015,9.042,9.075,9.088,9.106,9.248,9.257,9.402,9.425,0.05589255,0.00791662,0.00395565,0.00473214,0.00267893,0.09962188,0.00858143,0.00040808,0.0707989,0.00546502,0.02370774,0.03748154,0.00042954,0.08339027,0.0003617,0.0019333,8.465e-05,0.00440274,0.00040932,0.01300569,0.0029254,0.00109343,0.0202023,0.12368857,0.00050191,0.00134457,0.07088951,0.06808784,0.11363984,0.02892803,0.00259607,0.05172594,0.00678755,0.00497346,5.864e-05,0.00208832,0.03358349,0.00982891,0.00095347,0.02976997,0.01091643,0.00116119,0.01252202,0.00050156,0.00333817,0.01717956,0.00095053,0.00196121,0.00176448,0.00071091,2381809.999999165,17.898635059452904,-0.5246751385386013,0.1014583364064814,0.1028841211406294,3
5765488,5765488,CC(=O)CC(C)(C)COCC(=O)N1CCN(C(=O)c2cc(C)oc2C)CC1,4.293,4.395,4.425,4.516,4.585,4.586,4.619,4.683,4.891,4.941,4.966,5.031,5.094,5.1,5.132,5.142,5.164,5.199,5.228,5.254,5.328,5.451,5.654,5.683,5.734,5.849,5.855,6.001,6.143,6.294,6.312,6.406,6.43,6.456,6.594,6.601,6.646,6.702,6.764,6.766,6.848,6.851,6.861,6.868,6.871,6.927,6.942,7.021,7.049,7.071,2.3e-07,0.000159,4.673e-05,0.00231576,6e-08,1.846e-05,5.154e-05,1.04e-05,0.00075832,0.0009026,0.00755456,0.00018511,0.00443186,0.0014674,8.499e-05,0.00141377,7.884e-05,0.00035869,0.00548262,0.0293242,0.0015919,0.00452343,0.01125275,0.00262115,0.00369541,0.18655143,5e-08,0.12024684,0.00313106,0.03521595,1.04e-05,0.00273823,0.03079759,0.0594915,0.00472389,0.00279906,0.30380938,0.01125093,0.031644,0.00151473,0.00175831,4.176e-05,0.00237867,0.00052593,0.0018631,5.848e-05,0.00105815,0.0005235,0.05427602,0.00029855,519970.9999998167,3.0341532504015096,-0.5471011734101684,1.4793829219209154,-0.1290443945366348,4
2526118,2526118,Cc1nc(NCCNc2ncccn2)c(N)cc1C#N,3.765,3.796,3.886,4.1,4.165,4.222,4.347,4.44,4.515,4.557,4.591,4.845,4.954,5.014,5.135,5.226,5.312,5.519,5.526,5.624,5.665,5.668,5.689,5.803,5.828,5.926,5.999,6.088,6.128,6.138,6.243,6.305,6.344,6.421,6.613,6.615,6.666,6.676,6.7,6.732,6.8,6.801,6.803,6.817,6.826,6.875,6.925,6.949,6.991,7.057,0.00899608,0.00017672,0.00033539,0.17192075,7.55e-05,0.02525108,0.00041714,0.01906394,0.077975,0.01371138,0.00525188,0.00204037,0.00017508,0.00102857,0.00090258,0.0019114,0.1257484,0.02294708,0.1518072,0.00086827,0.01183439,0.0742349,0.00187115,0.10484309,0.00070708,0.00346263,0.27414187,0.0229332,0.01949799,0.02171546,0.04540035,4.635e-05,0.00356359,0.00112745,0.0048599,1.282e-05,0.03412415,0.06174113,0.00183566,0.00034111,6.43e-06,0.02141892,0.00591346,0.21189803,0.02104624,0.00089964,0.01309204,1.572e-05,0.00173069,0.04316466,-2719398.999999052,2.669321278122605,0.5583603225234324,0.7299348112584764,0.3964684645115384,0
9336541,9336541,O=C(NCCN1CCNC1=NC1CC1)c1ccc2c(n1)CCCO2,2.683,3.016,3.176,3.31,3.51,3.565,3.644,3.891,4.154,4.325,4.425,4.564,4.643,4.751,4.863,5.063,5.197,5.396,5.448,5.537,5.607,5.872,5.931,5.979,6.067,6.075,6.12,6.174,6.201,6.229,6.318,6.329,6.334,6.358,6.412,6.417,6.446,6.512,6.515,6.56,6.579,6.664,6.742,6.795,6.816,6.848,6.894,6.935,7.016,7.038,0.00307909,0.00304079,0.00030258,0.00115475,0.0001734,0.0030021,0.00196832,0.00455657,0.0070165,0.06425087,0.04744153,0.01871926,0.14384668,0.05112338,5.427e-05,0.0001749,1.656e-05,4.263e-05,0.00768246,0.00027579,0.08553281,4.39e-06,0.00048774,0.00410997,0.01519111,0.00723417,0.09960106,0.05033154,0.00345912,0.00529829,0.03722919,0.04786065,0.00217329,0.00598579,0.00535614,0.00188722,0.07434583,0.16493901,0.06673233,0.07240103,0.07096245,0.00416921,0.00200578,0.02997615,0.06295074,0.00520001,0.03458358,0.00737281,0.01987379,0.09979845,4091023.9999985727,1.6863321450209412,2.4088651997497466,-0.0170461506834285,0.8318203491026552,1
8655233,8655233,CC(C)CCN1CCC(CCNC(=O)c2cc(C(F)CO)nn2C)CC1,3.483,3.956,4.7,4.917,5.076,5.26,5.512,5.534,5.549,5.616,5.633,5.69,5.728,5.903,5.925,5.945,6.176,6.183,6.219,6.323,6.377,6.501,6.686,6.688,6.774,6.814,6.857,6.906,6.947,7.037,7.049,7.112,7.135,7.198,7.221,7.248,7.265,7.284,7.322,7.48,7.489,7.519,7.563,7.571,7.646,7.723,7.77,7.804,7.816,7.882,7.134e-05,0.00015603,0.01936181,0.06240865,3.294e-05,0.04209474,0.00264299,0.00495238,0.00095848,0.11414141,0.04512756,0.05958009,0.00069086,0.00057757,3.209e-05,0.01640155,0.00137359,0.00663451,0.00169542,6.344e-05,0.13272518,0.00071175,0.000336,0.00017102,5.939e-05,0.00110756,0.01047989,0.01009386,0.01579874,0.21294737,0.03240955,0.0189866,0.01009036,0.00032094,9.468e-05,0.00032856,0.01198417,0.02214046,0.00065283,0.00367292,0.00076397,0.000145,0.01560336,0.00154758,0.00051435,0.00700749,1.537e-05,0.006137,0.00177666,0.00786307,3409715.999998808,8.21504442489287,0.0115146704369161,-0.0875969451654291,-0.4745673394998713,1
10155887,10155887,CN=S(=O)(NCC(C)(C)CCCO)c1ccc(OC(C)(C)C)cc1,3.49,3.57,4.215,4.328,4.339,4.365,4.421,4.44,4.47,4.547,4.927,5.026,5.253,5.295,5.339,5.353,5.446,5.647,5.732,5.768,5.857,5.862,5.898,5.922,5.999,6.032,6.048,6.108,6.129,6.146,6.155,6.192,6.234,6.272,6.287,6.343,6.403,6.405,6.532,6.595,6.621,6.637,6.718,6.723,6.763,6.794,6.835,6.861,6.884,6.909,0.01409806,0.00923563,0.00612222,0.00011227,0.00163294,0.01435954,9.704e-05,0.00153805,0.000156,6.188e-05,0.01908308,0.17984156,0.01089179,0.05025813,0.00484956,0.00285734,0.00019351,0.00393156,0.00055697,0.00185507,0.00239959,0.02115639,0.01492354,0.01001455,0.00998467,0.01093233,0.02403802,0.01584816,0.01303179,5.828e-05,0.01827957,0.00359088,0.02385488,0.0007775,0.01059967,0.26414686,0.12295538,0.00534048,6.099e-05,0.0013691,0.27375658,0.00137175,0.00014084,0.00551423,0.00044795,0.00277968,0.00208722,0.00263733,0.00016132,0.054356,4910369.999998287,2.666466987860735,0.056549043066318,-0.0850750446497367,0.376554526549034,1
7585028,7585028,CSCc1n[nH]c(C(=O)NCCC2CN(C(=O)c3ccccc3)C2)c1C,3.427,3.593,3.755,3.9,3.974,4.012,4.02,4.089,4.171,4.174,4.244,4.318,4.439,4.521,4.607,4.783,4.833,4.863,4.949,4.972,5.05,5.094,5.183,5.213,5.252,5.336,5.336,5.374,5.411,5.474,5.527,5.661,5.68,5.859,5.872,5.962,6.039,6.057,6.059,6.14,6.146,6.155,6.173,6.203,6.22,6.229,6.266,6.292,6.326,6.333,0.00103348,1.963e-05,0.00030274,8.16e-06,0.00020184,0.00054277,0.02523736,0.00080479,0.00171852,0.00100226,6.8e-07,1.7e-07,1.4e-07,4.914e-05,6.192e-05,5e-07,3.13e-06,1.406e-05,2.758e-05,0.02466843,0.00089266,0.00312721,0.00838926,0.09490791,0.00234858,0.00496594,6.476e-05,0.10439762,0.0033217,0.18765414,0.01985761,0.00067293,6.1e-07,0.00023932,0.00438473,0.00224133,0.00843591,0.00838164,0.0089666,0.00070369,1.105e-05,0.00164985,0.04699669,0.00072038,0.00225559,0.2141816,0.06704589,0.00026199,0.01083859,0.04280868,2339510.999999183,-1.2606543266317471,0.0857344812601712,0.8577580496715466,0.1184201746004332,3
4164009,4164009,Cn1nncc1C(=C1CCC1)N(CCNC(=O)C1CCC(NC(N)=O)CC1)C1CC1,4.18,4.262,4.505,4.731,5.0,5.024,5.108,5.137,5.235,5.338,5.387,5.486,5.517,5.542,5.576,5.632,5.707,5.718,5.722,5.867,5.948,5.948,5.978,6.002,6.124,6.236,6.237,6.274,6.352,6.375,6.442,6.517,6.553,6.566,6.614,6.642,6.673,6.737,6.804,6.828,6.875,6.881,6.896,6.909,6.925,6.946,7.034,7.041,7.124,7.145,0.01616042,0.0320526,1.84e-06,1.214e-05,0.00088548,8.949e-05,0.01808263,0.17116038,0.00185497,0.00380236,0.01077645,0.00626668,0.00294871,0.03413568,0.13883652,0.00462194,0.00019975,6.303e-05,2.489e-05,0.01928612,0.00250596,0.00020378,0.00147493,0.00366555,0.00824475,0.00053314,0.00045293,0.10528829,0.00142625,0.01268475,3.138e-05,0.00311804,0.00046622,0.00414265,0.002976,0.00030341,0.00271502,0.00054869,0.02254812,0.01551288,0.00184137,0.00074671,0.00099787,0.002916,0.00033037,0.00283823,0.0830953,0.01787106,0.0006154,0.00160822,-1081507.9999996228,4.655329592711558,-1.1991754702039454,0.1877203850333175,-0.217370518692073,0
1599066,1599066,Cc1oncc1CN1CC2(C1)OCCN2C(=O)C(=O)Nc1cncc2ccccc12,2.659,3.166,3.353,3.387,3.431,3.484,3.518,3.911,3.972,4.03,4.064,4.085,4.099,4.217,4.22,4.251,4.317,4.378,4.452,4.479,4.668,4.703,4.741,4.755,4.774,4.778,4.88,4.915,4.929,4.95,4.98,5.085,5.115,5.177,5.184,5.251,5.271,5.312,5.327,5.357,5.392,5.419,5.442,5.476,5.493,5.53,5.531,5.543,5.586,5.639,0.00324032,0.0001267,0.0008067,0.00066811,0.06130068,0.06774477,0.00030812,0.00015949,0.00208788,4.896e-05,0.00014564,0.00875809,0.00094869,4.35e-06,6.72e-06,1.1e-07,1.101e-05,9.17e-06,0.05054336,0.00067883,0.00213198,0.00096527,0.01324218,0.00093329,0.01440118,0.06255581,0.01033325,0.04734055,0.00093846,0.05710605,0.1184876,0.00049007,3.967e-05,0.00044408,4.06e-05,0.00012732,0.00791297,0.05168344,0.00262725,0.0096107,0.00597719,0.00216988,0.00016673,0.00136895,0.02052357,0.00547593,0.00025752,0.09603713,0.00870175,0.00024007,-3646450.999998727,-5.129966079556513,-0.0445850867612701,0.0460544217836166,-0.0496671038403597,2
5980245,5980245,Cc1ccc(-n2cc(CN3CCCC3)nn2)s1,2.661,3.957,4.058,4.295,4.48,4.829,4.862,5.131,5.205,5.275,5.377,5.422,5.541,5.543,5.749,5.838,5.878,5.88,5.935,6.069,6.087,6.141,6.298,6.374,6.395,6.553,6.577,6.646,6.697,6.749,6.784,6.855,6.86,6.896,6.951,7.047,7.079,7.159,7.247,7.269,7.272,7.308,7.361,7.363,7.517,7.587,7.611,7.652,7.657,7.668,0.00272873,0.34407377,0.00100795,0.13612116,0.00056262,0.00094425,0.01812763,3.07e-06,0.00990605,0.00472365,0.01493472,8.514e-05,2.265e-05,0.00029292,0.05085796,0.00508231,1.806e-05,0.00430326,0.03282943,0.0041295,4.028e-05,0.01303147,0.00165874,0.00094635,0.00898914,0.00137854,0.03954985,0.00049327,0.00846864,3.695e-05,4.96e-05,0.01113614,0.0219538,0.00155416,0.0001137,0.18310358,0.01475515,0.00229557,0.00021231,0.00776247,0.00073902,3.3e-06,5.159e-05,0.00051197,0.00107322,0.00017609,0.14793812,0.02514238,0.01329556,0.03990979,734727.9999997386,6.305164761363733,1.012313659496944,-0.1566096438564141,-0.5635573303595095,4
6394826,6394826,CCON=C(OCc1cc2ccccc2[nH]c1=O)c1cc(CC)[nH]n1,1.957,2.861,3.069,3.156,3.364,3.554,3.614,3.795,4.061,4.178,4.242,4.256,4.272,4.331,4.565,4.656,4.694,4.702,4.813,4.829,4.85,4.88,4.908,4.943,5.032,5.104,5.203,5.261,5.375,5.385,5.408,5.453,5.459,5.527,5.53,5.559,5.581,5.584,5.653,5.686,5.708,5.743,5.763,5.797,5.812,5.901,5.971,5.986,6.021,6.047,0.00105215,4.998e-05,0.00200722,0.000251,0.00010136,0.13982648,0.00036919,0.000128,6.89e-05,0.00609106,0.03377758,0.07510108,0.00588999,0.0007871,5.619e-05,0.00502867,0.0350328,0.00261409,0.00165585,0.00349348,0.06456044,0.00094616,0.00342052,0.10115613,0.01603734,0.01493259,5.626e-05,0.00259597,0.00066386,0.00252076,0.20109921,0.00336434,0.00591689,0.01162907,0.00048687,0.00886248,0.01953753,0.00034477,0.07312889,0.00176782,0.00533166,0.00064519,0.17127467,0.00081397,0.14223605,0.14474725,0.00220638,0.0341991,0.00467669,0.08890297,1149308.9999996,-3.3353865782564824,1.1081713997424338,-0.4692919155383178,-0.2134396268924963,3
5162706,5162706,COc1ccccc1C(=O)NNC(=O)c1ccc(SC(C)(C)F)nc1,3.054,3.062,3.237,3.34,3.402,3.461,3.531,3.577,3.631,3.706,3.898,4.047,4.052,4.078,4.168,4.241,4.301,4.348,4.408,4.415,4.489,4.621,4.805,4.819,4.833,5.022,5.062,5.106,5.11,5.24,5.303,5.327,5.331,5.414,5.449,5.496,5.508,5.56,5.579,5.627,5.66,5.666,5.671,5.694,5.712,5.748,5.769,5.839,5.895,5.935,0.08610512,0.00539502,0.00142362,0.10691068,4.03e-06,0.01683736,9.743e-05,0.00131611,0.00298774,3.82e-05,0.07524318,0.00758926,0.00452544,0.06274213,0.03927191,1.23e-05,0.09529851,0.0390375,0.01977746,0.00041962,0.00020484,0.0021854,0.01337512,0.00014838,0.06710409,0.05937611,0.06696911,0.00089601,0.00103066,0.01332388,0.00127621,0.00087095,0.01766334,0.00637806,2.122e-05,0.07298656,4.78e-06,0.00462843,0.00124847,0.07487839,0.02958953,0.00386604,0.01308981,0.00021406,0.07104804,0.00215133,0.02746338,0.02682668,0.05265059,0.01179387,-82810.99999996879,-4.36780784589176,0.6748443886858017,0.8010403632806329,0.3065717377738461,4
9468300,9468300,Cc1nc(-c2ccc(OCc3ccccc3)cc2)nn1CC(=O)c1coc(C#N)c1,2.293,2.773,3.312,3.449,3.565,3.618,3.665,3.673,3.767,3.797,3.94,3.981,4.057,4.073,4.165,4.249,4.26,4.298,4.374,4.474,4.475,4.564,4.641,4.689,4.74,4.741,4.784,4.824,4.834,4.855,4.9,4.907,4.927,4.95,4.965,5.021,5.067,5.078,5.101,5.108,5.17,5.18,5.227,5.233,5.267,5.273,5.298,5.304,5.307,5.348,0.01215282,0.00173613,0.0044602,0.00057299,0.00056374,0.00114155,0.00032514,1.124e-05,4.28e-06,0.00075358,7.472e-05,5.8e-06,0.00022615,0.00226313,9.42e-06,0.0121468,5.397e-05,0.06291844,0.45188317,0.04113214,0.05614454,0.00064426,0.00017708,7.834e-05,2.052e-05,0.00028978,0.00020932,0.0033902,6.398e-05,8.033e-05,0.00022654,0.0050218,0.00061332,2.555e-05,0.0001959,0.00147099,0.00039727,0.03797517,6.716e-05,0.00556317,0.00228962,2.302e-05,0.00106342,0.00096375,0.00129229,0.00010743,0.0033387,0.03790056,0.1268512,4.21e-06,4222782.9999985285,-6.165949575376061,-0.1709886147054532,-0.3446868658249105,-0.1048471891570359,1
3507158,3507158,CCNc1nc(C(=NOC)Nn2cc(C)[nH]c2=O)co1,3.45,3.92,4.349,4.506,4.523,4.801,4.928,5.039,5.093,5.247,5.396,5.495,5.66,5.791,5.818,5.93,6.136,6.324,6.354,6.385,6.454,6.523,6.536,6.6,6.7,6.742,6.856,6.982,7.098,7.103,7.148,7.163,7.224,7.293,7.357,7.366,7.444,7.499,7.53,7.6,7.657,7.759,7.789,7.837,7.925,7.929,7.971,8.099,8.118,8.121,0.00979803,0.01234111,0.09373627,0.0623638,0.02997796,0.00050673,0.01239835,0.06494502,0.0538422,0.02785987,0.08496601,0.00117559,0.04395692,0.08123441,0.00467652,0.00717883,0.00083579,0.07701592,0.04512794,0.14785745,0.00399277,0.00101191,0.00282941,0.01210026,0.10177632,0.07137068,0.10100825,0.07566496,0.01880952,0.00216542,0.00018974,0.00117124,0.00685457,0.08393273,0.01907152,0.01707511,0.00786001,0.00365444,0.09790059,0.07249821,0.00041757,0.00855533,0.00210607,0.01186472,0.05175371,0.07355459,0.04874441,0.00934059,0.00188348,0.00626452,-1738358.9999993958,8.343490593949744,1.3415245636827329,0.3480027634850879,0.0383831529378548,0
6692482,6692482,CC=C(NCC(=O)NC1CCN(C2CC2)CC1)c1ccc(CCCC)cc1,3.304,3.4,3.59,3.684,4.047,4.143,4.443,4.537,4.857,5.107,5.134,5.15,5.268,5.479,5.602,5.642,5.736,5.866,5.876,5.93,5.961,5.969,5.972,6.024,6.033,6.065,6.098,6.126,6.159,6.19,6.208,6.302,6.358,6.391,6.438,6.444,6.474,6.484,6.502,6.524,6.534,6.57,6.577,6.613,6.649,6.744,6.786,6.829,6.839,6.849,0.00063559,0.000408,5.49e-06,1.641e-05,2.627e-05,0.00250556,1.1e-06,1.058e-05,0.00025148,0.00116406,0.00746808,0.00052702,0.05594151,0.08635974,0.0011342,0.00015305,1.869e-05,0.00029786,0.00078218,0.00059787,0.0004145,0.00029846,0.0009792,0.00047138,0.01007805,0.00068653,0.00439683,0.00214006,0.00078224,0.00395841,0.00374491,0.08929701,0.42165326,0.07269459,0.00122988,0.06051178,0.02870836,0.00368985,0.16959087,0.02744687,0.00212511,0.03302078,0.02009481,0.03451406,0.07524597,0.00173891,0.08559352,0.00059751,0.00281534,0.0026609,1446964.9999994943,2.899628546556249,0.3828269296139395,-1.0829758112083896,0.3315717730706878,3
5514002,5514002,CCn1nnnc1Cc1cccc(C(=O)NCCc2ccc[nH]2)c1,3.493,3.608,3.796,3.905,4.3,4.419,4.421,4.428,4.554,4.589,4.609,4.729,4.745,4.857,4.866,4.897,4.977,5.03,5.176,5.349,5.359,5.62,5.626,5.676,5.735,5.801,5.802,5.908,5.933,5.962,5.981,5.993,6.02,6.07,6.092,6.158,6.199,6.243,6.269,6.276,6.286,6.324,6.362,6.395,6.398,6.413,6.431,6.447,6.449,6.463,0.00241896,0.00169538,0.00017198,3.988e-05,0.00043174,0.00286809,0.00059609,0.00708606,0.00017525,0.00013036,0.0017264,3.434e-05,0.01251766,9.41e-05,0.00092922,0.00065247,4.502e-05,0.01025938,0.00048078,0.01600669,0.02503338,3.641e-05,0.00032539,0.00026797,0.00325934,4.45e-06,0.0017403,0.00933713,0.00716558,0.0086532,0.01966152,0.02202183,0.01616482,0.22829063,0.00074971,0.00031839,0.05065056,0.14263521,0.00729466,0.01445045,0.00026017,0.01458545,0.02034182,0.00027205,0.00185221,0.16782705,0.01165582,0.01265597,0.00076085,0.08090955,268484.99999990524,0.6839700741548725,-0.1116608991791401,0.2508443552174566,0.2260974841510182,4
3070783,3070783,CCOC(C)(C)CNC(=NC)Nc1ccc2c(c1)CCCN(C(=O)OC(C)(C)C)Cc1ccccc1O2,3.383,3.666,3.676,3.755,3.82,3.829,3.933,3.978,3.99,4.055,4.139,4.151,4.212,4.266,4.323,4.34,4.377,4.427,4.491,4.522,4.666,4.669,4.7,4.723,4.757,4.779,4.85,4.895,5.006,5.056,5.092,5.152,5.187,5.225,5.252,5.398,5.404,5.435,5.454,5.551,5.579,5.663,5.683,5.719,5.761,5.817,5.865,5.871,5.879,5.882,0.0003504,0.00075396,0.0164194,0.01121423,0.00015056,0.00269517,0.0006593,0.00044648,0.00072529,6.36e-06,0.00429206,0.00252359,0.00103632,0.00455371,0.01173433,0.00242235,0.00961792,0.22545295,0.01759043,0.00596712,0.03117482,0.0578491,0.02765332,0.03245278,0.00345332,0.01876631,0.00347463,0.00080175,0.01356633,0.00115436,0.00218996,0.01131289,0.00821202,0.01516787,0.07099732,0.00120441,0.00515953,0.00068581,0.00241776,0.00041998,0.03573086,0.04066719,0.07177313,8.786e-05,0.02612165,0.16221485,0.01800399,0.00215989,0.00925998,0.01521821,-2174733.999999239,-4.114294458737944,-0.6385742549154102,0.908817544586187,-0.2149901905609426,0
8054404,8054404,O=C(CCCC1=NC=C2OCCCCC21)NC1(c2ccc(F)cc2F)CCCC1,2.943,3.333,3.568,3.962,4.034,4.067,4.068,4.266,4.458,4.546,4.657,4.726,4.794,4.93,5.04,5.308,5.415,5.437,5.486,5.535,5.642,5.667,5.699,5.755,5.798,5.851,5.876,5.916,5.927,5.967,6.005,6.031,6.037,6.076,6.101,6.135,6.145,6.173,6.187,6.189,6.241,6.241,6.266,6.318,6.333,6.349,6.359,6.397,6.43,6.449,6.69e-06,3.63e-06,0.00053967,0.00356973,0.0009797,0.00026301,0.13780021,0.00219071,2.4e-05,0.00408251,0.00171673,0.00024346,0.00165102,0.04732487,7.22e-06,1.307e-05,0.0004855,0.04177973,0.00080325,0.00036309,0.0001309,2.69e-06,1.572e-05,1.773e-05,0.00363711,3.626e-05,0.00021278,0.00011813,0.00038675,0.00052793,3.479e-05,0.00259592,0.00507828,0.00368485,0.00383516,0.00785618,0.00039252,0.19244164,0.01674268,0.00557345,0.00240738,0.00356598,0.09820701,0.05147666,0.00076311,0.01179202,0.0017721,0.00321391,0.00133811,0.00046835,2808886.9999990207,0.6987940723758375,0.3499639840093857,-0.6594102357856547,0.5291988428696686,3
68533,68533,CCNc1cc(C)[nH]c(=O)c1CC(=O)NC1(C(=O)O)Cc2ccccc2C1,3.247,3.363,3.473,3.506,3.669,3.702,3.826,3.908,4.023,4.168,4.2,4.297,4.455,4.518,4.549,4.667,4.668,4.701,4.721,4.763,4.822,4.843,4.94,4.989,5.021,5.026,5.082,5.097,5.177,5.255,5.261,5.488,5.573,5.621,5.661,5.695,5.784,5.798,5.887,5.948,6.082,6.145,6.177,6.208,6.221,6.242,6.254,6.26,6.262,6.263,0.00046826,0.09211393,0.00017936,0.00035569,1.8e-05,1.38e-06,0.00026353,0.00465714,1.037e-05,0.00142474,0.00037853,0.00062048,0.0004867,8.428e-05,0.01321047,6.484e-05,4.847e-05,0.00077042,0.00080877,0.0060123,0.00064976,3.431e-05,0.06471699,0.00758109,0.0023561,0.01421488,0.00422537,0.00500525,0.0017202,0.0004882,0.00131697,0.00737692,0.01479768,0.0001059,0.03862565,0.02900532,0.193977,0.00333571,0.02799628,0.00365424,0.0635486,0.00018123,0.00666729,0.02578194,0.00015156,0.00142306,0.00010852,0.00785507,0.00219316,0.0001277,-5176983.999998193,-2.355908414417246,0.469129101111611,0.835460198224819,-0.2371612257146819,2
4411013,4411013,CCC(CC)CCNC(C)(Cc1nc2ccccc2[nH]1)NC(=O)N1CCCC1,4.622,4.664,4.714,4.867,4.892,4.94,5.542,5.654,5.712,5.81,5.823,5.911,5.928,5.988,6.07,6.141,6.159,6.184,6.192,6.246,6.335,6.368,6.392,6.427,6.481,6.496,6.596,6.691,6.808,6.873,6.887,6.904,6.93,6.958,6.983,7.122,7.154,7.204,7.205,7.24,7.247,7.256,7.35,7.374,7.423,7.457,7.477,7.516,7.539,7.562,0.07935014,0.08030794,0.01704431,0.00172053,0.00299653,0.00030694,0.00370194,0.00379971,0.01050459,0.00933224,0.06319021,0.00510752,0.00703581,0.00279603,0.00669383,0.21666642,0.06302552,0.00078554,0.05108949,0.47752977,0.00226874,0.00136669,0.0033302,0.0003289,0.00231151,0.00018565,0.00477417,7.235e-05,0.00367069,0.01282182,6.644e-05,0.00249441,0.01347745,0.00259821,0.00351789,0.00015044,0.00155879,0.00052752,0.00028974,0.00103554,9.87e-06,0.36377816,0.01006836,0.00479586,0.00085441,0.00306052,0.00010275,0.02827606,0.00976854,0.00061177,-834503.9999997147,7.507294599388679,-1.2472397215846531,-0.0024746026397327,-0.1160836689810771,4
8544138,8544138,CN(CCNC(=O)CCCF)NC(=O)c1cn[nH]c1C(C)(C)C,4.502,4.782,5.012,5.061,5.075,5.35,5.357,5.439,5.523,5.658,5.863,6.023,6.029,6.06,6.14,6.303,6.35,6.369,6.402,6.53,6.665,6.684,6.739,6.775,6.914,6.929,6.982,7.08,7.169,7.236,7.243,7.248,7.347,7.358,7.373,7.394,7.576,7.594,7.64,7.764,7.794,7.81,7.824,7.952,7.97,8.008,8.108,8.121,8.124,8.133,0.00093952,5.681e-05,0.00536515,1.94e-05,0.00025472,0.00022006,0.00032286,8.888e-05,0.00080327,0.01803797,0.01485343,0.00273144,0.01799499,0.0005566,0.10530384,0.00336716,0.00070809,0.00054377,0.00123716,0.01130645,2.003e-05,0.00027513,0.16784792,9.44e-06,0.04621269,0.00399352,0.14088535,0.18365061,0.02650648,0.00272371,0.00405437,0.00724318,0.00026737,0.00615294,0.00898724,0.00011666,0.00282592,0.00039263,0.00330554,0.0003872,0.00486395,0.04455508,0.00277347,0.03656538,0.01264846,0.06622208,0.03873703,0.05165358,0.00723446,0.00512747,3298620.9999988466,9.789233002136871,-0.3830621516396996,0.5804734528327579,0.0830463490220116,1
3030327,3030327,CC1(C(=O)NCC2=CCN(CC(=O)NC3CCCCCC3)C=C2)CC1,3.452,3.525,4.161,4.209,4.491,4.556,4.95,4.973,5.247,5.371,5.571,5.651,5.69,5.74,5.785,5.879,5.962,6.0,6.039,6.067,6.086,6.229,6.293,6.381,6.415,6.459,6.514,6.536,6.677,6.75,6.771,6.906,6.929,7.005,7.048,7.083,7.102,7.144,7.176,7.202,7.269,7.275,7.331,7.345,7.36,7.501,7.508,7.513,7.538,7.56,0.00991825,0.08687453,0.00208023,0.0153828,0.00095594,0.00013412,0.00041351,1.291e-05,0.00350041,0.00044432,0.00023357,0.00026771,1.77e-06,0.00108761,0.00023607,0.00022888,1.517e-05,4.341e-05,0.0068623,0.00018472,0.00264111,0.00203792,0.00094871,0.03205264,4.91e-06,0.04825506,0.001413,0.01074104,0.00365085,0.00145737,2.019e-05,0.0003874,0.08812413,0.11257296,0.22573724,0.00576035,0.31191836,0.00923833,0.00120941,0.00047833,0.02125848,0.01630176,0.00604368,0.03196815,0.01467831,0.00809076,0.03286778,0.01426342,0.00305078,0.01005999,-2215189.99999923,6.340475346745235,0.699804649140545,-0.3166775440581655,-0.2591149873441562,0
8273964,8273964,COC(=O)c1cc(NNC(CCO)c2ccnc(F)c2OC)ccc1F,3.139,3.17,3.517,3.627,3.741,3.825,4.156,4.289,4.441,4.444,4.541,4.581,4.598,4.682,4.749,4.752,4.761,4.835,4.9,4.967,4.977,5.113,5.13,5.143,5.199,5.224,5.299,5.354,5.444,5.455,5.478,5.584,5.593,5.645,5.68,5.684,5.782,5.796,5.821,5.882,5.917,5.983,6.007,6.083,6.126,6.135,6.167,6.205,6.221,6.245,0.03019735,0.00585635,0.0005329,6.821e-05,0.00017364,4.97e-06,0.00370659,2.4e-07,0.0155638,0.00082237,0.04600888,0.05716842,0.12242966,0.00079617,0.00119581,0.01393415,0.00032007,0.00010024,0.00382508,0.0019309,0.00027253,0.07366289,0.00302171,0.0002247,0.00293375,0.00032762,2.692e-05,0.05287463,0.03034691,0.09914063,0.0002043,0.01153443,4.374e-05,0.13841885,0.00013641,0.01498728,0.00219968,0.0072966,0.02402675,0.00395814,0.01171948,0.06263478,0.11056603,0.17394919,0.00854344,0.00568403,0.0074755,0.00056814,0.03541197,0.0005305,3028446.9999989443,-1.7678317559723296,0.0396462175412418,0.0168182080833627,-0.3162883170175202,3
4228059,4228059,COc1cccc2c1OCC(C(=O)Nc1ccc(C3(O)CC3)c(F)c1)=C2,2.772,3.052,3.158,3.294,3.463,3.766,3.897,3.919,3.964,4.107,4.193,4.36,4.38,4.539,4.566,4.659,4.694,4.71,4.729,4.751,4.789,4.862,4.943,4.968,4.994,5.0,5.027,5.044,5.071,5.181,5.215,5.264,5.301,5.326,5.376,5.412,5.417,5.429,5.466,5.558,5.598,5.613,5.634,5.68,5.703,5.738,5.838,5.911,5.96,5.969,0.03919819,0.02629947,0.03032248,0.06019255,0.08657658,0.0023035,0.00347943,0.00512324,0.10489571,0.00203866,0.00062006,0.0128446,0.00533335,0.00018044,0.03709179,0.0763662,0.05704591,0.04562765,0.04912865,0.01126072,0.00850731,0.07960694,0.00785609,0.00458231,0.03672523,0.08583556,0.01163777,0.02060169,0.00597623,0.00058349,0.0004348,0.01861701,0.01605531,0.00189492,0.00962501,0.00080944,0.00324618,0.02767,0.04565703,0.01158752,0.00120635,0.14816031,0.00434583,0.00931312,0.01690541,0.05209804,0.23233583,0.01135526,0.0015009,0.01209919,-1017457.999999644,-3.728135425332409,0.1774412836169981,-0.297414872709734,-0.1366838364575983,4
9941670,9941670,CCN(CC)NC(F)COc1ccc2nc(NC(=O)CC3CCN(OC)CC3)sc2c1,3.289,3.434,3.81,3.861,3.925,4.006,4.199,4.283,4.498,4.537,4.605,4.618,4.763,4.822,4.85,4.971,5.063,5.176,5.255,5.33,5.393,5.485,5.556,5.604,5.611,5.647,5.686,5.71,5.741,5.749,5.752,5.792,5.793,5.89,5.906,5.929,5.938,5.965,5.971,6.0,6.03,6.104,6.133,6.152,6.217,6.237,6.241,6.255,6.281,6.309,2.23e-06,2.72e-06,0.31072631,8.4e-07,3.5e-07,2.854e-05,0.00629646,0.01038562,1.442e-05,0.06502702,0.05040219,2.299e-05,4.68e-06,0.00111423,0.00135049,0.02301642,0.00488264,0.00264766,9.26e-06,0.33082147,0.00382091,0.00176309,0.01990215,5.64e-06,0.00273553,0.00107904,0.0563474,2.157e-05,0.04998815,1.111e-05,0.0460696,0.0025637,0.00105119,0.00105855,0.00226222,0.00078693,1.17e-06,0.00091972,0.00059022,0.06374299,0.00980736,0.02140547,0.01046134,0.00016444,0.00014256,5.007e-05,2.4e-07,0.00064263,5.981e-05,0.00134381,4696152.999998362,-0.3328648279179584,-0.1531203982783249,-0.2748689495666048,0.3882685487034809,1
1246313,1246313,CCOc1cc(C(=O)Oc2ccc(C3CC3)cc2OC)n[nH]1,4.031,4.236,4.389,4.506,4.677,4.736,4.786,4.871,4.958,5.206,5.333,5.462,5.591,5.669,5.7,5.718,5.775,5.79,5.843,5.896,5.907,5.918,5.937,5.992,6.105,6.153,6.194,6.261,6.321,6.353,6.432,6.552,6.613,6.615,6.666,6.687,6.699,6.726,6.75,6.766,6.803,6.839,6.867,6.909,6.978,6.994,7.009,7.059,7.064,7.124,0.00280297,0.00012448,0.0188252,0.00184751,0.04874779,0.06094143,0.02000368,0.00793164,0.01079031,0.068997,0.00291488,0.01914478,0.09467857,0.00445022,0.00232429,0.0092424,0.00622191,0.07004187,0.02766798,0.21391686,0.03507837,0.02120854,0.00855247,0.00135923,0.11036844,0.03533004,0.2063615,0.00351383,0.00032902,0.01268042,0.00726778,0.1184713,0.00199309,0.00328737,0.00626502,0.08229088,0.01732009,0.0001169,0.12937791,0.2384414,0.01394707,0.01078181,0.0153407,0.01439356,0.04770419,0.04360743,0.01058451,0.04674072,0.06980821,0.02546526,-3999203.999998605,4.455398401664774,-0.7414226766095255,-0.0064979334386455,0.1039779974159444,2
618117,618117,C=CCOc1ccccc1C(=O)N1C=CC(C(=O)N2CCN(C)c3ccccc3C2)CC1,3.248,3.327,3.498,3.589,3.695,3.737,3.763,3.813,3.928,3.94,3.958,3.996,4.018,4.023,4.051,4.1,4.18,4.199,4.222,4.24,4.419,4.429,4.439,4.456,4.473,4.483,4.501,4.535,4.547,4.57,4.779,4.803,4.888,4.994,5.049,5.055,5.066,5.124,5.137,5.153,5.214,5.253,5.255,5.312,5.356,5.429,5.492,5.497,5.506,5.521,0.00564479,0.00054101,0.00108895,7.462e-05,0.00142521,0.00029643,0.00258333,0.00549977,0.00093019,0.00052358,0.01944806,2.379e-05,0.00017627,6.132e-05,0.0012391,0.00565406,0.05079307,0.00373867,0.00226952,9.642e-05,0.02302216,0.00410194,0.00047558,0.00096111,0.00065116,0.00068828,0.00911179,0.00062738,0.09572334,0.00116401,0.01080568,0.00010911,3.005e-05,0.05018228,8.88e-05,0.01297417,2.267e-05,0.00145387,0.00591952,0.00151006,0.00531938,0.05937807,0.25254526,0.00031218,0.11461868,0.00205579,8.95e-05,0.00053311,0.0002313,0.00608196,-4627399.999998382,-6.156985248750854,-0.878945473373614,0.6999124758732526,-0.3781040022433695,2
7058391,7058391,CC1(C)CN(CCCO)CC1NC(=O)NCc1ccc(C(N)=O)o1,3.492,3.707,3.773,4.163,4.607,4.776,5.061,5.186,5.311,5.401,5.466,5.604,5.824,5.839,5.858,5.965,6.021,6.093,6.138,6.257,6.309,6.315,6.366,6.469,6.577,6.629,6.691,6.747,6.81,6.85,6.919,6.921,6.941,7.021,7.066,7.108,7.279,7.281,7.297,7.347,7.366,7.386,7.443,7.454,7.458,7.532,7.634,7.651,7.658,7.714,0.00023055,0.00044283,1.56e-05,3.087e-05,0.03032474,3.653e-05,0.32021577,0.00013183,0.02489227,0.00015945,9.952e-05,6.9e-05,0.01835497,4.155e-05,0.00064114,0.00013943,4.487e-05,0.00247652,8.167e-05,4.23e-06,0.00398442,0.01258383,0.00150731,1.703e-05,1.367e-05,0.01129923,0.00012825,0.00026413,0.03267155,0.00024427,0.11120408,0.0235768,0.0061403,0.00027654,5.858e-05,0.00037912,8.35e-06,0.0001861,0.00012152,2.336e-05,0.00678059,0.00209632,0.19152554,0.00027432,0.10650289,4.907e-05,0.00462622,0.00013854,0.0019607,0.00058383,1812873.999999365,7.007910931496065,0.8093615121531481,-0.3995812125865037,-0.244073854410902,3
1523954,1523954,COCCN(C)CCCC1CCN(C(=O)c2occc2CS(=O)(=O)c2ccccc2)CC1,3.153,3.184,3.428,3.454,3.484,3.538,3.574,3.726,3.756,3.84,4.037,4.141,4.187,4.225,4.369,4.521,4.659,4.749,4.873,5.036,5.081,5.096,5.11,5.14,5.151,5.158,5.176,5.24,5.286,5.301,5.332,5.397,5.4,5.417,5.424,5.459,5.481,5.49,5.52,5.548,5.551,5.606,5.633,5.673,5.702,5.707,5.72,5.724,5.742,5.803,2.45e-06,0.00060602,0.00090142,2.5e-07,5.546e-05,8.2e-07,0.00020564,0.00014198,0.01910752,0.0,0.00062233,7e-08,0.09750913,3.05e-06,0.00595981,0.13107463,0.00037523,0.00115769,0.01517134,0.00239865,0.07866287,3.931e-05,0.00109983,3.9e-05,0.0427548,7.763e-05,0.0107921,0.00147186,0.02671367,0.02378338,0.00038424,8.22e-06,0.00249064,0.00092599,0.00195512,2.063e-05,0.00016523,0.00481765,0.01416463,0.00318652,0.00156884,0.01824049,3.987e-05,0.00014391,0.00152914,3.842e-05,0.00038486,0.00041982,0.00011434,3.173e-05,-3721562.999998701,-3.62956141235357,0.1703396313264323,-0.0480072064516943,0.899126932977122,2
5614001,5614001,CCc1ccccc1CNC(=O)CSCC(=O)NCC(C)(C)c1ccccc1CCN,3.992,4.06,4.101,4.168,4.169,4.189,4.276,4.297,4.603,4.669,4.671,4.738,4.761,4.79,4.81,4.828,4.843,4.866,4.898,4.912,4.935,4.939,4.955,5.007,5.05,5.054,5.092,5.116,5.118,5.141,5.144,5.154,5.156,5.187,5.208,5.244,5.423,5.444,5.449,5.502,5.666,5.72,5.803,5.812,5.863,5.881,5.893,5.971,5.982,5.991,0.00018577,2.549e-05,0.00039054,9.658e-05,8.135e-05,0.0001284,0.00011722,5.599e-05,2.1e-06,2.74e-06,9.8e-07,4.47e-06,0.00042377,0.00335377,0.00047812,0.00107588,4.416e-05,0.00101653,0.00402348,3.409e-05,0.00026043,0.00016006,7.737e-05,1.959e-05,3.04e-06,0.00460041,0.00165224,0.00067592,6.21e-06,0.00076812,0.00104081,0.00643606,0.00138605,8.54e-06,1.04e-06,3.556e-05,5.88e-06,5.514e-05,0.02159098,0.02210216,0.0003554,7.61e-06,0.00073386,1.05e-06,0.00262109,2.73e-06,0.00016576,0.01370041,0.00400112,0.00057955,368483.9999998756,-2.562823233630738,-2.002856010671833,0.1944113221717285,-0.2781343476368835,4
2056117,2056117,COCC1(C(=N)NOCCOC(C)(C)CCC#N)CC1,6.137,6.143,6.149,6.278,6.374,6.571,6.803,6.809,6.964,6.971,7.051,7.057,7.079,7.363,7.422,7.479,7.485,7.703,7.783,7.936,7.942,8.039,8.078,8.092,8.227,8.276,8.282,8.32,8.348,8.38,8.421,8.426,8.598,8.721,8.752,8.753,8.759,8.803,8.804,8.854,8.945,8.958,8.986,9.011,9.026,9.035,9.066,9.111,9.118,9.136,0.00213857,4.5e-06,0.00018097,0.01191226,0.00783733,0.10269652,2e-07,1.946e-05,0.00028392,0.00277931,1.23e-06,3.337e-05,0.10295994,0.03389181,0.01107781,1.43e-06,8.437e-05,0.03279703,0.01388843,4.525e-05,0.00015262,0.00011609,0.00185819,0.00431525,0.01661672,8.288e-05,0.00022332,0.01691866,0.00095963,0.00239121,0.00011604,8.744e-05,0.00354246,0.00627681,0.02878519,0.00092929,0.00014474,0.00556206,0.01119563,0.03536181,0.01090675,0.00455134,0.00118284,0.00098875,0.00013129,0.0010711,0.00887777,0.00071446,0.00020159,0.00357108,-3189399.999998893,18.3128511665505,-2.100266896808072,0.3248058617195675,0.5212026305111607,2
6944095,6944095,COc1cccc(C(C)=CCCC(=O)NNCC(F)(F)c2cc(F)nc(F)c2)c1,2.826,3.1,3.255,3.567,3.613,3.823,3.842,3.991,4.15,4.243,4.354,4.37,4.383,4.53,4.623,4.797,4.891,4.9,4.923,5.009,5.014,5.024,5.029,5.164,5.256,5.345,5.364,5.395,5.421,5.424,5.449,5.463,5.484,5.515,5.6,5.613,5.638,5.659,5.664,5.69,5.765,5.801,5.905,5.916,5.979,5.994,6.012,6.024,6.064,6.132,3.81e-06,2.38e-06,0.00277031,2.007e-05,4.767e-05,0.0016632,6.01e-06,0.00015847,5.725e-05,0.00021537,6.38e-06,0.01005574,0.0199777,0.01525147,0.00011153,1.129e-05,0.0009948,0.0559358,0.00401483,0.00385384,0.06407407,0.00250551,0.02301888,8.003e-05,0.00356282,0.06911654,0.00030345,0.00120915,0.00206435,0.0068572,0.00336559,0.0015097,0.00077332,0.00120808,0.00217739,0.02052862,0.00017827,0.00115019,0.00050027,0.1874665,0.00019019,0.0254042,3.2e-06,0.00473058,0.03225381,0.00012503,0.00049083,3.194e-05,0.00059227,0.01733027,1698577.9999994086,-2.459952133538798,0.330136873878702,-0.2700638127683326,0.0884409472386301,3
3526001,3526001,CCN(CCc1cccs1)C1=NN=C(CCc2ccc(C(F)F)cc2)NC1,2.356,2.483,2.533,3.253,3.394,3.426,3.859,3.997,4.136,4.261,4.38,4.393,4.402,4.522,4.548,4.647,4.685,4.696,4.789,4.994,5.06,5.068,5.138,5.316,5.387,5.413,5.425,5.601,5.635,5.705,5.753,5.761,5.79,5.806,5.863,5.885,5.907,5.918,5.958,6.006,6.024,6.058,6.076,6.094,6.097,6.12,6.128,6.129,6.179,6.221,0.01193216,0.00066661,0.0094712,2.141e-05,4.773e-05,0.00041272,0.00033565,0.00015617,0.03610491,0.00177759,0.04599743,0.16634782,0.0085629,0.00033253,0.00048967,1.174e-05,0.00012128,0.00489293,2.1e-06,0.0001571,0.11924492,0.00297138,0.00212166,0.04661383,0.09779523,0.02474689,5.88e-06,0.00020012,0.00448476,0.01156257,0.00067549,0.00060162,0.0004208,0.00025904,0.00497443,0.00023402,1.727e-05,0.00122342,0.0024113,0.00679394,0.00076245,0.00011413,0.00011136,0.0016468,0.00698455,0.00462733,0.00204434,0.00972736,0.00056521,0.00484787,-1719515.999999399,-1.944802431085168,1.6853096796712703,-0.4217272138157659,-0.0703796679854743,0
6807235,6807235,Oc1ccccc1CCN1CCC=Nc2nc(F)ccc21,3.127,3.454,3.824,3.913,4.189,4.226,4.358,4.459,4.514,4.753,4.777,4.802,4.839,4.988,5.012,5.215,5.224,5.347,5.365,5.448,5.466,5.514,5.548,5.684,5.717,5.778,5.844,5.886,5.92,5.926,6.044,6.054,6.1,6.102,6.135,6.182,6.264,6.293,6.322,6.374,6.411,6.434,6.465,6.475,6.488,6.529,6.615,6.624,6.711,6.746,0.04336568,0.02006677,0.01269905,0.01281593,0.03792419,0.00799898,0.00171277,0.00992392,0.01244795,0.01577935,0.02124021,0.0070299,0.01841503,0.02506904,0.04763483,0.00028537,0.00060172,0.0124378,0.01677453,0.00025457,0.00597507,0.04380605,0.10308936,0.01399353,0.00059692,0.04349088,0.0408689,0.01740265,0.00239212,0.02931286,0.03932772,0.00077445,0.00476523,0.01431467,0.00393612,0.00867695,0.00876401,0.11255943,0.00340224,0.08016424,0.05770754,0.01102717,0.05264054,0.00459843,0.08422507,0.13226217,0.2281445,0.03013632,0.01169543,0.00020273,1561717.9999994547,1.1735872258755162,0.2595310834709695,-0.0518442435671019,-0.0368970524179206,3
6590940,6590940,CC(C)Oc1ccnc(COC(=O)C(=N)c2cnn(C(C)(C)C)c2)c1,3.83,4.145,4.198,4.274,4.449,4.62,4.718,4.721,4.783,4.848,4.892,4.976,4.983,5.003,5.034,5.174,5.191,5.212,5.229,5.316,5.323,5.357,5.359,5.408,5.455,5.478,5.488,5.538,5.676,5.687,5.77,5.82,5.831,5.897,5.907,5.993,6.027,6.034,6.064,6.113,6.149,6.199,6.253,6.289,6.357,6.38,6.394,6.431,6.524,6.543,0.00100483,0.00016028,0.01984603,0.00160521,0.00270043,0.00061838,0.00594667,0.00834738,0.00980323,0.00765628,0.00085247,0.045412,0.00284416,0.00078518,0.00454023,0.16456013,0.04168325,0.01827949,0.08613926,0.00101075,0.00882552,0.00109845,0.0239851,0.00740495,5.101e-05,0.00162954,0.00042471,0.01900794,0.0063385,0.00174649,0.00036741,0.03949936,0.04089589,0.00302395,0.04046246,0.00196627,0.00559389,0.00082527,0.00440163,0.06451333,0.05030208,0.01347515,0.18789542,0.00229984,0.00565465,0.01899101,0.00243754,0.03491363,0.01653741,0.06939455,1345422.9999995315,0.4974434801428067,-1.371080503830545,0.2866896233163662,-0.3533611495596406,3
7040940,7040940,CC1=C(C(=O)NC2CN(c3ccncn3)C2)C=CC(=O)n2nccc2N1,2.703,2.882,3.013,3.338,3.674,3.76,3.902,3.938,3.948,4.09,4.113,4.144,4.168,4.32,4.323,4.364,4.369,4.413,4.428,4.517,4.597,4.703,4.751,4.764,4.867,4.908,4.947,4.99,5.054,5.09,5.134,5.166,5.225,5.246,5.378,5.391,5.395,5.427,5.436,5.438,5.444,5.48,5.533,5.561,5.576,5.616,5.629,5.654,5.669,5.671,9.1e-07,8.65e-06,0.02397425,0.02514617,0.00184156,0.00012931,0.00074641,0.00013212,0.00018088,0.0168587,0.01803924,0.00019157,2.78e-06,0.00137642,0.00037243,0.01285156,0.00049891,0.00011629,0.03748829,0.02438545,0.03707155,0.00161679,0.00041652,0.03799682,0.00054466,2.551e-05,6.208e-05,0.00084061,0.00752605,0.00078032,2.2e-07,0.04392045,1.126e-05,0.00032129,0.0036297,0.01330675,0.00563881,0.29189386,0.05715408,0.00029194,0.00779961,0.02287804,0.03155631,0.00841684,0.00167244,0.00247392,1.455e-05,0.00379158,0.00034789,0.00850165,1795422.9999993746,-4.609712151896463,0.1132269686302075,-0.0457797688141008,-0.3051513124278203,3
1458582,1458582,CC1=C(C(=O)NCC2CC2)CCN(C(=O)C2(N)CCCCC2)CC1,3.608,3.9,4.135,4.488,4.739,5.049,5.323,5.432,5.657,5.704,5.742,5.854,5.892,5.958,6.007,6.013,6.042,6.311,6.329,6.354,6.45,6.477,6.602,6.661,6.708,6.784,6.881,7.005,7.026,7.059,7.093,7.134,7.148,7.208,7.267,7.299,7.307,7.402,7.446,7.481,7.482,7.566,7.572,7.589,7.69,7.782,7.802,7.809,7.862,7.915,7.108e-05,0.00186402,0.00012109,0.00077285,0.01359618,0.0015163,0.00049884,0.00016851,0.00123327,0.01755754,0.00060527,0.16588391,0.00140042,0.00434846,0.01865048,0.00213669,0.00465367,0.00159934,0.00408787,0.00148245,0.02369846,0.00132963,0.00054934,0.27987622,0.00048107,0.00332331,0.00364587,0.01340194,0.00230634,0.01827646,0.03049931,0.00548531,0.00301825,0.06878369,0.0307076,0.00635115,0.08566494,0.00202281,0.01461475,0.00472005,0.00080332,0.00092464,0.01231694,0.00946406,0.01275453,0.00128303,0.00455809,0.03587695,0.0001542,0.01965081,-3786934.999998681,8.280073351564875,0.4641467870887748,-0.3574655910112289,-0.3871888694420954,2
10485153,10485153,Cc1cccc2c1CCN(CCNS(=O)(=O)c1ccc(CCCNC(=O)C(F)(F)F)cc1)C2,2.914,3.228,3.726,3.795,3.838,3.849,3.952,4.084,4.1,4.114,4.114,4.168,4.404,4.548,4.615,4.725,4.763,4.779,4.807,4.823,4.904,4.916,4.94,5.003,5.018,5.022,5.025,5.145,5.235,5.236,5.272,5.273,5.288,5.33,5.363,5.37,5.474,5.498,5.51,5.558,5.604,5.62,5.683,5.692,5.754,5.764,5.779,5.796,5.8,5.842,0.00313643,0.0001116,0.02741474,0.00062509,2.586e-05,0.0003489,0.00281114,0.00012362,0.00064334,0.00016282,2.975e-05,1.901e-05,4.33e-06,0.0001202,0.0061876,2.462e-05,0.01660945,6.076e-05,9.457e-05,0.00021039,0.00024502,0.00161449,0.00765247,0.00041838,0.00016713,0.00086575,0.01270596,0.00127406,0.00362629,9.761e-05,0.00052248,9.2e-07,1.73e-06,0.05911793,0.0080798,0.00051576,0.0015921,0.00150047,0.00020077,0.00015885,0.00780351,0.00092171,0.00040876,0.00364742,0.00393562,0.00234567,0.00112872,0.00109847,0.00058972,0.00055444,5239635.999998174,-3.416162644448874,-0.4495817502737611,-0.1061262102008226,0.0047889141302895,1
2859385,2859385,O=C(c1cc2cc(F)ccc2[nH]1)N1CC(CNC(=O)C2(CF)CC2)C1,3.306,3.744,3.871,3.951,4.264,4.469,4.789,4.906,5.072,5.13,5.178,5.233,5.305,5.314,5.32,5.353,5.376,5.385,5.52,5.624,5.715,5.727,5.826,5.925,5.959,5.97,6.014,6.183,6.193,6.243,6.381,6.406,6.469,6.5,6.565,6.633,6.736,6.802,6.817,6.849,6.93,6.977,7.048,7.089,7.093,7.123,7.204,7.207,7.226,7.316,0.00115837,0.00073792,0.02039027,0.05123106,0.29244181,0.00063627,0.0010275,4.813e-05,0.00032412,0.00328469,0.03165413,0.00012704,0.00216256,8.024e-05,0.00186049,0.02459354,0.00183545,0.01812526,0.00067788,0.20863664,0.00167619,0.03531223,0.00095166,0.0865715,0.00490473,0.07126692,0.18928376,0.00274773,0.00726613,0.00070933,0.0397203,0.16215194,0.00170724,0.00106049,0.00126156,1.847e-05,0.00035555,0.00082193,0.0004306,2.832e-05,0.00021123,0.00067207,0.0135071,1.435e-05,0.15482197,0.15410215,0.00031107,0.00218591,0.00291148,0.00062021,-2386131.9999991693,3.755594166416647,0.5392884747850475,0.2947767553929317,-0.6632395857139537,0
1936478,1936478,CCN(CC)Cc1cnc(Cn2nnnc2N2CCC3(CC2)COCCO3)s1,3.14,3.388,3.8,3.993,4.178,4.388,4.558,4.652,4.719,4.831,4.862,4.908,4.957,5.282,5.375,5.487,5.535,5.568,5.57,5.671,5.722,5.736,5.799,5.822,5.829,5.875,5.888,5.946,5.951,6.048,6.059,6.094,6.14,6.212,6.248,6.263,6.323,6.348,6.367,6.367,6.396,6.405,6.475,6.532,6.535,6.56,6.594,6.624,6.635,6.637,0.003304,0.00289008,2.95e-06,3.788e-05,0.00123524,0.00108057,0.03658471,0.01077992,0.066668,0.00244723,0.02681246,0.07528361,0.00025705,0.0005309,2.187e-05,0.03766122,0.0071641,4.534e-05,0.00115142,0.00068455,8.983e-05,0.00286125,0.00365659,0.00158846,0.00107369,0.00298082,0.04125642,9.91e-06,0.00120249,0.00250476,0.01813846,0.00079847,3.259e-05,2.63e-06,0.01292374,0.00050134,0.00043457,0.00141244,8.573e-05,1.69e-05,0.00170483,0.0001014,0.00017302,0.00087479,0.00123743,0.00012546,0.01184454,0.0015208,0.00132828,0.00107355,-3309038.9999988475,1.8181746596004584,0.0180458529480565,-0.6610899193817622,0.0350417026436268,2
9307623,9307623,CC(NCC=CCNc1ccc(C=O)nn1)=C1CCC1,2.462,2.81,3.184,3.261,3.267,3.533,3.611,3.987,3.998,4.071,4.192,4.33,4.778,4.916,4.954,5.057,5.129,5.183,5.268,5.325,5.351,5.39,5.416,5.436,5.536,5.595,5.606,5.611,5.64,5.679,5.705,5.755,5.767,5.785,5.927,5.958,5.963,5.979,6.044,6.103,6.127,6.203,6.235,6.247,6.334,6.41,6.457,6.478,6.567,6.6,0.00284327,0.00038535,0.00126198,0.0001634,5.53e-05,0.0004527,4.861e-05,0.09096891,0.07556244,0.00037914,0.10926675,0.04519412,0.00090504,0.0001238,0.00237209,0.00112981,0.00011553,0.00157539,0.00036684,0.01186615,0.00040117,0.03912504,0.01599349,0.00014337,0.0007797,0.0104967,0.05099212,0.0031529,0.00645756,0.00188426,0.00434595,0.00642816,0.28130727,0.00570299,0.02631436,0.00435242,0.00121818,0.01223633,0.04311977,0.00584973,0.00632136,0.02294955,0.00229215,0.00149215,0.03920818,0.00842177,0.10146408,0.01323021,0.08566793,0.11728259,4062105.9999985816,-0.8123830173097877,1.638921996042818,-0.5233227065977045,0.3525847231792197,1
4616430,4616430,[CH2-]C(=NCC[N+](Cc1[n-][o+]nc1C)=NCC([O-])=[N+](C)C)c1ccccc1,2.84,2.885,3.441,3.509,3.606,3.678,3.733,3.777,3.906,3.968,4.153,4.157,4.243,4.337,4.352,4.442,4.497,4.536,4.623,4.655,4.677,4.736,4.88,4.898,4.906,4.912,4.961,5.057,5.062,5.103,5.138,5.195,5.231,5.331,5.387,5.394,5.404,5.475,5.513,5.521,5.596,5.61,5.717,5.725,5.736,5.762,5.764,5.817,5.826,5.853,0.02937644,0.03677197,0.05921665,0.01511055,0.00204783,0.004759,0.00501068,0.08479336,0.0020017,0.12749867,0.00086687,0.00020722,0.0032271,0.00034386,0.01140961,0.0981422,0.00161121,0.09744894,4.268e-05,0.00058808,0.00998182,0.00075418,0.00033776,0.00074647,9.09e-06,0.01641354,0.02480578,0.00311866,0.01210759,0.00290991,0.07932764,0.00741266,0.00267889,0.00075867,0.00013559,0.0130663,0.02403474,0.01267299,0.00979998,0.00038577,0.05255857,0.00204643,0.03819553,0.02087154,0.01534808,0.00084403,0.02227945,0.01132445,0.00489174,0.00863796,-629086.9999997797,-4.115132965089842,0.184324942928749,0.1631864037551889,-0.1055607739468195,4
7919496,7919496,CC(C)(O)OC(=O)N1CCC2(CCN(C(=O)c3ccc(OCC(N)(F)F)nc3)CC2)C1,3.457,3.685,3.862,3.891,3.899,4.1,4.278,4.416,4.512,4.714,4.753,4.775,4.927,5.138,5.19,5.257,5.349,5.478,5.61,5.701,5.765,5.878,5.944,5.974,6.025,6.106,6.137,6.224,6.244,6.35,6.361,6.378,6.388,6.403,6.47,6.515,6.525,6.527,6.582,6.644,6.665,6.706,6.723,6.755,6.789,6.791,6.799,6.864,6.909,6.911,0.00046081,8.4e-07,1.028e-05,0.00088224,0.00371788,9.97e-06,3.558e-05,0.01708272,7.57e-06,0.00146327,0.05543799,1.586e-05,1.093e-05,0.00084722,1.43e-05,0.21724121,0.00026247,0.0192839,1.836e-05,2.835e-05,5.735e-05,1.402e-05,0.0001584,0.00283486,9.491e-05,0.00466211,5.81e-06,0.02666431,0.01756989,0.01459343,9.502e-05,0.00029643,0.04671267,0.02153459,0.00248503,0.03176415,0.00171684,0.00084741,3.68e-05,0.02320191,0.00305732,0.05793955,0.02439024,0.10911625,0.0068913,2.876e-05,0.30063469,0.03690607,0.07757708,0.03171421,2673978.9999990663,2.646428476011594,0.7272765012615932,0.0987147201848844,0.6994031082605875,3
3264203,3264203,CCOC(CCNCc1ccccc1C1CCOCC1)c1ncnc2ccsc12,2.917,2.937,3.236,3.515,3.635,3.828,3.849,3.893,4.08,4.148,4.245,4.26,4.265,4.287,4.309,4.426,4.524,4.544,4.559,4.562,4.606,4.614,4.788,4.804,4.868,4.914,4.937,4.991,5.074,5.093,5.094,5.184,5.208,5.217,5.226,5.253,5.35,5.392,5.408,5.423,5.435,5.436,5.447,5.451,5.477,5.495,5.516,5.572,5.654,5.672,4.364e-05,0.00027836,0.00147108,0.00020298,0.00060208,3.85e-05,0.00125358,0.00023266,0.00022766,0.0009399,0.00071769,0.05698607,0.00199042,0.00033848,0.00031764,7.876e-05,0.00027458,0.00270315,0.02669014,0.00031778,0.00319915,0.0243519,0.00049903,0.00025446,0.00102079,0.00393947,0.00011745,3.183e-05,9.99e-06,0.00380644,0.00010318,0.0021399,0.10900368,0.03811806,0.00156296,0.02351015,0.02479359,0.00187445,0.00366268,0.04935304,0.00494952,0.00104302,0.01140265,0.01783712,0.00232701,0.00229974,0.00046742,0.01554251,0.00545085,0.000108,-1981313.999999307,-4.605055598206756,-0.3060355395574451,-0.1711761772811621,-0.173424605104198,0
4473745,4473745,Cc1cncc(CCC(=O)c2cnn3c2C(=Cc2ccccc2)CC3)c1,3.042,3.337,3.663,3.855,4.101,4.113,4.198,4.241,4.304,4.315,4.395,4.406,4.409,4.487,4.537,4.55,4.626,4.652,4.693,4.741,4.743,4.806,4.829,4.874,4.947,5.008,5.041,5.082,5.143,5.166,5.201,5.233,5.251,5.284,5.322,5.356,5.378,5.394,5.412,5.455,5.508,5.51,5.549,5.57,5.584,5.611,5.621,5.711,5.74,5.787,0.00020953,0.00012819,0.004845,0.21444365,0.05195818,4.267e-05,0.00111414,7.191e-05,7.494e-05,0.00058692,0.01554549,0.00517331,8.758e-05,9.732e-05,0.00011265,0.00061046,0.03116122,0.00013004,0.00019153,0.00769553,0.00092607,0.03167883,0.00343834,0.000596,0.00027071,0.00523606,0.00546789,0.00039311,0.00754671,0.04154134,8.245e-05,0.02818427,0.02067692,0.00655603,0.05669249,0.00103833,0.00012428,0.0100825,0.00251668,0.01887175,0.00148167,0.00214998,0.03129879,0.00596057,0.00312427,0.02367554,0.07268765,0.00810732,0.0207989,0.00216225,-771771.9999997292,-3.684752159484396,-1.041460807533582,-0.1202695068302899,-0.3848976748301739,4
8686287,8686287,CCCCCOc1ccc(C(=O)CCC(=O)Nc2ccnc(CO)c2)cc1OC,3.295,3.45,3.634,3.706,3.741,3.817,3.991,4.045,4.067,4.2,4.328,4.35,4.381,4.404,4.406,4.484,4.551,4.564,4.568,4.69,4.76,4.763,4.849,4.85,4.927,4.991,4.993,5.075,5.1,5.111,5.147,5.173,5.188,5.239,5.251,5.275,5.357,5.491,5.532,5.565,5.58,5.597,5.624,5.677,5.682,5.72,5.743,5.808,5.817,5.829,6.734e-05,0.00115426,0.0230017,0.05911425,0.002351,7.818e-05,1.573e-05,0.0003729,0.00028831,9.746e-05,1.391e-05,1.29e-06,4e-07,6.752e-05,2.27e-06,3.526e-05,0.0343554,0.00052241,0.04349999,7.8e-07,0.0014549,0.00173263,0.00037709,0.00051251,4.338e-05,0.00013652,0.00640338,0.04226764,0.00108519,0.17074239,0.00437634,0.05180514,0.19266954,0.00033898,0.18119074,0.00011469,0.00023918,0.00018081,0.00031877,2.724e-05,0.00516898,0.00379369,0.08311339,0.00071112,0.00154579,8.398e-05,0.00055842,0.00083937,7.193e-05,0.00430212,3440769.9999988005,-3.827181274294135,-0.6834353309256833,0.2842429738555199,-0.1101511319103107,1
8467209,8467209,CNC(=O)CNC(=O)c1cccc(NC(=O)c2ccc(Oc3ccncc3)c(S)c2)c1,2.843,3.214,3.293,3.308,3.414,3.487,3.551,3.659,3.664,3.695,3.754,3.778,3.861,3.879,3.937,3.943,3.945,4.009,4.015,4.031,4.046,4.109,4.143,4.213,4.218,4.234,4.276,4.286,4.294,4.315,4.33,4.381,4.39,4.41,4.464,4.469,4.476,4.477,4.51,4.575,4.587,4.656,4.681,4.709,4.719,4.735,4.753,4.759,4.809,4.832,0.00042579,2.547e-05,3.13e-05,0.00115874,0.00591992,1.4e-07,0.00349121,0.00030659,3.521e-05,0.11174184,0.00119974,0.00053138,6.67e-06,0.00911999,1.7e-07,0.00010341,0.00301919,0.00720016,0.00450314,0.10079614,1.911e-05,7.4e-06,2.094e-05,1.174e-05,0.00045935,0.00649132,0.01242814,0.01488928,0.01665055,0.00013617,0.0051158,0.00018688,0.00141678,0.00089807,0.00039308,9.156e-05,0.01226705,0.03382455,0.02598322,0.00221321,1e-07,3.776e-05,0.00563095,0.0006175,0.00069878,0.00273261,0.00067652,4.66e-06,0.01627833,0.00388407,3221691.999998878,-8.974928285730527,-1.4330345698197056,-0.14841778088337,-0.1134313592920428,1
5218039,5218039,CCOC=CC1CCN(c2nnc(-c3ccccc3F)n2Cc2c(CC)oc(C)c2CC)CC1,3.017,3.452,3.478,3.58,3.882,3.926,4.052,4.117,4.226,4.425,4.438,4.589,4.681,4.712,4.892,4.905,4.989,5.079,5.086,5.131,5.153,5.185,5.239,5.351,5.37,5.382,5.489,5.528,5.55,5.587,5.599,5.609,5.645,5.658,5.702,5.742,5.778,5.792,5.847,5.863,5.924,5.953,5.961,6.069,6.072,6.073,6.091,6.095,6.116,6.118,0.00873764,0.0003934,0.00081413,0.00072472,0.11966596,0.00683878,0.00077927,0.00059336,0.02347563,0.00084347,0.01379531,2.987e-05,0.00013548,0.00666447,0.00025263,0.00375088,9.3e-06,0.04205992,0.00311208,2.793e-05,0.00751611,7.764e-05,0.03196161,0.00051792,0.0011931,0.00269222,0.00046803,0.00744492,0.00345349,0.00356063,0.00060604,0.03804806,0.1082369,0.00016879,0.01573646,0.00162412,6.118e-05,0.00263955,0.0006669,0.00084654,0.0027452,7.735e-05,0.00071711,0.01501037,0.00012676,0.00117827,0.07249561,0.18387705,0.00215728,0.00925296,-27477.999999990046,-1.4826223143809831,-0.0184732233099669,-0.3312958745017655,0.1990121404981258,4
4322918,4322918,CC(=CC1CCC(C)CC1)C(=O)NNC(=O)NCc1nc(-c2cccs2)n[nH]1,3.361,3.616,3.711,3.73,3.897,3.93,4.219,4.284,4.4,4.481,4.577,4.663,4.713,4.719,4.748,4.885,4.908,4.968,5.084,5.087,5.124,5.19,5.215,5.25,5.309,5.336,5.426,5.561,5.585,5.609,5.634,5.638,5.646,5.681,5.727,5.751,5.765,5.789,5.817,5.847,5.863,5.887,5.917,6.01,6.017,6.035,6.046,6.096,6.115,6.215,2.71e-06,6.43e-06,0.00898548,0.00054155,0.00029183,0.01943421,0.24237129,0.10609038,0.00124341,0.01362915,8e-07,0.00041216,0.00031268,0.00197685,0.03698339,0.01032096,6.63e-05,0.00026674,0.00021975,2e-08,8.428e-05,0.0002036,0.19003116,0.00357091,0.05014294,0.0012873,0.00726724,0.00016572,0.00264234,0.00051546,0.11736103,0.0014523,0.10921672,3.95e-05,0.00424073,0.00174758,0.00786572,0.00021142,0.00044656,0.01245252,0.00087274,2.2e-06,0.00327675,0.01529935,0.00140481,0.01670356,0.00016275,0.00052817,1.5e-06,0.02100693,-922598.999999678,-1.4199031489790346,-0.478023138788367,-0.1030847056683546,0.1562894154423367,4
9979480,9979480,COc1cccc(C(=O)NCCNC(=O)c2cn(CCO)c(=O)[nH]2)c1,2.835,3.213,3.26,3.577,3.598,3.646,3.761,3.777,3.956,3.969,4.14,4.163,4.187,4.192,4.271,4.477,4.509,4.595,4.749,4.983,5.092,5.122,5.256,5.283,5.309,5.485,5.523,5.562,5.605,5.775,5.79,5.873,5.906,5.94,5.983,6.03,6.081,6.117,6.182,6.19,6.29,6.298,6.316,6.352,6.361,6.362,6.414,6.422,6.491,6.516,0.00019358,3.661e-05,3.806e-05,0.0023238,0.00060476,0.00014626,0.01350311,0.13085462,0.00045212,0.01367031,5.3e-07,0.00498043,0.00698416,0.04618414,0.00367219,0.00302617,0.00435129,1e-07,0.0064342,2.289e-05,0.02181833,0.00740716,0.00094115,0.02927797,0.00097669,0.00010839,4e-08,0.00183741,0.00052948,0.17111634,0.20393144,0.01014495,0.0001501,0.23570809,0.00014155,3.018e-05,0.00011969,0.00019064,0.00222064,0.00585,0.03812009,0.11100835,0.01542054,0.00444116,0.0087767,0.00013278,0.00033637,0.22401022,0.0061485,0.01314175,4733962.999998351,-1.3072469958932116,1.542564503240922,1.0390023282654748,0.2727229160630541,1
7155729,7155729,FC1(F)CC12CC(NC(=S)Nc1ccc3c(c1)CCCCC3)C2,3.108,3.288,3.677,3.891,4.386,4.51,4.542,5.039,5.184,5.19,5.234,5.405,5.599,5.621,5.732,5.795,5.811,5.906,5.947,5.962,6.039,6.102,6.136,6.142,6.29,6.31,6.323,6.359,6.419,6.495,6.543,6.618,6.676,6.742,6.827,6.88,6.917,6.989,7.061,7.094,7.132,7.151,7.177,7.197,7.235,7.259,7.301,7.31,7.382,7.412,0.00043063,1.781e-05,0.00296183,0.22018384,0.00240967,0.28586264,0.0507263,0.00326674,0.05754385,0.06656284,0.02865552,0.05567499,0.16375811,0.01043135,0.00536062,0.00743532,0.01333983,0.00804652,0.00391767,0.00143128,0.0410177,0.00948061,0.00546046,0.00848687,0.008904,0.00508615,0.00318659,0.01180454,0.10119393,0.03711879,0.01746969,0.02030247,0.01792604,0.07389183,0.06890383,0.09226817,0.05750958,0.00478261,0.00126368,0.00407731,0.01733884,0.00135541,0.0129977,0.00034678,0.00225055,0.00437934,0.02325185,0.00197985,0.00210544,0.00168447,1910211.9999993315,5.119225097451172,1.0236591972200162,-0.5783675331441337,-0.4075770976327913,3
10162669,10162669,CCOC(F)(CC)C(C)(C)CNS(=O)(=O)N1CCCNC(=O)C1,4.626,5.194,5.206,5.231,5.291,5.351,5.605,5.907,5.912,5.947,5.968,5.993,6.294,6.385,6.464,6.682,6.775,7.073,7.098,7.138,7.147,7.158,7.178,7.226,7.234,7.28,7.385,7.401,7.459,7.465,7.573,7.592,7.618,7.662,7.695,7.751,7.808,7.812,7.842,7.844,7.855,7.887,7.911,7.916,7.943,7.968,7.976,8.067,8.074,8.137,0.06761738,0.00011061,0.00170265,0.00081691,0.00227632,0.03634941,0.01793849,0.00040168,0.00098166,0.00410042,5.564e-05,0.00706171,0.0008194,0.0008796,0.00590186,0.00443271,0.15321083,0.01895276,0.00107341,0.02570144,0.16892553,0.00063119,0.00838727,0.00443522,0.03025487,0.10630973,0.01389598,0.00015458,0.01119528,0.06074791,0.00218507,0.00116593,0.03365809,0.04150904,0.08556739,0.01747726,0.00477989,0.00664906,0.01325786,0.03341013,0.02131944,0.00131913,0.00573991,0.00410427,0.00050604,0.00998727,0.00859785,0.00040446,0.0056122,0.02087771,4917151.999998281,11.50500589492445,-0.9084055174085274,-0.2496958543535923,0.7766641332998473,1
2422109,2422109,CC1(C)C(NCC(=O)NCC(=O)NCc2ccccc2)C1(C)C,3.62,3.643,3.801,3.834,4.437,4.47,4.487,4.52,4.924,4.956,5.124,5.15,5.156,5.183,5.204,5.249,5.286,5.287,5.405,5.642,5.927,5.968,6.04,6.183,6.194,6.215,6.227,6.273,6.304,6.496,6.516,6.529,6.6,6.626,6.633,6.66,6.679,6.689,6.713,6.726,6.753,6.805,6.821,6.865,6.896,6.943,6.956,6.989,7.023,7.057,0.01012304,0.00470944,2.849e-05,2.5e-07,3.01e-06,2.892e-05,0.00043655,0.00223723,0.00056164,5.858e-05,5.486e-05,2.584e-05,1.392e-05,9.533e-05,0.00436204,0.02947198,0.00677197,0.00027677,0.00036184,0.01283609,0.00082147,0.00044811,0.00011007,0.00075547,0.00025986,0.00055436,0.00058825,0.0005666,0.00043652,0.00819312,0.00609884,0.01489636,0.00077181,0.15617973,0.01401205,0.11449536,0.11940638,0.22649658,0.16956133,0.01418922,0.00147877,0.0140362,0.00270404,0.01411412,0.01329521,0.00174603,0.00123578,0.00112787,0.00126118,0.00059614,-2823407.999999016,3.5211178083590826,0.5141248771278184,0.1430637917977166,0.2626618938978253,0
3299049,3299049,CC(=O)Cn1ncc2ccc(CNCC3=CC=NC(N(C)C)=NO3)cc21,2.774,2.811,2.818,3.235,3.242,3.262,3.51,3.619,3.844,3.923,3.933,3.991,4.003,4.042,4.048,4.076,4.14,4.24,4.49,4.502,4.54,4.564,4.598,4.649,4.664,4.7,4.874,5.033,5.074,5.138,5.144,5.183,5.195,5.211,5.307,5.32,5.419,5.426,5.432,5.492,5.5,5.507,5.537,5.587,5.602,5.605,5.763,5.812,5.816,5.82,8.107e-05,0.0003667,0.00094705,0.00048843,0.00038998,0.00537967,0.00010545,0.00021505,0.00291393,0.00899486,0.00129346,0.00762514,0.04623004,0.00048563,0.00083787,0.00155444,0.00335711,0.00012634,1.956e-05,2.38e-06,0.01489784,0.00031651,1.987e-05,0.03174723,0.02785763,0.01020046,0.01692335,1.547e-05,0.00055661,7.182e-05,7.64e-06,0.03673856,0.00282099,0.00017122,0.00063644,0.00044044,0.00113961,0.00199254,0.00114837,0.00172482,0.00042252,0.08367681,0.0314052,0.1540843,0.06168302,0.034326,0.01310405,0.000983,0.009407,0.00220304,-1946467.9999993176,-5.09644916887992,0.817146094415944,0.4380005142786732,-0.0662982659891586,0
8317269,8317269,O=C(CCCn1ccccc1=O)NNc1cc(F)c(N2CCOCC2)c(F)c1,2.598,3.15,3.455,3.614,3.756,3.834,3.911,3.945,3.995,4.075,4.102,4.136,4.255,4.268,4.294,4.391,4.48,4.558,4.627,4.719,4.722,4.752,4.782,4.832,4.877,4.932,5.033,5.19,5.234,5.333,5.387,5.431,5.481,5.556,5.617,5.689,5.775,5.838,5.868,5.931,6.029,6.065,6.123,6.135,6.189,6.199,6.219,6.249,6.305,6.309,3.868e-05,0.00017714,3.54e-06,0.01922859,0.00103718,0.087115,0.00028044,2.5e-07,0.17416278,9.608e-05,1e-07,3.869e-05,0.05244273,0.00550717,0.00010096,2e-07,0.02966122,0.00018523,0.00015488,0.00039511,2.26e-05,0.00033469,0.00312338,6.34e-06,0.00077995,5e-07,0.00022236,0.09769604,0.00012155,0.00058761,0.0003459,0.02919025,0.0035941,0.00170627,0.00093473,0.01664016,0.06407814,0.03727225,1.017e-05,0.01098696,0.00131175,0.00095541,0.01490639,4.518e-05,0.01570817,4.047e-05,0.03411758,0.09069535,3.015e-05,2.469e-05,3071751.99999893,-2.770575030528246,0.8005072470730761,0.9465749255007704,-0.6481753941571273,3
3299658,3299658,CNc1nc(C2=NOC(c3cccc4c3CCN4C(=O)OC(C)(C)C)=NO2)co1,2.474,3.068,3.253,3.315,3.424,3.538,3.895,3.996,4.13,4.257,4.345,4.355,4.457,4.52,4.546,4.671,4.791,4.817,4.927,4.944,5.134,5.194,5.236,5.264,5.43,5.461,5.466,5.471,5.538,5.57,5.58,5.59,5.632,5.66,5.766,5.782,5.815,5.831,5.87,5.955,6.038,6.056,6.088,6.136,6.17,6.218,6.225,6.234,6.238,6.296,0.00443271,0.04024993,0.00823676,0.01820456,0.000183,0.06650812,0.00381238,0.00269149,0.01221886,0.03383901,4.322e-05,0.00399416,0.00055043,0.06799994,0.00096506,0.71269434,0.00173993,0.04720772,0.00057711,0.01074736,0.00054425,0.00720333,0.10065173,0.00062572,0.00031367,0.00559987,0.00071859,0.04242355,0.05320201,0.04238636,2.431e-05,0.05616354,0.02151833,0.04319101,0.00046924,0.00277667,0.00083799,7.308e-05,0.00015422,0.04007454,0.02723313,0.00027562,0.00447553,0.15441254,0.00562453,0.02879318,0.12974276,0.04759159,0.02898232,0.00838594,-1945858.9999993215,-1.82554553697116,1.100578378470751,-0.1297449599364963,0.0468192350866358,0
10059470,10059470,CCN(Cc1csc(C)c1)C(=O)Nc1ccc(N(C)C(C)=O)cc1,2.931,3.239,3.43,3.6,4.098,4.151,4.174,4.286,4.311,4.331,4.43,4.46,4.531,4.6,4.901,4.981,5.037,5.107,5.164,5.206,5.281,5.283,5.287,5.3,5.475,5.489,5.51,5.56,5.57,5.637,5.651,5.691,5.762,5.816,5.854,5.904,6.006,6.083,6.125,6.185,6.192,6.21,6.231,6.237,6.34,6.347,6.354,6.364,6.434,6.477,0.00084788,0.00012886,8.5e-07,5.688e-05,9.652e-05,0.02015878,0.00371404,0.08767681,0.00277676,0.07950041,0.36974995,0.00078601,0.00011824,0.00843145,0.09504548,0.00029927,5.875e-05,0.0010507,0.05592964,0.08594576,0.00206306,0.0136981,0.00236764,0.00051894,0.0001433,0.00024729,0.00015062,2.234e-05,7.495e-05,0.00043223,0.00010068,0.00238767,0.01945908,0.00160527,0.0700361,0.00026319,5.198e-05,3.447e-05,0.27805308,0.00498163,0.0408533,0.01344531,0.00082082,0.00025161,0.02032525,0.00018028,0.16995868,0.05367909,0.0007101,0.00363732,4813952.999998319,-0.6316591924392444,0.4616489241849815,0.0428226765653639,-0.1608726079312921,1
6922722,6922722,COc1cc(O)cc(NC(=O)CNCc2cn(CCC=N)nc2-c2ccc(C)c(C)c2)c1,4.026,4.083,4.165,4.187,4.221,4.274,4.277,4.318,4.326,4.375,4.451,4.48,4.532,4.642,4.657,4.686,4.737,4.745,4.794,4.818,4.825,4.877,4.897,4.942,4.949,4.999,5.003,5.03,5.062,5.083,5.093,5.12,5.133,5.143,5.151,5.202,5.252,5.266,5.315,5.337,5.356,5.365,5.404,5.421,5.475,5.484,5.487,5.55,5.581,5.614,0.00027792,0.0003155,0.00064737,0.0001227,0.00041961,0.01331265,0.00350864,1.731e-05,0.00020094,1.511e-05,0.0006067,8.35e-06,0.00917724,0.00627609,0.0003333,0.18962052,0.02242402,0.08408108,0.00083835,0.00567146,0.00263573,7.013e-05,0.01306074,0.00040841,9.753e-05,8.012e-05,0.00132767,3.81e-06,0.02157675,0.00084215,0.00772506,0.10449463,0.00735876,0.00472126,0.00361252,0.00035849,0.00048424,0.01530238,0.00431095,0.00056633,0.08214017,0.01233741,0.04456352,0.00010064,8.816e-05,0.00136046,0.05049824,0.0002399,0.00840161,8.04e-05,1677204.9999994163,-3.676609663302481,-2.42539286868995,0.1002522671989953,0.1852460378700113,3
2353413,2353413,O=C(C=Cc1ccccc1C(Nc1nc(COc2ccccc2)cs1)OO)Nc1ccc2n[nH]cc2c1,2.798,2.987,3.083,3.121,3.236,3.39,3.45,3.484,3.496,3.527,3.582,3.642,3.648,3.745,3.793,3.811,3.835,3.888,3.893,3.984,4.01,4.056,4.126,4.222,4.271,4.345,4.358,4.414,4.424,4.492,4.519,4.52,4.541,4.552,4.563,4.593,4.725,4.744,4.761,4.765,4.769,4.771,4.785,4.826,4.832,4.858,4.868,4.884,4.9,4.909,0.04206974,3.705e-05,0.00155739,0.00216875,0.00075649,0.00013669,0.00791307,0.00054378,8.383e-05,0.00588893,0.00479423,0.00704588,0.08297675,7.518e-05,0.04712402,0.00160466,0.0031754,0.00016806,0.00062813,0.00197906,2.12e-06,3.146e-05,0.00287584,0.03357966,0.04387596,0.00204987,3.013e-05,1.05e-06,9.02e-06,0.01516832,0.00420847,1.14e-06,4.539e-05,0.00537531,0.04160696,0.01584016,0.10127411,0.00091588,0.00348627,0.0996338,0.00020983,0.02619959,0.08093425,0.00102862,0.0001956,0.04375055,6.58e-05,0.00018912,0.00042594,1.106e-05,-2892103.999998989,-8.765726507768624,-0.6190896456697658,0.2461369909093383,0.0529338013215769,0
4616639,4616639,CNC(=O)NCc1ccc(NC(=O)c2ccc(NN(C)C(C)=O)cc2)cc1,3.406,3.515,3.636,3.786,3.87,3.882,3.912,3.981,3.993,4.0,4.014,4.104,4.11,4.148,4.171,4.237,4.326,4.336,4.368,4.381,4.43,4.471,4.492,4.497,4.53,4.556,4.598,4.617,4.817,4.861,4.982,4.991,5.102,5.175,5.291,5.325,5.331,5.341,5.424,5.429,5.435,5.458,5.614,5.733,5.736,5.758,5.785,5.84,5.901,5.938,0.00863073,0.0004244,0.00023436,0.03824154,0.00308319,0.00079648,0.00775497,0.00224261,0.00058128,0.00059556,0.00656411,0.00283609,0.00085352,0.05332955,0.02689475,0.01585502,0.01626168,0.01797801,0.00311187,6.566e-05,0.01567999,0.04380056,0.01093075,0.0021073,0.01628441,0.00521666,0.02312199,0.00356566,0.07938346,2.33e-06,0.06979488,0.08670116,0.17808555,0.00055812,0.03579005,0.00628329,3.547e-05,0.00011913,0.01129384,0.0138154,0.00735533,2.957e-05,0.00010873,0.00580706,7.241e-05,0.00652595,0.00382795,0.00256405,3.617e-05,0.00760795,-628877.9999997765,-4.785259733982551,-0.7061705627789948,1.1689399869254034,-0.5827719496390639,4
5792967,5792967,c1cncc(Oc2ccc(NCc3nc(Cc4c[nH]c5ncccc45)no3)cc2)c1,3.283,3.404,3.62,3.823,3.861,4.01,4.02,4.066,4.088,4.135,4.159,4.235,4.243,4.377,4.39,4.414,4.481,4.536,4.569,4.602,4.611,4.655,4.667,4.684,4.692,4.706,4.785,4.831,4.839,4.853,4.888,4.94,4.958,4.997,5.012,5.06,5.109,5.16,5.184,5.234,5.282,5.301,5.314,5.347,5.399,5.427,5.473,5.49,5.518,5.527,0.0078134,8.848e-05,5.837e-05,0.0363112,0.00454468,0.00174383,3.879e-05,0.03356849,0.00163306,0.00277281,0.03415486,0.00101524,0.00478571,0.00395588,0.00023116,0.00020644,0.00019946,0.00027171,0.0346814,0.00012926,0.00041451,0.01458099,0.02804857,0.00117362,0.00048833,0.02569227,0.00334416,0.00698241,0.00911882,0.01032376,0.06746894,0.00067787,0.0067252,0.10934706,0.01502234,0.00253955,0.0001221,7.553e-05,0.00288045,0.00027073,0.01308625,0.00072231,0.00920072,0.01851221,0.00023971,0.00043038,0.00046952,0.00421974,0.00045832,0.00128705,547449.9999998132,-5.086134510651977,-1.3486064992234144,0.0317300090787966,-0.2332023703364023,4
4031644,4031644,NCCn1c(COCc2ccccc2)nnc1N1CCC(Oc2cccc(F)c2)CC1,3.551,3.695,3.735,4.021,4.33,4.475,4.496,4.528,4.563,4.603,4.639,4.671,4.782,4.8,4.928,4.944,5.026,5.071,5.111,5.173,5.177,5.221,5.256,5.262,5.293,5.298,5.32,5.359,5.367,5.398,5.427,5.433,5.475,5.495,5.56,5.594,5.617,5.642,5.645,5.762,5.776,5.832,5.876,5.897,5.917,5.959,5.987,6.043,6.05,6.074,0.00016674,0.00040883,8.443e-05,1.2e-06,1.59e-06,1.405e-05,0.00448549,0.00093924,9.6e-07,6e-08,0.00585295,0.00094911,0.03975951,0.00017872,6.913e-05,2.31e-06,5.2e-07,8.43e-06,7.78e-06,3.085e-05,0.00011673,1.06e-06,0.00079637,2.46e-06,0.00110092,0.12420795,0.01527241,0.00112163,0.02051043,0.00066842,3.15e-05,0.00116948,0.00025891,4.4e-07,0.00619138,0.0081705,0.00545672,0.00053897,0.00082533,0.00040845,0.02032425,9.711e-05,0.11384361,0.00415558,0.00011998,0.01396296,0.0340375,0.01679943,6.41e-06,0.02450191,-1213872.9999995749,-1.5366345221802022,-1.372092956045577,-0.2978393306762728,-0.2153911103706237,0
4315907,4315907,COCC1(CN=C(N)NCc2ccc(OCc3ccccc3)cc2)CCOCC1,3.29,3.34,3.364,3.413,3.495,3.571,3.723,3.772,3.929,3.944,3.996,4.021,4.024,4.046,4.07,4.205,4.378,4.607,4.653,4.732,4.781,4.787,4.837,4.95,4.992,5.098,5.148,5.168,5.204,5.222,5.244,5.261,5.304,5.306,5.311,5.428,5.441,5.465,5.514,5.584,5.613,5.658,5.664,5.714,5.752,5.757,5.774,5.814,5.823,5.869,8e-06,1.9e-06,7.6e-07,7e-07,0.0001917,6.483e-05,1.78e-05,1.79e-06,0.00021651,0.00026125,5.096e-05,0.00206342,0.00066615,2.464e-05,0.00013232,4.095e-05,0.00089558,0.03411655,0.00012993,0.00024593,5.369e-05,4.92e-06,1.02e-06,0.00111653,6.43e-06,3.46e-06,5.4e-06,0.0009127,0.01000297,0.15384789,0.00123602,9.75e-06,0.00013151,0.01127837,2.2e-06,0.0300518,0.00056016,0.00057733,0.00014707,0.01855882,0.00264536,0.00098061,3.115e-05,2.008e-05,1.837e-05,0.00033286,0.00112372,0.00141708,5.74e-06,0.00066161,-929609.9999996744,-4.047746461817454,0.1236510219741381,0.6151587799443574,0.4454410396610067,4
226643,226643,CC(C)c1c#cc2ccccc2[nH]ccc1NC(=O)COc1cccc(-n2cncn2)c1,3.212,3.222,3.347,3.536,3.643,3.655,3.755,3.882,3.947,4.115,4.127,4.144,4.181,4.211,4.268,4.333,4.339,4.374,4.393,4.4,4.405,4.425,4.524,4.62,4.645,4.664,4.69,4.71,4.785,4.796,4.846,4.858,4.916,4.988,4.993,4.995,5.019,5.029,5.046,5.085,5.088,5.094,5.147,5.153,5.169,5.179,5.3,5.304,5.311,5.318,0.07575455,0.0004025,0.00839782,0.00143587,0.0421374,0.0019014,0.00058102,0.00254955,0.00467659,0.0050945,0.00013423,0.03523434,1.241e-05,0.01020064,0.02346496,0.00556369,0.01093299,0.06629887,0.01531195,0.00200412,0.0081775,0.01907422,0.00561833,0.00517791,0.12617882,0.0035242,0.04285181,0.03069475,0.00050743,1.842e-05,0.01995066,0.0849636,0.00420377,0.01522364,0.06644352,0.01036157,0.01508964,0.00864786,3.948e-05,0.03083009,0.0402266,2.888e-05,0.0406412,0.00029538,0.00592962,0.00294674,0.09039494,0.0023583,0.00202518,0.00591144,-5018873.999998247,-6.064173254012685,-1.0851076415057954,-0.1138102741262951,-0.0383147388200019,2
4791523,4791523,COc1ccc(C2(C(=N)N3CC(S(C)(=O)=O)C3)CCCC2)cc1OC,4.32,4.558,4.647,4.801,4.896,4.995,5.154,5.252,5.353,5.731,5.903,5.967,5.999,6.016,6.052,6.082,6.117,6.137,6.193,6.271,6.332,6.378,6.404,6.458,6.466,6.472,6.499,6.539,6.579,6.641,6.668,6.681,6.704,6.761,6.788,6.798,6.863,6.964,6.977,6.987,6.999,7.038,7.085,7.15,7.161,7.29,7.297,7.305,7.328,7.345,0.00771133,0.0509481,0.00825818,0.00036692,0.00245179,0.07429747,0.04949144,0.02409696,0.00224221,5.05e-06,0.04980757,0.00638129,0.0284202,0.01165917,0.000772,0.02073086,0.13384004,0.00169694,0.03042187,0.06609504,0.19272162,0.01600961,0.05524241,1.445e-05,0.00077754,0.00401728,0.00235421,0.00334317,0.01040829,0.14929398,0.02992257,0.01094888,0.0262708,0.0354741,0.0051269,0.07775503,0.00540901,0.0243682,0.01735273,0.00725739,0.00147994,0.00225724,0.03310638,0.03663386,0.01893229,0.00158363,0.01134031,0.02028121,0.01335066,0.0029113,-453993.9999998443,6.501386205781401,-1.345111727439395,-0.5093355551528507,0.0701749573668779,4
6228894,6228894,COCCN(Cc1ccnn1C)S(=O)(=O)C1=CCOC(CNC(=O)C2CCCCC2)=C(S(C)(=O)=O)C=C1,1.962,2.205,2.435,2.546,2.636,2.78,3.289,3.383,3.4,3.529,3.592,3.619,3.677,3.865,3.87,3.889,3.952,3.983,4.057,4.063,4.083,4.096,4.147,4.219,4.286,4.439,4.585,4.61,4.688,4.72,4.726,4.775,4.854,4.975,4.989,4.998,5.0,5.113,5.145,5.153,5.19,5.196,5.228,5.294,5.302,5.304,5.308,5.327,5.359,5.368,3.816e-05,0.02554109,0.00213037,0.00021498,0.00483282,0.0166563,0.00127723,0.03434545,0.00120417,0.01793743,0.08152839,0.00869088,0.00052361,0.00129034,0.00089809,0.00886302,0.00738114,1.699e-05,0.00136892,0.00174868,0.00408296,0.00225393,0.00819964,0.00633892,0.0154718,0.00832262,0.00224762,0.00077225,0.00208746,0.00167477,0.00067973,1.458e-05,0.00512898,0.00137408,0.00033437,0.00117387,0.00296955,9.486e-05,0.00224992,4.109e-05,0.03105614,0.01567005,0.00117407,0.0033162,0.00054991,0.00205654,0.00017262,0.00570847,0.0059032,0.00030612,983376.9999996602,-7.679223429686107,1.554898000301917,0.0456789043670602,-0.2985715819664487,4
4395854,4395854,CCCN1CCCN(Cc2nnc(C(=O)NC(C)OCC)n2Cc2nnnn2CC2CC2)CC1=O,3.544,4.029,4.157,4.212,4.495,4.641,4.641,4.663,4.824,4.963,4.987,5.055,5.1,5.124,5.136,5.205,5.23,5.259,5.269,5.276,5.328,5.368,5.445,5.465,5.555,5.62,5.634,5.637,5.657,5.769,5.8,5.904,5.917,5.925,5.94,6.013,6.032,6.059,6.075,6.079,6.081,6.083,6.095,6.106,6.151,6.231,6.245,6.254,6.279,6.386,4.966e-05,0.00017498,0.00111838,2.359e-05,0.00135406,1.867e-05,8.838e-05,4.76e-05,7.11e-06,0.00271542,0.00186991,0.00324558,5.123e-05,0.26866575,0.01024331,0.00020024,0.02989871,0.00349537,0.00055124,0.00050898,0.00069139,0.09427953,0.00040294,2.18e-05,5.421e-05,0.00076873,0.00045799,1.842e-05,2.77e-05,0.00319417,4.982e-05,0.00060519,0.04194928,1.91e-06,1.005e-05,0.00088632,0.00121844,0.0034206,0.00086429,0.00116556,3.343e-05,0.00335009,0.0002536,0.00282149,0.00033161,0.00065327,2.959e-05,0.00054876,0.00689721,0.00043419,-849662.9999997037,0.4269163881218267,-1.4084444652164942,-0.2607311679027982,-0.2292985603293464,4
8215886,8215886,CN=C(NNC(=O)c1cn(-c2ccc(C)cc2)nc1Nc1cccc(OC)c1)NC(C)(C)C,2.812,2.951,3.164,3.206,3.221,3.401,3.516,3.698,3.741,3.938,3.963,4.038,4.088,4.213,4.301,4.336,4.462,4.465,4.493,4.531,4.536,4.553,4.692,4.745,4.774,4.801,4.812,4.86,4.917,4.938,4.952,4.963,5.001,5.084,5.103,5.115,5.142,5.235,5.258,5.322,5.359,5.37,5.409,5.434,5.445,5.487,5.495,5.537,5.568,5.598,0.11104146,0.00080589,0.02304028,0.00660448,0.02397091,0.00142416,3.08e-06,8.668e-05,0.00034782,0.00057812,2.77e-06,0.37978931,0.0390268,0.41742118,0.01458513,0.02004393,0.01138195,0.04203106,0.00165333,0.02629083,0.0198711,0.07708977,0.02838096,0.01179812,0.03722719,0.00024551,0.00788889,0.00998037,0.00128583,0.00142613,0.01419673,0.05149829,0.00321231,0.00770646,0.00151864,0.01421791,0.00821275,0.01987286,0.00261631,0.00130543,0.00237526,0.00024678,7.944e-05,0.02184235,0.00373818,0.00522463,0.0043239,0.172831,0.01607338,0.0454652,2970368.999998965,-5.478724774248685,0.1305316820552666,-0.1058922642611393,0.1384136385535149,3
3695200,3695200,CC(C)NCC1(C(=O)N2CCN(C(=O)CSCC#N)CC2)CCCC1,4.675,4.918,5.007,5.203,5.215,5.385,5.459,5.543,5.628,5.672,5.716,5.876,5.962,6.113,6.128,6.229,6.366,6.375,6.417,6.44,6.46,6.57,6.639,6.661,6.742,6.752,6.801,6.852,6.915,6.948,7.011,7.043,7.077,7.113,7.124,7.172,7.28,7.28,7.308,7.364,7.395,7.404,7.45,7.459,7.511,7.532,7.562,7.602,7.608,7.631,0.00072528,0.00023669,0.00236494,0.00895013,0.00160076,3.05e-06,0.00316621,0.00089124,2.606e-05,0.00354277,0.00409617,0.00032646,0.01920711,0.04385834,0.00048336,0.00413449,0.05428708,0.02902297,9.959e-05,0.09931561,0.00292218,0.00036046,0.03082032,0.00111234,0.16360599,0.0467309,0.0009937,0.00015746,5.34e-06,0.00054496,0.03072381,0.00428096,0.00310311,0.01293748,0.00296093,0.00122473,0.00056148,0.00271591,0.05483959,0.0058526,0.0053522,0.00517838,1.198e-05,0.01794436,5.576e-05,0.00427448,2.17e-05,0.0025633,0.00317825,0.00027273,-1550316.9999994612,8.373088085138116,-1.4479538564434764,0.1093275303965191,0.2593115852657874,0
8060541,8060541,CSc1cc(C)ccc1CNC(=O)c1cn(C2CC2)ccc1=O,3.091,3.128,3.318,3.411,3.577,3.626,3.779,3.799,3.91,3.986,4.117,4.146,4.193,4.359,4.376,4.407,4.427,4.602,4.678,4.777,4.983,4.997,5.082,5.099,5.176,5.321,5.384,5.577,5.611,5.702,5.742,5.776,5.808,5.91,5.948,6.057,6.059,6.127,6.17,6.219,6.254,6.261,6.296,6.321,6.398,6.433,6.453,6.459,6.465,6.48,0.00019224,0.00030777,0.00062314,7.327e-05,0.00027547,0.00215792,0.00099978,0.00111405,0.00062789,0.00567641,0.00296105,0.01583243,0.04268339,0.00400152,0.00755671,0.0021816,0.00023395,0.0030111,0.00056842,0.00281642,0.12872494,0.00857166,0.01854462,0.00239191,0.04471603,0.04505134,0.00017137,0.00011952,0.00177249,0.00052338,0.00399984,0.00514801,0.00070167,0.00741714,0.02060642,0.00041586,0.00026145,0.11381889,0.05405258,0.25075979,0.04428999,0.1754059,0.00902274,0.02169605,0.03931696,0.00524475,0.00171508,0.00676887,0.00114086,0.0024017,2815023.999999017,-1.5308778680129482,1.4665682690852415,1.2262965993539938,0.1267286125219342,3
6249091,6249091,C=C(F)N(CCNC(=O)COc1cc(C)on1)CCSCC,3.845,4.357,4.604,4.686,5.004,5.194,5.405,5.515,5.729,5.788,5.846,5.892,6.04,6.069,6.146,6.17,6.213,6.232,6.287,6.421,6.504,6.579,6.629,6.633,6.658,6.733,6.748,6.867,6.932,6.962,7.0,7.053,7.067,7.097,7.154,7.168,7.227,7.285,7.305,7.384,7.402,7.409,7.444,7.471,7.564,7.579,7.626,7.665,7.668,7.684,6.237e-05,0.00630766,0.0172008,7e-07,0.00203983,0.00327551,8.06e-06,0.021288,0.00297522,0.00074267,0.00039085,1.601e-05,0.00678115,0.00449646,0.06784039,0.01168837,2.28e-06,0.00044278,0.15653117,0.02066656,0.15998,0.02975774,0.0001445,7.308e-05,0.01462484,1.11e-06,0.00620652,0.00639013,8.6e-07,0.00022626,0.07514074,0.03295223,6.277e-05,0.00070244,0.00010587,9.238e-05,0.02269254,0.02245828,0.00095046,0.02908872,1.76e-06,0.00172439,0.00135206,0.04320868,0.00060052,4.044e-05,0.00224952,0.00570601,0.17878547,0.00945696,1003573.999999643,8.124583227138242,-0.5239213737174223,-0.4451675562262034,-0.267401856273359,4
5659551,5659551,CCc1cnccc1C(Cc1ccccc1)=NN=C1CCC(Cc2ncccn2)CC1,3.407,3.685,3.686,3.743,3.889,3.986,4.078,4.08,4.134,4.292,4.324,4.346,4.356,4.358,4.399,4.415,4.528,4.557,4.562,4.57,4.59,4.615,4.656,4.658,4.741,4.776,4.787,4.806,4.811,4.848,4.872,4.886,4.888,4.894,5.006,5.033,5.046,5.058,5.136,5.141,5.157,5.166,5.184,5.217,5.228,5.292,5.325,5.333,5.34,5.366,2.9e-07,0.00017868,0.00042782,0.00289601,0.00013647,5.45e-06,9.36e-06,1.353e-05,0.00301169,0.0001011,2.198e-05,0.00374464,2.386e-05,5.899e-05,3.529e-05,0.00476952,7.41e-06,3.027e-05,0.00040934,0.00057877,0.00336049,1.054e-05,5.318e-05,0.00015456,0.03103611,0.00125122,7.907e-05,0.00029543,0.00831607,0.0188166,0.00232196,0.01806046,1.265e-05,0.00011358,0.004359,0.00737905,8.845e-05,0.04802042,0.00101086,0.00125124,0.00086079,1.1e-06,0.00591848,0.01655512,0.0676769,2.49e-05,0.00041429,0.00234436,0.01689653,0.00471902,414033.9999998592,-5.299932447529509,-1.8155257775203304,-0.173388260509839,-0.0944468417395519,4
89332,89332,Cc1cn(C(=O)NCCC(C)C(=O)c2cc3sccc3[nH]2)cn1,3.274,3.293,3.487,3.797,3.939,3.992,4.045,4.278,4.381,4.454,4.551,4.571,4.668,4.727,4.732,4.765,4.978,5.158,5.169,5.218,5.27,5.3,5.53,5.555,5.578,5.646,5.71,5.876,5.918,5.928,5.978,5.993,6.115,6.175,6.234,6.246,6.261,6.37,6.39,6.4,6.463,6.485,6.493,6.616,6.675,6.686,6.699,6.729,6.742,6.751,0.00032023,2.88e-06,0.00100243,0.0603712,0.01960778,0.00724314,0.37388723,0.00055551,0.00024726,0.00012316,0.00016658,1.428e-05,6.591e-05,0.0254751,0.00011094,0.00049343,0.07649259,0.07291401,0.00012498,0.00232635,0.00029402,0.00673945,0.00132825,0.00104612,0.09568492,0.00225371,0.00205814,0.00695254,0.00023005,0.00061992,0.16567277,0.00012891,9.843e-05,0.00050841,0.02005376,0.01002609,0.00586284,0.00675798,5.53e-06,0.00012773,3.77e-06,0.01484749,0.00020819,0.01339509,0.00069389,4.704e-05,0.00280285,0.0024296,1.8e-07,1.01e-06,-5156184.9999982,0.6787451410863178,0.9680275809351354,0.6368087463877572,0.0256711141870285,2
5854194,5854194,CCC1CN(C(=O)C2(c3ccccc3)CCCCCC2C(=S)N2CCN(c3ccc(F)cc3)CC2)C1,2.929,3.041,3.195,3.221,3.3,3.428,3.615,3.681,3.703,3.735,3.793,3.839,3.862,3.964,3.975,4.056,4.087,4.11,4.161,4.208,4.226,4.338,4.387,4.48,4.6,4.603,4.632,4.862,5.006,5.043,5.049,5.19,5.226,5.231,5.312,5.351,5.443,5.444,5.482,5.493,5.493,5.507,5.533,5.553,5.568,5.601,5.611,5.612,5.663,5.715,0.00032795,0.0036703,5.033e-05,0.00192367,4.103e-05,0.00185241,0.00050366,0.00037697,0.00355812,0.00092608,0.00055369,0.01504472,0.02636014,5.538e-05,0.00115236,0.00091594,0.05900403,0.00066772,0.00042324,0.02773506,0.00024725,0.11385669,0.02757731,0.00075314,0.00063202,0.00111806,3.08e-06,4.4e-07,0.29788248,0.00523482,0.00853986,0.00101379,0.0053734,0.00383806,0.00036668,0.03253322,0.00932905,0.00010076,0.00021358,0.00102255,0.02076588,0.01057406,0.02004205,0.03879133,0.00458874,0.00039874,0.00129678,0.01008014,0.00346909,0.00932892,608676.9999997879,-5.545154336426168,0.4986931621431713,1.0189744449605715,-0.1438679397745051,4
1169902,1169902,Cc1nccnc1CNC1(CNC(=O)C2C=C(C#N)N2)CCCCC1,3.195,3.483,3.512,3.585,3.733,3.829,3.933,4.153,4.192,4.24,4.249,4.474,4.515,4.893,4.905,4.935,4.994,5.094,5.151,5.191,5.198,5.256,5.321,5.368,5.47,5.511,5.512,5.575,5.594,5.599,5.707,5.728,5.752,5.857,5.891,5.932,5.949,5.973,5.995,6.003,6.023,6.044,6.095,6.129,6.189,6.191,6.21,6.249,6.354,6.363,0.00074869,0.00700169,0.00011955,0.0534281,3.258e-05,0.00010506,0.00035193,5.329e-05,0.00041254,2.176e-05,0.00028648,8.92e-06,0.00013527,2.501e-05,0.06784201,0.00027009,0.00623322,0.10010221,0.00147192,0.00020114,0.01220065,0.00104378,0.00370868,0.00069994,0.00015727,0.00936381,0.00555984,0.00375909,0.07731367,6.43e-06,0.00017926,0.00019438,0.01035101,0.01104103,0.00086187,0.00091249,8.327e-05,5.81e-06,0.00036835,0.05246896,0.0003074,5.887e-05,0.06615991,0.03059279,2.224e-05,0.00043004,0.00851405,0.01945988,0.00010051,0.00103586,-4075614.99999858,-0.9884500499532792,0.3400282114497618,0.0060034985866113,0.4428451500824564,2
38068,38068,CN(CC1=CN(CCOCC2CC2)NC1)c1ncnc2[nH]nnc12,2.737,3.843,4.066,4.217,4.389,4.607,4.675,4.867,4.937,5.032,5.153,5.194,5.367,5.467,5.55,5.608,5.722,5.766,5.788,5.79,5.905,5.987,5.999,6.055,6.081,6.178,6.233,6.239,6.283,6.296,6.364,6.404,6.5,6.591,6.709,6.721,6.78,6.824,6.867,6.888,6.9,6.913,6.962,7.018,7.038,7.115,7.15,7.196,7.198,7.202,0.01286262,0.00154392,0.0187799,0.23765475,0.0182288,0.00013145,0.00046186,0.18249283,0.05905482,0.00504502,0.00518343,0.00226436,0.06179568,0.00309775,0.01933132,0.00165479,0.00049436,0.006194,0.00016318,0.00022759,0.16366428,0.00134468,0.00013446,0.00626239,3.19e-05,2.877e-05,6.484e-05,0.00175071,0.02435537,0.00041732,1.226e-05,0.00060591,0.01003515,0.0495554,0.12392158,0.00917293,1.07e-06,0.03034836,0.03465979,0.01166706,0.04978144,0.19064968,0.1193784,0.03535497,0.01646198,0.00021441,0.00128634,1.68e-06,0.00166077,0.00304319,-5207448.999998185,4.191510816208027,0.5196079224660025,-0.2909130613232117,-0.3933061471839235,2
9188565,9188565,CCCCCN(C(=O)c1ccc(CN2C(=O)CNC2=O)cc1C)C1C=CN(CCC)CC1,2.89,3.067,3.291,3.512,3.661,3.877,3.886,4.017,4.239,4.366,4.545,4.77,4.799,4.806,4.943,4.959,5.021,5.105,5.149,5.176,5.199,5.274,5.283,5.294,5.368,5.385,5.487,5.582,5.595,5.759,5.763,5.805,5.845,5.861,5.909,5.984,6.004,6.054,6.062,6.081,6.125,6.157,6.17,6.174,6.209,6.218,6.221,6.233,6.264,6.274,0.00149154,2.207e-05,1.824e-05,0.00943334,0.00040331,0.00068602,0.00284281,0.00025455,9.155e-05,2.13e-05,1.47e-06,0.00011503,0.00302937,0.00473985,0.03720984,0.00483191,0.00065144,0.00775131,0.00198732,0.01280923,0.05775143,3.508e-05,0.00456115,0.0009183,0.03093805,0.01448993,0.00418433,9.998e-05,0.04393388,0.01443127,0.05276366,0.05950158,0.3291792,0.00127736,0.00934463,0.00027509,0.00344617,0.00235479,0.00270586,0.08121187,0.01913123,1.068e-05,0.00728086,0.02578392,0.07921543,0.06773608,0.06385926,0.00330916,0.24404159,0.01841783,3943047.999998624,-0.877571493817248,0.6855197976473606,-0.370222478101015,0.1037652919940426,1
2314641,2314641,N#CCc1ccc2c(c1)N(C(=O)c1cccc3c1=NOC=CN=3)CC2,1.756,1.777,2.013,2.592,2.83,3.007,3.567,3.634,3.78,3.787,3.891,3.929,3.975,3.998,4.13,4.145,4.216,4.268,4.299,4.312,4.334,4.459,4.511,4.542,4.586,4.628,4.66,4.719,4.758,4.8,4.814,4.832,4.857,4.911,4.923,5.072,5.09,5.195,5.231,5.266,5.296,5.33,5.349,5.378,5.426,5.447,5.465,5.535,5.585,5.603,0.00356412,0.00587483,0.0114753,0.00376955,2.21e-06,0.06542298,0.02137127,0.01069009,0.020272,0.02314689,0.00045301,0.0047844,3.573e-05,0.02464899,4.48e-05,0.02141544,0.00025273,0.00058651,0.04195754,0.00959404,0.04832228,0.01816788,0.004461,0.00763853,0.00674188,0.00059517,0.00347005,0.19221932,0.01362987,0.02971588,0.00124689,0.00788757,0.00282709,0.00029493,0.0134841,0.0017075,0.00459992,0.09000883,0.02542831,0.01000184,0.00471408,0.01958791,0.00638521,0.00737922,0.00297876,0.00307594,0.00328747,0.08054146,0.01295987,0.01660651,-2930875.9999989765,-6.62390564005498,1.6795291228457134,-0.7811532945907828,-0.7200853475498914,0
1257614,1257614,NCc1ccc(C(=O)N2CCc3ccc(F)cc32)o1,3.753,3.866,4.111,4.32,4.375,4.429,4.558,4.731,4.807,4.958,4.98,5.136,5.261,5.463,5.568,5.616,5.741,5.782,5.818,5.858,6.15,6.178,6.256,6.34,6.391,6.41,6.524,6.551,6.567,6.619,6.678,6.765,6.8,6.817,6.823,6.857,6.881,6.903,6.989,7.027,7.079,7.138,7.165,7.194,7.214,7.243,7.283,7.311,7.361,7.387,0.0251767,0.18344648,0.02809969,0.01253271,0.03642743,0.00471618,0.01182911,0.04193038,0.02768582,0.06089239,0.00323114,0.09294201,0.01281098,0.03349063,0.03102382,0.02657783,0.01120867,0.02072007,0.00283288,0.0081242,0.166316,0.12537225,0.00354982,6.856e-05,0.03996301,0.0047054,0.00689891,0.05025708,0.00189907,0.00316327,0.02319316,0.07665596,0.03188075,0.04944592,0.00454897,0.11306947,0.04505216,0.03575326,0.02100126,0.00193987,0.02498265,0.02555853,0.01111978,0.00418481,0.00062435,0.00199921,0.00795455,0.00353124,0.03515367,0.00283995,-3987902.9999986105,5.161365784211775,0.6402444300222458,0.2640099124357274,0.5513390558391046,2
5378235,5378235,CN(C)CCONC(=O)C(C)(C)n1ccc(C(F)(F)F)n1,4.065,4.554,4.927,4.963,5.123,5.303,5.435,5.541,5.991,6.273,6.305,6.485,6.499,6.528,6.632,6.747,6.815,6.846,6.929,6.985,7.003,7.306,7.36,7.43,7.452,7.537,7.557,7.623,7.662,7.689,7.696,7.78,7.801,7.86,7.883,7.887,7.898,7.93,7.985,7.99,8.023,8.063,8.086,8.136,8.211,8.308,8.34,8.355,8.402,8.468,0.00027297,0.05049931,0.00066681,0.00115943,1.868e-05,0.00178861,0.00565453,0.01078458,0.00042991,0.00522808,0.03848554,0.02033523,0.00073386,0.02549627,0.00156483,0.02345959,0.01268374,0.01745748,0.00763814,0.13977679,0.01348229,0.0007829,0.00076008,0.0222536,0.00513097,0.00403111,0.00021182,0.00647324,0.19146084,0.00032014,0.02702357,0.0983879,0.00403066,0.02114185,0.05787997,0.0045219,0.08489841,0.03502171,0.03218258,0.0004385,0.05610436,0.00142021,0.00652476,0.02556099,0.00198619,0.00216562,0.00184059,0.00098874,0.01085122,0.00033362,132717.99999994616,12.323148562720828,0.1695275250195444,-0.6202181946766644,0.3129516225241998,4
9720081,9720081,COCCCOC1CN(C(=O)Nc2ccccc2N2C=CN(C(=O)Cc3ccccc3C)CC2)C1,3.124,3.141,3.174,3.301,3.952,4.004,4.02,4.079,4.103,4.131,4.142,4.249,4.269,4.302,4.437,4.46,4.479,4.48,4.5,4.503,4.543,4.606,4.668,4.674,4.759,4.814,4.95,4.963,4.973,4.974,5.01,5.013,5.033,5.047,5.081,5.121,5.138,5.14,5.164,5.207,5.212,5.242,5.278,5.33,5.345,5.417,5.442,5.665,5.677,5.688,0.00773907,0.00180601,0.00105877,0.00042961,0.00398867,0.03650923,0.00101016,1.82e-05,0.00011687,0.00017144,6.06e-06,0.00031234,0.00042346,2.589e-05,0.00010826,0.00887751,0.16083125,0.099988,8.58e-06,0.00032774,7.821e-05,0.03591861,1.388e-05,0.00644989,0.04338086,0.00368753,1.749e-05,0.00042617,0.00459161,1.029e-05,0.21928253,0.00269039,0.00607462,0.03622486,0.00229438,0.00495262,4.743e-05,3.172e-05,6.663e-05,1.34e-06,0.00613132,0.00057482,0.00072882,8.217e-05,0.00044566,3.649e-05,0.02034367,0.09234718,0.00075163,0.08732737,4474563.99999844,-5.045698016012853,-0.8301066790140001,-0.201657293579903,-0.32675276188155,1
9052249,9052249,CC=C(NCCCS(=O)(=O)C1CCCC1)c1ccc(F)cc1C(F)(F)F,3.195,3.759,3.887,4.166,4.428,4.431,4.631,4.74,4.862,4.943,4.971,5.078,5.135,5.175,5.384,5.392,5.458,5.487,5.547,5.561,5.631,5.67,5.679,5.733,5.889,5.926,5.936,5.988,6.001,6.085,6.091,6.099,6.175,6.214,6.275,6.287,6.393,6.396,6.433,6.457,6.468,6.53,6.538,6.6,6.644,6.71,6.792,6.815,6.832,6.918,0.00055835,0.00870534,0.00011968,0.00419139,1.903e-05,0.00047292,0.00028553,0.01908234,0.05147904,3.69e-06,0.00010964,0.03887366,2.04e-06,0.00077909,0.03106289,0.00012904,0.00018131,4.67e-06,0.00088636,0.00082086,0.00020619,0.0001622,5.84e-06,0.00068902,9.009e-05,0.00024022,0.00026189,0.10052506,0.00227366,0.0002319,0.00096512,0.00117626,0.00053626,0.00048162,0.00284872,0.00262523,0.15145781,0.08209541,0.00189582,0.02086083,0.02023771,0.00850357,0.42998655,0.0004329,0.06516726,0.00376361,0.0012085,0.05886157,0.07908827,0.02033844,3806731.999998672,2.249833310160088,-0.1648806042175117,-0.240074420051224,-0.2832803529204417,1
2539182,2539182,CCc1c(CNC(=O)COCC(=O)N(Cc2ccccc2)C2CCN(C)OCCO2)c(C)nn1C,3.631,3.646,3.762,3.791,3.824,3.851,4.281,4.3,4.309,4.322,4.352,4.358,4.379,4.387,4.563,4.592,4.81,4.845,4.871,4.88,4.908,4.924,4.966,5.018,5.065,5.136,5.158,5.259,5.27,5.298,5.302,5.359,5.482,5.545,5.583,5.601,5.637,5.657,5.661,5.819,5.852,5.868,5.884,5.885,5.917,5.931,5.959,6.035,6.043,6.073,0.0095769,0.00103923,3.448e-05,1.04e-06,0.00088125,6.562e-05,7.731e-05,0.00450458,0.00011932,0.00143548,0.0011575,3.298e-05,0.00047417,5.65e-06,2.1e-07,1.5e-07,0.000196,0.00066395,0.00017418,0.00011478,0.00036326,0.00139072,0.00164716,8.84e-06,0.0026187,0.00282828,0.00415295,0.00046552,1.88e-06,9e-08,0.00018832,0.00039332,6.315e-05,7.51e-06,0.00011326,0.01484133,0.00016737,0.00217506,0.00769419,0.00174411,0.00765921,0.00235747,0.00012479,0.00012697,0.00398764,0.00070845,0.00041672,0.00125557,0.0061311,0.00134385,-2706334.9999990566,-2.476403600792884,-0.683654438053433,0.518575646596301,-0.0081387835760603,0
2423132,2423132,COCC1CCN(C(=O)C(=O)NCCCN(C2CCC2)S(C)(=O)=O)CC1,3.608,4.166,4.706,4.736,4.915,5.033,5.373,5.405,5.526,5.59,5.842,6.004,6.031,6.05,6.07,6.116,6.205,6.288,6.358,6.387,6.451,6.554,6.628,6.663,6.715,6.837,7.026,7.056,7.134,7.166,7.171,7.251,7.266,7.334,7.371,7.404,7.425,7.439,7.446,7.474,7.515,7.525,7.545,7.569,7.635,7.718,7.729,7.764,7.822,7.904,0.000153,0.00657381,0.00078004,1.074e-05,0.03714684,0.04975502,0.00918928,0.04906584,3.816e-05,0.01316517,2.3e-07,0.00068767,0.00375422,1.529e-05,0.00029125,7.62e-06,1.441e-05,0.00018099,0.0004888,0.00048266,0.00729277,0.00043799,0.01063338,0.00165976,0.00303721,4.792e-05,0.07402261,0.09900816,6.23e-06,0.00930378,0.00140766,0.01179927,0.01859447,0.00085406,0.05434307,0.02887737,0.01658095,0.01310663,0.01388545,1.022e-05,0.00839563,0.00222479,0.00066278,0.00458009,0.07108841,0.03080774,0.01117993,4.05e-06,0.00477205,0.0526563,-2822384.999999019,8.63739146297907,0.0751522719915274,-0.290935153373535,-0.1408873596088005,0
9358020,9358020,CCOCc1nnc(N(Cc2cccc(F)c2)C2CCCCC2)n1CCCS(C)(=O)=O,3.524,3.784,3.931,3.955,4.215,4.319,4.362,4.749,4.814,4.987,5.048,5.116,5.178,5.246,5.313,5.37,5.42,5.519,5.534,5.546,5.573,5.609,5.624,5.736,5.807,5.843,5.897,5.921,5.962,5.967,5.978,6.066,6.106,6.158,6.206,6.255,6.272,6.289,6.35,6.408,6.436,6.473,6.492,6.496,6.538,6.54,6.614,6.652,6.673,6.69,6.51e-06,0.00084871,0.00171159,0.0007913,0.00211089,3.229e-05,0.00258583,9.484e-05,0.00043267,0.00351118,0.03187898,7.979e-05,5.953e-05,0.0005764,0.00034723,0.0046708,0.00146149,0.00319703,0.00011668,0.00035359,0.00216691,0.00015239,0.00208357,0.001351,0.00526606,1.661e-05,0.00083898,0.00152538,0.00093701,0.00170435,2.925e-05,1.839e-05,0.00079251,0.00464839,0.00379922,0.17140012,0.00035655,0.0421413,0.0054533,0.00078055,0.06287613,0.01673305,0.02533655,0.00011524,0.11970173,0.13354292,0.15530694,0.10790304,0.03265639,0.00131676,4112502.999998564,1.8086030882924784,-0.3687546943139652,-0.3382599526373068,-0.0075489150999826,1
10484139,10484139,COCC1(c2ccccc2C(=O)NCCCN(C(=O)c2cc(F)ccc2C)C2CC2)CC1,3.39,3.442,3.566,3.579,3.784,3.853,3.911,3.922,3.96,3.987,4.005,4.041,4.303,4.354,4.363,4.382,4.383,4.447,4.453,4.595,4.644,4.739,4.814,4.837,4.9,4.904,4.92,4.977,5.055,5.098,5.12,5.234,5.275,5.278,5.322,5.362,5.368,5.432,5.461,5.465,5.489,5.587,5.622,5.627,5.63,5.665,5.695,5.704,5.74,5.75,2.61e-06,0.00059118,0.00542459,4.827e-05,0.00138559,0.00172249,1.449e-05,0.00016412,0.00014367,0.00016597,0.00137866,5e-07,0.00035818,0.00010262,1.682e-05,3.12e-05,5.823e-05,2.69e-05,0.00940768,3.536e-05,0.01729589,0.00081921,8.45e-05,0.01206327,0.00170457,0.00122732,0.03453123,0.00049155,0.00031847,0.00842754,0.02799321,0.00035328,0.010987,0.00086637,3.465e-05,0.00027995,9.125e-05,0.00174659,0.01066203,0.00572322,4.026e-05,0.00014666,0.00318593,6.336e-05,0.01585969,2.099e-05,0.07315877,0.00065561,0.00545484,4.655e-05,5238621.999998173,-4.229324957803144,-0.5533948612311851,0.5645916474358929,0.0966439062088517,1
7394517,7394517,COc1cc2c(cn1)CN(Cc1cc(O)cc(-c3ccccc3)c1O)CC2,3.532,3.665,3.808,3.935,4.105,4.116,4.197,4.375,4.467,4.492,4.549,4.614,4.649,4.675,4.7,4.76,4.805,4.851,4.948,4.97,5.037,5.148,5.161,5.186,5.218,5.247,5.253,5.292,5.312,5.338,5.43,5.445,5.486,5.517,5.595,5.596,5.636,5.639,5.717,5.723,5.752,5.848,5.85,5.868,5.88,5.916,5.96,5.986,5.993,5.996,0.00026434,0.12233108,0.00134423,0.00088075,0.00092121,0.00498221,0.00088543,6.886e-05,0.00328089,0.05158645,0.01702808,0.00200496,0.00141461,1.053e-05,0.01493205,0.0978939,0.02393239,0.00196867,0.00232927,2.09e-06,0.00011135,0.00239474,0.00715866,0.00029838,0.00453466,0.01756489,0.01324703,0.00606494,0.00365501,0.00342874,0.07153716,0.13432263,2.531e-05,0.00046227,0.00252523,0.00046378,0.00327014,0.06208048,0.00020051,1.5e-05,0.0001014,0.00173144,0.0010323,0.00410843,0.00083532,0.00327669,0.17196909,0.13357461,3.102e-05,0.01236909,2148999.999999252,-2.045731196628071,-1.0406428895411235,0.0424461459471665,-0.0510955732703418,3
2609332,2609332,CCOCCN1CCOCCN(C(=O)c2cc(-c3ccsc3)nc3ccc(C)cc23)CC1,2.494,2.64,2.79,3.2,3.2,3.347,3.352,3.394,3.471,3.508,3.747,3.811,3.821,3.923,3.963,4.074,4.119,4.188,4.235,4.301,4.408,4.441,4.536,4.556,4.563,4.636,4.689,4.696,4.802,4.873,4.877,4.883,4.976,5.086,5.11,5.125,5.131,5.17,5.201,5.222,5.268,5.276,5.285,5.322,5.366,5.418,5.444,5.461,5.477,5.495,0.00159689,0.00386487,0.00182692,0.000116,0.0002596,0.00702689,0.00404012,0.09944126,0.0005335,0.00101187,0.06348848,0.0021119,0.0008799,3.638e-05,0.00095137,0.00163433,9.273e-05,0.00142377,0.00768286,0.27789893,0.0001583,0.1148004,2.779e-05,0.00127535,8.742e-05,0.02903543,0.0007024,0.00167278,0.00763136,0.00623932,0.13305664,0.05567053,0.02754849,0.02846807,0.29514286,0.00724701,0.00283473,0.00296202,0.00179369,0.00181986,0.00026891,0.00710987,7.238e-05,0.00198683,0.00276561,0.00490719,0.20876513,0.01890079,0.01626939,0.02612163,-2636184.999999077,-6.491583640844562,0.7188272937233612,0.2362770867227192,0.0669539566398032,0
3727900,3727900,C=CCCC(=Nc1ccccc1)N(C)CCc1cccs1,3.563,3.709,4.155,4.327,4.406,4.512,4.625,4.64,4.696,4.911,4.942,5.006,5.108,5.158,5.182,5.246,5.291,5.41,5.433,5.44,5.45,5.495,5.599,5.673,5.689,5.73,5.75,5.777,5.837,5.841,5.854,5.857,6.019,6.031,6.041,6.079,6.082,6.118,6.123,6.249,6.294,6.297,6.304,6.375,6.395,6.472,6.49,6.56,6.594,6.62,0.02182459,0.00485375,0.0002079,0.03467575,0.00513487,0.04053244,0.01925912,0.0580605,0.00010936,0.01329174,0.00434652,0.10544846,0.00279133,0.00399579,0.00093987,0.07006355,0.07917826,0.00149935,0.0004342,0.00762052,0.01184889,0.01855674,0.00664709,0.0001962,0.00598878,0.00589219,0.00056921,0.00265002,0.00167729,0.00373259,0.00227447,0.00920166,0.00690866,0.00015318,0.00010374,0.00284199,0.01120671,0.00560681,0.0640151,0.00043022,0.02787344,0.00045566,7.968e-05,0.28077979,0.00483924,0.00741599,0.0374249,0.01946882,0.03136066,0.00063654,-1517616.99999947,1.1508894685714737,-0.8669780381659383,-0.1626856751667326,-0.1734257421721321,0
8819163,8819163,CC1(C)CCN1C(=O)c1cccc(C#N)c1N,3.253,3.699,3.989,4.116,4.567,4.974,5.415,5.487,5.546,5.791,5.838,5.869,6.022,6.074,6.21,6.322,6.329,6.372,6.409,6.461,6.52,6.587,6.612,6.678,6.684,6.732,6.734,6.748,6.822,6.859,6.904,7.008,7.076,7.106,7.153,7.188,7.197,7.275,7.286,7.42,7.456,7.479,7.489,7.541,7.655,7.687,7.694,7.72,7.734,7.743,0.0011283,0.00502823,0.11356809,0.00392062,0.00948347,0.00501275,0.00034155,0.06550797,0.09390638,0.07215839,0.10631625,0.01178711,0.10489251,0.09686968,9.955e-05,0.00271254,0.00019189,0.01447137,0.01067676,0.26773406,0.0222025,0.09568686,0.01016347,0.00041449,0.00312703,0.00099676,0.00059833,0.01976317,0.03077902,0.01105196,0.01275162,0.02246104,0.00106915,0.00439282,0.00920447,0.00206827,0.00140973,0.0024198,0.00142421,0.03459838,0.07700571,0.04149277,0.00194398,0.0012313,0.00108179,0.02006015,0.02265687,0.00019864,0.01721489,0.00274663,3573645.9999987497,7.93062407960027,0.5394792542085772,-1.111250364440696,-0.5501469930283204,1
7230968,7230968,CC(C)CCCn1ncc(NC(=O)CSCC(=O)NNC(=O)c2ccc(C#N)cc2)c1C1CC1,1.993,2.273,2.806,2.818,2.834,2.937,3.086,3.11,3.207,3.511,3.61,3.631,3.649,3.9,4.003,4.084,4.106,4.175,4.324,4.363,4.375,4.465,4.559,4.577,4.697,4.703,4.754,4.768,4.792,4.866,4.867,4.908,4.919,4.925,4.937,4.97,4.989,5.094,5.114,5.16,5.17,5.189,5.221,5.232,5.248,5.257,5.262,5.279,5.31,5.32,9.93e-06,2.621e-05,6.9e-07,1.33e-06,4.271e-05,0.02866447,1.3e-07,0.01232955,0.0149634,5.3e-07,0.00023809,3.75e-06,1.949e-05,5.839e-05,8.549e-05,9.909e-05,1.004e-05,6e-07,5e-07,5.784e-05,4.18e-06,0.00016435,0.00028931,0.00165482,0.16405486,0.05274415,0.01097939,0.00986939,0.05555875,0.00017894,0.00099832,0.00035744,2.241e-05,0.01927851,0.16086924,0.15623254,1.5e-07,0.00020635,0.01748512,0.00033478,0.00026132,1.03e-06,0.00029491,0.00439592,0.00751885,0.00199079,0.00025109,2.049e-05,9.03e-06,0.00019545,1985450.999999307,-7.128941871042018,1.3195123322771969,-0.3008497119609102,0.4450398365863309,3
2072830,2072830,Cc1nc(-c2cccc(NC(=O)NCCC(C)CCCCN3CCCCC3)c2)no1,3.256,3.584,3.978,4.074,4.183,4.402,4.445,4.748,4.75,4.773,4.867,5.069,5.104,5.246,5.273,5.318,5.38,5.391,5.465,5.517,5.568,5.585,5.616,5.681,5.747,5.765,5.766,5.797,5.918,5.939,6.049,6.074,6.095,6.1,6.135,6.169,6.208,6.275,6.305,6.324,6.349,6.357,6.402,6.432,6.449,6.503,6.508,6.525,6.553,6.57,2.8e-07,3.671e-05,0.03522246,2.52e-06,0.00440427,0.00043858,6.3e-07,0.05731833,0.00076454,0.00010675,0.12668983,0.02154845,0.09124811,0.05640115,0.52527414,0.00057805,0.00940344,0.00179506,0.00332862,0.00100931,5.543e-05,0.00772066,0.00017876,0.02940308,0.03395191,0.0004274,0.06769495,0.00441727,0.00023891,1.592e-05,0.00481009,0.07871385,0.00308049,7.282e-05,0.00033609,0.02388574,0.00362408,0.01084562,0.00542963,0.00809718,0.00924325,0.01108891,0.00165657,0.00158424,0.01618267,0.0025002,0.00171983,1.5e-06,0.05694242,0.00443296,-3172686.9999988945,1.3835727351064702,-0.3390469079062491,-0.4311126992210596,-0.0849305000420764,2
2480696,2480696,CON=C(C(=O)NCCC(C)(C)SCC(=O)O)c1ccccc1,2.96,3.519,3.804,3.936,4.238,4.245,4.279,4.406,4.491,4.501,4.74,4.76,4.792,4.857,4.863,4.976,5.027,5.112,5.221,5.224,5.297,5.365,5.465,5.469,5.485,5.513,5.566,5.618,5.743,5.747,5.799,5.87,5.887,5.971,6.01,6.015,6.078,6.089,6.12,6.169,6.185,6.207,6.28,6.304,6.326,6.33,6.333,6.337,6.374,6.429,0.00026057,0.00038713,0.00180056,3.686e-05,0.04284793,0.33965433,1.756e-05,0.00083772,0.02850616,5.186e-05,3.892e-05,0.00375061,0.00024488,0.03606977,0.00582176,0.01360605,0.00426874,0.00173755,5.08e-06,4.086e-05,5.245e-05,0.00377354,0.00020004,0.0003734,0.02283242,0.0027706,0.00019157,7.94e-06,0.00112426,6.2e-07,3.221e-05,0.00052532,0.03211605,0.003921,0.02015176,0.00011372,7.138e-05,0.00218232,0.00078532,0.09954924,0.1578011,5.934e-05,7.33e-06,0.00142357,0.00189609,0.0014556,0.00229432,0.00241755,0.00474081,0.08751901,-2764820.9999990347,-0.039581719245798,-0.0661419685284971,-0.0413195612850665,-0.1823699149987868,0
4614519,4614519,CN1CCN(C(=O)CC2CCOCCN(Cc3ccc(C(=O)OC(C)(C)C)s3)CC2)CC1,2.976,3.002,3.23,3.361,3.4,3.686,4.425,4.574,4.771,4.801,5.018,5.079,5.105,5.17,5.178,5.194,5.202,5.305,5.333,5.43,5.464,5.502,5.537,5.554,5.623,5.673,5.746,5.781,5.801,5.837,5.839,5.912,5.953,5.967,6.071,6.09,6.098,6.131,6.147,6.168,6.226,6.306,6.325,6.378,6.413,6.471,6.48,6.495,6.518,6.544,1.549e-05,0.00021144,4.6e-07,2.179e-05,5.5e-07,0.00344727,0.31634231,0.00578287,0.026684,0.02831407,4.718e-05,0.00013737,0.00121261,0.00029167,0.00258897,6.46e-05,0.00255372,0.00141461,4.1e-07,0.00030493,0.00013078,2.6e-07,0.00145331,3.7e-07,0.00077813,0.0005051,0.00041474,0.000838,0.00140796,3.187e-05,0.00014375,2.555e-05,0.00065901,0.00018005,0.00010548,0.00010842,0.00299099,0.0021037,0.00036462,0.00094427,0.01730714,0.0004546,1.9e-07,0.00497331,0.00370458,0.01397357,9.199e-05,1.312e-05,0.00873588,0.0050245,-630997.9999997818,0.4816022305342503,0.6500663918082316,-0.984909249967856,-0.2323291998353591,4
7803783,7803783,CCCC(O)(CCC)Cn1c(-c2ccccn2)nnc1N1CCN(c2ccc(C#N)cc2)CC1,3.377,3.49,3.547,3.671,3.794,3.947,4.008,4.18,4.187,4.242,4.251,4.286,4.303,4.371,4.493,4.558,4.59,4.702,4.71,4.726,4.786,4.839,4.844,4.957,4.98,5.02,5.056,5.199,5.203,5.262,5.283,5.312,5.32,5.381,5.412,5.49,5.502,5.503,5.526,5.625,5.627,5.655,5.706,5.776,5.803,5.865,5.935,5.951,5.985,6.04,0.008045,0.00014237,0.05956496,0.03280195,0.1539186,0.0189869,0.01724866,0.00456481,0.03483272,0.02218411,0.01752606,0.35974336,0.00328046,0.00015455,0.00057306,5.612e-05,0.01500149,0.00020733,0.00546998,0.00081919,0.06489552,0.00097554,6.51e-06,5.044e-05,0.01041446,0.06145116,0.02301613,0.0010234,0.00084478,0.01359274,0.00092453,0.00068299,4e-07,0.00025477,0.02636274,0.00446721,0.0001385,0.00258187,0.00860625,0.00117006,0.00075524,0.01829665,0.00482787,0.00227004,0.00086008,0.07887642,0.00105691,0.01876002,0.00145352,0.00638717,2558265.9999991087,-3.2468380808274366,-0.5186531612596682,0.4069902877709842,-0.1116673827071172,3
7429289,7429289,CCCN(CCN1CCCCCC1)C(=O)c1cccc(Oc2ccccc2F)c1,3.398,3.537,3.635,3.73,3.757,3.807,3.869,4.036,4.052,4.14,4.184,4.188,4.461,4.495,4.547,4.891,4.992,5.036,5.079,5.367,5.38,5.439,5.449,5.496,5.507,5.541,5.67,5.71,5.725,5.745,5.821,5.84,5.859,5.889,5.915,5.937,5.964,5.978,5.994,6.01,6.031,6.053,6.076,6.078,6.129,6.139,6.156,6.185,6.193,6.214,0.00159385,0.00033282,0.00597295,0.00037724,0.00017513,7.898e-05,0.00028116,0.00147984,0.00111146,0.00025101,0.02017454,0.00303358,0.00037488,0.03637663,0.03075846,0.10288852,0.01553175,0.00874449,0.00964293,0.00081864,0.00965997,0.0037516,0.0314842,0.01873707,8.67e-06,0.00440225,0.00099947,0.0145512,0.00025479,0.00070525,0.02406502,2.262e-05,2.458e-05,5.834e-05,0.00013252,0.02060518,0.00595465,0.00051754,0.04270509,0.02305093,0.00195736,0.00172069,0.00325334,0.00209106,0.00494296,0.01309504,0.00013945,0.02194987,0.00305986,0.01802027,2183771.999999238,-0.9870632646696168,0.32420839523776,0.2379753454031708,1.0141368133902733,3
4730190,4730190,COCCNC(=O)Nc1ccc(NS(=O)(=O)c2cc(C(F)(F)F)ccc2F)cn1,2.067,2.258,2.378,2.551,2.815,2.886,2.934,3.206,3.441,3.657,3.757,3.932,3.948,4.027,4.052,4.111,4.12,4.18,4.211,4.284,4.489,4.502,4.587,4.595,4.619,4.742,4.761,4.772,4.917,4.943,5.053,5.082,5.094,5.117,5.162,5.188,5.2,5.246,5.304,5.341,5.366,5.373,5.446,5.496,5.5,5.528,5.64,5.654,5.666,5.702,0.04065231,3.85e-05,0.00042487,0.00294502,7.07e-06,0.00160287,2.193e-05,0.00158239,6.707e-05,0.00945324,0.00010432,0.00190648,0.00116765,0.08151489,0.03617031,0.03007274,0.12478327,0.00234595,0.04082737,0.08227302,0.00016945,0.00614197,0.01788406,0.00028239,0.00600978,0.01367218,0.01893727,0.04806643,0.00669289,0.0040132,0.00664749,0.07104259,0.00435257,0.00120143,0.00575592,0.05913626,0.01449748,0.00309013,0.00117197,7.201e-05,0.01128377,0.003804,0.00012931,0.00120336,0.00047084,0.03928332,0.00200222,0.0191242,0.00328172,0.01104061,-515326.999999815,-6.248579491861005,1.8963679446787327,-0.1445028283591452,0.0611795720412511,4
6269023,6269023,C=CCCCN(CN1CCOCC1)Nc1cccc2c1C(=O)N2,3.108,3.595,3.775,3.959,3.985,4.023,4.18,4.258,4.446,4.511,4.812,4.865,5.051,5.078,5.123,5.378,5.407,5.426,5.464,5.476,5.695,5.715,5.795,5.821,5.869,6.02,6.05,6.099,6.123,6.268,6.284,6.296,6.346,6.382,6.475,6.497,6.538,6.567,6.576,6.63,6.646,6.666,6.694,6.718,6.827,6.843,6.876,6.947,6.972,7.097,0.00052644,0.02893633,0.01176569,0.00094379,0.00280121,0.00408643,0.0008482,0.01167505,0.00011864,0.00189946,0.00012246,3.555e-05,0.00016119,3.487e-05,0.09508733,0.00408688,0.01195563,6.098e-05,0.06047598,0.00804938,0.05548035,0.00651318,0.0131798,0.01349589,0.00313813,0.18611368,0.04773624,0.04305516,0.00139349,0.0756613,5.574e-05,0.01748038,0.02475076,0.00931252,0.01567556,0.01360358,0.00027903,0.01697375,0.00510007,0.35711418,0.03024005,0.0540228,7.525e-05,0.00228817,0.00028353,0.02989961,0.02550794,0.01796128,0.00333989,0.02892243,1023505.9999996426,2.386782461497118,0.9824855889464564,0.1603360665173211,0.340940110224697,3
6442227,6442227,CC(C)(C)OC(=NCc1ccccc1)Nc1ccc(CCNC(=O)NCc2ccco2)s1,3.882,3.906,3.943,4.101,4.125,4.249,4.347,4.481,4.494,4.503,4.527,4.565,4.601,4.626,4.692,4.702,4.717,4.749,4.857,4.901,4.954,4.998,5.106,5.131,5.19,5.201,5.21,5.235,5.25,5.275,5.326,5.437,5.468,5.541,5.585,5.611,5.638,5.699,5.723,5.73,5.772,5.811,5.871,5.925,5.959,5.99,6.028,6.041,6.054,6.065,0.00015886,0.00055012,0.00013189,1.84e-06,7.32e-06,0.22384288,0.00336131,0.00030333,0.0054131,1.223e-05,6.82e-06,0.013966,0.00123728,0.00137266,6.178e-05,0.00097207,0.00011191,0.03036225,0.00080199,0.01351871,0.00182803,0.00820962,6.289e-05,0.00019935,0.00021846,0.00029654,0.00042492,0.00011448,0.00153777,0.00397272,0.01210436,0.0011088,2.319e-05,1.413e-05,0.03677396,0.01172591,0.04527603,4e-08,1e-08,0.00075108,0.00032873,0.00037441,0.00027518,0.00245136,2.24e-05,0.00064413,0.11070544,0.01195455,0.00074175,0.00529211,1196709.9999995837,-2.0087944088094787,-1.371376769726968,0.5226495030241857,-0.1634962080645847,3
8195353,8195353,C=C(CCc1ccc(OCCCC(=O)Nc2ncc3c(c2C#N)COCC3)cc1)OC,3.039,3.189,3.245,3.648,3.679,3.831,3.884,4.051,4.167,4.277,4.288,4.304,4.329,4.618,4.631,4.712,4.762,4.771,4.801,4.82,4.833,4.925,4.937,5.016,5.032,5.115,5.163,5.193,5.251,5.255,5.268,5.288,5.37,5.418,5.436,5.458,5.472,5.491,5.533,5.617,5.651,5.658,5.684,5.705,5.78,5.803,5.809,5.812,5.823,5.878,3.019e-05,0.00013327,0.00010857,0.00046816,0.00094963,0.00257678,0.00060529,0.05832887,0.00077106,0.00048889,0.00198349,0.01477655,4.57e-06,0.02260483,0.01194927,0.00458599,0.00010689,0.0534778,0.06781769,0.00631524,0.00266263,0.00180867,0.00111283,0.00263086,0.06230588,0.03357544,0.00125486,0.05144395,0.04403813,0.09238187,0.00026024,0.00380467,0.00012935,0.001527,0.00222513,0.00200953,0.00327337,0.00024139,0.11101988,0.03873464,0.00171693,0.00188694,0.03435852,1.283e-05,0.09452828,4.515e-05,0.00070859,0.01635862,0.00465762,1.075e-05,2949835.9999989723,-3.290193131598917,-0.2170158959203811,-0.2349218010798922,-0.0035573047757923,3
6663175,6663175,COC1=CC=C(C(=O)NCCNCC2=C(F)CCCCC2)CC1,3.184,3.784,4.03,4.057,4.198,4.304,4.337,4.773,5.065,5.393,5.494,5.557,5.761,5.829,5.944,5.978,6.057,6.087,6.127,6.212,6.309,6.359,6.373,6.395,6.415,6.467,6.546,6.57,6.59,6.626,6.693,6.8,6.863,6.869,6.944,6.964,6.992,7.048,7.071,7.123,7.214,7.227,7.229,7.343,7.371,7.391,7.434,7.445,7.536,7.598,0.0019407,0.0063535,0.08918364,0.23493319,6.048e-05,0.00039332,9.99e-06,0.00158634,0.00864179,0.00031903,0.00156512,0.0110064,0.00370359,0.00446106,0.00015206,0.01383539,0.01042061,0.02700362,0.00710856,0.00338285,0.00723617,0.0450566,0.04293055,0.1867652,0.01615862,0.00895474,0.00087784,0.00111371,0.00121033,0.0236374,0.00402373,0.00065835,0.00272007,0.0026088,0.0089326,0.00023671,0.00358697,0.00117193,0.00473891,0.00010488,0.00783213,0.00950177,0.01136858,0.01265545,0.00068897,0.01996141,0.07024965,0.00688116,0.00353536,0.00184535,1417657.9999995043,6.055006297919282,0.9633061799801044,-0.6963366757841369,0.1680231273951994,3
208688,208688,CC(C)n1ncc(NNC(=O)C2CC=CC2)c1C1CC1,3.479,4.203,4.674,4.739,4.807,5.111,5.127,5.255,5.549,5.802,6.232,6.246,6.285,6.342,6.423,6.446,6.508,6.524,6.573,6.61,6.663,6.685,6.929,6.985,7.0,7.018,7.082,7.144,7.145,7.306,7.351,7.419,7.479,7.514,7.528,7.575,7.59,7.795,7.823,7.826,7.863,7.897,7.936,7.95,7.958,7.976,7.997,8.032,8.049,8.052,0.00259882,0.0015709,0.08901883,0.00221499,0.08907561,0.0112859,0.00314644,0.00122957,1.799e-05,0.00281734,0.00239487,0.01418638,0.09795152,0.08812804,0.01063531,0.01737838,0.08109101,0.14644446,0.00229173,0.00241354,0.07262354,0.13710891,0.0033729,0.00715027,0.00205673,0.00137748,0.00411863,4.579e-05,0.00325467,0.00212573,0.00085553,0.00043875,0.00042368,0.00235973,0.00597856,0.04359297,0.00131471,0.1193465,0.04949717,0.04137898,0.01119633,0.05744342,0.01856977,0.00194212,0.00014175,4.797e-05,0.00130191,0.04958484,0.01357682,0.01354137,-5036828.999998246,10.068734432671404,0.547664281573396,-0.5359615894640174,-0.1345338216095941,2
7169845,7169845,Cc1conc1C(=O)NC(C)(C)N1CCC(NC(=O)c2ccc3c(c2)N(C)CCN3C)CC1,2.817,3.169,3.326,3.673,3.688,3.796,3.803,3.832,3.87,3.923,4.154,4.161,4.191,4.255,4.31,4.333,4.515,4.658,4.675,4.692,4.822,4.84,4.856,4.908,4.996,5.223,5.322,5.341,5.385,5.467,5.482,5.624,5.657,5.684,5.703,5.806,5.862,5.877,5.967,5.976,5.983,6.034,6.044,6.097,6.129,6.132,6.141,6.192,6.209,6.242,1.519e-05,3.63e-06,0.00063528,0.00694763,6.442e-05,0.14821946,0.00828251,0.00081107,8.79e-06,1.175e-05,7.463e-05,0.01019977,7.165e-05,0.05573543,8.86e-06,0.00010494,0.00998524,0.01362964,0.00057651,0.00058718,0.11955765,0.00010268,0.00030842,1.6e-06,0.01336896,1.127e-05,6.906e-05,1.279e-05,0.26118117,0.07501124,0.00012531,0.00283396,0.01826762,0.03321641,0.0001907,0.02099859,6.975e-05,0.0028023,0.05042158,0.01800722,0.00290495,0.00082178,3.21e-06,0.03444733,0.00026221,0.00018354,0.03789431,0.00330855,0.00014765,0.006295,1924327.99999933,-2.534982716628293,0.8900524668094126,0.8981008265919209,-0.0905067090279727,3
2966076,2966076,CC(C)(C)OC(=O)NCC(F)(F)CN1Nc2ccccc2OC1=O,4.071,4.252,4.502,4.686,4.855,4.962,5.039,5.294,5.321,5.433,5.546,5.658,5.815,5.854,6.09,6.13,6.194,6.286,6.366,6.394,6.459,6.488,6.553,6.663,6.7,6.722,6.737,6.84,6.845,6.931,7.013,7.042,7.053,7.066,7.162,7.228,7.231,7.254,7.316,7.371,7.414,7.498,7.509,7.526,7.617,7.69,7.708,7.714,7.729,7.752,0.02872404,0.05206483,0.0004964,0.00129877,0.00080621,0.00970023,0.00044018,0.07412362,0.02159952,0.00284766,0.05593023,0.00208598,0.01352462,0.03208621,0.18398233,0.00044666,0.12697815,0.0320529,0.00016369,0.0006321,0.00807948,0.0001453,0.00146773,0.06055399,0.04909783,0.00350134,0.00328363,0.02839234,0.04091669,0.06159544,0.01193318,0.01754628,0.01678066,0.00749491,0.06255875,0.00115537,0.00118716,0.0207536,0.00075164,0.08204237,0.00066894,0.00047398,0.01196462,0.00462138,0.18969722,0.00297901,0.0026931,0.00016253,0.01103469,0.00198939,-2279440.9999992065,7.858970217550187,-0.0320939297408177,-0.0184270291176228,0.203082424949186,0
5186875,5186875,Cc1ccc2[nH]ncc2c1C(=O)OCC1=CC=C(S(=O)(=O)N(C)C)CC1,2.742,2.968,2.987,3.04,3.457,3.523,3.785,3.842,3.877,3.955,4.018,4.301,4.305,4.343,4.348,4.417,4.432,4.52,4.572,4.73,4.776,4.833,4.838,4.866,4.898,5.077,5.217,5.229,5.232,5.295,5.337,5.341,5.348,5.389,5.395,5.456,5.47,5.513,5.559,5.569,5.629,5.695,5.743,5.744,5.764,5.797,5.822,5.825,5.833,5.852,0.04883503,0.00092973,6.072e-05,0.0044307,0.00066565,0.00023512,0.0017099,0.15829321,0.00617358,0.1421997,0.00637441,0.00044243,0.00038113,6.69e-06,0.05734907,0.00495117,2.25e-06,0.00012259,0.00765697,2.84e-06,8.822e-05,0.00277557,0.00053787,0.00282169,0.00046476,0.00230875,0.03317981,0.00031456,0.00698046,0.00701394,0.00213027,0.01515205,0.00279064,0.0128371,0.00192452,0.00113693,0.14491775,0.03122204,0.00153709,0.01056859,0.00285407,0.0166506,0.00108766,0.00055744,0.00012321,0.00587302,0.00268905,0.00064301,0.00133081,0.02387903,-58641.99999997816,-3.91002077695867,0.6628066459872768,-0.0238609762196482,0.0643574164255898,4
1569606,1569606,CCOc1cc(C)cnc1C(=O)c1ccc(NC(=S)NC(C)C)cc1,2.631,2.81,3.177,3.289,3.403,3.487,3.572,3.598,3.68,3.77,3.785,3.878,3.946,4.006,4.022,4.04,4.085,4.285,4.344,4.361,4.479,4.488,4.499,4.57,4.587,4.654,4.75,4.803,4.977,4.998,5.056,5.153,5.183,5.212,5.225,5.268,5.329,5.345,5.351,5.46,5.486,5.519,5.638,5.768,5.782,5.793,5.817,5.826,5.841,5.916,0.00911698,9.391e-05,0.01288785,0.08587309,0.00369927,0.00083247,0.00090077,0.00067318,7.232e-05,0.00165588,0.00776384,0.39617636,0.02724983,0.00717388,0.00307934,0.00191541,0.0017819,0.00097003,8.918e-05,0.00827234,0.00285785,0.03140812,0.03922002,0.00162624,0.01802685,0.00034024,0.00268851,0.1656738,0.04266813,0.00527249,0.00032904,0.03980612,0.01717927,0.00347416,0.01551824,0.00202974,0.05221062,0.00059573,0.00070044,0.00198665,0.00037888,0.00266882,0.01119114,0.00424144,0.02996516,0.01365159,0.0052095,0.00504363,0.00101167,0.01089191,-3675910.9999987152,-5.25195458673305,0.7683102897108516,0.8049269838073186,-0.3480956584765667,2
5950294,5950294,COc1ccc(CN(C(=O)c2cc(=O)nc(O)[nH]2)C2CC2)cc1OC,2.799,3.352,3.507,3.784,3.833,4.086,4.161,4.168,4.234,4.399,4.456,4.582,4.638,4.679,4.69,4.717,4.769,4.798,4.8,4.878,5.0,5.102,5.122,5.275,5.325,5.328,5.471,5.496,5.505,5.506,5.593,5.68,5.748,5.783,5.839,5.879,5.896,5.961,6.004,6.021,6.066,6.086,6.147,6.165,6.194,6.237,6.349,6.367,6.468,6.494,0.0008158,0.0013284,0.00078172,0.00064194,0.01145833,5.175e-05,0.01306011,0.02216201,0.02419601,0.03513755,0.03245509,0.00365852,0.00021931,0.00191549,0.01158531,0.00270041,0.00210468,0.01621692,0.03414081,0.02873426,0.00704649,0.00348089,0.01562284,0.00027858,0.00124491,0.01185774,0.00325081,0.00308295,0.01126892,0.03754309,0.09338583,0.00051814,0.00076788,8.204e-05,0.03405611,0.01615751,0.0494116,0.00209299,0.00161547,0.02154226,0.22808948,0.00360671,0.1042006,0.03562053,0.03820702,0.02424832,0.04554164,0.0624568,0.06814597,0.00606026,704776.999999755,-1.2379839955443055,0.3920954726871773,0.3190930240009265,-0.4164709951967973,4
6055398,6055398,Cc1nc(CN2CCCN(c3nnc(C4CC4)n3CCCNC(=O)C(C)C)CC2)sc1C,3.22,3.367,3.996,4.086,4.509,4.626,4.634,4.659,4.725,4.78,4.821,5.03,5.086,5.181,5.264,5.378,5.405,5.407,5.495,5.501,5.525,5.656,5.709,5.714,5.75,5.902,5.908,5.92,5.983,5.995,6.04,6.041,6.093,6.13,6.146,6.156,6.182,6.209,6.279,6.284,6.371,6.374,6.428,6.432,6.438,6.465,6.476,6.495,6.525,6.527,0.00101173,0.02273503,8.5e-07,0.00030048,0.00420068,0.00114993,0.15258067,0.00303017,4.8e-07,0.0016393,1.11e-06,0.00027073,1.491e-05,0.09549783,0.0003181,0.00134528,0.00040416,9.097e-05,0.00019516,0.00387239,0.06275103,0.01228376,5.828e-05,0.00042685,0.00014798,0.00698714,4.105e-05,0.00038215,0.09762609,0.00079466,1.553e-05,0.00353937,0.00086873,0.00010382,0.00161751,0.00285113,1.138e-05,2.483e-05,8.56e-06,0.00078151,2.82e-05,0.00132933,0.00013632,0.00322863,0.01024528,0.00227116,0.01249634,0.00098208,0.00093085,5.732e-05,809880.9999997155,1.478302114766878,-0.4101408318281332,-0.5228282522435267,-0.1251052470413511,4
4170751,4170751,CCN(CCN(C)C(=O)c1cc(C2CC2)no1)Cc1cnnn1C,3.254,3.554,3.957,4.119,4.265,4.562,4.692,4.977,5.006,5.097,5.165,5.188,5.351,5.365,5.444,5.594,5.628,5.644,5.803,5.839,5.889,5.895,5.968,5.981,6.037,6.08,6.151,6.176,6.206,6.218,6.26,6.315,6.441,6.445,6.563,6.574,6.632,6.645,6.661,6.707,6.804,6.813,6.865,6.903,6.974,6.997,7.014,7.071,7.087,7.103,0.01410324,0.00193943,0.0001689,0.00277818,0.02846847,9.656e-05,0.00900088,0.00035235,0.00018581,0.03813656,0.0208492,0.00015277,0.27244151,0.00064247,0.01908749,0.00045269,0.00067604,0.00069474,0.00589466,0.00022754,0.00081235,0.00459746,0.01317089,5.388e-05,0.00637025,0.00019697,0.0014933,0.006285,0.09550085,0.02329648,0.00273489,5.55e-05,2.63e-06,0.00020382,0.00287385,0.00448958,0.03121565,6.432e-05,0.0244538,0.00882993,0.00029583,0.01603468,0.00244836,0.00863222,0.00542649,0.01132219,0.00505337,3.496e-05,7.861e-05,6.906e-05,-1074765.9999996268,3.6684108920367327,0.2370340923759405,-0.3610059353662723,-0.3182001773354411,0
2622833,2622833,C=CC(C)=CCC(=O)N1CCCN(C(=O)c2ccoc2)C1,3.353,3.543,3.77,4.033,4.082,4.097,4.21,4.647,4.879,4.908,4.953,4.991,5.036,5.146,5.221,5.3,5.355,5.422,5.496,5.751,5.775,5.845,5.854,5.871,5.962,5.997,6.031,6.072,6.086,6.094,6.218,6.236,6.298,6.323,6.331,6.423,6.445,6.521,6.584,6.657,6.682,6.693,6.694,6.77,6.794,6.804,6.826,6.842,6.87,6.883,0.00488757,0.08546932,0.00301872,0.00952343,0.0001157,0.0009664,0.00115603,0.01003157,0.00342669,0.00858563,0.00016694,0.0001081,0.0128926,0.29546419,0.15979395,0.01922269,0.02276232,0.00385933,0.02211006,0.03283216,0.00232399,0.029869,0.03426647,0.02874046,0.00104977,0.00018614,0.00163085,0.00035484,0.04166865,0.01547531,2.69e-06,9.498e-05,0.00153,0.00049559,7.77e-06,0.00847339,0.00259951,0.25771442,0.00123242,0.00543249,0.02467611,0.00448384,0.00976365,0.00194509,0.00215606,0.01510349,0.00343764,0.07793033,0.03215258,0.02363223,-2622683.9999990845,2.515207758305469,0.4778069302073753,-0.1117599588637705,0.1350425153821121,0
3392189,3392189,CCN(CCCNC(=O)Cn1cncn1)C(C)NC(=O)OC(C)(C)C,4.529,4.883,4.909,5.149,5.153,5.262,5.49,5.529,5.598,5.753,5.789,5.859,5.977,5.987,6.134,6.142,6.37,6.41,6.478,6.498,6.539,6.738,6.858,6.886,6.918,6.943,6.987,6.994,7.002,7.016,7.079,7.109,7.142,7.145,7.172,7.323,7.405,7.441,7.472,7.519,7.524,7.54,7.626,7.672,7.7,7.73,7.779,7.783,7.799,7.809,8.2e-07,3.316e-05,1.5e-06,0.00370712,0.04311499,9.464e-05,0.03712017,3.915e-05,7e-07,0.00014208,6e-08,0.00225284,1.02e-06,0.01483741,0.00171327,8.35e-06,0.00189145,1.24e-06,0.00078509,0.02654506,5.24e-06,0.04339779,6e-08,0.00593817,0.00010014,0.00015629,7.95e-06,0.01052336,0.03498485,0.0001622,0.01439508,0.0841556,0.00452179,0.00250622,0.03074282,0.00051665,0.00110193,0.01002799,9.241e-05,0.00135347,0.00028637,0.00287702,6.811e-05,0.00013824,8.669e-05,1.507e-05,0.00079507,0.00178922,4.6e-07,0.00131268,-1853327.999999356,9.009218486034262,-0.9544592462965412,0.1756757841634545,0.2816805703595134,0
5011137,5011137,CCNC(=O)COc1ccc(CNC(=CO)N2CCN(c3cccc(C#N)c3)CC2)cc1OC,2.293,2.542,2.846,3.004,3.366,3.487,3.507,3.794,3.798,3.806,3.895,3.923,4.051,4.092,4.131,4.193,4.206,4.336,4.562,4.621,4.691,4.716,4.764,4.87,4.899,5.009,5.045,5.046,5.116,5.24,5.265,5.287,5.308,5.325,5.339,5.381,5.423,5.425,5.468,5.521,5.548,5.578,5.589,5.602,5.686,5.722,5.759,5.779,5.806,5.823,0.00141125,0.00801759,0.0116223,0.00277361,0.00911027,0.00093236,0.00287292,0.01063889,0.01848899,0.00197282,0.00251895,4.96e-06,0.00018877,0.00929895,0.02776529,0.00121448,0.0088351,2.08e-05,0.0074187,0.03297128,0.12597897,0.00016626,0.01076391,0.00289384,8.56e-06,6.2e-06,0.00801951,0.03787628,0.00021393,0.02176483,0.00475972,4.35e-06,0.00013253,0.01245024,0.00018256,0.03162423,0.00104124,0.00074248,0.32253714,0.02697569,0.00656177,0.02223633,0.00194861,0.16641632,0.00230881,0.00064328,0.00055732,0.00752365,0.02564078,0.00065496,-234379.9999999153,-4.6987132552186015,1.1674513115740988,-0.0002240818961844,-0.0646896881053009,4
9252903,9252903,CC(C)CC1=NOC(NC(=O)c2cccnc2)C1,3.185,3.532,3.659,4.005,4.081,4.215,4.489,4.557,4.614,4.659,5.054,5.133,5.291,5.349,5.385,5.459,5.463,5.652,5.669,5.765,5.785,5.916,5.917,5.931,5.977,6.038,6.123,6.128,6.16,6.254,6.391,6.394,6.462,6.501,6.534,6.569,6.601,6.646,6.663,6.676,6.737,6.852,6.872,6.882,6.926,6.988,6.997,7.031,7.063,7.069,0.00015844,0.00053344,6.819e-05,5.828e-05,3.144e-05,0.01258109,0.00686407,9.121e-05,0.00574868,0.00010663,0.09873886,1.755e-05,7.09e-06,0.00566168,0.09824773,2.82e-06,0.01142954,0.00481585,0.11293321,6.07e-06,0.00079483,0.00343592,0.00222875,0.00237675,0.00097991,0.00973623,0.0016549,0.00542281,0.05794228,0.09565386,0.00031979,0.05934385,0.01497301,0.03658484,0.01457341,0.00854776,0.03616039,0.00503158,0.06487413,0.0042198,0.2518516,0.00166102,0.0005555,0.01423969,0.03139971,0.01204207,0.01473936,0.00717969,0.00639828,0.00935094,4007385.999998602,3.2261718103815595,0.811409260154466,-0.2006105283210608,0.082320178125913,1
268607,268607,COc1ccccc1CN(C)CCCOC(=O)c1cc(C)[nH]n1,3.469,3.702,4.091,4.098,4.17,4.401,4.535,4.699,4.795,5.045,5.157,5.159,5.236,5.238,5.306,5.352,5.443,5.464,5.554,5.632,5.672,5.824,5.837,5.875,5.884,5.887,6.058,6.107,6.111,6.124,6.176,6.233,6.244,6.262,6.319,6.38,6.424,6.458,6.479,6.516,6.547,6.594,6.679,6.712,6.75,6.768,6.774,6.785,6.824,6.896,9.093e-05,0.00022462,4.38e-06,0.00141948,0.000135,1.623e-05,0.00012681,0.05613146,3.76e-06,7.47e-06,8.7e-07,1.23e-06,2.657e-05,5.876e-05,0.06676527,0.00202226,0.00060403,0.06217069,3.9e-06,3.002e-05,0.00198929,0.01326039,0.00012461,0.11397913,0.0030289,0.02201292,0.0021666,0.01468704,3.406e-05,0.00038585,0.05925942,0.01531929,0.14437932,0.00332125,0.00339882,0.17373983,0.07872567,0.01499161,0.00564981,0.00446423,0.03298196,0.00031614,0.01405041,0.03880889,0.00946936,0.00163171,0.29573092,0.02226883,0.04050195,0.01287904,-4976909.999998265,2.5821860525086486,-0.1184565234254524,-0.1925201603548677,-0.0255246924553734,2
5163098,5163098,O=Cc1ccc(OCC(=O)NCc2c(O)n[nH]c2-c2ccccc2)cc1O,2.388,3.137,3.281,3.385,3.406,3.489,3.629,3.679,3.942,3.994,4.024,4.216,4.264,4.268,4.301,4.339,4.365,4.374,4.382,4.405,4.437,4.478,4.487,4.581,4.62,4.625,4.778,4.781,4.79,4.871,4.907,4.918,5.049,5.089,5.111,5.142,5.182,5.211,5.265,5.31,5.323,5.337,5.362,5.505,5.506,5.513,5.544,5.558,5.581,5.605,8.42e-06,0.00549524,0.02204342,5.2e-06,0.02155889,0.00063927,1.775e-05,0.00125555,0.00796945,0.04098425,0.01178817,0.00082204,9.65e-06,8.48e-06,0.08396977,0.0068065,0.00780624,0.00020228,0.00557092,0.0005204,0.16668308,2.67e-06,0.00418134,0.01684716,0.00052506,2.12e-06,0.00037298,5.24e-06,0.00056756,0.01463559,0.01049626,0.002479,0.00020932,0.00163537,4.357e-05,3.427e-05,0.00217704,0.00356507,0.00063694,0.03898041,0.00870101,0.003477,3.679e-05,0.00032309,0.00016611,0.00355164,8.316e-05,0.02632149,0.02973993,0.0167579,-82418.99999996765,-5.544808633650982,-0.0319052511017979,-0.0519770369903006,-0.4201243773407464,4
7941741,7941741,CCn1ccc(C(=O)C(=O)NCc2ccn(C3CCCC3)c2)c1C,2.521,3.365,3.734,3.911,3.949,4.089,4.436,4.682,4.69,5.058,5.267,5.577,5.591,5.667,5.742,5.759,5.764,5.787,5.84,5.915,5.977,6.005,6.031,6.113,6.186,6.224,6.235,6.253,6.264,6.276,6.333,6.354,6.378,6.386,6.41,6.511,6.619,6.625,6.64,6.688,6.721,6.736,6.873,6.929,6.96,6.99,7.071,7.116,7.151,7.206,1.728e-05,0.00360298,0.00670072,0.04716394,0.00877799,0.00049996,3.877e-05,0.1292942,0.0595984,0.00078433,0.00179944,0.00372888,0.00028446,0.00490094,0.00265467,0.00075821,0.00028093,0.00992101,0.01056696,0.00831145,0.00408835,0.00020303,0.01470135,0.06048308,0.01883441,0.0222796,0.01892287,0.00053316,0.01342674,0.00567752,0.0126867,0.0040077,0.0211638,0.0426505,0.02236836,0.01750781,0.00594441,0.02189134,0.05232769,0.07247697,0.00289109,0.01117319,0.03122164,0.05079574,0.02169049,0.16165958,0.00139142,0.10011143,0.00667803,0.05487561,2696223.999999058,3.711604683332309,0.947320378660139,-1.1963759195999193,-0.1987116932860069,3
3551863,3551863,CSc1cc(Oc2ccccc2C(=O)OCC(=O)N2CCCCCC2)ccc1N,2.897,3.146,3.479,3.595,3.672,3.74,3.781,3.881,4.063,4.137,4.237,4.333,4.338,4.389,4.396,4.436,4.497,4.684,4.728,4.808,4.887,4.996,5.039,5.041,5.049,5.065,5.115,5.131,5.212,5.248,5.284,5.309,5.376,5.434,5.479,5.487,5.523,5.577,5.583,5.605,5.648,5.664,5.672,5.716,5.73,5.76,5.784,5.82,5.879,5.972,0.0002538,0.00822029,7.57e-06,0.00426383,0.00034754,0.00061556,0.00013138,0.00011886,0.04980063,0.00011595,4.397e-05,0.00303509,0.01430812,0.00449151,0.00082271,0.00110799,0.00170378,0.00010346,0.03240747,0.00014824,0.01195364,0.11134985,0.00213292,0.00018879,0.00313009,0.0139446,0.00135344,0.02775063,0.00173269,0.00638373,0.02305712,0.00121791,0.02897813,0.00064606,0.00054841,0.01069725,0.00742521,0.01187031,6e-06,0.00035713,0.00554922,0.00115407,0.01163085,0.07522934,0.00888091,0.00184664,0.00052021,0.12775027,0.00166415,0.17333803,-1693653.999999407,-3.4586718634080134,0.0082374609209603,0.0239388263507368,0.0830042433408973,0
6423229,6423229,COC(=COc1c(C(C)=O)cc(C(=O)Nc2nc(C)c(C)o2)c2ccccc12)c1ccc(C)cc1OC,2.217,2.323,2.837,2.841,2.872,2.93,3.023,3.463,3.489,3.534,3.611,3.62,3.65,3.835,3.863,3.958,3.976,3.999,4.038,4.051,4.076,4.152,4.159,4.27,4.345,4.414,4.464,4.468,4.485,4.569,4.593,4.599,4.618,4.639,4.669,4.675,4.691,4.693,4.707,4.713,4.755,4.758,4.803,4.804,4.826,4.862,4.887,4.943,5.0,5.031,0.00601076,0.00827068,0.00033688,0.00163705,0.00717728,0.00419053,0.00047412,0.00046319,0.00121755,1.526e-05,0.04502587,0.01522228,0.00079627,0.01041611,0.00450183,0.00050775,0.00704783,0.00077695,0.00249388,0.00036484,0.00051457,0.00488832,8.924e-05,0.07480794,0.00060741,0.00835713,0.01612725,0.0292719,0.00095962,0.00556143,0.00024232,0.00239398,0.00067991,0.01005564,0.00386523,0.00024302,0.00722893,0.03128303,0.01499952,0.0058338,0.06635076,0.01879089,0.13986541,0.01864896,0.08825596,0.04064576,0.01874339,0.01961521,0.01177205,0.00672489,1177711.9999995902,-8.776282370730362,0.3339598987786364,-0.4488974300685668,0.106572253362264,3
6478854,6478854,CCn1cc(S(=O)(=O)N2CCCc3cc(O)ccc3C2)nn1,4.003,4.145,4.173,4.31,4.482,4.702,4.723,4.946,5.235,5.302,5.326,5.456,5.63,5.699,5.738,5.829,5.834,5.846,5.858,5.906,5.947,5.962,5.983,6.019,6.074,6.092,6.114,6.125,6.13,6.185,6.193,6.222,6.285,6.296,6.311,6.332,6.365,6.382,6.407,6.412,6.453,6.483,6.5,6.513,6.548,6.594,6.625,6.631,6.648,6.693,0.00020472,0.00053292,0.00169979,0.00302415,0.03971498,0.03306876,0.00769846,0.00062166,0.0064892,0.04019786,0.00134748,0.04244645,0.01953714,0.00017562,0.00017794,0.00819382,0.0045905,0.00208041,0.00367941,0.18544862,0.00559902,0.00025062,0.00109937,0.0001712,0.03381191,0.15063864,0.05901463,0.00622195,0.02431032,0.02706265,0.05196193,0.01111731,0.01264807,0.00458071,0.06750668,0.13445699,0.02444496,0.01842945,0.0043736,0.00322088,0.02842404,0.00058679,0.00223632,0.00193893,0.02317826,0.01127098,0.20107196,0.03707035,0.02309429,0.00580034,1233336.9999995683,3.244467149144761,-1.3698796630196202,-0.9699239311707856,0.2779033038167939,3
1675733,1675733,CCCN(Cc1ccc(CSC(F)F)o1)C(=O)C1(C#N)CCCCC1,4.294,4.677,5.164,5.221,5.411,5.502,5.568,5.906,6.044,6.084,6.173,6.2,6.258,6.264,6.279,6.354,6.363,6.442,6.48,6.505,6.533,6.624,6.668,6.675,6.758,6.774,6.788,6.854,6.894,6.922,6.988,7.077,7.132,7.156,7.164,7.201,7.209,7.277,7.287,7.319,7.327,7.353,7.392,7.429,7.439,7.466,7.473,7.475,7.512,7.537,0.00476588,0.01901444,0.01815712,0.25785135,0.02906747,0.00652294,0.00376688,0.0192105,0.00034546,0.01550132,0.00065097,0.00077979,0.00563635,0.00086717,0.07830992,0.00307741,0.00439225,0.00945881,0.0421019,0.00077661,0.02431006,0.00242559,0.01126453,0.00375969,0.00624209,0.00013549,0.0018574,0.00071364,0.01628658,0.01512554,0.0511672,0.0062144,0.00026375,0.00770243,0.05132896,0.00237657,0.00100554,9.044e-05,0.00087663,0.00054572,0.00070745,0.0003211,0.00332719,0.00037211,0.00086575,0.00043435,0.0007189,0.00274937,0.00037541,3.023e-05,-3569783.9999987567,8.643121309564737,-1.820390850118716,-0.6209892909104743,-0.3149836965464814,2
3938926,3938926,CCOc1ccc(NCC(=NC)N2CCC(O)(Cc3ccccc3F)CC2)c(C)c1,2.728,3.081,3.124,3.474,3.659,3.85,3.946,4.055,4.144,4.424,4.432,4.54,4.567,4.64,4.692,4.82,4.939,4.977,5.002,5.027,5.103,5.222,5.268,5.275,5.421,5.482,5.496,5.542,5.6,5.643,5.703,5.753,5.856,5.931,5.938,5.939,5.966,5.984,6.002,6.064,6.075,6.099,6.118,6.142,6.176,6.193,6.258,6.274,6.276,6.305,1.19e-06,0.00199452,9.3e-07,0.00021678,2.693e-05,2.21e-06,0.04853561,2.032e-05,1.44e-06,7.37e-06,0.00013724,5.6e-07,0.0004409,0.0488469,3.639e-05,2.01e-06,0.00053181,0.02907714,0.23284601,0.00162239,0.03308648,1.637e-05,0.00558454,0.00019479,0.00059911,0.0042622,0.00367304,8.05e-06,2.368e-05,0.00227496,0.0018215,0.0024891,0.00637862,0.00037197,0.00833498,0.01942768,0.01170575,0.02055359,0.24302262,0.00181588,0.01833068,0.00138213,0.04419672,0.00640309,0.54717161,0.02382297,0.01560304,0.07676043,0.00288433,0.02979522,-1306590.999999544,-1.2056781284292155,0.8884753486386839,-0.1662172650884789,0.023623279182874,0
2163384,2163384,CS(=O)(=O)CCc1ccc(OCC(=CO)Nc2ccccc2CN2C(=O)CN=C2O)cc1,3.616,3.713,3.977,3.996,4.168,4.274,4.309,4.323,4.406,4.452,4.481,4.515,4.596,4.618,4.643,4.71,4.717,4.772,4.853,4.883,4.924,4.99,5.027,5.037,5.087,5.218,5.242,5.259,5.275,5.282,5.314,5.334,5.352,5.356,5.383,5.405,5.428,5.45,5.472,5.532,5.544,5.558,5.575,5.601,5.635,5.649,5.651,5.693,5.699,5.706,0.00339204,0.0102342,0.02749704,0.00291149,0.11724682,0.00056083,0.00369254,0.00013263,0.00043383,0.00025549,0.00089223,0.02866231,0.01141491,0.00141854,6.562e-05,0.00013139,0.00013383,0.00023368,0.00217169,0.00234775,0.00346331,0.12234408,0.03120632,0.03150414,0.00091132,0.02720221,0.00148793,0.00020325,0.00309583,0.0008519,1.578e-05,8.794e-05,0.00322867,0.00245834,0.00121794,0.00843562,0.00106816,0.07473186,0.00788841,0.00532897,0.000302,0.00164308,0.0009993,2.374e-05,0.00266601,0.00927885,0.02594846,0.00051189,0.00115426,0.0010808,-3082132.999998925,-2.929620531006737,-1.6524850951254093,-0.0917047614081164,0.0733008261114206,0
5213589,5213589,Cc1ccc(NC(=NCc2ccccc2)NCCS(=O)(=O)NC(C)C)cc1C#Cc1ncccn1,2.989,3.357,3.414,3.44,3.606,3.739,3.83,3.86,3.922,3.966,4.02,4.023,4.078,4.117,4.127,4.147,4.161,4.237,4.334,4.346,4.357,4.387,4.413,4.443,4.574,4.599,4.602,4.627,4.638,4.641,4.657,4.662,4.706,4.744,4.746,4.819,4.846,4.869,4.914,4.925,4.94,5.032,5.078,5.099,5.125,5.139,5.143,5.177,5.184,5.193,0.00332143,1.544e-05,0.00249996,8.724e-05,0.01619088,0.00122021,1.56e-06,6.91e-05,4.589e-05,8.57e-06,0.07487181,0.01214413,0.00070346,0.03700142,0.00057442,0.00078017,0.00379732,6.867e-05,0.09799384,0.0010381,1.432e-05,0.00013832,2.143e-05,0.00048384,0.00106703,0.00565553,0.1143398,6.93e-06,0.00373752,0.00028427,2.52e-06,0.00890257,0.01296573,0.06907834,0.04594592,0.03066155,1.81e-06,0.00042435,2.8e-06,0.0001637,0.00531204,0.01249877,0.00237631,0.13225625,8.783e-05,0.00031895,0.001008,0.00221004,0.54417977,0.00332852,-31927.99999998474,-6.826010572893938,-1.244191228869365,-0.0643315023858251,-0.180503355427254,4
5838181,5838181,CCN=C(CNS(=O)(CC)=NC)NCc1c(C)cc(C(C)(C)C)cc1C,3.718,3.782,3.848,3.901,4.033,4.171,4.428,4.493,5.001,5.078,5.146,5.155,5.191,5.282,5.283,5.34,5.353,5.417,5.437,5.555,5.828,5.893,5.96,6.02,6.023,6.08,6.083,6.095,6.103,6.149,6.157,6.184,6.219,6.231,6.277,6.336,6.463,6.501,6.507,6.573,6.577,6.607,6.612,6.617,6.621,6.67,6.676,6.69,6.731,6.732,0.00130339,0.00010588,0.02142813,0.00299766,0.01094016,0.03211617,0.00167566,0.00010892,0.00040246,0.00114353,0.00300234,0.03208626,0.07211242,0.00166301,0.00013749,0.02589823,0.00082808,0.01520566,0.0005555,0.00372726,0.0033395,0.00447448,0.00311031,0.0168151,0.00013432,0.00321407,0.02041202,0.0279915,0.05850679,0.47764963,0.13925407,0.17982423,0.11420844,0.00330135,0.00884973,0.00371242,0.00446565,0.02190982,0.01204732,0.0018062,0.01347395,0.00854506,0.02014691,0.0340176,0.09798338,0.0004214,8.963e-05,0.05922054,0.00378154,0.00186696,592663.9999997915,2.4568964138736877,-0.0719055840467401,-0.3143939923303537,0.3585677284295613,4
6932150,6932150,CCc1c(NC(=NC)NCC(F)(F)F)cnn1CCC(C)C,5.088,5.184,5.551,5.629,5.929,5.946,6.437,6.476,6.6,6.727,7.059,7.145,7.254,7.298,7.414,7.591,7.645,7.662,7.72,7.768,7.816,7.935,7.947,7.988,8.029,8.055,8.11,8.17,8.187,8.207,8.335,8.432,8.446,8.485,8.576,8.618,8.704,8.745,8.777,8.855,8.873,8.958,9.033,9.073,9.096,9.138,9.162,9.18,9.192,9.237,0.14939928,0.01466747,0.02951463,0.00091875,0.0014425,0.01535339,0.00918507,0.0650792,0.15342618,0.00862664,0.40410215,0.00434908,0.08036773,0.03332286,0.00195779,0.01940012,0.00394486,0.02176514,0.00283654,0.07532965,0.02998502,0.00478576,0.00101034,0.11621886,0.00309752,0.00629189,0.02617754,0.00145064,0.00573299,0.08823223,0.00118261,0.00130984,0.00350412,0.00035417,0.00310012,0.0036174,0.00947546,0.00234772,0.00208302,0.00022507,0.02457486,0.005011,0.00270454,0.00028473,0.00089177,0.01041873,0.00586713,0.00150083,0.00629621,0.00312397,1686632.9999993974,17.487478654759702,-0.5423879387739624,-0.4053493682990987,0.0596600781053979,3
9408774,9408774,Cn1nc(-c2ccncc2)nc1NC(=Nn1cnnc1)c1ccsc1,2.939,3.065,3.238,3.275,3.513,3.591,3.737,3.838,3.878,3.883,3.943,4.005,4.096,4.129,4.13,4.146,4.223,4.328,4.471,4.474,4.495,4.633,4.642,4.689,4.752,4.755,4.822,4.867,4.885,4.961,4.997,5.0,5.01,5.047,5.116,5.153,5.168,5.188,5.222,5.237,5.315,5.4,5.429,5.472,5.501,5.525,5.56,5.577,5.662,5.673,0.0096177,0.00298332,0.00071744,4.309e-05,0.00755848,0.0055756,0.01644027,0.00083383,0.01423026,0.00016402,7.047e-05,0.0172689,0.19655455,0.00084745,0.00151096,0.01494409,0.04971376,0.00076847,0.0346975,0.00145363,0.12872917,0.02961169,1.352e-05,5.96e-06,0.00958362,0.00213703,0.00317202,0.02926269,0.05424841,0.01001942,0.02567132,0.0093055,0.0229732,0.25236282,0.00146815,0.00226085,0.02806642,0.05085813,0.02098025,0.02634607,0.0796688,0.02291991,0.0018612,0.00048863,2.386e-05,0.08649915,0.00018791,0.00184902,0.03634545,0.00740377,4163256.999998548,-5.422222661314531,-0.1139784768366968,0.2583397573165555,-0.0878800673111178,1
9496849,9496849,CCc1cccc(CC)c1N=C(NCCCN1C(=O)CCC1=O)NCc1nncn1C,3.584,3.854,4.385,4.43,4.437,4.476,4.533,4.607,4.735,4.819,4.904,4.943,5.047,5.128,5.136,5.164,5.175,5.185,5.211,5.325,5.403,5.411,5.432,5.432,5.434,5.452,5.51,5.609,5.614,5.641,5.701,5.707,5.75,5.758,5.79,5.794,5.804,5.9,5.912,5.916,5.95,5.965,6.006,6.011,6.017,6.04,6.056,6.131,6.136,6.171,1.065e-05,1.542e-05,1.47e-06,0.00022056,3.32e-06,2.642e-05,0.00864141,0.03003919,9.609e-05,0.00210793,0.00694021,2.993e-05,0.07957893,3.189e-05,6.478e-05,0.00012018,0.001437,0.00262819,3.36e-06,0.00027322,1.61e-05,7.058e-05,0.00207188,4.16e-05,5.7e-07,0.00024017,0.00132987,8.926e-05,5.023e-05,4.144e-05,0.00338139,0.00012226,4.15e-05,0.00031687,0.04125089,0.00617407,0.00231325,0.00520643,0.00060928,0.00062029,0.27636138,0.01378094,0.01630325,0.00263824,6.8e-06,0.00792307,7.591e-05,0.00061183,0.18769373,0.01965594,4251331.999998517,-0.2410013581273648,-1.6744795749225745,-0.3784732215509515,-0.0563391696944089,1
8593878,8593878,Cc1ccc(C(=O)OCCN2C(=O)CN=C2O)c2c1NCc1ccccc1OC2,3.85,3.906,3.995,4.074,4.08,4.228,4.231,4.367,4.396,4.435,4.437,4.451,4.526,4.592,4.606,4.664,4.68,4.69,4.692,4.823,4.832,4.91,4.964,4.973,5.156,5.168,5.195,5.303,5.344,5.416,5.462,5.464,5.483,5.512,5.514,5.53,5.543,5.595,5.605,5.609,5.632,5.668,5.685,5.69,5.803,5.811,5.822,5.844,5.856,5.878,0.00776642,7.622e-05,0.00784769,0.00389396,0.02703686,3.553e-05,0.00309251,0.0023319,0.00019085,0.00242047,4.366e-05,1.411e-05,0.0001312,0.01952592,0.0018814,1.592e-05,0.00033613,0.01149488,0.00371917,0.02466133,0.00038444,0.00397931,0.00087741,0.00010557,0.00943459,0.01243687,0.05654813,0.01179336,0.01176689,0.02091242,0.02821982,0.02877763,0.00070827,0.00144322,0.00114976,0.03613576,0.02483055,0.1206332,0.00901123,0.00492875,0.0745625,0.03545724,0.00182729,0.00062477,0.00011468,0.00314413,0.00904672,0.00036501,0.02782967,0.01672646,3348360.9999988326,-2.570272676412764,-1.479016967887102,0.4664051117699667,0.1008698464157286,1
6134635,6134635,C=CCN(NC)c1ccc(CC(=O)Nc2ccc(C)c(N3CCCC3)c2)cc1,3.285,3.441,3.472,3.828,3.837,3.931,3.986,4.027,4.043,4.188,4.198,4.263,4.4,4.538,4.559,4.701,4.764,4.961,5.021,5.12,5.153,5.202,5.224,5.304,5.332,5.343,5.359,5.485,5.584,5.723,5.811,5.841,5.862,5.878,5.896,5.903,5.945,5.986,6.002,6.018,6.066,6.07,6.143,6.16,6.225,6.248,6.285,6.318,6.353,6.37,5.52e-06,0.00057974,0.00015594,0.01586359,0.03118038,0.01708137,0.00692319,0.00013081,0.00017178,0.00233865,0.00341176,0.00806176,0.00432444,0.09605902,0.21952529,0.0084741,0.00586823,0.05352907,0.16003663,0.00011967,0.48062324,2.869e-05,0.00089284,0.00180824,0.11527975,0.00553042,0.00574648,0.0008263,0.00278364,1.095e-05,0.00055589,0.01579913,0.0019514,0.00077388,0.00055568,0.00034579,0.00126685,0.03922736,5.375e-05,0.0017476,0.01241538,9.366e-05,0.01068813,0.00557043,0.00601905,0.00238729,1.286e-05,0.49806868,0.02759464,0.0116693,889117.9999996922,-1.2012270663663405,0.4478316932082546,0.602154063151429,0.36312022340309,4
3389260,3389260,CCCN(NC)NC(=O)c1ccc(NC(=O)Nc2ccccc2OC(C)(C)C)cc1,3.003,3.288,3.302,3.55,3.63,3.71,3.812,3.929,3.939,3.957,3.989,4.07,4.161,4.275,4.346,4.435,4.443,4.508,4.55,4.6,4.609,4.695,4.722,4.738,4.779,4.803,4.876,4.9,4.936,5.077,5.175,5.277,5.316,5.35,5.357,5.374,5.39,5.416,5.553,5.592,5.628,5.649,5.652,5.672,5.747,5.773,5.829,5.902,5.929,5.934,0.00316294,0.02998593,0.00021951,0.00388338,0.0011255,0.01509183,0.00364455,4.589e-05,0.00212284,5.169e-05,0.00068737,0.00025968,7.353e-05,0.00014711,0.39547509,0.02022801,0.11750747,0.01412306,0.00821891,0.00382409,0.0015758,0.00286992,0.00040293,0.00013327,0.01301121,0.00030082,0.00232308,0.09812048,0.04089561,0.00592714,0.01015496,0.00010932,0.01940618,0.00016938,0.00108595,0.00981856,0.00960421,0.0777476,0.00033304,0.0096784,0.00365072,0.00306462,0.00012994,0.00211804,0.03743523,0.04949415,0.03015187,0.00789277,0.0025437,0.00119587,-1856256.9999993504,-4.1876604669379285,0.0272472192024537,0.5556161608197465,-0.2074348070462338,0
4364830,4364830,Nc1nc2c(s1)CCN(C(=O)Cc1csc(-c3cccnc3)n1)C2,2.526,2.591,2.933,3.415,3.434,3.608,3.794,3.818,3.866,3.966,4.089,4.121,4.247,4.294,4.387,4.493,4.5,4.636,4.717,4.755,4.788,4.796,4.801,4.856,4.903,5.01,5.02,5.086,5.161,5.166,5.199,5.212,5.306,5.372,5.378,5.418,5.499,5.517,5.518,5.634,5.663,5.68,5.707,5.707,5.734,5.754,5.791,5.831,5.836,5.857,4.602e-05,0.00446451,0.00087082,1.726e-05,0.00062285,0.00130259,0.28423167,0.00648561,0.00064108,0.00018314,5.65e-06,2.336e-05,0.00535081,1.958e-05,0.01878307,0.01044916,3.541e-05,0.10052965,0.01098763,1.717e-05,0.10827158,0.03195711,0.03065481,0.00050346,0.00010652,6.52e-06,0.00015173,0.01977727,1.65e-06,0.00063903,0.0063831,0.00034405,0.01876374,0.002076,0.00074368,0.00019771,0.04601935,0.00046648,0.00264564,1.239e-05,0.00046476,0.00257003,0.00057472,2.484e-05,0.00050724,0.03151247,0.00041401,0.00784592,0.01110268,0.00036389,-880686.9999996913,-4.061257022910593,0.720664591667806,-0.1940006463280409,-0.1887825733019052,4
6766816,6766816,C=CNCc1cccc(OCCCC#N)c1,3.42,3.904,4.68,5.371,5.43,5.443,5.848,6.02,6.098,6.128,6.142,6.308,6.316,6.332,6.382,6.517,6.569,6.579,6.612,6.64,6.871,6.988,6.998,7.027,7.054,7.108,7.148,7.173,7.227,7.257,7.27,7.391,7.398,7.442,7.496,7.539,7.565,7.657,7.707,7.746,7.868,7.869,7.878,7.886,7.894,7.999,8.096,8.101,8.112,8.114,3.923e-05,0.00163804,0.04619312,0.06877144,6e-08,3.8e-07,0.00888203,0.08367388,0.00940711,0.03328179,0.12521007,0.18473604,0.01988192,0.0040411,0.30502949,0.01440971,0.32296302,0.01940992,0.02009215,0.02322975,0.03893531,0.02796541,0.00199073,0.0137208,0.00927663,0.01152,0.08327525,0.04297649,0.01147879,9.608e-05,0.00049011,0.0005906,0.00286989,0.00130566,0.00197038,0.00815046,0.00204569,0.0004269,0.00017142,0.00212679,0.00028477,0.00051809,0.00104715,0.00295917,0.00010849,0.00031262,0.00331501,8.968e-05,0.00086424,6.477e-05,1521298.999999467,10.550665361132042,-0.2148170069676704,-0.8255000314866333,-0.8945100033513609,3
5171834,5171834,O=c1nc2ccccc2c(C(=NCCc2ccc3c(c2)OCCO3)C2C(O)=NC(=S)N=C2O)[nH]1,1.604,1.745,1.884,1.944,2.085,2.224,2.237,2.408,2.543,2.552,2.884,2.914,2.956,3.059,3.16,3.203,3.293,3.334,3.358,3.494,3.5,3.626,3.697,3.735,3.743,3.765,3.79,3.855,3.858,3.878,3.924,3.952,3.972,4.013,4.015,4.046,4.061,4.096,4.132,4.173,4.192,4.229,4.244,4.271,4.288,4.312,4.314,4.351,4.354,4.414,1.03e-06,0.00021333,0.00157258,3.79e-06,4.701e-05,0.00040274,0.02970609,0.01882338,0.01144037,0.03428971,0.00014841,1.495e-05,0.0010761,0.00180447,0.00064707,0.00420019,0.01089172,0.00037755,0.00023626,0.00195607,0.00679468,0.11262486,0.003271,0.02824148,0.14152841,0.00460947,0.03633025,0.01344672,0.02041922,1.713e-05,0.00018372,1.37e-06,0.00110719,0.00062733,0.01550808,0.00389838,0.00046226,0.00148362,0.00018558,7.031e-05,0.00044301,7.35e-06,0.01436608,0.01015699,3.2e-07,0.0011289,0.00019344,0.00391991,6.725e-05,0.00601293,-73682.99999996646,-13.336188222263653,1.5293651122769585,-0.2316930350506494,0.4600616651869429,4
6737870,6737870,CN1C=C(NC(=O)c2cc3ccccc3cc2OC(F)F)C1,1.469,2.323,2.489,3.335,3.462,3.508,3.815,3.982,4.102,4.391,4.425,4.498,4.521,4.616,4.876,4.934,4.972,5.005,5.107,5.213,5.224,5.303,5.337,5.385,5.463,5.476,5.562,5.661,5.704,5.741,5.763,5.783,5.848,5.994,6.019,6.034,6.06,6.072,6.164,6.219,6.263,6.296,6.361,6.393,6.424,6.485,6.519,6.524,6.553,6.603,0.04730245,0.0677147,1.017e-05,0.00042867,0.02790715,0.0013161,0.02576311,0.11502449,0.18699893,0.01598473,0.00301434,0.00346928,9.072e-05,0.00295134,0.00133295,0.00859653,0.27181546,0.36621751,0.04693864,0.02120795,0.22748246,0.01292558,0.02996281,0.01694221,0.00516408,0.01357472,0.00521699,0.00590176,0.00121116,0.00066786,0.00698301,0.00203375,0.26363919,0.03652045,0.00087501,0.00634347,0.00665303,0.01064429,0.00109368,0.02906623,0.02530721,0.00055079,0.00462243,0.00074537,0.00387678,0.00282344,0.00046221,0.00102042,0.00055847,0.00468413,1492352.9999994815,-0.8312030724806362,2.4625507430793854,-0.7840557546222163,-0.5595231760424875,3
779285,779285,CCn1cc(CC(=O)N2CC(CNC(=O)CC=C(C)C=CN)C2)nc1C,3.314,3.801,3.852,4.0,4.526,4.732,4.823,4.884,4.919,4.949,5.003,5.172,5.176,5.227,5.362,5.477,5.544,5.687,5.688,5.727,5.815,5.832,5.938,5.99,5.993,6.021,6.058,6.072,6.154,6.204,6.219,6.242,6.327,6.42,6.451,6.504,6.529,6.56,6.561,6.611,6.614,6.636,6.655,6.676,6.739,6.854,6.856,6.882,6.932,6.985,2.418e-05,0.10732596,0.0023171,3.86e-06,0.00103807,3.59e-06,0.37377017,0.00164805,0.017201,5.1e-07,0.0008325,0.09625844,0.04024988,0.01924357,0.00164072,1.751e-05,0.00172534,0.00909964,0.00895464,0.01043156,0.00013574,0.00602481,0.00120754,0.00019591,0.00044771,2.741e-05,0.10276961,6.87e-06,0.06599622,0.00031185,0.01485088,0.0395305,0.00249997,0.00018612,0.04046499,0.00524805,0.00040189,0.00459635,0.00013666,0.00039675,6.9e-06,0.00137441,0.00247076,7.67e-06,0.03541682,0.00049963,0.01370295,0.00047776,0.00010755,0.0118137,-4466231.999998443,3.075473011294631,-0.108693604333958,-0.3092606408803315,-0.1822361123569814,2
5595083,5595083,CN=C(Nc1cnn(-c2ccccn2)c1)C1(n2cc(NC)cn2)CC1,2.315,2.638,3.208,3.367,3.557,3.841,3.863,3.878,4.185,4.368,4.437,4.477,4.487,4.649,4.691,4.724,4.791,4.819,4.897,4.921,4.961,5.046,5.082,5.184,5.284,5.294,5.369,5.387,5.447,5.654,5.673,5.68,5.684,5.772,5.881,5.898,5.949,5.98,5.985,6.003,6.052,6.11,6.222,6.265,6.284,6.311,6.355,6.358,6.377,6.391,8.149e-05,6.09e-06,0.09347102,0.06659121,0.00458286,0.00471208,0.00088307,0.0001947,4.664e-05,7.08e-06,3.384e-05,0.0475258,0.11233825,0.06581995,7.572e-05,0.34221588,0.00043315,0.06072282,0.01136389,0.00771301,0.00047364,9.619e-05,0.00717653,0.15526812,0.00348643,0.04443609,2.355e-05,0.00172033,0.01365214,0.00018932,7.48e-06,0.00559098,0.0142691,0.03437355,1.779e-05,3.941e-05,0.00055977,9.826e-05,7.782e-05,0.00344394,0.00104847,0.00285847,2.516e-05,0.00686875,6.49e-06,0.07315178,0.00152399,0.06657459,0.01832725,0.11915547,349565.9999998783,-1.5873555081332331,1.3538258310877984,-0.0907533658128015,-0.4972205320456955,4
2708954,2708954,Cc1ccc(-c2ccc(C)nn2)c(CNc2cccc(C(=O)C(=O)N3CCC(C)(O)CC3)c2)c1,2.373,2.427,2.653,2.962,3.192,3.199,3.243,3.243,3.272,3.431,3.472,3.472,3.568,3.729,3.763,3.789,3.95,4.006,4.018,4.027,4.073,4.099,4.132,4.159,4.231,4.269,4.282,4.307,4.387,4.419,4.433,4.445,4.531,4.567,4.58,4.663,4.677,4.755,4.776,4.777,4.815,4.835,4.853,4.935,4.978,4.996,5.021,5.041,5.067,5.097,1.99e-06,0.00032233,2.28e-06,0.00069821,3.8e-07,1.287e-05,0.00210876,9.118e-05,0.03493707,0.0009177,7.407e-05,2.61e-06,9.11e-06,0.01201694,6.667e-05,0.00019582,1.846e-05,0.00100383,2.1e-07,5.76e-06,0.00010404,0.00030411,0.00619826,0.00312027,2.877e-05,0.0016237,0.00035519,3.64e-05,1e-06,0.00146991,0.0024963,0.00164216,0.08324936,0.01347402,2.737e-05,0.01113332,0.0749576,0.04099985,0.0012081,5.641e-05,0.00101256,0.00155535,8.176e-05,0.03309928,0.0010244,0.06158665,8.989e-05,0.00049416,0.00236872,0.03001915,-2536562.999999112,-8.892716946285963,0.2909440332659886,0.0556899889054821,-0.1288527565336638,0
2143970,2143970,CCN(Cc1ccc(OC)cc1)C(=O)c1ccc(NC(C)(C)C)cn1,3.346,3.478,3.57,3.811,3.895,3.928,3.938,4.079,4.194,4.218,4.346,4.356,4.395,4.499,4.544,4.592,4.704,4.735,5.088,5.197,5.33,5.428,5.581,5.739,5.753,5.766,5.92,5.944,5.995,6.019,6.024,6.111,6.141,6.18,6.225,6.318,6.328,6.37,6.378,6.414,6.447,6.464,6.471,6.482,6.508,6.547,6.565,6.593,6.612,6.641,0.0038307,2.07e-05,0.00331517,0.00248023,0.00068653,0.00203095,0.00135021,0.00709418,0.06627415,0.04653453,0.02109166,0.01301472,0.00340382,0.00219421,0.3290216,0.01769666,0.0135458,0.02934619,0.02681818,7.758e-05,0.12152644,0.00087265,0.00041793,0.00747824,0.06713063,0.00203245,0.00012843,0.02672195,0.0003054,0.02446049,0.00407693,0.0115072,0.00702452,0.01456181,0.05663065,0.01782848,0.07214875,0.0798813,0.00097073,0.44971038,0.05497059,0.0093487,0.017749,0.01297784,0.0127837,0.01912943,0.06771701,0.02073232,0.00068129,0.00044282,-3101546.999998918,0.3948607747404867,1.0795220658928817,0.9853581541767388,0.6407349057528456,0
33415,33415,CCC(C)(CN)C(=O)NCCCNC(=O)NCCCn1nc2n(c1=O)CCCC2,3.975,4.196,4.584,4.627,4.756,4.779,5.028,5.096,5.356,5.561,5.639,5.718,5.938,5.961,6.041,6.088,6.228,6.261,6.328,6.332,6.353,6.371,6.418,6.475,6.496,6.499,6.625,6.651,6.748,6.771,6.827,6.838,6.864,6.947,7.065,7.141,7.158,7.215,7.227,7.276,7.325,7.39,7.475,7.552,7.563,7.578,7.612,7.627,7.636,7.669,1.222e-05,0.00196817,0.00028578,3.277e-05,0.00584114,0.10156393,0.00075597,0.00021896,0.00079482,6.7e-06,1.496e-05,5.5e-07,8.514e-05,4.1e-06,6.426e-05,0.00169063,0.0002862,0.0009752,6.568e-05,0.00132277,0.00609899,8e-07,6.823e-05,0.00253292,0.00048352,5.555e-05,0.01972769,4.941e-05,0.00393216,0.00081613,0.00065269,0.00150782,0.00031902,0.0065201,0.0010724,0.23325213,0.00030677,0.16653568,0.02585081,0.02258745,0.03482981,0.01858397,0.00873377,0.02139038,0.01626755,0.03708422,0.02434055,0.13487465,0.00754187,0.06919414,-5212101.999998184,7.31400982762786,-0.1518276783545391,-0.1493526888329674,-0.0278577614908605,2
1780725,1780725,Cc1n[nH]c(-c2ccccc2)c1CNC(=O)CN1C(=O)Nc2ccccc2C1=CO,2.931,3.063,3.375,3.414,3.547,3.6,3.624,3.721,3.727,3.908,3.928,3.954,3.961,4.052,4.068,4.205,4.259,4.276,4.354,4.359,4.381,4.404,4.468,4.486,4.518,4.585,4.62,4.636,4.708,4.75,4.771,4.912,4.93,4.999,5.032,5.065,5.121,5.225,5.269,5.308,5.342,5.374,5.39,5.409,5.467,5.525,5.527,5.547,5.549,5.565,0.0119273,0.00139631,9.382e-05,0.00584415,0.0786333,0.00295767,0.00402193,0.00044016,0.00095354,6.003e-05,0.00297844,0.00158448,2.023e-05,0.02051538,8.967e-05,0.00025071,0.00217088,0.00013028,3.343e-05,0.00068907,0.00129557,0.04412005,0.00597824,0.14103146,0.00018712,0.00037636,0.00073314,2.185e-05,3.756e-05,0.02976308,0.00110416,0.03016625,0.00143155,0.00066403,0.01298955,0.00144285,0.10735095,0.00376983,0.00013305,0.00210007,5.972e-05,0.00076616,0.07571343,0.0099451,0.0007049,0.00783138,0.01068667,0.03893131,0.01296245,0.00518564,-3464791.99999879,-5.931723580147867,-0.2398597712465497,0.5214442200789352,-0.301136863948652,2
7300842,7300842,COc1c(CC(=O)NC2CC(CNC(=O)CCCN(C)C)C2)cnn1C,5.104,5.145,5.252,5.332,5.404,5.508,5.51,5.6,5.713,5.783,5.874,5.889,5.954,6.008,6.037,6.052,6.136,6.184,6.285,6.421,6.542,6.676,6.744,6.802,6.81,6.861,7.039,7.087,7.184,7.304,7.394,7.471,7.571,7.61,7.68,7.683,7.737,7.769,7.781,7.79,7.849,7.878,7.903,7.939,7.947,7.978,7.995,8.037,8.048,8.078,0.0002161,0.01158543,0.0054158,1.852e-05,0.00078106,4.44e-05,2.009e-05,0.00282368,1.06e-06,0.00066957,0.00110923,1.52e-06,0.00144623,0.00332498,0.00160181,0.01825446,0.00521498,0.05608761,0.05752265,1.147e-05,0.10418679,0.00110498,5.91e-05,3.1e-07,0.06151761,0.00214999,0.05544642,0.1042207,0.06453616,0.30145065,0.0010952,0.00281958,0.00134751,0.00343564,0.1973223,0.0103098,0.00620249,0.00856038,0.02142693,0.00783656,0.00419893,0.01011029,0.00317955,0.00469868,0.00010347,0.0004633,0.00114784,0.01199633,0.01935083,0.00643222,2055324.9999992808,10.140078409044818,-0.9397664534172014,1.3163871793882065,0.1985036002594363,3
7537156,7537156,Cc1ccc(CNC(=NC2CCCC2)NCCCOC2CCOCC2)c(OCC2CC2)c1,3.512,3.824,3.974,4.282,4.447,4.502,4.67,4.694,4.801,4.817,4.995,5.164,5.379,5.519,5.674,5.68,5.818,5.833,5.874,5.972,5.993,6.033,6.084,6.095,6.103,6.119,6.133,6.187,6.251,6.299,6.321,6.348,6.348,6.406,6.425,6.434,6.444,6.456,6.509,6.524,6.639,6.657,6.667,6.737,6.748,6.758,6.777,6.803,6.824,6.835,0.0069475,0.00547738,0.01060885,0.00305478,0.02094114,0.000261,0.00724857,0.00419195,0.01893437,0.0025616,0.00109997,0.0509743,0.0094365,0.00073361,0.06583999,0.01375598,0.00168462,0.00073792,0.00049645,0.00933296,0.00113065,0.00039418,0.02764232,0.01117593,0.02187733,0.013775,0.0010933,0.00178883,0.12239501,0.13377865,0.06491472,0.01802943,0.11258322,0.00215897,0.02017948,0.00065022,0.05287285,0.00572757,0.03705904,0.02713981,0.02444113,0.00030532,0.14274008,0.0037281,0.05463452,0.04711445,0.13073345,0.08926331,0.00770965,0.00870092,2291638.9999991995,3.3595980920630857,-0.2921014515852329,-0.6918449416651338,0.4411164462794196,3
3651905,3651905,Cc1ccc(S(=O)(=O)N(CCN2CCc3ccccc3C2=S)c2ccc(CCO)cc2)s1,2.161,2.176,2.517,2.734,2.873,3.192,3.239,3.283,3.357,3.598,3.626,3.714,3.741,3.747,3.924,3.98,4.034,4.092,4.11,4.136,4.18,4.206,4.217,4.225,4.27,4.346,4.376,4.471,4.584,4.647,4.674,4.702,4.711,4.733,4.791,4.805,4.818,4.827,4.836,4.843,4.884,4.95,4.959,5.004,5.026,5.042,5.049,5.067,5.089,5.096,6.54e-06,0.00045884,0.00031826,0.01216074,0.0014059,0.00010404,0.03306937,0.02395198,3.087e-05,0.01463952,0.00106407,0.00032591,0.00717426,0.00259954,0.00013638,0.00036111,0.00029365,0.00847511,0.01029681,0.10384003,0.00085003,0.01155769,0.00186351,0.01516501,0.12000808,0.00290382,1.257e-05,0.14123828,2.16e-06,0.00037899,0.18285944,0.01075859,7.099e-05,0.00044509,0.0007521,0.00329331,0.03224971,0.00322827,0.00117464,0.0036809,0.01820168,0.00568646,0.00147477,6.95e-06,0.01410313,0.00551665,0.00055068,0.00913945,0.00487098,0.0209469,-1593611.999999442,-8.310697533482822,0.7246460893914809,-0.4106364008627575,-0.1063938203033199,0
835446,835446,NCCC1C(c2cccc3ccccc23)=CCN1C(=O)c1cn(Cc2cccs2)nn1,2.489,2.738,2.774,3.009,3.283,3.466,3.553,3.626,3.685,3.705,3.837,3.888,3.947,3.981,4.048,4.059,4.107,4.162,4.179,4.253,4.266,4.273,4.318,4.341,4.453,4.469,4.536,4.561,4.682,4.715,4.763,4.775,4.788,4.795,4.815,4.818,4.909,4.94,4.956,4.969,4.996,4.998,5.012,5.028,5.102,5.108,5.112,5.131,5.141,5.195,0.0016534,0.0056207,0.00017688,2.823e-05,0.00139438,6.858e-05,2.663e-05,5.937e-05,0.07137706,0.0010839,0.05217387,0.00034352,3.004e-05,0.00085534,2.731e-05,0.00011616,0.00585679,0.00658312,0.01426923,0.0035437,0.00112662,0.00161037,0.00136858,0.00370886,0.00807342,2.243e-05,0.05743628,0.0003137,0.00238711,0.01433004,0.00319949,0.0004231,0.0468859,0.00044423,0.00904995,0.00074444,0.00451086,0.10064129,0.00149594,1.96e-06,0.00612378,0.04194908,0.01869224,0.00400556,0.09805718,8.347e-05,0.02434312,0.00254829,0.02325485,0.00438692,-4410070.9999984605,-7.412056815033676,-0.0766752367226587,-0.2877633136320009,-0.1937912216786485,2
4031443,4031443,Cc1cc(Oc2ncccc2NC(=O)Cn2ccc(C(F)F)n2)cn1C,3.256,3.773,3.942,3.971,4.118,4.443,4.547,4.579,4.639,4.655,4.762,4.823,4.91,5.024,5.075,5.093,5.118,5.147,5.394,5.433,5.458,5.535,5.586,5.597,5.608,5.642,5.79,5.826,5.878,5.916,5.925,5.964,6.003,6.041,6.056,6.086,6.172,6.191,6.257,6.319,6.325,6.344,6.384,6.392,6.496,6.546,6.556,6.577,6.639,6.642,0.00851614,0.04498969,0.00557526,0.00675166,0.00088896,0.02717507,0.15454345,0.00305766,0.00783493,0.00015316,0.00567354,0.0164269,0.0725058,0.11049959,0.00657415,3.287e-05,0.00155878,0.00500781,0.03143487,0.02282702,0.00919326,0.00032338,0.03296068,0.00340124,0.00380417,0.00367391,0.00041188,0.00097016,0.00538713,0.00751774,0.0267053,0.00192704,6.449e-05,0.00984899,0.00109135,0.08217239,0.00331602,0.09595479,0.02568006,0.07809805,0.10916607,0.00946739,0.00466878,0.00461565,0.01893179,0.03228551,0.0271658,0.00184385,0.00391967,0.0011757,-1214073.9999995776,0.9596171576080256,-0.2095904950523042,0.0552293607849938,-0.120876653837883,0
8622571,8622571,CC(C)CCN(Cc1cn[nH]n1)C(=O)C1(F)CCOCC1,4.488,4.927,5.001,5.025,5.535,5.905,5.941,6.09,6.215,6.26,6.331,6.417,6.487,6.498,6.562,6.601,6.749,6.778,6.802,6.936,6.97,7.048,7.087,7.091,7.133,7.246,7.311,7.47,7.506,7.521,7.54,7.628,7.646,7.677,7.696,7.79,7.829,7.85,7.908,7.917,7.973,8.0,8.05,8.062,8.144,8.159,8.212,8.297,8.34,8.355,0.0027338,0.00085097,0.00031981,0.00046538,3.478e-05,0.00440396,0.00514383,0.08956304,0.00072447,8.7e-07,0.01902136,0.00273322,0.15846681,0.00205708,0.00113402,0.00015681,0.00186089,0.01827634,0.0005085,0.00087479,0.00079197,0.00309558,0.00040434,0.00964126,0.00560966,0.00038177,0.00262355,0.00193498,0.00484234,0.00324066,0.00280836,0.00430203,0.00948012,1.577e-05,0.02427486,0.10947835,0.09758117,0.00729291,0.00800609,0.01115129,0.00207496,0.03867312,0.00279193,0.00305105,0.0026551,0.01863315,0.00010684,0.00672721,0.07342796,0.00448225,3377053.9999988177,11.943946829557015,-0.8782326384148795,-0.2089716088136627,-0.3197101437736607,1
6720769,6720769,NCCCCNc1cc(C(F)(F)Oc2ccccc2)nc2nc[nH]c12,4.056,4.333,4.397,4.464,4.575,4.619,4.659,4.724,4.728,4.915,4.928,4.963,4.98,5.021,5.115,5.147,5.286,5.299,5.36,5.379,5.475,5.517,5.542,5.616,5.712,5.819,5.874,5.882,5.977,6.009,6.028,6.102,6.105,6.12,6.185,6.205,6.241,6.319,6.352,6.365,6.39,6.408,6.438,6.507,6.519,6.597,6.638,6.652,6.664,6.687,0.00254318,0.00108286,0.00071952,0.10962735,0.02402497,0.01066359,0.00057139,0.0058226,0.00204472,0.01171655,0.0022868,7.375e-05,0.00109561,0.0074002,0.01591807,0.02454323,0.1471022,0.03403207,0.00184406,0.01677825,0.01268674,0.02871148,0.01022958,0.04214057,0.00039257,0.00687204,0.09119543,0.14772316,0.00115036,0.00041182,0.00282523,0.02381957,0.00164684,0.02908384,0.02649132,0.00471754,0.00050721,0.06092669,0.00023156,0.09229864,0.13293629,0.09849515,0.08875066,0.02819507,0.00021486,0.04350523,0.24394338,0.03073681,0.05362718,0.01964357,1475251.9999994854,1.748067933478869,-1.1653551178507568,0.6335919673422109,0.0795705694460965,3
3291169,3291169,O=C(Nc1cccc(C(=O)N2CCSCC2)c1)C1=NN(Cc2ccccc2)CC1C1CCC(C(F)F)CC1,2.986,3.267,3.333,3.353,3.371,3.395,3.453,3.621,3.635,3.663,3.793,3.818,3.827,3.834,3.847,3.853,3.87,3.96,4.12,4.19,4.219,4.255,4.302,4.435,4.507,4.548,4.675,4.701,4.716,4.836,4.851,4.87,4.975,4.988,5.088,5.177,5.192,5.244,5.271,5.276,5.286,5.332,5.345,5.374,5.389,5.47,5.478,5.518,5.531,5.549,0.00080744,0.00211684,0.03587678,0.02818923,7.88e-06,0.01312976,0.00055022,0.2171802,0.04294036,0.00632588,0.08033188,0.01797465,1.569e-05,0.00100592,0.00214779,0.00667958,0.00071185,0.04909235,7.691e-05,3.42e-06,3.95e-06,0.00033623,0.00010211,0.00077302,0.06168939,0.04062157,0.00207718,0.03786088,0.00279067,0.00195247,0.00219593,0.00561052,0.00080228,0.00380126,0.00029503,0.10827707,0.0374038,0.00714536,0.00025495,0.00067702,0.00288344,0.000128,0.00029463,0.00013613,0.00073175,0.00676167,0.00024971,0.00038822,0.00106889,0.00158046,-1954347.999999316,-6.409266943072162,0.0186810936991661,1.0865033728796054,-0.0800348776245257,0
7023960,7023960,CCCCC(CS(=O)(=O)Cc1ccccc1)=NN=c1[nH]c(-c2ccccn2)nc2c1CCC2,2.225,2.251,2.851,3.008,3.333,3.428,3.483,3.486,3.612,3.648,3.749,3.793,3.813,3.845,3.911,3.93,4.085,4.094,4.146,4.246,4.322,4.438,4.507,4.555,4.59,4.599,4.611,4.647,4.679,4.704,4.725,4.776,4.808,4.811,4.861,4.866,4.983,4.991,5.009,5.018,5.036,5.085,5.102,5.109,5.122,5.136,5.145,5.162,5.174,5.175,0.02722844,0.01029139,0.00060724,2.649e-05,0.00252701,0.01347637,7.124e-05,0.00021353,0.00030125,5.849e-05,0.00178577,0.00043306,0.10794621,0.00120252,0.01409668,0.03584907,0.23441934,0.13212825,0.00133935,0.00549062,0.33381578,0.00207105,6.479e-05,0.00017593,0.01191357,0.00155829,0.00023188,0.04555316,1.565e-05,0.0102898,0.00282184,0.04594887,0.03258291,0.06772775,0.06184375,0.00023208,0.0012361,0.0038881,5.887e-05,0.00048905,0.00055121,0.00205183,0.00166302,0.00092641,0.00679083,0.03719484,6.52e-05,0.00060055,0.00250912,0.00640984,1778442.999999381,-7.353351441768344,0.4001300362855481,-0.335259285648113,-0.1453980545402668,3
1972302,1972302,CCN1CCc2ccc(NC(=O)C(OC)OCc3ccccc3)cc21,3.286,3.354,3.751,3.834,3.905,4.075,4.135,4.2,4.548,4.64,4.917,4.955,4.983,5.048,5.115,5.139,5.201,5.258,5.278,5.284,5.343,5.345,5.398,5.515,5.605,5.617,5.704,5.844,5.871,5.888,5.943,5.973,5.998,6.07,6.092,6.101,6.104,6.17,6.202,6.207,6.271,6.271,6.341,6.345,6.439,6.445,6.479,6.504,6.517,6.524,0.00144518,8.282e-05,0.04867753,0.00089162,0.00027901,0.00074914,0.00239618,0.00024422,0.02801265,0.00044069,0.00891135,0.25741622,0.00497565,0.00438438,0.00010238,0.001373,0.11352796,0.00161396,0.01361238,0.00653294,0.04097414,0.13230417,0.06035995,0.00033487,0.00460964,0.01530887,0.0002273,0.00264684,0.00266447,0.03910456,0.00050449,0.00079612,0.00173424,0.00045981,0.00112785,0.02421723,0.01640255,0.00033364,0.00857019,0.01353421,0.00350757,0.00014309,0.00192887,2.814e-05,0.01787265,0.0009554,0.02329476,0.02341596,0.01751587,0.02485606,-3273214.999998857,0.5223893552236063,0.1732094936232505,-0.2133766789055097,0.0599634346388756,2
10367454,10367454,CCN(CCCNS(C)(=O)=O)CCNCc1nnc(C2CCCC2)n1C,4.994,5.292,5.624,5.679,5.801,5.865,6.032,6.046,6.158,6.303,6.317,6.428,6.602,6.633,6.698,6.74,6.868,6.986,7.062,7.301,7.366,7.431,7.505,7.563,7.608,7.616,7.619,7.678,7.738,7.761,7.819,7.82,7.852,7.871,7.893,7.919,7.928,7.934,7.938,7.958,8.017,8.051,8.062,8.075,8.134,8.141,8.165,8.203,8.213,8.222,0.01001,0.00033977,0.00248195,0.0223972,0.0144521,0.00033865,0.0132697,0.00016701,0.00077308,0.01266651,0.21904698,0.00271504,0.0393496,0.00033495,0.00485824,0.00074135,3.142e-05,0.00020969,0.00231064,0.00025512,0.0045339,6.98e-06,9.415e-05,0.00073379,2.294e-05,0.00063888,0.00025294,0.12025138,0.00044588,0.00658581,0.00228909,0.00093105,0.00043347,0.08398441,0.03943058,0.13877776,0.00014938,0.00697924,0.08975299,0.10440604,0.01880596,0.0050082,2.731e-05,0.0015276,0.01579832,0.03771117,0.00415955,0.00230993,0.00173309,0.04755769,5121936.999998209,13.052912504573303,-1.5907952332104676,-0.2589618313046501,0.6912635565543913,1
189283,189283,COc1cc(NC(=O)Nc2cnc(N(C)C)cn2)[nH]n1,3.258,3.594,3.744,3.833,4.065,4.184,4.39,4.683,4.687,4.842,4.91,4.915,5.141,5.355,5.477,5.549,5.568,5.693,5.781,5.802,5.842,5.892,5.94,6.192,6.366,6.418,6.44,6.51,6.559,6.58,6.616,6.673,6.791,6.797,6.841,6.848,6.979,7.022,7.064,7.089,7.119,7.133,7.284,7.336,7.357,7.465,7.528,7.551,7.573,7.581,0.00409649,0.05912823,0.00394077,8.7e-06,5.774e-05,0.1232716,0.38510396,7.458e-05,0.0187161,3.78e-06,0.01556619,0.00044603,0.15815918,0.02794426,0.02074351,1.71e-05,1.16e-06,5.32e-06,0.00092914,0.19584215,0.04947012,0.05071204,2e-08,0.00899274,0.02478354,0.00035695,0.03496246,0.04779915,3.172e-05,0.01445233,1e-07,0.00894675,2.684e-05,0.06833657,0.21036375,0.01023198,0.00099959,0.00060442,0.0029463,0.13026328,0.02298678,0.12748769,0.0001494,0.08782823,0.00030657,4.74e-06,0.12990002,0.02817194,0.03771813,0.00289838,-5056233.999998239,4.862672463112432,1.6928610300883438,0.4470814697259778,0.1427476371530131,2
5199209,5199209,c1ccc(SCC2(NCCN3CCCC3)CCCC2)nc1,3.281,3.441,3.487,3.648,4.001,4.25,4.446,4.654,5.215,5.434,5.44,5.498,5.523,5.619,5.64,5.662,5.721,5.752,5.845,5.886,5.941,5.944,6.018,6.073,6.085,6.096,6.148,6.169,6.216,6.224,6.235,6.293,6.318,6.374,6.421,6.52,6.522,6.571,6.688,6.726,6.765,6.785,6.814,6.922,6.963,6.992,7.049,7.064,7.168,7.221,1.503e-05,0.00036609,5.031e-05,0.0012046,0.01243779,0.03947417,0.00345626,0.00475751,0.0463785,0.00013755,0.00258461,0.05325525,0.0152101,0.00060343,0.00013774,0.00261486,0.00070168,0.00982673,0.00056742,0.00121598,0.00136307,0.00091977,1.699e-05,0.00016086,0.00239156,0.01081928,0.00028213,0.00277515,0.00117502,5.523e-05,0.00104068,0.00213609,0.0039351,0.01517639,0.00601758,0.03188906,0.00705444,0.01140542,0.0431893,0.01250142,0.0271032,0.00010264,0.04073391,0.22902786,0.25605101,0.00840377,0.00076872,0.06121067,0.00066026,2.834e-05,-46307.99999998526,3.681900923075322,0.5558010920523127,-0.9745938986792608,-0.2981815888935793,4
4330917,4330917,COC(=O)C(C)(C)n1ccc(NC(=NN)c2cc(-c3ccc(CF)cc3)nc3ccccc23)n1,2.055,2.749,2.914,3.251,3.289,3.453,3.609,3.673,3.678,3.773,3.783,3.859,3.996,4.017,4.112,4.158,4.22,4.236,4.28,4.304,4.389,4.423,4.498,4.568,4.58,4.603,4.628,4.662,4.696,4.734,4.74,4.82,4.841,4.905,4.946,4.954,5.009,5.019,5.024,5.039,5.046,5.061,5.087,5.12,5.14,5.181,5.188,5.219,5.226,5.264,0.00318867,0.00013343,0.00580806,1.231e-05,0.0001132,0.00064693,0.00401654,0.01598056,0.17415221,0.00333012,0.01117704,0.02727043,0.00010119,0.00120233,3.866e-05,0.00044288,0.0193851,0.01978353,0.01591331,0.01022014,0.01313244,0.52330364,0.00644295,0.02057363,1.3e-06,0.03128742,0.00282284,0.00029658,0.02164082,0.05810707,0.03030454,0.00215428,0.00019516,1.444e-05,6.182e-05,0.01297069,0.02322742,0.0076643,0.00192009,0.0015038,0.00396525,0.00359257,0.01274079,0.06496634,0.20375343,0.00792583,0.00292123,0.01898518,0.00062127,0.00428317,-914599.9999996768,-6.921056695301096,0.1017627677493427,-0.4647462609594816,-0.2221912021382577,4
420304,420304,C=CCNC(C)Cc1nc(O)nc(=O)c2c1nc(COc1cnc(N3CCCC3)nc1C)n2CC,2.161,2.658,2.777,2.866,3.365,3.42,3.631,3.672,3.723,3.846,3.871,3.978,3.981,4.005,4.028,4.03,4.08,4.121,4.278,4.356,4.466,4.473,4.486,4.514,4.632,4.644,4.653,4.656,4.715,4.743,4.833,4.855,4.907,4.935,4.967,4.974,4.982,5.048,5.059,5.067,5.088,5.1,5.128,5.166,5.227,5.27,5.29,5.312,5.33,5.378,6.13e-05,0.00102473,4.527e-05,0.02626409,8.653e-05,0.01332972,0.01126386,0.00725923,0.01947347,0.00171649,0.00326079,0.00016465,0.00027212,0.00053919,3.64e-06,0.00333572,0.02481164,0.01089193,0.00241256,0.00278032,8.808e-05,7.976e-05,0.00068614,2.306e-05,0.00434049,1.02e-06,0.00401414,0.00027025,0.00317443,0.03438904,0.00116334,0.00614905,0.04220782,0.04861041,0.00484297,0.00113524,0.00590257,3.583e-05,6.3e-06,0.00979772,0.00033426,0.00180691,2.415e-05,0.08124664,0.07852862,0.20945811,0.00866765,0.01627313,0.02572186,0.004357,-4825212.999998316,-6.784459176559418,0.3314321058318044,-0.3990434716900535,-0.3195916923162669,2
4850784,4850784,CC(C)(C)N1CCC(NC(=O)CSc2nc(-n3ccnc3)ns2)CC1,2.562,3.176,3.306,3.318,3.758,3.763,3.882,3.97,4.102,4.164,4.338,4.338,4.499,4.527,4.532,4.652,4.703,4.858,4.922,4.931,4.954,5.106,5.171,5.18,5.188,5.242,5.298,5.314,5.319,5.401,5.433,5.503,5.532,5.532,5.603,5.681,5.737,5.769,5.795,5.831,5.839,5.878,5.915,5.921,5.934,5.983,5.993,5.995,6.059,6.087,1.69e-06,0.01358995,2.39e-06,0.01226113,1.03e-05,0.00059281,9.016e-05,5.3e-07,8.714e-05,0.06005368,0.00040515,0.00067474,1.185e-05,0.00401099,0.0064461,0.08032174,0.06221413,0.00019893,0.01437486,0.00654865,0.00613726,0.00065967,0.00025792,0.03828587,0.01046569,0.0164552,2.95e-05,1.946e-05,0.00217171,0.00431066,2.649e-05,0.0416239,0.00024503,0.00018649,1.791e-05,0.20250678,0.00017836,0.00596253,0.00165962,0.00090287,0.00244647,0.00024938,6.98e-06,3.075e-05,0.00135926,4.5e-07,0.00138936,0.04473818,8.89e-06,0.01589295,-394732.99999986246,-2.5050076083086115,0.5190064501246417,-0.1995605734200237,-0.0236178389291096,4
5708015,5708015,CCCN(C(=O)N1CCCC2(CC1)Oc1ccccc12)C1CCNCC1,3.556,3.691,3.901,4.123,4.246,4.257,4.466,4.599,4.813,5.298,5.467,5.59,5.634,5.657,5.849,5.955,6.008,6.065,6.082,6.142,6.156,6.2,6.355,6.37,6.417,6.428,6.527,6.539,6.611,6.628,6.68,6.737,6.785,6.814,6.862,6.901,6.955,6.983,7.002,7.077,7.087,7.107,7.156,7.162,7.174,7.241,7.249,7.297,7.311,7.369,5.632e-05,0.0002456,0.00153346,1.25e-05,0.00309352,6.71e-06,1.759e-05,0.03903826,0.00033947,0.0278555,0.00119683,0.00059496,0.00185066,0.00085759,0.00080263,0.01091101,0.07997107,0.01455392,0.04109676,0.1501931,0.00163735,0.00139016,0.00649735,0.31319845,0.00087628,0.08450416,0.00419254,0.00984366,0.00312108,0.0025114,0.00022484,0.0059906,0.04731434,0.04633061,0.01641491,0.00899899,0.00261306,0.04408094,0.04583072,0.03333319,0.01526611,0.04831435,0.00671121,0.00153957,0.01168101,0.02011925,0.01181651,0.01879718,0.00673467,0.00359524,462497.9999998353,5.533608900295181,0.7270674783556528,-0.6268241007013735,0.4738645873761383,4
10317197,10317197,C#CCN1C=C(CNC(=O)CCSCc2nc(=O)c3ccccc3[nH]2)CC1,2.586,2.794,3.009,3.216,3.226,3.648,3.811,3.858,3.917,4.066,4.152,4.233,4.279,4.4,4.445,4.498,4.574,4.825,4.868,4.947,4.982,5.011,5.032,5.084,5.148,5.188,5.205,5.272,5.298,5.385,5.39,5.419,5.446,5.464,5.465,5.473,5.489,5.575,5.601,5.654,5.678,5.718,5.719,5.72,5.729,5.795,5.823,5.843,5.857,5.886,1.094e-05,8.564e-05,9.49e-06,6.113e-05,4.726e-05,2.641e-05,5.419e-05,7.95e-06,0.00729685,0.00040483,0.08712218,0.000365,0.02125904,0.0144934,0.00010677,3.356e-05,1.735e-05,0.0048244,0.00020883,0.1169058,0.00812104,0.01014696,1.25e-06,0.00029127,0.09670637,0.00631484,0.00725114,0.02708399,8.96e-06,3.422e-05,2.77e-06,0.00015653,0.00418259,0.01210992,0.01174509,0.18559171,0.02378323,0.00243099,0.00507963,0.00054031,0.00033458,0.00052019,0.00021725,2.705e-05,0.04291809,0.06716521,4.379e-05,0.01128242,0.00157989,0.00977451,5071679.999998231,-3.4436957459757167,0.7522204833852733,-0.4622955744622088,0.2410468579335248,1
3308612,3308612,CCCN1CCCN(C(=O)NC2CCCCC(c3ccc(C(C)C)cc3)CC2)CC1=O,3.76,3.806,3.946,3.992,4.421,4.467,4.584,4.63,4.85,4.896,4.999,5.093,5.176,5.406,5.68,5.73,5.811,5.942,5.969,5.996,6.019,6.07,6.076,6.114,6.126,6.226,6.288,6.301,6.344,6.416,6.462,6.47,6.486,6.507,6.536,6.578,6.578,6.582,6.612,6.624,6.652,6.662,6.715,6.743,6.754,6.783,6.807,6.839,6.895,6.914,4.6e-07,4.08e-06,2.671e-05,0.00017799,2.7e-07,1.59e-06,2.934e-05,0.00015523,3.326e-05,0.00013699,0.00094696,0.00637658,3.8e-07,0.10303962,0.00445289,0.00129423,0.0001091,0.00157032,0.0449589,0.00281848,0.00125463,0.00580995,0.00111144,0.000116,0.01764232,0.01735359,0.07192066,0.02283146,0.02114019,0.00020566,0.00331143,0.0862875,0.00544247,0.37328182,0.02043781,0.00037552,0.00047077,0.02819695,0.02861945,0.00078244,0.03182347,0.01013677,0.02765046,0.19780252,0.0031489,0.00228097,0.00146383,0.00608274,0.03552405,1.586e-05,-1936904.999999326,3.665716707088981,-0.0772041327455419,-0.5704333459695028,0.7245123888174418,0
968971,968971,CN(C(=O)Nc1cnn(C(O)F)c1)C1(CNC(=O)OC(C)(C)C)CCOCC1,4.597,4.719,4.808,5.12,5.211,5.364,5.4,5.551,5.656,5.705,5.844,6.069,6.354,6.443,6.456,6.47,6.486,6.556,6.606,6.626,6.665,6.83,6.864,6.935,6.946,7.039,7.111,7.125,7.165,7.182,7.208,7.247,7.252,7.307,7.341,7.412,7.464,7.527,7.581,7.589,7.627,7.77,7.814,7.819,7.836,7.875,7.892,7.936,7.955,7.968,1.725e-05,0.00276172,4.413e-05,0.06893814,0.00212052,0.00074539,0.00042696,0.03011704,0.00149605,0.11595596,0.25008122,0.00161375,0.01454598,0.00219255,0.00031651,5.27e-06,0.00324118,0.10549191,0.00139673,0.01901018,0.00234777,0.06702389,0.08265724,0.0303001,1.804e-05,0.01465333,0.00371613,0.00020473,2.602e-05,0.01883918,0.02798545,0.01991896,0.00328636,0.00130236,0.03219208,0.0066192,0.16996339,2.704e-05,2.217e-05,0.00065091,0.00027743,0.01726455,0.00042013,0.00136079,0.2440329,0.00063411,0.02576217,0.00224697,0.00012127,3.699e-05,-4276545.999998511,9.85804073219309,-0.7742602429852662,-0.1169692510018952,0.2539212519953916,2
7537350,7537350,CN=C(NCC(=O)OCc1ccc(C(F)(F)F)cn1)NCc1csc2ccccc12,2.263,2.452,2.772,2.96,2.962,3.07,3.155,3.26,3.346,3.481,3.487,3.678,3.689,3.808,3.874,4.064,4.185,4.2,4.238,4.247,4.412,4.436,4.472,4.548,4.577,4.593,4.603,4.662,4.694,4.783,4.797,4.884,4.889,4.943,4.972,4.988,5.012,5.023,5.062,5.156,5.218,5.249,5.288,5.29,5.317,5.35,5.375,5.392,5.414,5.435,0.00083061,0.00013533,2.58e-06,8.807e-05,2.69e-06,0.0003,9.77e-06,0.00021039,0.00013265,0.00353469,5.927e-05,0.00044636,0.00023978,0.00311846,0.00017101,0.00012642,0.01067499,0.00135221,0.05090321,0.0038294,9.322e-05,2.868e-05,0.01268711,0.00734481,0.0017667,0.0002131,0.00041441,0.00012905,0.00045403,5.052e-05,0.00018116,1.37e-06,0.00068218,0.00048073,0.0063943,5.27e-06,0.10979606,0.00031164,0.00874992,0.04001403,0.0049414,0.00096338,0.00646889,0.00331659,0.00026151,0.04019114,5.55e-06,0.00037867,0.00757577,0.03895728,2291832.9999992023,-7.060429849319824,1.0803768062788373,0.0772077659815453,0.2195175167933069,3
9054120,9054120,C#CCN1CCCCCC(c2nnc(N3CCC(OCC(C)=O)CC3)n2CC=C)CC1,3.506,3.53,3.532,3.558,3.885,3.917,4.021,4.046,4.462,4.488,4.921,4.934,4.991,5.025,5.07,5.085,5.294,5.322,5.353,5.396,5.44,5.467,5.57,5.596,5.61,5.622,5.649,5.673,5.707,5.739,5.761,5.839,5.839,5.865,5.889,6.017,6.017,6.047,6.051,6.053,6.096,6.116,6.125,6.127,6.194,6.198,6.303,6.345,6.427,6.438,0.00040096,2.79e-06,8.71e-05,4.4e-07,9.14e-06,0.00013253,0.00033,6.73e-05,0.00010874,0.00012012,0.0058794,2.35e-06,0.00023155,0.00098345,0.00492779,3.916e-05,5.21e-06,1.07e-06,0.00038801,0.02265554,4.449e-05,4e-08,0.00092109,4.3e-06,0.00021325,2.854e-05,6.082e-05,0.00413778,2.589e-05,0.00080122,4.397e-05,0.00030027,0.00048459,4.331e-05,0.00488283,0.00048862,8.039e-05,2.718e-05,0.00011593,0.00168054,1.232e-05,0.01948175,0.00226242,5.929e-05,0.00521724,0.06578921,0.00012205,0.00173897,1.82e-06,0.00157355,3808602.999998672,-0.0637773635896658,-0.0486588936304039,-0.5287868246436722,0.5015642360863644,1
9039363,9039363,CCOC(=O)c1coc(COC(=O)c2csc(-c3cccc(C(F)(F)F)c3)n2)c1,2.387,2.772,2.904,3.28,3.321,3.447,3.663,3.752,3.796,3.818,3.835,3.899,3.952,3.967,4.15,4.187,4.212,4.213,4.38,4.418,4.604,4.663,4.708,4.785,4.798,4.805,4.826,4.879,4.881,4.889,4.959,4.977,4.98,5.039,5.056,5.082,5.104,5.183,5.218,5.241,5.272,5.311,5.314,5.329,5.4,5.449,5.453,5.511,5.556,5.596,1e-08,0.0001698,0.00010369,2e-08,4.32e-06,1.09e-06,0.00011974,0.18443692,0.00041661,0.00412911,0.00094416,0.00303385,0.07648239,0.01154179,0.00011681,0.00763811,1.056e-05,2.379e-05,6.297e-05,0.02049789,0.01122386,0.00032218,0.00012542,0.00090048,1.53e-06,0.00193608,0.00072653,0.02495522,0.01909858,0.08444913,0.00027739,0.00124932,0.0007027,0.18728432,0.01936079,2.596e-05,1.39e-06,0.00080273,2.718e-05,0.00140616,0.00033656,0.00602489,0.00049497,0.03422805,5.015e-05,0.04296271,0.00578148,2.277e-05,0.04720514,0.00030669,3793845.999998679,-5.847617324360584,0.3780630680881016,-0.1380846483923822,-0.0850182360101476,1
5852134,5852134,CCOc1ccc(NC(O)NCc2ccc(CO)c(COC)c2)c2ncccc12,2.988,3.492,3.537,3.58,3.581,3.695,3.763,3.818,3.892,3.986,4.281,4.304,4.324,4.363,4.427,4.446,4.489,4.503,4.54,4.563,4.608,4.611,4.672,4.682,4.745,4.753,4.781,4.798,4.845,4.85,4.912,5.076,5.085,5.094,5.16,5.168,5.274,5.283,5.317,5.323,5.345,5.403,5.455,5.467,5.492,5.554,5.604,5.608,5.616,5.666,0.05968699,8.284e-05,0.00089266,0.00049587,0.00011045,5.46e-06,0.03168265,0.00019985,2.942e-05,0.00026439,0.00010345,1.412e-05,0.00011811,0.00019172,0.00242166,0.00114401,0.00168499,0.00199462,0.00287148,0.00223035,2.228e-05,0.00632518,0.00054357,0.00097741,0.0004689,0.03177267,0.00065248,5.777e-05,0.02130797,0.12998476,9.67e-06,0.0054606,0.00031613,1.398e-05,8.23e-06,0.01261545,0.00011312,0.01787443,0.02967025,0.04344123,0.0069246,0.02549871,0.00035208,0.00360159,7.18e-06,0.00064801,0.01462792,0.02414671,0.04573503,0.00076061,606616.9999997905,-4.908094019469668,-0.6670278006048745,0.0989468868981163,-0.1224880383701665,4
8495027,8495027,COCC(C)(CNC(=O)OC(C)(C)C)CC1(CSCC(=O)COC(C)(C)C)CCC1,3.451,3.812,3.864,4.086,4.231,4.392,4.501,5.031,5.166,5.4,5.512,5.56,5.594,5.723,5.91,5.97,6.04,6.126,6.192,6.24,6.352,6.419,6.456,6.463,6.476,6.558,6.597,6.647,6.654,6.738,6.802,6.804,6.818,6.854,6.877,6.968,6.991,7.015,7.044,7.06,7.063,7.086,7.172,7.199,7.228,7.291,7.362,7.388,7.45,7.469,5.7e-07,0.00159855,0.00027329,0.00023367,0.00016304,0.00024859,4.112e-05,9.184e-05,0.00032352,6.283e-05,2.357e-05,0.00525236,0.00392057,0.00102474,0.00707854,0.00050189,0.0071857,0.00020789,8.174e-05,1.7e-05,0.00019639,0.00079234,0.00029972,0.00092469,0.00625131,0.00238835,0.00180016,0.00096934,0.00106827,0.00457793,0.01257604,0.00029474,0.0014367,0.00016293,0.00073647,0.0009803,0.00386069,0.00371202,0.0006213,0.00905027,0.00606387,0.0293627,0.00064016,0.02754132,0.00084265,0.00031055,0.01346505,0.00274792,0.00245401,0.03054234,3249509.999998866,6.027459829355395,0.6629466153777379,-0.8174308005410392,0.3482813058368522,1
5765549,5765549,COc1ccccc1-c1noc2c1=C(C(=O)NCc1ccc(F)cn1)C=2,2.12,2.171,2.442,2.881,3.071,3.084,3.095,3.275,3.32,3.56,3.622,3.631,3.645,3.783,3.856,4.004,4.012,4.047,4.125,4.142,4.151,4.169,4.269,4.287,4.361,4.382,4.429,4.541,4.541,4.626,4.663,4.698,4.795,4.823,4.827,4.853,4.906,4.944,5.017,5.031,5.086,5.105,5.115,5.123,5.152,5.278,5.301,5.325,5.331,5.352,0.02068258,0.00633001,4.4e-07,0.01252305,0.01506525,0.00028528,0.00014926,0.00168457,3.93e-06,0.0055428,0.00102182,0.00046834,0.00027355,0.02746065,9.649e-05,0.00117556,0.0758328,0.02521425,0.00162243,0.00298486,0.0011709,0.00243733,0.00427132,2.49e-06,6.117e-05,0.01321779,0.000282,2.571e-05,0.00280191,2.183e-05,0.00146358,0.01565562,0.03117436,3.061e-05,0.00028646,0.0820146,0.01181896,7.374e-05,0.05887029,0.00818317,0.01276515,4.621e-05,0.00080084,0.07440759,0.00039328,0.05939832,0.00283777,9.03e-06,0.00356775,0.0108923,520031.99999982497,-7.866949527398243,1.084917200201869,-0.0353898075606587,-0.2494471615394086,4
2129375,2129375,COCc1ccccc1S(=O)(=O)Oc1ccc2c(c1)CC=C2O,3.28,3.585,3.768,4.072,4.074,4.118,4.2,4.278,4.43,4.581,4.589,4.676,4.888,4.906,4.936,4.948,4.986,5.031,5.041,5.159,5.178,5.231,5.274,5.295,5.306,5.342,5.415,5.483,5.496,5.528,5.535,5.559,5.612,5.636,5.653,5.658,5.75,5.765,5.833,5.854,5.882,5.884,5.893,5.954,5.975,6.046,6.087,6.172,6.177,6.191,0.00089089,0.00019829,0.0001996,0.00120732,0.0012631,0.00029979,0.18889259,0.00213308,3.96e-06,0.00010477,0.00468801,0.00339134,0.00110624,0.04848297,0.00270765,0.00141325,0.00306611,0.01534239,0.01432746,0.01150055,0.00064655,0.00034105,0.00209336,0.00330456,0.00036668,0.00060632,0.00776857,0.01078685,0.00938378,0.01700775,0.00284838,0.00094157,0.01518886,0.00265452,0.00468491,0.0004017,0.07711813,0.00187871,0.00072087,0.00959228,0.00099076,0.00296787,0.00286592,0.01219271,0.06429082,0.24264231,0.06268536,0.01556861,0.00376249,0.01799158,-3116141.999998911,-1.2983893994834697,-0.7503404828431336,-0.2584427025240038,-0.0356401095283518,0
7756068,7756068,CCOC(O)C1(O)CN(C(=O)Nc2ccccc2-c2ccccc2)C1,3.8,3.829,3.893,3.924,4.151,4.179,4.242,4.369,4.569,4.593,4.597,4.638,4.847,4.886,4.916,5.011,5.044,5.145,5.193,5.221,5.247,5.507,5.535,5.538,5.616,5.636,5.694,5.763,5.791,5.807,5.83,5.846,5.868,5.919,5.935,5.95,6.076,6.139,6.155,6.167,6.183,6.242,6.252,6.28,6.281,6.31,6.379,6.442,6.47,6.49,1.592e-05,0.00042315,0.00023297,0.00116498,4.021e-05,7.226e-05,8.1e-07,0.00011453,1.08e-06,0.00062683,4.563e-05,0.04272346,0.06012489,0.00067231,0.00515926,0.0014262,0.24343663,0.00335061,1.068e-05,2.03e-05,0.00223645,1.52e-06,0.00197,0.01953899,0.01648168,9.844e-05,0.00056951,2.46e-06,0.00190149,0.00011801,0.00247096,0.00095678,0.01293885,0.0451708,0.05975149,0.00560901,0.00057907,0.34512572,0.00252614,0.02007403,0.00144318,0.25480152,0.03593451,0.00040922,0.00106257,0.00111929,0.00090944,0.0001005,0.00025328,0.02785686,2510550.999999124,0.2051145987183565,-0.4462572268465998,0.3144210933835742,0.3499212661131466,3
2085847,2085847,COC(=Cc1ccc(F)cc1)c1ccccc1C(=NN)NCCCCCN1CCCC1,3.047,3.144,3.245,3.414,3.567,3.667,3.765,4.016,4.156,4.219,4.28,4.303,4.352,4.433,4.489,4.669,4.718,4.817,4.83,4.87,4.896,4.936,4.975,5.052,5.059,5.124,5.149,5.172,5.214,5.238,5.326,5.363,5.407,5.436,5.462,5.473,5.499,5.521,5.6,5.637,5.694,5.698,5.708,5.771,5.784,5.787,5.793,5.796,5.838,5.855,0.001784,0.00807955,0.03372636,0.00353617,9.14e-05,5.21e-06,2.59e-06,1.76e-06,0.00400895,0.00026848,0.00327122,0.01491722,0.00274955,0.00399724,0.00325097,0.0121022,0.00226024,0.00307834,2.53e-06,0.07432861,0.0518102,0.02302494,0.02490453,0.02010941,0.02368267,0.00494966,0.00127559,0.01984211,0.00621998,0.00297449,0.03403346,0.01632756,0.00571406,0.00791395,0.00107514,0.00379102,0.00240872,0.01491681,0.00132586,0.00089126,0.00260637,0.00087763,0.09940764,0.00743784,0.00837018,0.04596892,0.00096445,0.00021032,0.00233492,0.00599647,-3159669.999998897,-3.322259114250748,0.0363256627910886,-0.2091188824962889,0.1553411253095923,2
9993883,9993883,COc1ccccc1CN(C(=O)Cc1cc(COC(C)(C)C)on1)c1ccc(F)c(C)c1,3.74,3.929,4.025,4.153,4.232,4.233,4.296,4.349,4.367,4.452,4.48,4.611,4.628,4.658,4.674,4.692,4.727,4.743,4.767,5.002,5.007,5.036,5.058,5.061,5.082,5.194,5.249,5.279,5.318,5.356,5.393,5.418,5.428,5.464,5.503,5.509,5.513,5.593,5.636,5.643,5.657,5.676,5.697,5.752,5.83,5.846,5.865,5.904,5.933,5.943,0.00134153,0.0004815,0.00542793,0.00214562,0.02764748,8.707e-05,0.00367202,0.00038177,3.75e-06,0.00058406,0.0011084,0.00070028,0.0004535,0.00057771,0.0673241,0.05656433,0.05957978,0.01383606,0.19902422,0.00051439,2.59e-06,0.0002123,0.01230536,0.00077261,0.0007195,0.00271033,0.00096325,0.00038158,0.06558619,0.00772796,0.00169515,0.00166401,0.00108875,0.00162839,0.00198089,5.679e-05,0.00060984,0.00481366,0.00125256,6.16e-06,0.00481588,0.00048416,0.00083483,0.00013031,0.25723941,0.03261175,2.353e-05,0.00015449,0.00055976,0.00975276,4748365.999998345,-2.349246761447896,-1.5459356465807352,0.3007479603089534,0.0251483251818968,1
4023011,4023011,COc1ccccc1OCC(C(=O)C(=O)Nc1ccn(CCF)c1)=C(C)c1ccco1,2.387,2.522,2.674,3.128,3.218,3.309,3.389,3.401,3.469,4.045,4.122,4.129,4.15,4.226,4.337,4.401,4.464,4.511,4.559,4.578,4.591,4.683,4.759,4.771,4.774,4.838,4.896,4.909,4.916,4.929,5.005,5.034,5.044,5.06,5.113,5.122,5.266,5.317,5.372,5.404,5.415,5.43,5.461,5.498,5.503,5.516,5.559,5.568,5.579,5.61,0.00158308,0.01092652,0.03147328,0.01173636,0.02276133,0.04218144,0.01782588,0.00457487,0.05565898,0.00741858,0.0015079,0.00384187,0.00489342,0.00164063,0.32538306,0.06346003,0.00312449,0.01162205,0.03161886,0.01756038,0.01099954,0.00249741,0.01291726,0.00138915,5.037e-05,0.00160463,0.01313667,0.0002608,0.00796456,0.01513889,0.06100252,0.0170314,0.01319043,3.76e-06,0.01082417,0.002817,0.01832384,0.00440962,0.02234974,0.00022593,0.00138083,0.00565858,0.05184339,0.02246347,0.00067698,5.01e-05,0.01062507,0.00036809,0.00159998,0.00138953,-1222505.9999995718,-5.3969055563637935,0.8201082758528722,-0.5195917208053622,0.0345099803408842,0
8809594,8809594,Cc1csc(NC(CNCc2ccc(C(N)=O)nc2)=NC2CCCC2)n1,2.619,3.041,3.11,3.443,3.533,3.796,3.841,3.931,3.966,4.04,4.207,4.214,4.227,4.287,4.332,4.439,4.446,4.457,4.678,4.706,4.721,4.836,4.878,4.941,4.975,5.014,5.063,5.104,5.225,5.289,5.322,5.354,5.37,5.389,5.43,5.452,5.517,5.543,5.554,5.598,5.74,5.753,5.812,5.813,5.886,5.889,5.921,5.924,6.008,6.061,0.00012881,2.439e-05,1.752e-05,0.0089197,4.21e-06,0.00044041,0.00064464,0.00064828,0.00307971,2.51e-06,0.28297689,0.00088669,0.00045523,3.57e-05,3.763e-05,0.00065737,0.01059314,0.01133305,0.00379901,5.78e-06,0.0001631,0.00019,7.693e-05,0.01783904,0.03540729,0.14709389,0.00225891,0.00011141,5.156e-05,0.09379923,0.00379506,9.7e-07,0.00019064,0.00076976,0.0001588,0.0283866,7.508e-05,0.00019172,9.064e-05,4.724e-05,0.23417343,0.00749468,5.236e-05,1.79e-06,0.00031042,0.02121872,2.903e-05,4.016e-05,1.197e-05,0.00120263,3564076.9999987585,-3.61109341518804,0.5267406970879772,0.1963592717080229,-0.2852471487248499,1
2415662,2415662,CCCCC1(C)CN(CCN(C)c2cccc(C(F)(F)F)c2)CCCN1,3.546,3.707,3.952,4.147,4.345,4.829,5.51,5.579,5.669,5.719,5.79,5.834,5.931,6.012,6.029,6.101,6.122,6.164,6.235,6.302,6.354,6.365,6.408,6.416,6.487,6.599,6.604,6.681,6.786,6.811,6.842,6.877,6.903,6.914,6.943,6.996,7.082,7.137,7.186,7.245,7.297,7.318,7.32,7.362,7.404,7.453,7.464,7.476,7.483,7.498,0.00350243,0.00755757,0.01350625,0.00719578,0.02104209,0.20538812,0.00087209,3.194e-05,0.00801977,0.00248519,0.00057864,0.00192648,0.06758718,0.1228925,0.03618627,0.00053444,0.05143886,0.00032999,0.00095869,0.00334067,0.00029559,0.00716549,0.00044639,0.01112397,0.07424481,0.00042208,0.00524962,0.00414302,0.13695417,0.0251617,0.08792989,0.03297272,0.02191287,0.12631993,0.01931296,0.00379603,0.00023814,0.0006213,0.00138193,0.00377113,0.00380327,3.15e-06,0.00023971,0.00072419,0.00058156,1.859e-05,0.00167917,0.00224144,0.00046304,0.00039712,-2829854.999999017,6.971803483110263,0.140043376716248,-0.992291253111416,-0.5451252118898824,0
7954877,7954877,CCN(CCO)C(=O)CN1CCC(NC(O)NC)CC1,5.182,5.477,5.768,6.195,6.641,6.667,6.836,7.63,7.761,7.805,7.85,8.043,8.091,8.226,8.294,8.542,8.718,8.774,8.826,8.89,8.968,9.054,9.122,9.358,9.457,9.518,9.686,9.802,9.978,10.048,10.395,10.452,10.642,10.791,10.976,11.106,11.306,11.369,11.521,11.583,11.875,11.892,12.006,12.016,12.074,12.154,12.197,12.299,12.324,12.438,0.00023866,0.00145423,2.355e-05,4.141e-05,0.00390316,0.14978665,0.06608629,0.00061895,0.00439215,0.00765352,0.00536741,0.00800319,0.00306672,0.00091609,0.00098825,0.00474403,0.01682282,0.00239789,0.00872691,0.06998615,0.0020282,0.00411462,0.02477372,0.00408479,0.00072439,0.02928508,0.00260983,0.01106361,0.00123961,0.00115834,0.01724763,0.0012872,0.00332569,0.00850803,0.0026913,0.00161659,8.485e-05,0.00024459,0.0007246,0.0240249,0.0077327,0.00049481,0.00699895,0.0045563,0.00328753,0.01109375,0.0263096,0.01252624,0.01628777,0.00369351,2709359.999999036,30.255980731767902,3.4719143858410684,2.0931167357776905,-1.2900619905694546,3
5257688,5257688,N#CCCN(CCn1nc(CCc2ccccc2)oc1=S)c1ccccc1,3.526,3.56,3.6,3.637,3.781,3.814,3.873,3.907,4.015,4.074,4.078,4.086,4.247,4.364,4.371,4.443,4.955,4.993,5.001,5.045,5.231,5.263,5.396,5.45,5.539,5.543,5.579,5.581,5.601,5.633,5.726,5.786,5.849,5.857,5.858,5.877,5.883,5.885,5.895,5.93,5.938,6.029,6.043,6.065,6.082,6.109,6.118,6.171,6.188,6.194,0.0016188,0.00039694,4.029e-05,2.7e-07,0.00076006,4.79e-05,0.00763057,0.00011605,0.00010801,0.00836462,0.00079714,0.05242445,0.02491646,0.01673003,0.00058694,0.02566378,4.53e-06,1.737e-05,0.14154658,0.24613617,0.00157206,1.22e-05,0.01127674,0.00063362,2.922e-05,0.00103195,0.00270517,0.0001432,0.00406997,0.00969531,3.67e-06,0.00055857,0.00066186,0.00028516,0.0011574,0.00223981,0.01467068,0.001818,5.346e-05,0.0002405,0.00083475,0.0378916,0.01092967,0.00510658,8.386e-05,0.00230275,0.01407256,0.00263107,6.961e-05,6.62e-06,12170.99999999692,-1.505804030361605,0.3311853433724018,0.6022049518849628,0.9941008224940102,4
1783233,1783233,COC(=O)c1cnn(COC(O)C=Cc2nc3ccccc3s2)c1C#N,2.763,3.515,3.609,3.641,3.676,3.705,3.711,3.77,3.958,4.046,4.172,4.248,4.309,4.54,4.585,4.644,4.728,4.738,4.769,4.772,4.804,4.822,4.916,4.945,5.017,5.099,5.101,5.13,5.154,5.187,5.244,5.248,5.254,5.285,5.315,5.347,5.414,5.454,5.492,5.546,5.583,5.617,5.622,5.649,5.696,5.715,5.717,5.749,5.766,5.782,6e-08,0.02284402,0.00715405,7.9e-07,0.38217841,0.01164523,0.03278879,0.0002042,0.00387666,0.00236058,8.076e-05,0.00083628,0.0,0.00046175,0.00014827,0.00301925,0.0192273,0.01074968,0.00330384,7e-07,0.05073113,6.6e-07,0.01464583,0.00012628,0.14283117,0.00974789,0.00776815,0.0025516,0.00019532,0.07503482,0.24409855,0.02641306,0.00117444,0.13204464,0.00077251,0.00102365,0.00025345,0.00085829,0.0001403,7.926e-05,0.00194699,8.52e-05,0.00088769,0.08229842,0.00149915,0.00054967,0.00048826,0.00021669,7.38e-06,0.00031276,-3462283.999998792,-3.750257196525757,-0.2682781065550091,-0.0965932061133255,0.2247779934020451,2
7833451,7833451,COc1ccccc1OCc1nnc(N2CCCC2(C)C)n1Cc1csc2ccccc12,2.737,3.242,3.338,3.489,3.514,3.659,3.827,4.022,4.042,4.118,4.142,4.169,4.201,4.268,4.27,4.37,4.405,4.427,4.44,4.488,4.592,4.642,4.651,4.727,4.827,4.874,4.939,4.942,4.946,4.979,5.061,5.068,5.138,5.142,5.155,5.174,5.201,5.236,5.244,5.258,5.285,5.308,5.312,5.352,5.352,5.396,5.439,5.452,5.514,5.544,0.00103933,6.951e-05,0.00016714,3.563e-05,1.966e-05,0.0017153,9.861e-05,9.31e-06,0.00030051,0.00058069,0.0276941,0.00461057,0.00185018,0.01009668,0.0020352,0.00930671,0.00328365,0.00115435,0.00020926,0.01934477,0.01999254,0.0028628,0.00019067,0.00013283,0.02206341,0.0081716,0.06629233,2.593e-05,0.02065357,0.00131934,0.02818,0.02011649,0.03548999,0.01183505,0.00024381,0.00011749,0.00121421,0.00078848,0.00059831,0.00013854,0.00289876,0.02809274,0.00055091,0.00403948,0.02117764,8.95e-05,0.0001964,0.00035757,5.337e-05,0.00294545,2587933.999999099,-5.161662898019583,-0.507693405449217,-0.1966999067773496,-0.1072926540689579,3
3186322,3186322,O=C(Nc1ccccc1C(=O)C(F)(F)F)c1ccc2c(c1)CCOCC2,2.355,2.45,3.057,3.165,3.229,3.427,3.431,3.524,3.664,4.068,4.137,4.147,4.227,4.239,4.272,4.321,4.382,4.436,4.517,4.604,4.661,4.689,4.749,4.753,4.843,4.846,4.847,4.928,4.98,5.03,5.056,5.142,5.19,5.199,5.246,5.344,5.45,5.451,5.455,5.527,5.534,5.557,5.566,5.593,5.677,5.698,5.744,5.792,5.835,5.898,0.00029677,0.00015646,0.00302226,0.02681232,0.09479936,0.00073695,0.00427815,0.00045515,5.419e-05,0.08888757,0.01346111,0.00051189,3.415e-05,8.6e-06,0.00016438,0.00037988,0.00015842,0.0441885,0.09385884,0.00556247,0.05237517,0.04501414,0.00024218,0.01927624,0.00019568,0.00112103,0.0004172,0.00013769,0.00089948,0.02260803,0.00027355,0.09075181,0.00644782,0.08709152,0.01863019,0.0017413,0.01053097,0.00501553,0.00035389,0.0062841,0.00761641,0.00086068,0.29576628,0.00094476,0.00133513,8.77e-05,0.10164427,0.02190088,0.03988864,0.00786855,-2059194.99999928,-4.804920139602134,0.9632300887661424,-0.1521503699225789,-0.2439888162865038,0
9939483,9939483,CC(=O)c1ncc(C=NNC(=O)CCc2ccccc2)s1,2.482,2.694,3.025,3.418,3.643,3.68,3.881,4.03,4.094,4.133,4.176,4.206,4.297,4.327,4.392,4.422,4.435,4.48,4.53,4.709,4.822,5.045,5.048,5.095,5.17,5.227,5.231,5.233,5.304,5.337,5.376,5.407,5.435,5.444,5.449,5.503,5.567,5.621,5.653,5.673,5.746,5.768,5.799,5.88,5.893,5.894,5.909,5.93,5.941,6.023,0.00049204,0.00043781,0.20854561,0.00264627,6.946e-05,0.00270248,0.00103869,0.15838924,0.00111842,0.0133609,0.00081528,0.00077655,0.00222149,0.00335734,0.00054164,0.007545,0.10347977,8.1e-06,0.00206453,0.00924012,0.00109024,0.000478,0.00336281,0.01004539,0.01653721,0.00019092,0.00142568,0.00246076,0.0011434,0.000175,0.00011008,9.98e-06,0.00627905,0.00077564,0.00017934,0.00063213,0.01236669,0.05091126,0.05035286,0.00286979,0.0016529,0.00259584,0.00218785,0.00032478,0.00025511,0.00010379,0.00862557,0.01100762,0.00048445,0.07101008,4693965.999998363,-3.328568252617262,0.7470373268478566,-0.1015284194984284,-0.2689552355720389,1
849467,849467,COc1nc(NCCN(Cc2ccco2)C(=O)CC2CCSCC2)ccc1O,3.314,3.914,4.085,4.576,4.679,4.694,4.774,4.839,4.889,4.921,5.043,5.082,5.152,5.175,5.212,5.22,5.301,5.394,5.421,5.446,5.509,5.522,5.717,5.719,5.834,5.941,5.987,5.991,6.019,6.057,6.059,6.164,6.199,6.204,6.253,6.286,6.307,6.339,6.409,6.416,6.467,6.487,6.506,6.507,6.529,6.532,6.647,6.651,6.658,6.677,0.00021727,0.00121596,0.09702268,9.153e-05,3.391e-05,0.00174601,8.66e-06,1.971e-05,1.698e-05,3.373e-05,0.00019687,0.00993167,9.33e-06,7.338e-05,0.22519491,0.014619,0.00043233,0.00145806,0.00012374,0.00039631,0.04239149,0.0026329,0.02688737,7.71e-06,5.232e-05,0.00014036,0.00594841,0.23179435,0.0008055,0.00263143,0.01339262,0.00109897,0.09750866,0.00024698,0.00017984,3.472e-05,0.00024615,0.0028453,0.00082906,0.00031326,1.391e-05,0.20796139,0.00071175,0.00014566,0.00055312,0.00429972,0.00010025,0.0149231,0.00484186,5.101e-05,-4396049.999998466,2.05950974446523,-0.7601104550211915,-0.0262343958123502,-0.3337570453766483,2
9375273,9375273,COc1ccc(-c2nc(C)c(CC(=O)NCc3cc(=O)n4ccccc4n3)s2)c(F)c1,2.026,2.487,2.602,2.76,2.957,3.013,3.029,3.061,3.184,3.335,3.357,3.536,3.575,3.598,3.623,3.757,3.77,3.818,3.9,3.902,3.934,3.984,4.147,4.156,4.168,4.196,4.233,4.324,4.372,4.43,4.461,4.473,4.537,4.585,4.62,4.637,4.681,4.706,4.72,4.752,4.767,4.872,4.892,5.014,5.031,5.041,5.056,5.08,5.085,5.095,1.188e-05,7.808e-05,0.0062456,0.00012841,0.00267168,0.01423438,0.00848782,0.00224197,4.59e-06,0.00538114,0.12021963,0.00040772,0.0,0.00096173,1.52e-06,7.84e-05,0.00593718,0.10933647,0.00282447,0.03283943,0.02411604,0.22627406,1.258e-05,0.00185907,0.01578837,0.00014785,0.00782671,0.01599312,0.00427457,0.00054268,0.00042742,0.00014777,1.637e-05,0.01263746,0.00074464,0.01648672,0.00077551,0.01490199,0.00016635,0.00850106,0.00051574,0.00135084,0.00058788,0.06521646,0.01658148,0.00948286,0.0062373,0.00107146,0.00462793,0.00022043,4129755.999998562,-9.198981308159563,0.7710243097718521,0.177268168305327,-0.1444008102906239,1
159519,159519,COc1cc(C(=O)N2CCCN(C(=O)c3ncc(C)cn3)CC2)ncn1,3.083,3.103,3.28,3.313,3.336,3.352,3.496,3.641,3.646,3.734,3.854,3.889,3.903,3.999,4.034,4.057,4.086,4.111,4.13,4.138,4.175,4.284,4.463,4.617,4.701,4.72,4.83,4.875,4.921,4.949,4.963,4.974,5.101,5.168,5.224,5.237,5.325,5.361,5.547,5.567,5.596,5.602,5.634,5.682,5.705,5.771,5.809,5.888,5.907,5.947,0.001589,0.00075359,7.644e-05,0.00016424,0.00234274,5.698e-05,0.00905413,0.00026686,0.00273127,0.0045245,0.0055193,0.00044128,0.00230894,0.00413976,0.000509,0.00012671,0.01352893,0.00170376,0.00038095,3.022e-05,0.00068577,2.11e-06,0.00121089,0.04711544,0.00050289,0.00115079,0.00036618,7.964e-05,0.00060955,0.00022822,0.00039249,9.102e-05,0.01947871,0.13810874,0.00687897,0.12715318,9.042e-05,0.00091107,0.00134159,0.00330152,0.00099331,0.00034771,0.00018144,0.00032695,0.00050584,0.00053403,0.00084583,0.01452941,0.20762276,0.00528066,-5085997.999998225,-5.310611402806883,0.5474082336808773,1.2698483621570624,-0.2203378296534574,2
6483492,6483492,COCCN(CC(=O)NCc1cccs1)C(=O)CCC1=NC(c2ccc(C(C)C)cc2)=N1,1.97,2.3,2.524,2.545,2.628,2.75,2.855,3.069,3.086,3.575,3.655,3.806,3.874,3.907,3.979,3.982,4.034,4.062,4.131,4.212,4.222,4.291,4.341,4.347,4.356,4.365,4.413,4.434,4.442,4.461,4.552,4.589,4.669,4.675,4.688,4.693,4.693,4.747,4.814,4.834,4.854,4.907,4.916,4.919,5.021,5.04,5.072,5.102,5.113,5.134,0.00080137,0.00011313,0.00022935,0.01895938,0.01915984,4.706e-05,0.00010013,0.00050355,5.77e-06,1.3e-07,0.00397252,0.00081333,1.757e-05,3.531e-05,0.00067015,0.2362495,0.00034719,0.0147313,4.753e-05,4.046e-05,0.00049999,0.00038988,0.0009128,0.00015968,7.2e-07,0.00053968,0.02849099,0.01034514,0.00026056,2.02e-06,0.2129735,0.00400138,9.412e-05,6.53e-06,0.00907756,8e-08,0.00022429,5.919e-05,0.00048611,0.031085,0.0009535,0.00038583,0.00040376,0.00014238,0.00011152,0.0014011,0.12563914,0.02474381,0.00053472,0.00027602,1237974.9999995704,-8.557226718404214,1.0154958033634454,-0.6605544999144299,0.2005874603465983,3
7423428,7423428,CCn1ncc(C(=O)NC2CCN(C(=O)C(C)(C)NCC(=O)F)CC2)n1,3.877,3.97,4.417,4.442,4.505,4.6,4.627,4.73,4.764,4.949,4.988,5.024,5.078,5.103,5.166,5.2,5.421,5.496,5.534,5.555,5.702,5.759,5.773,5.827,5.915,6.044,6.059,6.143,6.197,6.273,6.276,6.365,6.392,6.576,6.624,6.63,6.697,6.705,6.789,6.805,6.842,6.86,6.905,6.993,7.004,7.025,7.11,7.117,7.173,7.229,1.63e-06,0.00052676,9.17e-05,2.412e-05,5.399e-05,7.879e-05,1.494e-05,0.00040382,0.00322447,0.00047569,0.0022459,0.00102501,0.01690208,0.00147364,0.00045743,0.00078392,0.01734092,0.00618473,0.13961243,0.03470354,0.00011249,0.01048499,0.0365207,1.37e-06,7.268e-05,0.01408583,0.00115125,0.00013617,0.17691905,0.01471497,0.00270048,0.00215809,0.0002756,0.00085546,0.00662352,0.14822168,0.00030365,0.00100543,0.00080147,0.00050313,0.00016259,0.02761363,0.00028952,0.00048933,0.00219991,0.00046663,0.00427988,0.00340443,0.00176019,0.00016487,2177910.99999924,3.5328371656073734,-0.0636298874562377,0.9289049989428984,-0.077775923092165,3
8661269,8661269,COc1ccc(CC(=O)NCCNCc2nc(O)n(C)n2)cc1,3.655,3.828,4.103,4.166,4.257,4.312,4.532,4.753,4.757,4.808,4.935,5.209,5.222,5.341,5.364,5.391,5.591,5.614,5.867,5.893,5.926,5.984,6.046,6.158,6.177,6.207,6.222,6.355,6.392,6.408,6.426,6.449,6.479,6.539,6.561,6.573,6.61,6.612,6.698,6.707,6.779,6.796,6.824,6.853,6.891,6.949,6.967,7.019,7.022,7.044,0.00302694,9.516e-05,1.67e-05,0.06147112,0.0013366,0.00077625,0.00021013,0.01071783,0.02031553,0.00515557,8.971e-05,1.193e-05,0.00256283,0.04638946,0.0004438,0.03649369,0.00024083,0.00480985,4.171e-05,1.606e-05,0.00050395,0.00052202,0.00015644,0.02617993,0.00017832,3.478e-05,0.02948101,0.02132933,0.17987837,0.00061339,0.0011864,0.14099798,0.16469959,0.00326821,0.00126104,0.03639708,0.00783512,0.00255794,0.00011366,7.71e-06,0.06806653,0.04288229,0.02617686,0.00202139,0.00021004,0.00681283,0.00024352,0.0062759,0.01504234,0.00173665,3415751.999998807,3.705345182599242,0.2075527302941116,-0.0508152675643686,0.5144195414101339,1
7682448,7682448,CN1Cc2ccc(NCCc3nc4c(s3)CN(C(=O)OC(C)(C)C)CC4)cc21,2.747,3.215,3.455,3.718,4.348,4.518,4.605,4.645,4.664,4.762,4.772,4.82,4.926,4.949,5.019,5.073,5.127,5.203,5.209,5.289,5.471,5.487,5.489,5.52,5.551,5.569,5.626,5.656,5.723,5.749,5.751,5.795,5.977,5.978,5.984,6.027,6.105,6.125,6.137,6.188,6.254,6.294,6.327,6.351,6.364,6.393,6.398,6.441,6.499,6.524,0.00084073,0.00056901,0.00465095,0.00236356,0.0650144,0.0367863,0.12323093,0.00467479,7.404e-05,0.00186398,0.0064827,0.00158124,6.24e-06,0.0001797,0.00090262,0.06348563,0.00088911,0.00015893,6.896e-05,0.00694472,5.903e-05,0.01293298,0.00364166,0.04718162,0.05250325,0.12217537,0.35938147,3.749e-05,0.00406958,3.28e-06,0.00459734,0.00480513,0.00091921,0.00024315,0.00156453,0.00021025,0.00017338,2.573e-05,0.07171943,0.00056717,0.0003764,3.212e-05,0.00016432,0.00612564,0.0009533,0.01343036,0.00809838,0.00035453,0.02336034,0.00018382,2436930.99999915,0.3365171831763875,0.0739212479609985,-0.4867733748237463,-0.6691727023524867,3
1699481,1699481,Cc1ccn2cnc(C(=O)OCC(=O)Nc3cn[nH]c3C)c2c1,2.372,2.576,3.17,3.276,3.385,3.394,3.48,4.074,4.091,4.138,4.243,4.298,4.391,4.444,4.447,4.587,4.783,4.995,5.041,5.091,5.144,5.148,5.236,5.248,5.266,5.348,5.357,5.377,5.405,5.483,5.534,5.612,5.637,5.742,5.742,5.887,5.9,5.938,5.951,5.962,6.05,6.182,6.224,6.236,6.262,6.299,6.315,6.364,6.385,6.401,2.656e-05,8.7e-07,5.7e-07,0.00016041,0.06144568,0.00023222,4.15e-06,6e-07,7.49e-06,0.00865167,0.00052822,3.899e-05,0.14273807,7.05e-06,6.25e-06,0.00202388,5.02e-05,6.96e-06,1.196e-05,0.21121144,0.03287978,6.732e-05,0.11520136,0.00565247,0.0044496,9.25e-06,1.356e-05,2.265e-05,0.15220081,0.05977219,9.4e-07,0.00113982,0.27588439,0.00747991,0.08390382,0.02893317,0.00013888,0.04867201,1.25e-06,8.76e-06,0.19774118,0.0005338,0.00906072,0.00046771,5.403e-05,5.846e-05,4.95e-06,0.00190972,5.11e-06,0.00404992,-3546035.9999987623,-1.8518716563285464,1.660545858007158,-0.0777379788600201,-0.0817680069639223,2
1933274,1933274,O=C(O)CNC(=O)CNC(=O)c1ccc(OCc2ccc(F)cc2)c(F)c1,3.333,3.535,3.657,3.709,3.789,3.804,3.845,3.912,4.034,4.042,4.114,4.231,4.287,4.357,4.505,4.549,4.615,4.618,4.642,4.703,4.732,4.849,4.889,4.926,4.942,4.967,4.99,5.004,5.03,5.074,5.13,5.201,5.21,5.238,5.472,5.496,5.514,5.548,5.591,5.596,5.717,5.727,5.761,5.776,5.806,5.834,5.853,5.881,5.9,5.971,2.59e-06,0.03239018,1.86e-06,6.313e-05,0.00265313,0.00076025,0.00010172,5.38e-06,4.84e-05,0.00172075,0.00012656,0.00134296,0.00013752,3.546e-05,0.22348488,1.878e-05,2.35e-06,2.17e-05,0.05418169,0.00089714,0.00022135,0.00090326,0.00420385,0.00030675,4.076e-05,0.02933042,2.78e-05,0.00368302,0.00245158,0.0016518,5.064e-05,0.00021031,0.0046256,0.00247743,0.00012196,0.04888943,0.00112979,0.10581905,0.00070315,1.88e-06,0.00201482,2.091e-05,0.01112132,0.00064014,0.04338969,0.00037573,4.1e-07,0.00084533,3.512e-05,2.047e-05,-3312242.9999988438,-3.5742686170174065,-0.4305198537223912,0.5697922559924886,0.02414413990389,2
5255209,5255209,Cc1occc1C(=O)N1CCN(C(=O)c2ccc(CO)c(F)c2)CC1,3.428,3.583,3.815,3.829,3.92,3.967,3.979,4.216,4.321,4.38,4.413,4.513,4.613,4.908,4.942,4.95,5.001,5.028,5.068,5.124,5.227,5.348,5.349,5.43,5.474,5.477,5.485,5.614,5.682,5.7,5.723,5.737,5.925,6.022,6.03,6.115,6.152,6.157,6.291,6.292,6.31,6.456,6.484,6.505,6.519,6.526,6.571,6.586,6.587,6.619,0.000139,0.00741728,3.882e-05,5.88e-05,7.72e-06,0.00217406,0.00157312,1.755e-05,8.74e-06,0.00011141,0.0016504,5.573e-05,0.01677277,0.00554662,0.00395238,0.00371093,0.01260562,0.00010649,0.00024445,0.05550228,0.00113527,0.07607976,0.00394369,0.00020529,0.00072414,0.00603152,0.01672332,0.00382082,0.00515163,0.08800494,0.00071836,0.00131423,0.06915864,0.01444367,6.549e-05,0.00111177,0.00621587,6.107e-05,0.00531605,1.632e-05,0.0017934,0.35931522,0.09946822,0.02849657,0.01328363,0.41226765,0.04939056,0.08256639,0.02431009,0.00017798,9691.999999995436,0.0464247047175923,0.4142230681418943,0.7001139125869799,0.0811981729402416,4
1919057,1919057,C#CN1NC(O)=CC1CC(=O)NN=C(C)c1cccc(N2CCOCC2)c1,3.685,3.71,3.939,4.161,4.193,4.259,4.412,4.437,4.49,4.598,4.678,4.692,4.755,4.879,4.966,4.978,5.024,5.049,5.066,5.117,5.179,5.217,5.247,5.253,5.282,5.337,5.346,5.49,5.495,5.505,5.55,5.557,5.601,5.611,5.631,5.659,5.67,5.726,5.799,5.811,5.887,5.958,6.049,6.057,6.118,6.14,6.158,6.195,6.202,6.261,0.00735034,0.0073298,0.00046406,0.00384749,0.01837594,0.0400685,0.00121979,0.00092285,0.00271489,0.00020051,0.00405764,0.00268639,0.03374235,0.13308998,0.00301116,0.04194922,0.00124257,0.00048161,0.00315818,0.00084873,0.04064889,0.0865684,0.00498109,0.00370018,0.11646017,0.03857935,0.00140313,0.02771944,0.00732685,0.02475207,0.02179866,0.05299963,0.01903096,0.08317356,0.00207544,0.00156818,0.01435065,0.02377286,0.00449353,0.02589269,0.00024486,4.97e-05,3.501e-05,0.00383011,0.01115889,0.0140476,0.18527064,0.00895371,0.03232116,0.00710539,-3326459.999998838,-1.0810291781891914,-1.1268254134423945,0.0548092301054769,-0.1208899139810517,2
9144306,9144306,COc1ccc(NC(C)N=NC2=NCC(C)=C2)cc1,1.989,2.766,2.83,3.572,3.808,3.861,3.871,3.894,3.966,4.26,4.401,4.648,4.712,4.73,4.968,5.022,5.101,5.145,5.154,5.187,5.252,5.294,5.331,5.447,5.522,5.63,5.768,5.855,5.909,5.968,6.019,6.038,6.076,6.086,6.122,6.191,6.237,6.3,6.308,6.353,6.38,6.419,6.479,6.503,6.508,6.57,6.651,6.654,6.706,6.772,0.00038367,0.00681879,0.00117682,0.00345362,0.0012579,0.00270068,0.03569222,0.00163356,0.01398742,0.01657626,0.01154236,0.0006272,0.00046599,0.00118296,0.19367552,0.01341567,0.16399861,0.00657716,0.00162035,0.00284004,0.00987391,0.08447944,0.00744094,0.01223842,0.01109683,0.0041155,0.00015845,5.696e-05,0.06147213,0.00754348,0.01370133,0.06072043,0.01473209,0.01895028,0.00145379,0.00550793,0.00080955,0.00512489,0.03250693,0.32732238,0.16609786,0.02991967,0.01058554,0.0118168,0.01495818,0.03554865,1.398e-05,0.02878529,0.02831998,0.00571958,3898788.9999986426,0.1085264013152481,2.061010146854679,-0.2573230252796168,-0.2288093585302038,1
8496793,8496793,COCCCC(=O)NC1CN(C(=O)c2ccccc2CCN(C)C(C)=Cc2cccnc2)C1,3.075,3.122,3.442,3.676,3.744,3.762,3.935,3.962,4.049,4.077,4.091,4.152,4.181,4.219,4.245,4.303,4.316,4.417,4.453,4.509,4.52,4.528,4.537,4.578,4.642,4.691,4.745,4.761,4.788,4.803,5.108,5.125,5.128,5.227,5.239,5.254,5.317,5.342,5.349,5.353,5.386,5.409,5.426,5.432,5.454,5.532,5.554,5.557,5.563,5.586,0.00029782,0.01876323,0.00048088,0.0051067,0.00183156,0.00239206,7.668e-05,2.49e-05,6.894e-05,2.646e-05,3e-08,7.606e-05,0.0012774,0.00074371,0.00109053,2e-08,2e-08,1e-08,0.00012256,6.061e-05,5.838e-05,1.2e-07,0.00025888,4.33e-06,9e-08,0.00077455,8.49e-06,0.00021557,3.209e-05,4.67e-06,0.00119932,0.00273769,2.165e-05,1.653e-05,0.06524098,0.00242875,0.00018234,0.00054743,0.00014135,3.33e-06,0.00359099,0.09330103,0.00059785,0.00036043,4.252e-05,0.00042547,0.01287512,0.20234442,0.10464008,0.00362456,3251275.9999988675,-5.064134688701703,-0.619114612967226,0.3239618813687948,-0.3705610418039601,1
3736788,3736788,CN(C)c1nccc(NC(CCC(=O)O)CC2CC2)c1C1CC1,4.279,4.301,4.504,4.565,4.801,4.852,4.95,5.147,5.29,5.46,5.509,5.582,5.745,5.984,6.11,6.292,6.304,6.325,6.435,6.518,6.552,6.602,6.605,6.64,6.716,6.796,6.813,6.852,6.892,6.926,7.043,7.084,7.093,7.12,7.194,7.215,7.227,7.24,7.279,7.314,7.323,7.343,7.368,7.38,7.394,7.432,7.469,7.501,7.523,7.525,0.00294228,0.00730672,0.00117785,0.01437326,0.10338705,0.00708198,0.00054446,0.01328339,0.17562705,1.16e-05,0.00014685,0.00020809,2.003e-05,0.05837738,0.30979474,0.00824767,0.05460751,0.04729892,2.305e-05,0.0208424,0.03786068,0.00042514,7.474e-05,0.03344774,0.00053981,0.0070512,0.00901991,0.01898644,0.01206747,0.00059657,0.00033028,0.00494848,0.00140322,0.00493685,0.03601975,0.0015241,0.002974,0.00377296,0.00061358,0.08457376,0.00611785,0.00017438,0.00016752,0.01063323,0.0008104,0.01727872,0.02164976,3.836e-05,0.00051934,0.00244263,-1508728.9999994766,7.655970178291789,-0.2444668362469151,-0.3439306208362226,0.7477977779669445,0
9751873,9751873,C=C(C)COCCn1c(Cc2ccc(C)cc2)nnc1N1CCOCCC(c2nccs2)CC1,3.508,3.707,3.73,4.018,4.124,4.138,4.235,4.257,4.358,4.384,4.502,4.536,4.557,4.575,4.644,4.651,4.711,4.74,4.765,4.772,4.796,4.818,4.867,4.888,4.935,4.953,4.98,5.111,5.147,5.155,5.161,5.167,5.179,5.204,5.272,5.282,5.298,5.35,5.37,5.378,5.401,5.403,5.414,5.427,5.442,5.513,5.577,5.613,5.618,5.639,0.01910481,0.00012056,0.00153157,4.8e-05,1.3e-06,8.888e-05,0.00011303,0.00214129,0.00043807,0.00653605,0.00684337,1.321e-05,0.00052563,5.2e-06,0.00171999,3.5e-07,0.0019734,0.00025602,0.00689819,2.08e-06,0.00012059,0.00088894,7.694e-05,0.00152074,0.00543897,2.19e-06,0.1536853,0.00598642,1.825e-05,0.00052598,4.273e-05,3.887e-05,0.0014473,0.00023002,0.00562027,0.00336585,0.04982104,0.00189762,0.04278111,0.00392535,0.0017461,0.00068855,0.00011438,1.54e-06,0.00078009,0.03327906,0.00084586,0.00346321,4.45e-06,1.391e-05,4506355.999998431,-3.7130321438837015,-1.7336533417364277,-0.2022222825513462,-0.1054478327693181,1
2112560,2112560,O=C(NCC1CN(C(=O)c2ccc3cc[nH]c3n2)C1)c1cc2c([nH]1)COC2,2.831,3.2,3.259,3.471,3.616,3.821,3.99,3.994,4.018,4.078,4.081,4.106,4.257,4.32,4.382,4.387,4.402,4.446,4.702,4.712,4.885,5.009,5.117,5.177,5.193,5.201,5.216,5.287,5.294,5.421,5.558,5.562,5.569,5.602,5.622,5.712,5.735,5.8,5.842,5.884,5.919,5.987,6.007,6.028,6.061,6.156,6.178,6.184,6.207,6.29,2.17e-05,2.777e-05,1.498e-05,0.01609642,6.42e-06,7.2e-07,1.318e-05,0.00031013,0.00011032,0.0007019,0.06264214,0.0002534,0.05281103,0.16794677,4e-08,4.208e-05,3.05e-06,1.789e-05,1.418e-05,0.04465199,0.00093377,8.76e-06,0.26259385,0.00011184,0.00083718,1.201e-05,0.23503169,0.08101299,0.00115869,1.208e-05,0.05684876,0.00026601,5.51e-06,0.17275129,0.00023066,0.00077292,0.00264409,0.00040624,0.02469314,2.653e-05,0.03794487,0.00022135,1.446e-05,0.10087065,0.02007859,0.07238097,3.27e-06,2e-07,3.2e-07,0.0004865,-3132956.999998907,-2.565123530070432,0.7682251219355871,0.6570335825569462,-0.1219114918092343,0
9733058,9733058,C1=C(CSCCC2COCCCO2)ON=C(Cc2ccccc2)C1,3.925,3.929,4.024,4.08,4.364,4.371,4.43,4.462,4.47,4.524,4.737,4.813,5.014,5.022,5.039,5.225,5.244,5.253,5.327,5.382,5.402,5.456,5.47,5.559,5.563,5.613,5.619,5.623,5.671,5.696,5.907,5.926,6.053,6.104,6.171,6.185,6.221,6.223,6.237,6.268,6.276,6.328,6.351,6.367,6.404,6.442,6.493,6.513,6.53,6.539,0.01157826,0.00071038,0.00021315,0.00018988,0.00054871,0.00016611,2.604e-05,0.01347309,0.00324888,2.293e-05,0.00574411,0.00023481,0.01601548,0.00137242,0.00250974,0.02934469,0.00161898,0.00033066,0.00031239,6.834e-05,0.01331078,0.01662749,0.00207671,0.00375729,8.437e-05,0.01130355,9.15e-06,0.00188909,8.063e-05,0.00887681,1.653e-05,0.00829803,0.00355242,0.00132688,0.00228239,0.03305901,0.00865388,0.00377347,0.01346758,0.1055253,0.0003138,0.00093473,0.02942411,0.00804799,0.00569702,0.06029696,0.02629594,0.00158767,0.00657339,0.00456553,4487540.999998435,0.8131778735042864,-0.6584618802078538,0.3861871600323349,0.2004623098476828,1
7633427,7633427,Cc1cc(C)c(C)c(C2=CCN(C(=O)COCC(=O)Nc3cc(C)on3)CC2)c1,3.955,3.958,4.032,4.274,4.295,4.299,4.374,4.444,4.448,4.532,4.58,4.583,4.594,4.619,4.781,4.898,4.933,4.941,4.981,4.992,5.145,5.149,5.151,5.164,5.2,5.223,5.279,5.282,5.318,5.348,5.352,5.36,5.43,5.45,5.453,5.493,5.527,5.597,5.68,5.76,5.76,5.781,5.89,5.895,5.898,5.957,5.972,6.078,6.084,6.09,0.00014746,0.00050921,0.00027411,0.00039898,1.21e-05,0.00028954,0.00021496,3.98e-06,0.00050819,0.00103881,1.14e-06,1.184e-05,0.00069755,0.00256156,0.00804618,7.607e-05,4.1e-07,0.00057116,0.00571592,0.00036483,0.00087513,0.00222757,0.00468264,0.00175232,8.25e-06,5.507e-05,2.7e-07,4.79e-06,0.03598231,0.00192958,0.01490382,0.02493946,0.00992771,0.0001124,0.00018892,4.5e-07,3.748e-05,6.12e-06,0.00470816,0.00015816,0.00376781,0.00086314,1.08e-06,1.54e-05,1.037e-05,0.29324244,0.00213488,0.15323896,0.01683629,0.01285641,2387909.9999991693,-1.8375737423564649,-1.6500155506038052,0.319251130561817,-0.0054937815557583,3
3398538,3398538,CCc1cc(C(=O)OCCCn2c(C)nc3ccccc32)c2c(O)sc(C)c2n1,2.6,2.617,2.693,2.957,3.284,3.487,3.698,3.995,4.134,4.248,4.342,4.453,4.503,4.545,4.569,4.618,4.673,4.742,4.79,4.803,4.838,4.866,4.892,4.9,4.985,4.99,5.032,5.033,5.065,5.085,5.137,5.235,5.241,5.25,5.286,5.335,5.402,5.417,5.443,5.539,5.549,5.571,5.577,5.632,5.665,5.667,5.718,5.741,5.764,5.772,0.00091418,0.06467889,0.00010225,0.00020608,7.2e-07,0.00102947,4.11e-06,0.0605713,0.001632,0.00492045,0.05229406,0.00025694,0.0002561,0.00049192,5.213e-05,0.04000009,0.1271769,0.00023436,9.128e-05,0.00305765,2.391e-05,0.02920485,6.762e-05,0.01745829,0.00024593,0.00201257,3.934e-05,0.00379297,0.01505823,0.16421274,4.431e-05,1.5e-07,0.00896623,0.00334444,0.08322007,0.00431308,0.15296881,0.07005282,0.00220889,5.564e-05,0.00017966,0.00204397,2.08e-06,0.00011562,0.00473214,0.00765442,0.00809482,0.0481334,0.04895894,0.00390314,-1846978.9999993548,-4.095688939691876,0.5239277548818186,-0.9230627813710468,-0.2338900234357694,0
6586363,6586363,COCOc1ccc(CCC(=O)O)c(C)c1NC(=O)c1nn(C)c(=O)[nH]1,3.347,3.404,3.59,3.682,3.729,4.028,4.131,4.322,4.337,4.401,4.547,4.569,4.694,4.712,4.838,4.899,4.937,4.972,5.094,5.107,5.124,5.187,5.299,5.357,5.486,5.503,5.528,5.544,5.563,5.635,5.686,5.727,5.797,5.887,5.912,5.932,6.092,6.12,6.15,6.164,6.204,6.243,6.278,6.318,6.333,6.369,6.4,6.422,6.485,6.559,0.00465696,0.20144062,0.02607849,0.00132588,0.00491867,0.03516992,0.00318283,0.00034485,0.00186019,0.01845407,0.03265728,0.00970937,0.00143245,0.00146885,0.03433593,0.00287839,0.00718815,0.01843383,0.00010736,5.164e-05,0.00292218,0.00022921,0.00689273,0.00705871,0.0665268,0.05365005,0.01563995,0.00161194,0.0051343,0.11146763,0.04879095,0.06682911,0.32146106,0.00469351,0.00860884,0.00684599,0.00116776,0.04343527,0.0012748,0.00243845,0.00310833,0.00628667,0.00178243,0.02271302,0.00184836,0.02741676,0.0153794,0.0820175,0.02978097,0.0051738,1340845.9999995306,-0.5032212465267675,0.3268119965941839,0.3531015248472734,-0.049852750160267,3
2786008,2786008,COCCOC1CCN(NC(=O)NCCc2ccc(F)c(CSC)c2)CC1,2.943,3.466,3.53,3.638,3.908,4.055,4.113,4.163,4.166,4.393,4.448,4.623,4.689,4.838,4.915,5.268,5.341,5.466,5.748,5.758,5.789,5.84,5.886,5.962,6.017,6.052,6.152,6.161,6.166,6.231,6.252,6.275,6.324,6.362,6.389,6.394,6.413,6.436,6.459,6.484,6.613,6.65,6.66,6.687,6.774,6.786,6.84,6.845,6.872,6.879,1.607e-05,0.00125469,8.017e-05,0.00014644,0.00109361,0.00203986,0.00322667,0.00331458,0.00032474,9.996e-05,0.01852791,0.00045936,0.00307501,0.06514013,0.00057291,2.374e-05,0.0307129,0.00013442,0.00228062,0.01733579,0.00022876,0.00087095,0.01459529,0.00160551,0.15216504,0.00095178,0.05960949,0.01659186,0.01667719,0.10283714,0.10966666,0.03973983,0.05703047,0.00298394,0.00322233,0.00659213,0.00255188,0.03012442,0.00409837,0.00051278,0.01515826,0.05301271,0.02747565,0.00515961,0.00332969,0.00087904,0.01183821,0.00609878,0.00040078,0.01190472,-2459508.999999143,1.9883187896401004,1.3719535095280104,-0.0250774008235205,0.7997065563625172,0
8125703,8125703,CCCCC(=O)NC1(CC)CCN(C(=O)c2cc(C)nc(CC)c2)CC1,3.465,3.493,3.823,3.857,3.972,4.251,4.254,4.372,4.621,4.747,5.001,5.326,5.361,5.39,5.416,5.525,5.553,5.682,5.716,5.772,5.816,5.893,5.928,5.988,6.057,6.073,6.092,6.129,6.143,6.18,6.186,6.219,6.251,6.289,6.305,6.365,6.414,6.476,6.503,6.51,6.532,6.559,6.577,6.62,6.648,6.719,6.754,6.798,6.838,6.871,0.00058063,0.00293183,0.00011004,9.121e-05,0.01378313,0.00036483,0.00087397,0.00043832,4.63e-06,3.631e-05,0.04652156,1.618e-05,0.00016746,0.00207261,6.192e-05,0.00940653,0.00197627,0.00230348,0.00130333,0.00421294,0.00553535,0.09911707,0.00025048,0.00454514,0.00198457,0.03488953,0.00056677,0.02836469,0.00501105,0.02801506,0.05313502,0.02296936,0.00035391,0.24174088,0.02101369,0.01835278,0.101457,0.01676887,0.00894081,0.00030515,0.0015227,0.00186736,0.0002466,0.00792082,0.00935932,0.05549042,0.06276596,0.07122325,0.04329352,0.01910818,2880185.999998994,2.5806913182904148,0.3010706102366475,-0.6549075795756337,0.4917941105817064,3
9677781,9677781,CNCC1=CC=C(Cc2noc(CCNS(=O)(=O)c3ccc(F)c(F)c3)n2)CC1,2.447,2.746,2.801,3.1,3.564,3.778,3.874,3.911,3.966,4.128,4.179,4.32,4.328,4.397,4.477,4.478,4.511,4.66,4.68,4.714,4.751,4.801,4.832,4.865,4.897,4.908,4.929,4.994,5.055,5.082,5.094,5.101,5.146,5.227,5.261,5.334,5.354,5.432,5.434,5.436,5.461,5.53,5.534,5.611,5.62,5.646,5.668,5.694,5.697,5.704,5.4e-07,1e-08,1.1e-07,1e-08,0.00515825,0.00059207,0.00286779,0.00147202,1.68e-06,0.00043109,0.00303348,1.357e-05,0.25425152,0.00113887,3.72e-06,0.00022288,0.00015703,0.02144123,6.486e-05,0.02076372,0.00023905,0.03685083,6.2e-07,0.00013682,5.737e-05,6.634e-05,4.74e-06,0.01699027,0.00665014,0.00013207,0.0001172,0.00751463,0.02706321,4.76e-06,2.26e-06,0.00240872,0.00091509,0.00037784,0.05230489,0.00084596,0.00027233,0.00041901,0.00060129,0.00025394,0.00036811,2.303e-05,0.00118785,0.000246,0.00013017,8.134e-05,4432263.999998454,-4.434975438803456,0.3398768227038071,-0.6105370108303978,-0.3677580930938866,1
9928636,9928636,CC(C)C(=O)Nc1cc(-c2c[nH]c3ccccc23)nnc1N(C)Cc1cn(C)nc1C(C)(F)F,3.281,3.356,3.716,3.757,3.802,3.845,4.052,4.077,4.128,4.157,4.184,4.293,4.347,4.385,4.455,4.498,4.57,4.618,4.646,4.683,4.727,4.756,4.831,4.854,4.961,4.979,4.986,5.001,5.025,5.04,5.087,5.088,5.151,5.194,5.206,5.257,5.261,5.32,5.412,5.467,5.497,5.505,5.525,5.582,5.584,5.586,5.647,5.661,5.709,5.717,0.00161092,0.01482072,0.00315292,0.0011335,0.00714755,0.01905098,0.07008521,0.00186533,0.07828288,0.00678866,0.00302967,0.02476744,0.00516692,0.0029369,0.00187869,0.05224012,0.0010246,0.05200141,0.03669273,0.02479893,0.05340868,0.00381861,0.00100489,0.03105337,0.00035602,0.09742796,0.00502903,0.00112807,0.00086258,0.00801985,0.00238714,0.00062213,0.12274282,4.592e-05,0.03186828,0.00067533,0.01376089,0.00894443,0.05127678,0.00547021,0.04429962,0.1077534,0.00539906,0.00026342,0.0005665,0.0033305,0.00097823,0.02113516,0.00677904,0.01302162,4683118.999998366,-4.135929772918755,-0.9124995511462248,0.1026498436856739,-0.0595090604624621,1
4296932,4296932,CCc1nnc(N2CCC3(CCN(Cc4ccccc4)C3=Cc3ccccc3)CC2)n1Cc1ccc(C)c(OC)c1,3.204,3.284,3.297,3.53,3.591,3.604,3.62,3.733,3.789,3.917,3.973,3.99,4.041,4.045,4.061,4.318,4.334,4.358,4.426,4.427,4.481,4.501,4.516,4.548,4.622,4.638,4.649,4.7,4.754,4.814,4.855,4.876,4.889,4.932,4.935,4.937,4.942,4.947,4.953,5.041,5.056,5.076,5.111,5.127,5.176,5.182,5.238,5.241,5.242,5.258,2.85e-06,0.00101436,0.0008727,3.074e-05,3.73e-06,4.686e-05,1.459e-05,0.00091263,0.05386987,0.00046405,0.00105229,0.00388678,6.339e-05,1.132e-05,1.69e-06,2.43e-06,9.4e-07,0.00017425,0.00016142,0.00019438,4.23e-06,0.00025462,5.095e-05,0.00020587,0.06610254,0.00414062,0.00535216,4.85e-06,5e-08,0.00143914,6e-08,0.00145356,0.00144464,7.017e-05,0.00010073,9.1e-07,7.985e-05,2.008e-05,5.9e-07,0.00013186,0.00235061,0.00344857,0.00013309,5.098e-05,0.00195146,0.03677108,0.00110072,0.00052317,4e-07,1.5e-07,-948584.9999996632,-6.389237731954268,-0.960081465294716,0.0051103568302883,0.2471429916571782,4
8263874,8263874,CC(C)NS(=O)(=O)Cc1ccccc1CNC(=O)NCCC(=O)Nc1cnn(C)c1C1CC1,2.723,2.944,3.029,3.25,3.253,3.475,3.641,3.845,3.862,4.061,4.071,4.153,4.367,4.377,4.412,4.589,4.597,4.633,4.788,4.862,4.893,4.979,5.049,5.086,5.113,5.156,5.177,5.225,5.243,5.296,5.36,5.45,5.483,5.514,5.536,5.661,5.676,5.693,5.725,5.75,5.757,5.804,5.842,5.944,5.97,5.99,5.994,6.026,6.04,6.053,2.71e-06,1.166e-05,5.939e-05,0.00011543,0.00049885,0.00122521,9.77e-06,0.00168449,4.61e-05,2.5e-07,0.00265268,0.00304969,3.51e-06,0.00474824,0.00010243,0.00044201,0.01311485,0.00010947,0.00018439,0.0008568,2.011e-05,2.21e-06,0.00025551,0.00191875,0.00010474,0.18560766,0.00070509,0.00742333,0.13599793,0.00558077,0.07884241,0.00154312,5.12e-06,9.12e-05,0.00021671,0.002417,0.00094911,0.03097522,0.03769322,0.00031282,0.00013861,0.05370069,0.00166322,0.00158867,0.00186506,0.00317267,0.00255481,0.07266616,0.00202269,0.00707356,3018356.999998948,-3.158946546276738,0.9933673137385792,0.0266114814321783,0.176294223891382,3
4761655,4761655,COC(=O)Nc1cc(NC(=O)NCc2ccc(CSc3nc4ccccc4[nH]3)cc2)nn1C,2.914,3.129,3.143,3.269,3.368,3.445,3.499,3.659,3.795,3.8,3.889,4.019,4.041,4.071,4.103,4.162,4.244,4.267,4.293,4.364,4.403,4.572,4.599,4.681,4.695,4.717,4.731,4.779,4.812,4.817,4.835,4.918,4.921,4.922,4.987,4.997,5.016,5.017,5.022,5.033,5.04,5.061,5.118,5.135,5.172,5.184,5.226,5.233,5.351,5.407,0.00017109,0.00091783,0.0017702,0.0004995,0.01110868,1.59e-05,0.00130687,0.000219,0.00235412,7.332e-05,1.602e-05,0.00745075,3.78e-06,0.02002252,2.201e-05,0.00699315,8.74e-06,7.22e-05,0.00164661,0.03410751,0.07044273,5.5e-06,0.00146681,0.01455289,0.0001375,0.02400672,0.01227027,0.0006975,6.135e-05,6.998e-05,0.00429561,0.00092773,0.004922,0.00174138,0.00136903,0.00072533,0.00038949,0.01571127,0.04610601,0.00026025,0.00143833,0.00072864,0.00077824,0.00030301,9.827e-05,0.00320483,1.986e-05,0.03792741,0.07156675,0.00109533,-483861.9999998264,-6.441576796227636,-0.4136562446322611,-0.1072025672847943,0.2818469379568927,4
2281200,2281200,CNC(=O)c1ccccc1NC(=S)Nc1ccc(OC)c(NC(C)=O)c1,2.747,2.898,3.124,3.216,3.233,3.301,3.482,3.545,3.619,3.689,3.722,3.756,3.83,3.913,3.968,4.075,4.138,4.147,4.245,4.268,4.3,4.322,4.477,4.563,4.602,4.618,4.651,4.665,4.703,4.734,4.82,4.848,4.855,5.023,5.032,5.084,5.136,5.14,5.159,5.243,5.266,5.306,5.433,5.449,5.497,5.54,5.633,5.666,5.702,5.711,0.00260274,0.00039205,0.00275754,0.00021022,0.00376305,0.00382025,0.15238699,0.03782056,0.0009721,0.15149974,0.01013596,0.00371615,0.0847789,0.00087929,0.01445234,0.01568567,0.02858137,0.00553353,0.00303321,0.0605989,0.0205128,0.00207113,0.05871257,0.04171644,0.00108769,0.04625315,0.08171221,0.00350988,0.00595586,0.00101183,0.01126514,0.00415939,0.02198498,0.09850069,0.03743174,0.00318892,0.00021278,0.00141138,0.05122682,0.04256168,0.00199532,0.02038853,0.00809902,0.00179808,0.02257522,0.00154852,0.02829805,0.00554942,0.03839577,0.00158942,-2964316.9999989644,-6.277482407245397,0.4439285771039816,0.6516038285459986,-0.1665160081262265,0
10244661,10244661,CNc1cc(C(O)=COC(=O)c2cnn(-c3ccccc3)c2C2CC2)cc(C)c1OC,2.647,2.903,3.06,3.314,3.386,3.73,3.75,3.815,3.816,3.975,4.093,4.18,4.244,4.265,4.284,4.305,4.394,4.422,4.456,4.569,4.646,4.651,4.676,4.75,4.799,4.834,4.901,4.906,4.935,4.975,5.01,5.037,5.058,5.163,5.193,5.235,5.284,5.323,5.355,5.365,5.402,5.421,5.436,5.474,5.485,5.513,5.593,5.605,5.612,5.633,0.01824309,0.01666958,8.362e-05,5.412e-05,4.571e-05,0.13270066,0.00011795,0.00026712,4.8e-06,0.20143018,0.0353964,3.1e-06,1.259e-05,0.09561882,0.05519938,0.00936177,0.04374304,0.00341151,0.22790421,0.01076176,0.00041583,0.00138853,8.5e-07,0.01725116,0.00669456,0.00200751,0.00158373,0.00094219,0.00057836,0.04427458,0.01907976,0.03223775,0.00733523,0.0234133,0.01398475,0.004969,0.00219752,0.0030807,0.00127631,3.94e-06,0.00013464,0.00112262,0.00267212,0.0508929,0.11416757,0.02481167,0.03652705,0.01343928,0.00709571,0.06172702,4999143.999998256,-5.0777727128457135,0.0978589012386435,-0.168768969890911,-0.1961755138072892,1
8805081,8805081,N=C(NCC1CCN(Cc2cccs2)CC1)Nc1cn[nH]c1-c1ccco1,3.342,3.521,3.541,3.724,3.925,4.131,4.256,4.294,4.374,4.389,4.814,4.842,4.991,5.004,5.028,5.326,5.346,5.368,5.42,5.485,5.518,5.518,5.535,5.549,5.57,5.601,5.661,5.666,5.696,5.774,5.78,5.847,5.856,5.858,5.877,5.913,5.981,6.042,6.044,6.051,6.072,6.101,6.118,6.208,6.236,6.261,6.328,6.344,6.374,6.384,1.2e-07,0.00052925,0.00013097,0.13191542,1.423e-05,0.14066603,5.53e-06,9.369e-05,1.85e-06,0.0008579,0.28257466,0.0001227,0.00467272,0.16678034,0.00025558,0.05781082,0.00039102,0.00069221,0.01036793,0.03511729,1.443e-05,1.65e-06,0.04742714,0.00030095,9.258e-05,1.409e-05,0.00166401,2.032e-05,0.00052486,0.00960032,0.00133586,0.00019396,0.00038797,4.5e-07,0.00239989,0.04093641,0.00448395,0.005732,0.00052897,0.00045846,0.00013725,1.541e-05,3.3e-06,0.00144477,0.00417305,3.511e-05,8.29e-06,0.00787574,0.02335172,0.0005972,3559563.9999987585,0.0244730458617331,-0.1557807756184709,-0.6117351858046626,0.3577130882241701,1
9615463,9615463,COc1ccc(C=CC(=O)Nc2ccc(O)c(S(=O)(=O)Nc3ccccc3)c2)o1,2.753,3.148,3.209,3.295,3.297,3.392,3.503,3.562,3.854,3.966,4.128,4.14,4.219,4.277,4.298,4.313,4.381,4.403,4.422,4.583,4.627,4.696,4.718,4.73,4.772,4.84,4.875,4.921,4.954,5.029,5.07,5.087,5.176,5.239,5.28,5.283,5.326,5.409,5.415,5.45,5.474,5.498,5.52,5.544,5.557,5.612,5.636,5.647,5.652,5.691,0.0010274,0.00046589,0.03237325,0.00708317,0.04444709,0.08897978,0.01936282,0.129244,0.01735392,7.967e-05,0.06060178,0.00063123,0.01453372,0.00011498,0.01396943,0.0068516,0.00640831,0.00206792,0.00357576,0.01010379,4.855e-05,0.06543811,0.01601444,0.0074715,0.08290174,0.11348435,0.00199545,0.05075195,0.00296457,0.01828532,0.02439712,0.0115714,0.02245773,0.08961383,0.00575495,0.00787487,0.0920205,0.0155794,0.00197928,0.06061303,0.01863187,0.10210508,0.01473589,0.00422516,0.0164796,0.00436657,0.00696267,0.01955366,0.01069936,0.00490985,4369945.999998476,-4.911280954961415,0.2615609144063328,0.0977916189733849,0.0873024793574989,1
9111700,9111700,CNC(=O)NC(=NN)c1nnc(N2CCN(Cc3ccc(C#N)cc3)CC2)n1CC1(OC)CC1,2.162,2.607,2.666,2.956,3.109,3.154,3.319,3.367,3.368,3.6,3.718,3.765,3.812,3.831,3.919,4.067,4.14,4.163,4.253,4.276,4.339,4.513,4.552,4.585,4.588,4.645,4.698,4.764,4.85,4.917,4.949,4.998,5.102,5.21,5.267,5.271,5.271,5.289,5.299,5.363,5.474,5.583,5.584,5.631,5.667,5.685,5.717,5.72,5.769,5.79,0.00067247,0.00049563,0.00157459,0.01488577,0.00078309,1.619e-05,1.372e-05,3.629e-05,0.00066376,6.22e-06,2.5e-07,2.835e-05,0.00010145,1.52e-06,0.08567422,3.964e-05,0.00041422,7.33e-06,0.00014938,1.213e-05,0.00767347,0.00033304,0.00010036,0.00060645,0.01354028,0.12272885,1.116e-05,0.01996597,0.02684685,5.77e-06,8.741e-05,2.789e-05,0.17062547,0.03160911,5.95e-06,0.00236487,0.00070607,0.03949352,0.00075154,9.528e-05,0.00060122,0.0002268,0.0221316,0.0534127,0.00326806,0.0069452,7.998e-05,0.02406648,1.136e-05,0.04337447,3866182.999998653,-5.9450980499637565,1.522904086175688,0.5055197681397099,-0.1924705154167811,1
8354506,8354506,COCCOc1ccc(NNC(=O)C2=CSC(Nc3cc(F)cc(F)c3)=NC=N2)c(C)c1,2.476,3.041,3.248,3.405,3.409,3.424,3.483,3.765,3.788,3.934,3.935,4.009,4.092,4.155,4.17,4.184,4.24,4.261,4.278,4.338,4.409,4.419,4.424,4.514,4.533,4.538,4.564,4.664,4.665,4.699,4.716,4.792,4.797,4.864,4.872,4.912,4.921,4.923,4.951,4.958,4.962,4.973,4.982,5.06,5.068,5.079,5.112,5.166,5.238,5.274,3.475e-05,0.02303917,0.00142973,9.951e-05,1.05e-05,0.03969539,0.00037378,0.00241813,0.01274916,4.346e-05,0.00013521,0.01454883,0.0418458,0.1344982,5.6e-07,0.00022939,0.00754055,0.00076104,0.00642889,3.4e-07,0.00061695,0.10642286,0.12176016,0.01735656,0.01039264,0.00177958,2.002e-05,1.55e-06,0.00033287,0.00022641,0.00132115,0.14317254,0.00479309,0.00013366,0.03263892,0.0030127,2.35e-05,0.01222066,0.00871823,0.07422941,0.10698563,0.02487837,0.00971887,0.00778178,0.00860144,0.00254162,0.00025656,0.00010421,0.00152077,0.00896639,3108988.9999989173,-6.920082524419102,-0.5775356283003259,-0.3918946418455372,-0.1113752037758204,3
7356576,7356576,COCCN(Cc1cccc(C(F)(F)F)c1)Cc1cccc2nsnc12,1.766,2.28,3.041,3.144,3.21,3.311,3.413,3.499,3.588,3.638,3.745,3.938,4.017,4.032,4.234,4.278,4.301,4.413,4.424,4.458,4.472,4.515,4.523,4.548,4.674,4.724,4.742,4.761,4.804,4.92,4.951,4.954,4.956,4.982,4.996,5.039,5.052,5.12,5.124,5.201,5.225,5.334,5.336,5.39,5.401,5.415,5.427,5.46,5.483,5.549,0.00507219,0.0005943,0.05965166,0.00403345,0.00375122,0.10296614,0.00029916,0.00127203,3.272e-05,4.572e-05,0.0002254,4.127e-05,7.334e-05,5.698e-05,0.00017477,8.375e-05,4.193e-05,0.00024974,0.0003509,0.0039177,2.663e-05,3.264e-05,0.00197578,0.00134543,0.00278917,0.00428648,0.0002288,5.76e-06,0.0038706,0.00035169,0.00137165,0.0007646,0.00023159,0.00058144,0.00037931,0.00126873,0.00021911,0.00035413,0.00713628,0.00153233,0.00229841,0.00058932,0.00093195,0.00015695,0.00020255,0.00641383,5.74e-06,0.0005986,0.01344367,0.00543325,2111058.9999992643,-6.26263727677482,0.904883618911132,-0.5036919255044408,-0.2601436815933244,3
991574,991574,CCOC(C)(NC(=O)COC(C)(C)C)C(=O)NCCNC(=O)c1cncc(F)c1,2.509,2.775,3.072,3.289,3.555,3.57,3.618,3.784,3.843,3.85,3.972,4.041,4.35,4.398,4.564,4.629,4.633,4.698,4.757,4.818,4.864,4.914,5.114,5.143,5.259,5.29,5.386,5.407,5.45,5.514,5.525,5.537,5.574,5.6,5.693,5.695,5.796,5.815,5.879,5.907,5.926,5.942,5.982,6.068,6.095,6.103,6.128,6.139,6.154,6.18,1.939e-05,2.4e-07,0.00061851,2.65e-06,8e-08,2.451e-05,7.486e-05,1.742e-05,0.00011394,1.096e-05,0.00982835,0.00120918,1.46e-06,2.21e-06,5.258e-05,0.00542199,0.01385021,0.09745771,8e-08,0.00039838,0.00181549,1.28e-06,0.00385359,0.02175027,1.475e-05,0.00143336,0.03836385,1.543e-05,2.72e-05,0.00052433,1.31e-06,1.7e-07,2.47e-06,9.94e-05,0.00608938,0.00092576,0.00425259,0.00033215,0.01523682,0.00046299,0.00014665,0.00632033,0.04028919,0.02082534,0.02438649,0.02999275,0.00140067,0.00102015,0.00825799,0.00064703,-4253942.999998517,-2.62433573457292,1.3701963165573734,0.1598684920553383,0.1629075231495575,2
931524,931524,CCN(CNC(C)=O)C(=NN)C(C)CCNC(=O)c1cccnc1C1CC1,3.476,3.521,3.682,3.73,3.914,4.122,4.136,4.346,4.424,4.473,4.532,4.633,4.652,4.741,4.861,4.871,4.961,5.008,5.074,5.085,5.287,5.366,5.415,5.425,5.427,5.496,5.514,5.56,5.569,5.592,5.643,5.744,5.754,5.782,5.81,5.913,5.959,6.032,6.053,6.073,6.098,6.24,6.251,6.289,6.317,6.344,6.381,6.463,6.477,6.509,0.00082031,0.00020822,0.00029686,9.061e-05,6.782e-05,8.187e-05,0.00417359,0.00460803,0.0007973,0.00017711,6.16e-05,0.00060834,2.781e-05,4.492e-05,5.797e-05,0.01139867,3.249e-05,0.00187113,0.04397147,0.00413145,0.00042662,0.09726563,0.01020871,0.06845783,0.01237903,0.00061694,0.00025391,0.00064031,0.00038279,0.00011262,0.01729729,0.02676794,0.0243968,0.00661033,0.00094836,5.426e-05,9.906e-05,0.06818007,0.00146368,0.00336248,0.00213906,2.6e-06,0.03563588,0.00930231,0.0083482,0.00485135,0.00127035,0.00619168,0.00022786,0.00995868,-4313992.999998495,-0.4991248812014098,-0.00647486848837,0.3010180182219325,0.0049538112343793,2
10309260,10309260,COc1ccc(N(C)C(=S)CSc2nnc(-c3ccco3)n2Cc2ccccc2)cc1F,2.434,2.599,2.752,3.237,3.319,3.362,3.401,3.445,3.514,3.525,3.545,3.597,3.613,3.715,3.802,3.885,3.969,4.156,4.158,4.195,4.219,4.25,4.324,4.353,4.381,4.421,4.461,4.482,4.562,4.57,4.608,4.63,4.66,4.671,4.71,4.739,4.797,4.82,4.84,4.875,4.904,4.949,4.959,4.972,5.011,5.072,5.079,5.165,5.214,5.223,0.00206607,0.00379136,0.15033975,0.00037692,0.0002634,0.00014241,0.00064615,0.0001049,0.05274321,0.00089715,0.0015615,0.01307539,0.00029032,0.01001342,0.00881374,0.01059722,0.00328213,0.0506262,0.0044305,0.06622237,0.22176808,0.01967703,0.00145577,0.00068937,0.15707596,0.00285785,0.0001839,0.00504818,0.0001429,0.00151324,0.00861767,0.00073982,0.02980187,0.01547937,0.00172268,0.01142842,0.03042165,0.02716158,0.0368917,0.00482549,0.094324,0.0012845,0.00108177,0.09641299,0.05414463,0.02213628,0.0697196,0.00120971,0.00122557,0.00168296,5063742.999998237,-8.040144503687173,0.0912533854106614,0.0320728515461549,-0.0755839692035044,1
5083328,5083328,O=C(Nc1ccccc1)C1CCN(CC(=O)N(Cc2cccs2)C(C2CC2)C2CC2)CC1,3.446,3.721,3.818,3.835,3.9,3.95,4.054,4.092,4.157,4.211,4.277,4.419,4.485,4.685,4.754,4.82,4.924,4.999,5.009,5.037,5.147,5.213,5.255,5.267,5.34,5.383,5.514,5.515,5.597,5.601,5.697,5.716,5.74,5.77,5.838,5.865,5.869,5.906,5.906,5.924,5.96,5.971,5.975,6.012,6.044,6.054,6.085,6.107,6.116,6.128,0.00307015,0.00929691,0.00034636,0.0002566,0.00013603,2.82e-06,0.00599699,6.124e-05,1.364e-05,6.211e-05,1.841e-05,2.163e-05,9.3e-06,0.01871361,1.808e-05,1.046e-05,1.3e-07,0.25642502,0.02330913,0.10003035,2.92e-06,2.23e-06,0.04114471,0.01380021,0.00055142,0.00031448,7.15e-06,0.00062024,0.00026741,0.00167607,1.002e-05,0.00019376,2.77e-06,0.04701831,2.039e-05,0.00079652,0.00100006,0.00014073,0.00789137,7.719e-05,0.00045623,3.327e-05,0.00035034,0.06363208,3.889e-05,0.00012587,0.00042734,1.072e-05,9.659e-05,0.00873482,-162188.99999994368,-1.3850641390868803,-0.2638817478114942,0.3156861357319869,0.5682421045458543,4
6317678,6317678,Cc1ccc(C)c(C(O)NCC2(NCC3CC3)CCOCC2)c1,3.983,4.06,4.283,4.36,4.582,4.65,5.044,5.116,5.201,5.412,5.481,5.556,5.644,5.72,5.906,5.983,6.031,6.108,6.158,6.235,6.298,6.351,6.426,6.443,6.469,6.509,6.588,6.662,6.665,6.735,6.739,6.808,6.846,6.921,6.994,7.071,7.093,7.112,7.176,7.2,7.205,7.29,7.392,7.468,7.493,7.565,7.572,7.617,7.632,7.644,0.00010653,0.00010779,1.227e-05,1.413e-05,0.0042549,0.00048351,0.00928631,0.00153785,0.00257413,0.04558236,0.00316176,0.00019575,0.00087669,0.00040507,0.00014544,0.00036681,0.00064427,0.00199082,0.00041455,0.00054575,0.06591656,0.13479006,0.04142257,0.24447683,0.39508757,0.0303981,0.00023065,0.00159239,0.00046857,0.00374402,0.00107015,0.00180013,0.00606514,0.00340364,0.00034168,0.00014922,0.00147456,0.00162094,0.00231074,0.00011384,0.00697532,0.00103089,0.00109595,0.00014801,0.00068972,0.00128919,7.406e-05,8.03e-05,0.00048976,0.00050808,1072160.9999996242,6.739197448385218,0.1897791560849402,-0.0268644960648055,0.0710245949583971,3
7526605,7526605,Cc1ccc(-n2nnc(CC3(O)CCOCC3)n2)c2c1CCC2,3.31,3.783,4.014,4.318,4.346,4.371,4.501,4.597,4.727,4.912,4.931,5.048,5.072,5.299,5.304,5.399,5.441,5.46,5.573,5.59,5.605,5.654,5.76,5.777,5.803,5.814,5.924,5.948,6.047,6.081,6.116,6.139,6.15,6.292,6.305,6.312,6.328,6.356,6.489,6.497,6.499,6.53,6.588,6.615,6.635,6.68,6.7,6.722,6.752,6.764,0.00116029,0.02962812,2.175e-05,0.03117802,0.19637522,0.20130945,0.01043195,0.03613628,0.01917995,0.04584913,0.00559971,0.00974551,0.00856966,0.00348017,0.01256829,0.05696056,0.00180124,0.13737469,0.07192468,0.04640795,0.0021745,0.00646127,0.0039323,0.02788131,0.00328193,0.00118349,0.00737869,0.00285397,0.00378822,0.01568931,0.01073102,0.00099511,0.00036871,0.03642177,0.00085062,0.00042577,0.0034214,0.00041353,0.00438751,0.00154654,0.00196397,0.03080553,0.00085852,0.00060201,0.06137619,0.07468589,0.04675081,0.00568957,0.00740619,0.0060525,2281087.999999204,2.1617980045108776,-0.2165400835123004,-0.1467436347653701,-0.0433242348013153,3
8870909,8870909,CC(C)C(=O)N1CC(NC(=O)c2ccc(S(N)(=O)=O)cn2)C1,2.156,2.651,2.756,2.801,3.248,3.397,3.666,3.71,3.979,4.153,4.214,4.507,4.544,4.579,4.649,4.672,4.913,4.922,5.001,5.017,5.054,5.148,5.164,5.215,5.247,5.263,5.265,5.365,5.369,5.389,5.425,5.514,5.529,5.622,5.755,5.806,5.817,5.86,5.88,5.968,6.005,6.016,6.02,6.081,6.19,6.239,6.25,6.29,6.331,6.391,0.00075956,0.00116551,6.04e-06,0.00383013,8.83e-06,0.00027461,0.01069655,0.01140906,0.02355267,0.00064312,0.0003657,0.00077715,0.00048696,0.00132848,0.00287449,0.02207948,0.0187085,0.00161842,0.0035639,0.0113385,0.06858283,0.00041018,0.00512624,0.04723246,0.00182011,0.03039121,0.00318078,0.00900062,0.00010234,0.04185193,0.00256451,0.00031993,0.00157977,0.0001216,0.00561405,0.00798284,0.00286383,0.00019716,0.00073684,0.00099464,0.00080857,0.00042518,0.00168708,0.01670657,0.02862696,0.03471862,0.01840469,0.00291287,0.00384335,0.01381992,3625391.9999987353,-2.2432682747291324,1.825624930684804,-0.5294239433153571,-0.1455535488561438,1
7785484,7785484,COc1ccc(F)c(OC)c1C(=O)OCc1cncc(OCc2ccccc2C)c1,3.889,4.046,4.072,4.104,4.133,4.171,4.184,4.193,4.228,4.288,4.3,4.327,4.378,4.433,4.482,4.581,4.655,4.656,4.657,4.715,4.753,4.776,4.806,4.813,4.868,4.888,4.955,4.963,4.964,5.013,5.072,5.118,5.158,5.201,5.215,5.237,5.271,5.319,5.335,5.452,5.486,5.542,5.544,5.561,5.581,5.593,5.634,5.689,5.716,5.73,9.978e-05,0.00105825,4.757e-05,0.00047006,7.6e-06,0.00014801,5.319e-05,0.00274142,9.852e-05,8.154e-05,0.05707254,2.123e-05,0.0026538,0.00446561,0.00029838,0.05985613,0.00081447,3.5e-07,4.24e-05,0.00010608,8.196e-05,0.000444,0.0013639,0.00029574,0.01800473,0.00375428,0.00172634,0.00033413,0.00202904,0.00064851,0.00030401,0.00132222,4.736e-05,0.00034342,0.01403994,0.00055864,0.00175462,0.02533547,0.18084304,0.00528954,0.00548977,2.649e-05,0.00073045,0.000832,0.01273194,0.00363299,0.00018931,0.0034667,0.01316755,0.00013656,2539966.9999991152,-3.806993414488292,-1.9129242174705128,0.5695013631701923,0.0137947341186878,3
2908606,2908606,Cc1cccc(C2=CCCCCN(C(=O)c3cccc(Oc4cnccn4)c3)C2)c1C,3.249,3.478,3.525,3.759,3.789,3.804,3.957,4.009,4.07,4.129,4.173,4.181,4.207,4.218,4.235,4.244,4.279,4.303,4.33,4.374,4.467,4.516,4.546,4.546,4.615,4.663,4.682,4.71,4.711,4.717,4.734,4.829,4.901,4.934,4.94,4.964,4.982,5.03,5.06,5.068,5.088,5.104,5.112,5.119,5.146,5.152,5.268,5.335,5.362,5.383,0.00107372,0.00844853,3.242e-05,0.00057995,0.00252225,0.00696805,0.00257297,5.28e-06,0.00069609,0.00012686,7.8e-07,0.00159525,0.00024597,2.817e-05,0.00037557,0.00712762,0.01457653,0.01689465,0.00061692,0.0002961,0.00200388,0.00190768,0.00207332,0.03077881,0.0009162,0.01179927,0.02408005,0.0247188,0.03938388,0.00249993,6.902e-05,0.02992913,0.0005178,0.0202465,0.00025097,0.00016218,0.00027021,0.02532688,0.00142021,0.00128346,0.00092138,6.946e-05,6.1e-06,0.00040513,0.00342764,0.08286268,0.01149083,0.00275464,0.00011558,1.208e-05,-2336910.9999991814,-6.004786318693898,-1.5034710345078286,0.0550940782469646,-0.2212910008854061,0
2051692,2051692,COc1ncc(Cn2nc(NCC(N)=O)c3ccccc3c2=O)c2ccccc12,2.538,2.817,2.879,2.969,3.045,3.075,3.143,3.41,3.423,3.599,3.778,3.886,3.963,4.015,4.091,4.094,4.153,4.234,4.258,4.282,4.359,4.484,4.494,4.526,4.557,4.586,4.623,4.644,4.697,4.748,4.754,4.801,4.806,4.861,4.89,4.9,4.934,4.948,4.953,4.971,5.014,5.024,5.113,5.167,5.193,5.215,5.264,5.283,5.306,5.32,0.00299867,0.00952619,0.00025753,0.05852028,0.042711,0.0045112,0.00036898,0.00032487,0.00077244,0.00317487,0.08752182,6.536e-05,0.00018258,0.00113689,0.00054995,0.00153523,2.802e-05,0.02844196,0.00036875,0.00106934,3.06e-06,0.0165244,2.32e-05,0.00469727,0.00049266,0.00020068,2.34e-06,0.00101902,0.00156195,0.00111808,3.811e-05,0.00032883,0.01877883,0.000351,5.59e-06,0.00072428,0.00377385,2.52e-06,0.00570742,0.02751804,0.02769532,3.852e-05,0.13831267,0.00384482,0.00010919,2.467e-05,0.00133567,0.00039981,0.00309026,0.00497649,-3193824.999998883,-7.1595005003220855,0.3544440825078551,-0.2122256454750136,0.3200085809023765,2
6624761,6624761,COc1ccc(Nc2nc(C)c(CC(=O)NNC(=N)CNC(=O)OC(C)(C)C)s2)cc1,3.489,3.691,3.98,4.04,4.078,4.16,4.184,4.256,4.379,4.404,4.473,4.547,4.561,4.652,4.841,4.889,4.9,4.932,4.967,5.028,5.084,5.108,5.14,5.182,5.215,5.264,5.279,5.309,5.348,5.378,5.401,5.46,5.468,5.479,5.494,5.52,5.537,5.541,5.595,5.6,5.71,5.729,5.774,5.826,5.832,5.84,5.872,5.886,5.902,5.91,0.00962202,0.47144277,0.00885904,0.00269243,0.00148713,0.00336365,0.01153988,0.01736938,0.00973048,0.03537251,0.00914999,0.00424773,0.02137297,0.01645526,0.00040073,0.01101961,0.00023909,0.00405653,0.00801289,0.00322672,0.00038523,0.01002824,1.45e-06,0.00231271,0.00173344,0.01305054,0.0017509,0.00445826,0.00345217,0.02436157,0.02345369,0.00148158,0.01740624,0.01599918,0.0018067,4.954e-05,0.01050917,0.0015575,0.01490627,0.00523975,0.02181502,0.00547687,0.03287157,0.00521655,0.00200167,0.00615383,0.00973111,4.412e-05,0.00146898,0.00187116,1379243.9999995197,-2.231096292576491,-1.215947471159572,-0.1017169518587844,0.167881783855572,3
3693140,3693140,COc1ccc(N2C(=O)CN(CCNc3ccc4ccccc4c3)C2=O)cc1OC,2.998,3.304,3.572,3.663,3.755,3.878,3.934,4.035,4.072,4.087,4.102,4.164,4.31,4.324,4.446,4.504,4.523,4.665,4.735,4.752,4.781,4.795,4.803,4.835,4.873,4.88,4.898,4.944,4.956,4.964,4.987,5.036,5.065,5.155,5.166,5.182,5.209,5.216,5.232,5.31,5.313,5.353,5.423,5.433,5.452,5.463,5.553,5.583,5.639,5.661,0.00034368,0.06322904,0.00025398,4.514e-05,0.00023417,0.00022537,0.04415055,0.00854185,0.0020024,0.00108721,0.00131089,0.00429279,8.402e-05,0.00743118,0.03866663,0.00885819,0.0044189,0.00697084,0.03769765,0.13582566,0.07212877,0.00515304,0.02873712,0.01955718,0.02599105,0.04366175,0.02833943,0.00161142,0.0050985,4.119e-05,0.01572627,0.01667964,0.00131261,0.00064363,0.00151133,0.01033242,0.05979684,0.00021624,0.00237262,0.01815765,0.00349865,0.13601855,0.0022386,0.05366222,0.00839281,0.00923162,0.00265983,0.00013671,0.00045924,0.41050366,-1552376.9999994568,-4.629696774531838,-0.8467724645611265,-0.1962217041404,-0.0231545673981266,0
7708251,7708251,COc1ccc(Oc2ccccc2C#N)cc1NC(=O)c1ccc(S(=O)(=O)CN)cn1,2.235,2.663,2.78,2.852,3.158,3.312,3.376,3.379,3.43,3.616,3.686,3.758,3.896,3.956,4.008,4.075,4.079,4.159,4.163,4.173,4.279,4.329,4.333,4.366,4.53,4.558,4.589,4.6,4.605,4.652,4.694,4.745,4.776,4.797,4.818,4.873,4.883,4.889,4.904,4.949,4.955,4.98,5.028,5.054,5.061,5.079,5.111,5.16,5.174,5.187,0.0540248,6.818e-05,0.00040892,0.00557732,0.04930589,0.00020425,0.00023023,0.00677556,0.00722239,0.00034357,0.00038495,0.00645618,0.00761276,0.00071463,8.67e-06,0.00184674,0.02483499,0.00612071,0.15335736,0.00086012,0.00129236,4.89e-05,0.00626121,0.00324072,0.00276641,0.07557689,0.03657835,0.00099574,0.00133927,5.16e-05,0.07444842,0.00171121,0.01623101,0.00035498,2.085e-05,4.456e-05,0.00041093,0.00027103,0.06834446,0.07722093,0.03497004,0.0016314,0.00011299,8.551e-05,0.02914246,0.0633793,0.13928118,0.02473565,0.04024843,0.0264532,2462733.9999991413,-7.6441429190330386,0.3308645694627965,-0.3313583418078126,0.0212750347985313,3
7423932,7423932,CC=C(NN=c1cc(CC)nc(SCc2ccccn2)[nH]1)c1ccc(C)o1,1.897,2.39,2.552,2.929,3.286,3.321,3.427,3.588,3.668,3.852,3.897,3.902,4.226,4.271,4.278,4.292,4.399,4.486,4.524,4.565,4.628,4.725,4.767,4.807,4.858,4.887,4.928,4.958,4.969,4.985,5.015,5.108,5.116,5.147,5.207,5.243,5.29,5.359,5.457,5.507,5.541,5.568,5.573,5.618,5.62,5.637,5.643,5.654,5.669,5.706,0.00130772,0.00086989,0.00076058,0.00144698,0.01208735,0.0308911,0.0003364,0.00025466,0.00680087,0.01635084,0.05233042,0.0093741,0.00090758,0.00011619,0.00047215,0.01304311,0.00028562,0.000151,0.01684997,0.0033414,0.0006632,7.65e-05,6.638e-05,0.00482049,0.0134643,0.00012993,0.0011774,0.00046,0.00227211,0.00043913,0.2195835,0.05579476,0.0668609,0.00094014,0.01784358,0.00164072,0.17645827,0.01112131,0.00035524,0.05475436,0.04445356,0.00105749,0.00153103,0.00040178,0.00278305,0.02092616,0.00014619,0.01354318,0.0052882,0.07114335,2178414.9999992405,-5.179965711620538,1.351114199520639,-0.5207827544842601,-0.2347210272446931,3
7650018,7650018,Cc1ccc(SCCn2c(Cc3ccccn3)nnc2N2CCC(S(C)(=O)=O)C2)c(C)c1,3.245,3.351,3.454,3.521,4.156,4.186,4.297,4.365,4.396,4.456,4.469,4.514,4.541,4.627,4.723,4.799,4.818,4.859,4.966,4.967,5.002,5.005,5.026,5.039,5.068,5.086,5.097,5.116,5.148,5.172,5.176,5.187,5.212,5.249,5.253,5.257,5.306,5.327,5.344,5.359,5.421,5.451,5.496,5.608,5.668,5.704,5.716,5.762,5.777,5.78,0.00525369,0.00148538,0.00498666,9.19e-06,5.815e-05,0.00058954,5.2e-07,0.00075894,0.00127757,0.05476325,3.472e-05,2.621e-05,0.0155357,0.00020084,3.12e-06,0.00023179,0.00017298,0.00109552,0.00169016,0.00207848,0.00143242,0.00021635,0.00037707,0.006392,0.00106637,0.00024468,0.00740763,0.002701,0.00558706,4.152e-05,0.00193686,9.126e-05,0.00016521,0.00095374,0.00230215,1.784e-05,0.05357641,0.0017998,0.06174566,0.00147708,6.408e-05,0.10743722,1e-06,1.1e-07,0.0394775,0.00046813,0.02590898,0.0004369,0.0001073,2.9e-07,2404500.999999163,-3.316966890126912,-1.1944650322815782,-0.6563121263676011,-0.2486038889694191,3
10375391,10375391,CCSc1cc(C(=O)Nc2cccc(C(N)=O)c2)ccc1F,2.882,3.059,3.271,3.496,3.667,3.673,3.74,3.787,3.878,3.948,3.954,4.007,4.067,4.112,4.225,4.541,4.615,4.655,4.662,4.717,4.771,4.803,4.904,5.013,5.128,5.223,5.242,5.336,5.42,5.454,5.482,5.546,5.567,5.583,5.611,5.657,5.716,5.734,5.786,5.792,5.809,5.832,5.868,5.925,5.945,5.955,5.996,6.029,6.071,6.126,4.483e-05,1.432e-05,0.000422,0.00406004,0.0248585,0.00085536,0.01124062,0.07248514,0.00159747,0.03674952,0.00579519,0.00042843,0.00038095,0.00164568,0.02530188,0.01318857,0.00042731,0.00475713,0.0223027,0.0753945,0.01200983,0.01067894,0.12340042,0.03541936,0.04778029,0.00113603,0.07689588,0.05823312,0.04818081,0.10757011,0.01423767,0.02953206,0.01527483,0.35750159,0.01419822,0.04238703,0.00213376,0.07415075,0.00285648,0.00513652,0.02716716,2.952e-05,0.0005351,0.0036491,0.00010161,0.00065875,0.00203875,0.00180778,0.0051179,0.0133955,5129873.999998211,-3.061393133268766,0.7883175862016297,0.6079936145503053,0.2317776528777792,1
2310878,2310878,Cn1c(COC(=N)c2ccc(CN3CCCCC3)cn2)nc2ccccc21,2.598,3.181,3.384,3.388,3.433,3.893,3.979,4.028,4.098,4.372,4.461,4.486,4.564,4.616,4.674,4.693,4.71,4.77,4.831,4.866,4.906,4.936,4.967,5.036,5.107,5.165,5.175,5.181,5.268,5.274,5.304,5.377,5.53,5.531,5.609,5.619,5.71,5.747,5.779,5.799,5.823,5.863,5.894,5.898,5.912,5.922,5.937,5.962,5.976,5.979,0.00732197,0.0001561,0.00148355,2.423e-05,0.00149966,1.345e-05,2.06e-06,0.00025298,1.58e-05,0.00105581,4.1e-07,0.00028634,0.06755055,0.04974973,0.14725959,0.00038383,0.04655476,0.00307554,0.13533861,0.0405349,0.00090304,0.00052274,0.00079903,0.00537713,0.0049657,0.03837547,0.00220675,0.00515207,9.907e-05,0.0017672,2.324e-05,0.00183762,0.00022181,0.0003328,0.00387549,0.0013228,0.00126452,0.02681459,0.03207211,0.00616095,0.00067568,0.00020444,0.00301218,0.00042677,0.00928146,0.00421018,0.00226964,0.00551882,0.00592899,0.00038913,-2934638.9999989774,-2.7213210828092933,0.285504702147077,-0.2673220504096567,-0.293899862680205,0
7437563,7437563,CCS(=O)(=O)N1CCN(CCNC(=O)NCCC2CCC2)CC1,4.489,4.691,5.028,5.357,5.537,6.23,6.418,6.455,6.579,6.704,6.77,6.959,6.963,7.208,7.256,7.274,7.518,7.626,7.712,7.751,7.838,7.85,7.87,7.997,8.045,8.106,8.112,8.129,8.19,8.196,8.223,8.286,8.339,8.392,8.51,8.513,8.664,8.677,8.735,8.749,8.751,8.782,8.79,8.943,8.957,9.0,9.017,9.065,9.143,9.191,7.8e-07,0.00039961,1.11e-06,0.00018434,0.0515416,0.00047989,0.00010706,3.2e-06,5.35e-05,0.00088158,0.15882445,6.08e-05,0.00182999,0.09507847,0.00176569,2.675e-05,0.01542502,0.37811731,0.01413793,0.02636454,0.11284894,0.03612034,0.00777757,0.09884877,0.00522131,0.00175644,0.00175631,0.00229502,0.00116449,3.55e-06,0.02708713,0.04844505,0.00562119,0.00421194,0.02815857,0.02477759,0.02768143,3.376e-05,1.71e-06,0.00551983,0.01115335,0.00067758,0.00079893,0.00012923,0.00558578,0.00201714,0.00426533,4.393e-05,0.05275801,1.92e-06,2192045.99999923,16.72931328929879,0.0791470010952056,-0.8295470838781654,-0.1290914396051391,3
7302472,7302472,COC(=O)N1CC(NC(CO)COCC(=O)NCC2(CC(N)=O)CCCCC2)C1,4.927,4.979,5.109,5.159,5.196,5.342,5.376,5.556,5.561,5.724,5.739,5.882,6.008,6.049,6.187,6.219,6.33,6.384,6.39,6.656,6.742,6.779,6.808,6.901,6.959,7.003,7.015,7.029,7.091,7.109,7.121,7.205,7.236,7.268,7.284,7.416,7.441,7.512,7.606,7.63,7.705,7.774,7.848,7.856,7.871,7.93,7.931,7.942,7.992,8.02,1.425e-05,7e-08,0.00011858,2.1e-07,2.03e-06,0.00034318,3.546e-05,1.366e-05,0.00702464,0.00050901,0.0008005,4.114e-05,2.6e-07,0.00105604,7.59e-06,5.98e-06,1.83e-06,7.26e-05,0.00657643,0.05984483,5.757e-05,0.07578941,0.0010776,0.00014449,7.787e-05,0.00850402,0.0003431,0.0008087,3.457e-05,0.00346953,0.00040515,0.00024486,1.9e-07,0.00158206,0.00048783,0.00019716,0.06874955,0.31310021,0.0044785,0.02652505,0.00699478,0.00369578,0.00067664,0.0023222,0.00471664,0.00128373,0.0079959,0.16791612,0.00707319,0.01272791,2056954.99999928,9.628631985823906,-0.9101183805596152,0.6267329496668668,0.3997959354569787,3
4770593,4770593,NCCOc1ccccc1C=CCSc1ncc(CCO)cn1,3.891,3.976,4.012,4.044,4.094,4.106,4.269,4.297,4.324,4.354,4.366,4.398,4.431,4.452,4.528,4.583,4.667,4.675,4.686,4.769,4.85,4.915,4.937,4.957,5.013,5.034,5.062,5.084,5.151,5.208,5.215,5.307,5.332,5.362,5.377,5.459,5.465,5.535,5.569,5.58,5.604,5.65,5.699,5.715,5.743,5.765,5.81,5.836,5.866,5.89,0.01542908,0.00162466,0.00151828,0.00030811,0.00067796,0.01650466,0.0232386,0.00642178,0.01011878,0.00784301,0.00103797,0.00180898,2.7e-05,0.0001421,0.00190398,0.05015461,0.00124128,0.00137018,0.04360276,0.05007563,0.01335914,9.126e-05,0.01101737,0.0196533,0.01241929,0.00402612,0.00067776,0.02099692,0.0479137,0.00232303,0.00820072,0.00733889,0.00529268,0.01647182,0.02061207,0.00169853,0.00372246,0.01435905,0.00298729,0.0202054,0.02920158,0.02297574,0.0006194,0.00303216,0.00514137,0.00081213,0.00025323,0.02831775,0.00758248,0.09150409,-474923.9999998318,-3.018595443852278,-1.551893814579857,0.6263268961947023,0.0216085817714477,4
2127655,2127655,Cc1ccncc1CN(C)CCN(C)C(=O)CC(=O)CCN,3.752,3.912,3.935,3.951,4.095,4.134,4.234,4.334,4.36,4.417,4.46,4.499,4.517,4.549,4.643,4.846,4.922,5.044,5.201,5.224,5.373,5.458,5.547,5.588,5.677,5.883,5.934,5.954,6.135,6.164,6.322,6.334,6.346,6.388,6.443,6.485,6.514,6.525,6.554,6.601,6.652,6.716,6.741,6.751,6.784,6.844,6.888,6.924,6.937,6.983,8.886e-05,0.00072796,0.00011009,0.00048217,0.00049346,0.00017684,8.627e-05,0.00036729,0.00380101,3.935e-05,5.075e-05,0.0007548,0.00027677,0.00521114,1.039e-05,0.0046845,0.00153603,1.963e-05,0.00021784,0.01184753,0.00350895,0.00864773,0.00016238,0.02166865,7.906e-05,0.00046227,3.52e-06,0.00082589,0.00135362,0.00092896,0.03121098,0.00019485,0.00227343,0.00143252,0.03034201,0.07349306,0.04318331,0.14250887,0.00493936,0.09336037,0.01535094,0.04623737,0.2514241,0.10720496,0.0341251,0.00075194,0.0240001,0.00077852,0.00451732,0.0290606,-3117861.9999989117,1.6811628200933222,0.7661885699468407,1.5193617291092043,0.410271492015015,0
6004899,6004899,CCC(=O)c1cc(CNc2cc(C)cc(F)c2CCCNCN)ccc1OC,2.502,2.621,3.258,3.271,3.341,3.378,3.483,4.026,4.077,4.094,4.11,4.159,4.237,4.277,4.485,4.492,4.519,4.552,4.767,4.823,4.901,4.902,4.928,4.991,4.996,5.026,5.072,5.112,5.141,5.269,5.303,5.33,5.427,5.476,5.521,5.567,5.574,5.598,5.613,5.622,5.667,5.72,5.747,5.766,5.769,5.786,5.842,5.854,5.9,5.928,0.0002678,0.00095131,0.00022618,0.00015612,0.00034714,0.00177696,0.00010671,4.353e-05,0.0037702,0.00018323,0.00481214,0.0002306,2.289e-05,4.693e-05,0.03639357,0.02085156,0.0106463,0.01684773,0.00028224,0.00201378,0.00030197,0.00146117,9.39e-05,0.00148211,0.00079919,0.0203658,0.03770584,0.06961831,0.00132029,9.267e-05,0.00205459,2.702e-05,0.00342028,0.00084468,0.00658973,0.00092817,0.05011509,0.05383199,0.00851836,0.17030525,0.04687439,0.34409449,0.0002059,0.0087448,0.00954883,0.00068889,0.08182406,0.01546803,0.07673315,0.06137891,759381.999999735,-3.6987658199167903,0.8339097193424838,-0.2144546466127227,-0.0309420086029881,4
4502668,4502668,CCc1cnc(CC(=N)NCCCCCN2CCCCC2)s1,3.255,3.92,4.367,4.763,4.847,4.997,5.44,5.528,5.565,5.633,5.638,5.857,5.906,5.918,5.946,5.987,6.062,6.221,6.276,6.284,6.299,6.407,6.456,6.512,6.523,6.533,6.621,6.647,6.742,6.784,6.852,6.915,6.938,6.942,6.971,7.008,7.122,7.141,7.233,7.276,7.32,7.37,7.381,7.509,7.529,7.588,7.61,7.649,7.718,7.746,0.0013321,0.00161767,0.04855266,0.00978081,0.12391081,0.00154967,0.00103925,0.00573534,0.03637464,6.474e-05,7.136e-05,0.00024663,0.00014704,0.00511467,0.00644061,0.00365341,0.0011453,0.00052714,8.572e-05,0.00047634,1.652e-05,0.00018866,0.00212767,0.0080568,0.00116399,0.0027192,0.00139119,0.00677181,0.00488895,0.01643503,0.00504958,0.00514617,0.00182334,0.02278478,0.01261251,0.17168606,0.013019,0.01631562,0.00301435,0.00118714,0.00320943,0.07243155,0.00085408,0.00214354,0.00464769,0.00027891,0.00082171,0.00017406,0.001016,0.01768902,-742848.9999997452,7.314507880138231,-0.0190195069216848,-0.5095988121515943,-0.7634341934436817,4
2016981,2016981,COCC1CN(C(=O)c2cnn3ccncc23)C1,2.689,3.15,3.556,3.708,3.725,4.028,4.244,4.488,4.573,4.813,4.857,5.105,5.113,5.33,5.428,5.47,5.644,5.71,5.723,5.815,5.907,5.977,6.02,6.047,6.179,6.202,6.231,6.295,6.351,6.4,6.535,6.554,6.658,6.685,6.808,6.809,6.881,6.959,6.962,7.091,7.121,7.166,7.193,7.229,7.262,7.339,7.387,7.418,7.446,7.54,0.00033473,0.00064187,0.00098817,0.0056622,0.03220671,0.0028483,1.787e-05,0.0136462,2.012e-05,0.00098201,0.00024356,0.0011519,0.00031482,0.03899908,0.24845246,0.06857939,0.07690375,0.09246392,0.01384949,2.656e-05,0.00177323,0.00622282,0.00029215,0.11598222,0.00922719,0.0126275,0.02156633,0.0494238,0.00017348,0.06997443,0.00586419,0.00323069,0.02752448,0.00146314,0.00114775,0.02770648,0.00029779,0.01833099,0.10640543,0.07025962,0.0021824,0.06806029,0.00069223,0.01101959,0.0081749,0.01037154,0.00151909,5.158e-05,0.0018845,0.00927422,-3228535.9999988754,4.2093101102309305,2.1713275375498378,-0.0490643752642059,-0.0740653263553001,2
4202785,4202785,CC(C)(C)NC(=O)N1CCN(NC(=O)Nc2ccc(F)nc2F)CCN1C(=O)OC(C)(C)C,3.034,3.234,3.455,3.564,3.656,3.67,3.836,3.87,4.091,4.202,4.267,4.291,4.294,4.366,4.472,4.538,4.919,4.999,5.063,5.187,5.244,5.293,5.549,5.577,5.688,5.748,5.804,5.823,5.874,5.88,5.929,5.971,6.071,6.086,6.101,6.171,6.195,6.213,6.223,6.225,6.257,6.283,6.324,6.328,6.351,6.418,6.433,6.45,6.468,6.479,8.3e-06,7e-08,2.561e-05,0.00033456,5.009e-05,5.635e-05,0.00019086,1.39e-06,0.00017192,0.00190501,0.01328006,0.01611169,0.04071124,0.00391698,0.00093612,0.01233063,0.00303384,0.00493613,0.34379131,7.84e-06,0.03943508,1.019e-05,9.727e-05,6.7e-07,8.194e-05,2.341e-05,0.00178657,8.9e-07,0.00787924,0.03011342,2.68e-06,0.00017262,0.0003683,0.00399973,8.737e-05,3.274e-05,0.00274354,1.42e-06,0.00206334,7.667e-05,0.00389191,0.02381035,0.00017871,0.00143084,0.00082933,0.00037177,0.02833536,0.01121115,0.04433127,0.00035234,-1042731.9999996364,-0.3959059769403925,1.3083792881118972,0.5442249781011897,0.7291431140707401,4
5778370,5778370,CCN=CCN(CCOC)C(=O)C(=O)N1CCC(C)(N2CCCC2)CC1,3.789,4.055,4.256,4.536,4.561,4.657,5.079,5.126,5.14,5.188,5.235,5.354,5.421,5.62,5.649,5.693,6.241,6.428,6.447,6.472,6.483,6.539,6.591,6.604,6.629,6.646,6.832,6.862,6.904,6.941,6.997,7.059,7.085,7.098,7.117,7.15,7.205,7.268,7.328,7.335,7.354,7.389,7.409,7.475,7.511,7.541,7.549,7.673,7.697,7.71,0.01157278,3.341e-05,0.00149063,0.00129425,0.01855466,0.00928627,0.00170486,0.00152733,0.00121107,0.00339282,0.01455841,0.0006795,0.03192609,0.00136863,0.00252042,0.0027056,0.05188139,0.00032912,0.00367882,0.05048628,0.00503361,0.04292576,0.0045739,0.01268835,0.0077944,0.17098968,0.0022187,0.13501657,0.00771438,0.00377171,0.15416502,0.00083149,0.00726443,0.0143365,0.01757509,0.04585087,0.01416959,0.00890681,0.00180394,0.00173384,0.02584422,0.03093489,0.008884,0.02185385,0.00175984,0.00033822,0.01677964,0.00118195,0.00269218,0.01049117,532852.9999998095,7.280321889393262,0.5834774514382717,0.0078900565759386,0.5505085555664501,4
2284219,2284219,COc1ccc(C(O)N(C)CCCNC(=O)Cc2ccon2)o1,3.445,3.865,4.131,4.713,4.744,5.031,5.168,5.202,5.241,5.313,5.366,5.422,5.58,5.734,5.973,6.009,6.073,6.117,6.164,6.251,6.287,6.325,6.393,6.406,6.426,6.467,6.501,6.506,6.523,6.557,6.696,6.732,6.741,6.793,6.865,6.886,6.979,7.026,7.066,7.134,7.17,7.175,7.248,7.297,7.323,7.386,7.387,7.425,7.445,7.465,1.417e-05,0.00015366,0.01862732,0.00099319,0.00014721,3.25e-06,0.00198583,2.416e-05,0.00305301,1.213e-05,0.00693023,0.00060867,0.22304839,0.00033143,0.03740005,0.00208493,0.00032043,0.00010152,0.00023662,0.08321049,0.0120312,0.00031357,0.0170197,0.00164738,0.00931348,0.03021306,0.00072762,0.00026818,0.02316323,0.00564724,0.00307238,0.00016841,0.00158431,0.00063083,0.02513535,0.00554385,0.00226787,2.306e-05,0.00382815,0.04591607,0.00034706,0.00612297,0.00066972,0.03808205,0.03090581,0.00016454,0.00010875,0.00379048,0.00340144,0.00205335,-2961297.999998968,6.228441846118789,-0.0211197299187588,-0.4416054341995044,-0.2712147733268025,0
6951792,6951792,CN(C)C(=O)NCCN(CCc1ccccc1)Nc1ccc(-c2c(F)cccc2F)nn1,3.057,3.225,3.293,3.367,3.45,3.488,3.548,3.625,3.772,3.803,3.831,3.897,3.932,3.958,3.98,4.052,4.075,4.104,4.116,4.125,4.151,4.18,4.309,4.385,4.48,4.486,4.522,4.552,4.555,4.584,4.595,4.596,4.746,4.764,4.816,4.828,4.912,5.004,5.024,5.032,5.062,5.103,5.17,5.212,5.217,5.241,5.246,5.315,5.342,5.398,0.00200754,0.00097167,0.01912454,0.02739959,0.0744763,0.01274942,0.00246204,0.02891101,5.444e-05,0.00068808,8.178e-05,0.06555567,0.00083384,0.00593722,0.00167539,0.00048274,0.00025254,0.00012254,0.01577174,0.0004717,0.00019726,6.209e-05,0.02450911,0.00038164,0.00527321,0.00244167,0.00016,0.00033023,9.792e-05,2.353e-05,0.00196454,0.00070215,0.00791954,2.525e-05,0.01834172,0.02210388,0.17362398,0.02010137,0.00833545,0.00452863,0.00208104,9.47e-05,0.00051336,0.04990335,0.00011439,0.0011623,8.881e-05,2.033e-05,0.00029295,0.03002688,1706274.9999994065,-7.085291654016803,-0.6444134689607377,0.5209600800496325,-0.2182629174942989,3
2370911,2370911,COCC(=O)Oc1ccc(NC(=O)N2CCC(OC(C)C)C2)c2ncccc12,2.793,2.992,3.127,3.173,3.614,3.643,3.801,3.824,3.944,3.992,4.12,4.46,4.521,4.656,4.673,4.739,4.742,4.806,4.811,4.849,4.967,4.99,5.044,5.054,5.085,5.217,5.278,5.374,5.404,5.533,5.553,5.559,5.626,5.658,5.674,5.756,5.777,5.785,5.837,5.85,5.88,5.914,5.947,5.977,6.056,6.066,6.088,6.131,6.141,6.175,0.0001348,0.09185642,0.00265396,0.02326878,0.00028895,3.8e-05,0.02127335,0.00012519,0.00012479,0.00201778,0.00040739,0.00026258,0.00093858,0.00258246,0.0006671,0.00722007,0.00069138,0.15911566,0.07509011,0.0009707,0.0003061,0.00115632,0.01036769,0.13212492,0.04458165,0.03914988,0.00869003,0.00643379,0.00727772,0.12432239,0.07512129,0.00465231,0.00763139,0.00096267,0.00268044,0.09884749,0.00852307,0.17699135,0.06758652,0.09250924,0.009113,0.00389277,0.00012037,0.01371762,0.01601267,0.00074396,0.02111368,0.00013096,0.00207619,0.00134208,-2874605.999998997,-2.424159262457065,0.8946339979605655,-0.0315454699187693,0.0963788759095807,0
3751589,3751589,O=C(Cn1cc(C(=O)N2CCN(C(F)F)CC2)cn1)NCc1ccccc1,3.568,3.619,4.013,4.063,4.194,4.198,4.243,4.596,4.649,4.7,4.736,4.823,4.831,4.87,4.917,4.95,4.97,5.098,5.136,5.139,5.248,5.259,5.29,5.485,5.509,5.532,5.623,5.632,5.68,5.701,5.81,5.843,5.9,5.911,5.925,6.019,6.099,6.154,6.171,6.221,6.23,6.238,6.26,6.307,6.311,6.418,6.439,6.468,6.535,6.541,1.751e-05,5.74e-06,0.00030792,2.216e-05,0.00167485,0.00233513,0.00038559,0.00031168,1.48e-05,5.078e-05,0.00929527,0.00194448,0.00120192,0.00040763,0.03540972,0.03100082,0.00986771,0.00491462,0.00868215,0.0003303,0.00063985,0.00152214,0.00028543,0.03206778,0.03332971,0.00636748,0.00653247,0.00317536,5.08e-05,0.00988596,0.01204739,0.00289677,0.00061201,0.00428309,0.00858445,0.0127936,0.06055311,0.01240989,0.00046514,0.00352815,0.02000626,0.0046992,0.0001676,0.00987754,0.00035675,0.00155757,0.02187996,0.00336547,0.00510158,0.00553833,-1493927.9999994792,0.1626702317460442,-0.4315997306705599,0.363225506594815,-0.2019939561229687,0
1411349,1411349,O=C(Nc1cc(C2CC2)nn1-c1cccnc1)c1ccc(CN2CCCCC2)s1,2.584,2.958,3.081,3.18,3.204,3.253,3.433,3.635,3.711,3.832,3.84,3.918,4.12,4.166,4.228,4.288,4.405,4.455,4.466,4.575,4.58,4.609,4.763,4.764,4.787,4.801,4.884,4.924,4.942,4.975,5.015,5.077,5.142,5.202,5.211,5.233,5.282,5.296,5.3,5.323,5.328,5.363,5.423,5.45,5.452,5.48,5.484,5.602,5.639,5.664,0.02341276,0.07838077,0.00033673,0.00128933,0.00065651,0.03980813,0.00837266,0.04861426,3.954e-05,0.00326175,0.02214248,0.00039645,0.19756376,0.09625224,0.00154102,0.05680397,0.02462069,0.02380435,0.18602088,0.01180126,0.01489317,0.01376208,0.00103861,0.00027595,0.00291418,0.0031077,1.487e-05,0.00198533,0.01128789,0.01555447,0.00868123,0.04190386,0.00067502,0.00045604,0.00113852,0.0479808,0.00982363,0.00531131,0.0011637,0.00412479,9.89e-05,0.00327518,0.00038879,5.052e-05,0.00081569,0.00117429,0.00309639,0.00021473,0.02016515,0.0017483,-3834167.99999866,-5.391428967950491,0.4867412425241837,-0.0697548236559898,0.2587131304208397,2
2306689,2306689,C=CCn1cc(C(=O)NC2(COc3c(F)cccc3F)COC2)nn1,3.483,3.86,3.875,3.922,3.938,3.993,4.231,4.251,4.315,4.398,4.436,4.453,4.616,4.653,4.681,4.687,4.708,4.734,4.829,4.892,4.916,5.024,5.062,5.117,5.12,5.182,5.219,5.241,5.248,5.352,5.432,5.602,5.611,5.664,5.679,5.701,5.753,5.816,5.823,5.849,5.863,5.881,5.967,5.972,6.0,6.191,6.221,6.233,6.236,6.247,0.00065988,0.00014166,0.00207392,5.2e-07,0.00018718,0.00011574,0.00033822,0.00028912,8.687e-05,0.00732249,0.00024426,1.45e-05,6.466e-05,0.01587337,8.557e-05,0.0037457,3.788e-05,0.00254146,0.00083614,0.00535634,0.14382504,0.01446893,0.00447292,6.96e-06,6.262e-05,2.5e-07,9.01e-06,2.459e-05,0.01506351,0.04639172,0.00363231,6.44e-05,0.00050554,0.00235595,7.275e-05,6.768e-05,0.09507664,0.01752226,0.08156367,0.00513342,0.22626571,0.00101278,0.07512791,0.00024534,0.00410019,0.01734535,0.00652386,0.19856506,0.00657736,0.12484513,-2938827.999998973,-1.8472788796109068,-0.6226646846171765,0.6517888036639797,-0.1668900164938766,0
5879919,5879919,CCOc1ccc(NC(=O)CSC=Cc2ccc(F)cc2F)c(C(=O)OC)c1F,2.826,3.082,3.454,3.468,3.579,3.652,3.714,3.816,3.985,4.055,4.155,4.167,4.228,4.283,4.354,4.376,4.441,4.495,4.603,4.688,4.697,4.724,4.79,4.805,4.896,4.923,5.002,5.029,5.067,5.09,5.133,5.144,5.193,5.242,5.256,5.342,5.389,5.399,5.414,5.434,5.453,5.468,5.565,5.569,5.594,5.652,5.653,5.68,5.701,5.72,0.00159746,0.01095223,0.00109243,0.00063135,0.00033967,0.06973486,0.00080745,0.03955474,0.00119135,0.00165792,0.003401,0.00566761,0.00022149,0.0658344,0.06228309,0.04783124,0.16671844,0.00556549,0.0006251,0.00315649,0.02363626,0.04378462,0.0306821,0.00757205,0.00246184,0.02977926,0.00010017,0.01723076,0.00559047,0.00065108,0.01737798,0.02615208,0.00735586,0.03902492,0.0011781,0.03004845,0.00947836,0.00510617,0.0019931,0.00274973,0.0151827,0.00175641,0.03410957,0.04482337,0.003478,0.0004915,0.0078661,0.11637565,0.01184213,0.01485738,634401.9999997796,-4.45390866507659,-0.0931003429999527,0.02517935304714,-0.0068824950564335,4
5265066,5265066,Cn1cc(O)cc1C(=O)NCCNCc1ccc(Sc2nncs2)cc1,2.898,2.978,3.338,3.482,3.561,3.565,3.644,3.685,3.782,3.865,3.929,4.005,4.015,4.269,4.335,4.351,4.38,4.436,4.457,4.493,4.517,4.558,4.62,4.718,4.722,4.797,4.859,4.875,4.973,5.045,5.092,5.157,5.173,5.202,5.251,5.275,5.283,5.331,5.343,5.352,5.356,5.409,5.498,5.504,5.539,5.572,5.58,5.582,5.599,5.628,8.991e-05,5.72e-06,0.00011888,0.000221,3.827e-05,0.00018575,9.59e-06,4.873e-05,0.00139089,0.01164365,0.00259901,9.149e-05,0.00032771,8.351e-05,0.00218332,0.00016651,0.00277824,0.07401248,0.0087784,0.01067208,0.03603228,0.00961111,0.00933479,2.941e-05,0.00218512,7e-07,0.0004244,0.01551182,0.06216903,0.00361173,0.00970717,0.0003145,0.05827311,0.0255971,7.984e-05,0.05618372,0.02202875,1.912e-05,0.02409787,0.01916857,0.02938459,0.12489544,0.00112458,7.305e-05,0.0032381,0.00733644,7.589e-05,2.477e-05,0.00078105,0.00389798,19548.999999996355,-5.092637339571404,-0.0051428784480632,0.2471342136359071,0.0563051915870145,4
6187554,6187554,CC#CCNC1(NC(=O)c2cnc(OCC)c(CO)c2)CCCCC1,3.407,3.535,3.968,4.083,4.326,4.526,4.57,4.588,4.706,4.719,4.776,4.903,4.942,5.027,5.067,5.172,5.366,5.495,5.545,5.66,5.736,5.803,5.865,5.934,6.021,6.111,6.148,6.209,6.215,6.231,6.251,6.342,6.368,6.386,6.464,6.541,6.559,6.58,6.675,6.679,6.7,6.745,6.765,6.766,6.81,6.828,6.871,6.879,6.888,6.899,0.00301041,0.00051589,0.0052758,0.00437598,0.00328623,0.11427903,0.0253033,0.00448315,0.14713235,0.0091118,0.00055228,0.00035368,0.00123264,0.01938279,0.00746676,0.14034322,0.0001239,2.516e-05,0.00086595,0.00477977,4.928e-05,0.00035297,0.00023369,0.0509619,0.00599345,0.00513214,0.0057305,0.00313379,0.00012677,0.00964519,0.00819461,0.04765957,0.0138817,0.0202853,0.18000911,0.04489814,0.11204645,0.06319589,0.01305139,0.00060941,0.03544346,0.00021435,0.00153364,0.00453249,0.00101211,0.0630432,0.00099021,0.00168375,0.00204359,0.0049093,942036.9999996691,2.7898309777450265,0.4107225320788625,0.2282798119646847,0.185571190585538,4
9420009,9420009,CCOc1c(CC)cc(CNC(=O)NCc2n[nH]c(C3CCOCC3)c2C)cc1OC,3.883,4.13,4.43,4.527,4.633,4.639,4.707,4.717,4.787,4.807,4.886,4.901,4.936,4.951,4.954,5.033,5.186,5.252,5.253,5.46,5.546,5.588,5.629,5.699,5.77,5.78,5.877,5.926,5.945,5.954,6.072,6.171,6.191,6.226,6.245,6.398,6.42,6.43,6.474,6.492,6.535,6.584,6.595,6.617,6.621,6.634,6.657,6.682,6.685,6.703,0.00057855,0.00102507,0.04352356,0.00891211,6.499e-05,1.329e-05,4.574e-05,0.01351553,0.0037123,0.01732561,6.49e-05,0.0065459,8.142e-05,0.00072966,0.00012743,0.00508919,0.0009759,0.00035451,0.00899707,0.00062202,0.0001609,0.0009116,0.06196957,0.00115802,0.00173408,0.00086794,0.31991802,0.00226233,0.00487348,0.07505641,0.00093186,0.01310606,0.16445589,0.00611,0.02388152,0.01472621,0.06128498,0.03559661,0.05374292,0.05842124,0.00391829,0.0020563,0.0002936,0.02872165,0.0054664,0.05081313,0.02829974,0.00352231,0.00262172,0.00439803,4174491.999998543,1.9851619012564568,-0.8423805444014011,0.8081000478952679,-0.0346669998697035,1
3316719,3316719,CN=C(NCCc1csc(C)c1)NCCN1CCN(c2nc(C)cc(C)n2)CC1,3.081,3.462,3.54,3.637,3.897,3.998,4.024,4.12,4.176,4.229,4.297,4.382,4.436,4.682,4.721,4.923,4.943,5.038,5.094,5.124,5.203,5.224,5.236,5.246,5.332,5.335,5.379,5.605,5.606,5.668,5.766,5.782,5.863,5.918,6.026,6.054,6.072,6.116,6.126,6.167,6.226,6.263,6.287,6.302,6.307,6.311,6.425,6.426,6.43,6.43,0.00320315,2e-08,1.7e-07,0.00096712,2.108e-05,0.00035139,7.4e-07,5.57e-06,0.01046261,0.01973656,0.00375379,0.00049805,0.00010197,3e-07,6.01e-06,0.09663,0.00087335,0.00101744,0.00036308,9e-07,0.00019376,0.00733668,0.00046805,0.10149871,0.33250113,5.12e-06,0.00211128,7.06e-06,0.00026501,1.43e-06,0.00488393,3.13e-06,0.04481588,0.00077253,0.00017559,0.00281762,1e-08,3.88e-06,0.00290168,2.528e-05,0.00319372,0.00170606,0.00106472,0.09364453,1.398e-05,0.00063648,0.06069593,0.25395057,0.00059218,0.00100685,-1928797.999999327,-0.7113805169888562,0.5969296302302982,0.4835834353147711,0.0956897779384488,0
5634669,5634669,COCc1nc(N(C)Cc2ccc(F)c(F)c2)n[nH]1,2.967,3.308,4.214,4.489,4.539,4.637,4.814,4.875,4.945,4.974,5.397,5.44,5.533,5.687,5.745,5.857,5.929,5.946,6.05,6.081,6.27,6.317,6.407,6.472,6.567,6.697,6.724,6.783,6.821,6.848,6.866,6.896,6.966,7.034,7.05,7.069,7.108,7.184,7.284,7.34,7.379,7.393,7.414,7.431,7.552,7.575,7.596,7.66,7.689,7.786,0.00397173,0.01633159,6.292e-05,0.00095497,5.54e-06,0.00153944,0.00242603,0.04133691,0.03342726,0.00287066,0.01045715,0.02257621,0.00110221,0.00062824,0.0025333,0.00055277,6.107e-05,0.00120363,0.00181388,0.00054228,0.00241108,0.3212535,0.00498401,0.37024207,0.00365949,0.00677012,0.00118259,0.00076709,0.0295339,0.18440249,0.10313274,0.01424428,0.13670829,0.05055954,0.00033012,0.03261964,0.00067993,0.00162618,0.01396567,0.07513977,0.079698,0.01646399,0.0017369,0.00996725,0.00229023,0.00680787,0.0036639,0.00032296,0.00734586,0.00485958,389151.99999985937,6.624650257693857,1.3061379556764987,-0.1848699594070999,-0.1261258549924189,4
1802520,1802520,CC(C)Cn1c(CCc2ccco2)nnc1SCC(=O)NC1CCN(C)C1O,4.452,4.581,4.641,4.901,5.025,5.045,5.091,5.165,5.212,5.225,5.268,5.324,5.401,5.426,5.455,5.48,5.592,5.725,5.782,5.789,5.799,5.871,5.889,5.914,5.96,6.044,6.1,6.128,6.211,6.254,6.284,6.306,6.36,6.367,6.399,6.413,6.481,6.508,6.514,6.607,6.62,6.671,6.715,6.752,6.775,6.809,6.865,6.867,6.937,6.943,0.00809816,0.0003709,0.00104579,0.0001339,0.00175797,0.00012507,0.01763659,0.0022085,0.00101403,0.02249133,0.00250298,0.00060572,0.00044645,0.00096923,0.01134462,0.02250072,0.00287517,0.01713002,0.00128827,0.01092264,0.00382314,0.00223032,0.00211114,0.08484709,0.13985981,0.01140212,0.01402245,0.00965119,0.00790528,1.411e-05,0.01142244,0.00035731,0.03550643,0.00314783,7.3e-07,0.03199695,0.00200069,0.00124251,0.00916722,0.0058794,0.00108557,0.0022444,0.01059003,0.00038371,7.559e-05,0.000858,0.00367846,0.0005282,0.00494161,2.276e-05,-3442996.999998798,3.796513132106654,-1.854986993712232,0.3622019828214184,-0.0516652062847395,2
10401209,10401209,NC(=CCO)CNN=C1CC(=O)N(Cc2ncon2)c2ccc(F)cc21,3.078,3.316,3.38,3.695,3.718,3.907,3.969,3.992,4.018,4.223,4.241,4.436,4.604,4.632,4.648,4.69,4.699,4.748,4.806,4.897,5.014,5.202,5.206,5.266,5.286,5.309,5.397,5.407,5.418,5.442,5.484,5.527,5.541,5.56,5.566,5.58,5.593,5.647,5.66,5.662,5.758,5.771,5.793,5.808,5.812,5.84,5.853,5.86,5.905,5.991,0.00213564,0.02608497,0.19667805,0.0093059,0.00153052,0.15565134,0.02940823,0.00121025,0.07491145,0.00371523,0.00458201,0.00132897,0.00621087,8.305e-05,0.00116697,0.00440649,0.00064364,0.00411059,0.10911576,0.00040586,0.01060324,0.07712533,0.00156692,0.0866276,0.14623724,9.395e-05,0.05473099,0.02071988,0.02103352,0.00376956,0.04059377,0.0222225,0.00069801,0.00628345,0.00767375,0.00050259,0.00200958,0.00018902,0.00060198,0.00271909,0.00326735,0.0001077,6.581e-05,6.77e-06,0.00667011,0.01602171,0.00014654,0.00294076,0.01246815,0.010361,5155691.999998204,-2.543528281363293,-0.1125866243914378,-0.2106900796903073,0.3599579739873083,1
8568992,8568992,CCN(C1CCCCC1)S(=O)(=O)c1ccc(N2CCCC2)c(NC(=S)Cn2cccnc2=O)c1,2.334,2.564,2.622,2.756,2.773,2.97,3.032,3.049,3.103,3.194,3.254,3.326,3.432,3.462,3.463,3.773,3.787,3.855,3.858,3.881,3.92,3.959,3.965,4.031,4.167,4.185,4.193,4.223,4.274,4.296,4.319,4.34,4.366,4.386,4.441,4.454,4.531,4.544,4.554,4.575,4.579,4.621,4.652,4.699,4.706,4.722,4.726,4.746,4.757,4.791,0.00034407,0.00188338,0.01897872,7.144e-05,0.00243633,0.00301418,0.02308184,0.00570311,0.01893908,0.00081281,0.0022197,0.03469649,0.01449021,3.898e-05,0.00096839,0.00153429,0.20367275,0.02846591,0.03781659,0.01587801,0.00685732,0.00357558,0.0498497,8.835e-05,0.00304875,0.01507061,0.00640584,0.00542411,2.574e-05,2.392e-05,1.661e-05,4.819e-05,0.00441007,0.00032459,0.00894265,0.00013333,0.00072949,0.00455276,0.02166309,0.0055002,0.00329129,0.00075458,0.00229473,0.00014332,0.00019457,1.593e-05,0.00087675,0.00307968,0.00016029,4.296e-05,3323474.999998842,-10.150358517634013,0.2723524260310869,0.0355675619994875,0.3008235465781703,1
7246863,7246863,CCCCC=Cc1ccc(CCNC(=O)Nc2nc3ccccc3n2C2CCCC2)o1,3.105,3.485,3.544,4.161,4.253,4.34,4.356,4.395,4.469,4.688,4.9,5.037,5.067,5.17,5.19,5.231,5.244,5.267,5.376,5.387,5.419,5.476,5.607,5.626,5.683,5.71,5.786,5.801,5.829,5.841,5.908,5.915,5.917,5.924,5.987,6.037,6.053,6.102,6.115,6.175,6.187,6.243,6.26,6.278,6.291,6.364,6.406,6.48,6.488,6.491,6.011e-05,0.00072978,1.291e-05,0.05000491,0.14546956,0.01771837,0.12548318,0.00196427,0.2311783,0.01900639,0.00039962,0.00109883,0.0010972,0.00039396,0.00141115,0.01492165,0.00102921,0.03039989,0.25208957,3.21e-06,0.00102651,0.00092704,1.092e-05,0.01630589,0.05742083,0.00124165,0.03927621,0.0084448,0.32533221,0.00204695,0.03079476,0.00041272,0.04370731,4.653e-05,0.02559494,0.00425981,0.00023765,0.00332966,0.0014898,0.01237618,0.00331292,0.00519427,0.00044746,0.00844693,6.386e-05,0.00047995,0.10551877,0.02987453,0.24025967,0.00025469,2001345.9999993036,0.6114420082382154,-0.2305380044327729,-0.5557646054254377,-0.0733242766061527,3
2956305,2956305,CCN=C(NCc1cn(C(C)(C)C)c(=O)[nH]c1=O)NCc1cc(CC)nc2ccccc12,2.132,2.532,2.648,2.868,3.084,3.183,3.212,3.227,3.392,3.584,3.622,3.682,3.698,3.742,3.962,4.023,4.133,4.167,4.178,4.22,4.26,4.307,4.441,4.486,4.563,4.577,4.597,4.619,4.657,4.683,4.776,4.903,4.952,4.958,5.017,5.041,5.103,5.119,5.134,5.147,5.211,5.247,5.257,5.317,5.364,5.415,5.427,5.428,5.518,5.535,8.088e-05,0.00324748,7.84e-06,8.299e-05,9.77e-06,0.00028579,8.082e-05,0.00032055,0.0001037,0.00155546,1.748e-05,3.14e-06,9.67e-06,5.36e-05,1.05e-06,0.06666506,7.224e-05,0.00048852,0.0002759,0.0450429,0.00146138,0.00174127,0.00031837,0.00011312,0.00356461,0.11850231,0.00039996,0.00043115,0.00117036,5.903e-05,6.1e-07,4.073e-05,1.51e-06,0.00178693,0.00162997,0.00197101,0.0456163,7.645e-05,1.364e-05,0.00311969,0.00083363,0.00060643,0.0021416,0.00238869,7.579e-05,0.00122143,0.00038829,0.00251605,0.36740064,0.13426681,-2289211.9999991995,-7.004161348275485,1.149101344662087,0.1642030153349443,-0.0739205932918214,0
5116405,5116405,CCS(=O)(=O)N(C)CCNC1=NCCC1,3.856,4.591,5.26,5.882,6.182,6.536,6.563,6.62,6.694,6.73,6.838,6.996,7.39,7.5,7.541,7.681,7.688,7.71,7.863,7.887,7.933,7.975,8.146,8.332,8.381,8.418,8.45,8.453,8.57,8.641,8.775,8.788,8.824,8.86,8.905,9.034,9.104,9.14,9.298,9.322,9.381,9.48,9.482,9.511,9.54,9.552,9.63,9.704,9.77,9.954,0.00108005,2.525e-05,0.03489432,0.00301874,0.00062874,0.00171738,0.03352388,0.33447351,0.0635006,0.00052386,0.00087457,0.00313368,0.02342725,0.16731828,0.00324024,0.00042556,0.01630476,0.0840049,0.01422734,0.00488238,0.04761619,0.05060876,0.00128625,0.0029272,0.00596987,3.058e-05,0.00336861,0.0077633,0.00083519,0.00848668,0.00141213,0.02642469,0.0045827,0.00497799,0.00300313,0.02010593,0.00160337,0.0020185,0.0043783,0.05128963,0.00316555,0.0054915,0.0013591,0.00023023,0.00214641,0.00325454,0.00318395,0.00112086,0.0066992,0.03257797,-129111.99999996848,19.395192181995075,0.9319633698994304,-0.4127583256148676,-0.7486268129587468,4
5910088,5910088,CNc1cc(F)ccc1-c1cc(CNC(=O)c2cc(-c3c(C)nn(CC=CSC)c3C)[nH]n2)n(C)n1,2.787,3.133,3.422,3.555,3.658,3.769,3.821,3.856,4.073,4.087,4.091,4.169,4.174,4.276,4.294,4.327,4.347,4.407,4.492,4.541,4.573,4.601,4.617,4.694,4.694,4.752,4.803,4.811,4.819,4.854,4.91,4.964,4.976,4.983,5.011,5.022,5.056,5.075,5.1,5.121,5.155,5.218,5.22,5.242,5.245,5.257,5.285,5.297,5.327,5.339,1.5e-07,6.384e-05,4.353e-05,0.01677863,6.07e-06,2.301e-05,0.00080805,1.743e-05,0.12031613,0.01848524,1.127e-05,0.0018368,0.00020455,0.00191427,0.00028974,1.071e-05,0.00035553,0.00015963,0.00066293,0.00185961,0.0022345,0.01244085,0.07453973,0.00076116,0.00181994,0.00450453,0.08700973,2.06e-05,0.0478728,0.05275042,0.20392969,0.00108422,0.00235703,0.00063683,0.01475057,0.18074661,0.00734642,0.05654069,1.13e-06,0.0041095,0.01643899,0.00010829,0.00019987,0.01816065,0.00044382,0.01229371,0.00155747,0.02568543,0.01087923,0.03976115,664570.9999997717,-5.731993509676955,-0.8692966100431179,-0.3511188450904556,-0.1204590199770994,4
6404342,6404342,Cc1c(NC(=O)CCN2CCCCC2=O)cccc1On1cnnc1O,3.556,3.655,3.785,3.89,3.933,4.089,4.103,4.159,4.323,4.343,4.455,4.603,4.767,4.88,5.13,5.178,5.278,5.35,5.396,5.424,5.521,5.56,5.574,5.698,5.714,5.767,5.841,5.927,5.933,5.942,5.954,6.037,6.072,6.086,6.099,6.126,6.171,6.191,6.207,6.226,6.229,6.272,6.343,6.382,6.407,6.445,6.472,6.593,6.595,6.615,4.43e-06,0.00016655,3.64e-06,0.00216724,0.00107464,0.00410565,0.00100987,0.0015125,0.00240021,0.00319002,0.01174058,0.01818919,0.01543826,0.20021105,0.0075385,9.39e-05,0.00058128,0.03871228,0.05597919,0.00028252,0.00020857,1.006e-05,0.00958824,0.13975809,0.04718808,0.10402193,0.0023209,0.0025461,0.00236624,0.00052677,0.00535921,0.00786081,0.0083476,0.00492679,0.00051884,0.00530711,0.00303953,0.0120179,0.01226375,2.243e-05,0.04128879,0.04977123,0.00386351,0.00589225,0.01185357,0.01703659,0.00504943,0.00960106,0.00535521,0.00719124,1158824.9999995956,0.7097749864972133,0.2149741254560264,0.1037364485990323,0.7512118209354864,3
6003842,6003842,CCCn1c(O)ccc1C(CC)c1ccccc1,3.31,3.349,4.498,4.528,5.193,5.523,5.87,5.974,6.005,6.077,6.104,6.222,6.283,6.368,6.398,6.449,6.473,6.476,6.521,6.546,6.558,6.584,6.646,6.657,6.812,6.84,6.937,7.024,7.05,7.075,7.12,7.148,7.164,7.196,7.201,7.286,7.317,7.358,7.386,7.456,7.597,7.624,7.719,7.746,7.837,7.854,7.914,7.938,7.967,7.984,8.041e-05,0.00839062,0.0001517,0.00049827,0.00248857,0.05362922,0.21551236,0.00105516,0.00415765,0.00049732,0.00168901,0.03303628,0.10137813,0.00636526,0.01987192,0.00189652,0.00546039,0.0106442,0.00190424,0.02128754,0.01628688,0.05152341,0.16719886,0.28818324,0.01502875,0.01332215,0.00958817,0.00024578,0.00047932,0.00132239,0.00570845,0.00523033,0.0108049,0.01235392,0.00394807,0.019161,0.00949105,0.02388477,0.02153162,0.35730137,0.00017788,0.00039854,0.00022432,0.00117588,0.00456473,0.00583275,0.00260091,0.00747256,0.11773493,0.04471213,758324.9999997253,9.226410093972824,-0.0310157872774222,-1.194233198100736,-1.3061182580840172,4
9557093,9557093,CCc1nccnc1NC1CCc2cc(O)ccc2C1,3.766,3.914,4.014,4.078,4.216,4.46,4.519,4.625,4.683,4.765,4.902,5.16,5.335,5.504,5.571,5.583,5.648,5.737,5.791,5.913,6.003,6.1,6.142,6.161,6.207,6.224,6.236,6.28,6.308,6.358,6.363,6.404,6.447,6.461,6.503,6.538,6.574,6.64,6.68,6.739,6.745,6.801,6.873,6.923,6.936,6.946,6.986,7.001,7.034,7.084,0.00257243,0.00061576,0.00337731,0.00015353,0.05213624,0.013931,0.00120402,0.00192659,0.05103412,0.00578716,0.00114782,0.25540353,0.0320137,0.00061531,0.00475886,0.02346618,0.00128609,0.0034148,0.02670013,0.0057294,0.02462597,0.02183576,0.00191371,0.2460299,0.00061206,0.014879,0.00725663,0.07857467,0.0233124,0.00238048,0.00766641,0.23303156,0.09570406,0.01565477,0.00592067,0.05232618,0.0146368,0.0309867,0.09956472,0.01042485,0.01011908,0.01920233,0.01178041,0.01552165,0.004537,0.00477193,0.01845451,0.01443043,0.02149584,0.00534664,4311575.999998493,3.785442555781019,0.1548101658713784,-0.1675667300967215,0.6100651232033151,1
8548283,8548283,CCc1ccc2c(c1)CCN(C(=O)c1cc3c(OC)ccnc3[nH]1)C2,3.675,3.848,3.963,3.963,3.998,4.104,4.2,4.253,4.38,4.477,4.499,4.52,4.548,4.614,4.645,4.718,4.837,4.937,5.002,5.042,5.05,5.203,5.288,5.302,5.35,5.41,5.422,5.61,5.636,5.663,5.685,5.691,5.775,5.867,5.905,5.974,6.024,6.045,6.095,6.12,6.131,6.149,6.157,6.198,6.21,6.228,6.292,6.319,6.356,6.421,0.0016456,0.00862378,0.01171411,0.16323279,0.00466937,0.0030089,0.04348792,0.00062013,0.00172217,0.15177056,0.01344953,0.00544554,0.01458475,0.00018094,0.00038279,0.00035548,0.00061864,0.00374246,0.00093491,0.01849974,0.00795305,0.00113864,0.20585006,0.00491861,0.04745253,0.05694524,0.03680334,0.00013886,0.00016056,0.00133009,0.00624304,0.01230621,0.00163144,0.00213064,0.06378222,0.1418854,0.00126447,5.487e-05,0.12432017,0.00805683,0.00208337,0.00054778,0.00325449,0.01271408,0.04301509,0.00899419,0.2169915,0.46214335,0.03557825,0.02066122,3302765.9999988475,-0.7208007912255291,-0.3644738578383955,0.7933433211047102,0.1642413795318994,1
5161213,5161213,COC(=O)C1=CC=C(NC(=O)C2CCOCC2)C(C)N1,2.874,3.496,3.643,4.055,4.318,4.795,4.956,5.1,5.248,5.286,5.442,5.53,5.722,5.796,5.923,5.957,6.032,6.106,6.248,6.317,6.384,6.406,6.413,6.509,6.581,6.701,6.785,6.877,7.034,7.049,7.081,7.088,7.089,7.136,7.271,7.36,7.419,7.512,7.532,7.578,7.613,7.671,7.721,7.725,7.869,7.876,7.925,8.004,8.019,8.032,0.24660364,0.01073637,0.00010718,0.00579401,0.00122027,0.22567268,0.03400196,0.00601341,0.00026419,0.03656846,0.00132112,0.00480642,0.02881586,0.03546296,0.00417674,0.05751189,0.00492979,0.02359223,0.00549335,0.00271758,0.02372451,0.00590577,0.00874148,0.00575123,0.0162468,0.00594988,0.00852041,0.00485017,0.0189137,0.00226319,0.0127045,0.00187849,0.00350277,0.00404015,0.08741146,0.03175097,0.02830404,0.00168301,0.00041031,0.00150251,0.01215383,0.02481646,0.0226436,0.00850005,0.00258837,0.00233651,0.01238568,0.00242026,0.0005703,0.00022692,-84303.99999997653,7.786700969921843,1.9234134145060464,-0.2461845752203692,-0.496569948691654,4
10402922,10402922,CC(CCSCCCOCc1ccccc1)NC(=O)OC(C)(C)C,4.279,4.347,4.5,4.567,4.674,4.742,4.823,4.889,5.278,5.306,5.374,5.615,5.856,5.923,6.156,6.183,6.223,6.237,6.261,6.304,6.307,6.329,6.375,6.391,6.511,6.56,6.584,6.623,6.64,6.683,6.716,6.724,6.756,6.814,6.826,6.894,6.901,6.922,6.966,6.97,7.024,7.037,7.083,7.09,7.145,7.18,7.213,7.216,7.228,7.248,2.5e-07,5.4e-07,0.00164854,0.00345142,0.00389383,0.00726118,0.00218665,0.00200098,0.00206442,5.04e-06,4.639e-05,0.01886431,0.00059517,0.00169252,0.00335666,0.00065894,0.00468481,8.425e-05,5.49e-06,5.472e-05,0.00026395,7.65e-06,8.183e-05,0.01837768,0.00019595,0.01919987,0.1283654,0.13926898,0.3580012,0.07393595,0.00031429,0.00433449,0.09772394,0.05533407,0.00178139,0.00077173,0.0187433,0.00468855,0.01133597,0.00604898,0.00924739,0.00417315,0.00195047,0.0051336,0.0006695,2.447e-05,0.00020161,0.00723866,0.00029886,4.027e-05,5157404.999998199,6.171084993281352,-0.7354412405857005,-0.5379197084449061,0.7071062100553165,1
2008888,2008888,CN(CCNCC(=O)CCc1cn(C)nn1)C(=O)c1ocnc1C1CC1,3.847,3.857,4.199,4.277,4.311,4.356,4.366,4.393,4.429,4.562,4.703,4.814,4.82,4.86,4.862,4.885,4.94,5.07,5.113,5.305,5.311,5.337,5.479,5.523,5.586,5.596,5.621,5.637,5.701,5.719,5.781,5.814,5.858,5.934,5.942,6.05,6.051,6.087,6.09,6.094,6.097,6.103,6.173,6.21,6.231,6.243,6.284,6.323,6.353,6.47,0.00132148,1.244e-05,0.00033093,0.00418658,3.15e-06,0.00443677,1.3e-07,0.00359088,0.00016921,0.05524557,5.708e-05,3.995e-05,5.83e-06,0.00098558,0.00043745,0.16487226,0.00026052,2.98e-06,0.00013357,9.822e-05,0.02081127,0.00033679,3.99e-06,0.00036661,2.676e-05,1.57e-06,2.208e-05,0.0088455,2.396e-05,0.03235221,0.01377478,4.9e-07,0.00829166,0.00012499,0.00974738,2.025e-05,3.37e-06,0.04865159,0.03234541,0.0001608,0.00709498,0.03722877,0.00177561,9.88e-06,6.934e-05,0.00047766,1.15e-06,1.66e-05,0.03610158,7.247e-05,-3236628.99999887,0.0338907856961977,-0.905160844030906,0.4411927111735214,0.253258461227461,2
9892498,9892498,CCCCN(C)CCNC(=O)c1sn(CCCCOCC)c1C,2.459,2.556,2.78,3.126,3.485,3.529,3.778,4.157,4.375,4.776,4.848,4.85,4.926,4.974,5.055,5.096,5.271,5.315,5.344,5.391,5.536,5.608,5.69,5.872,5.911,5.932,6.124,6.189,6.208,6.231,6.284,6.301,6.317,6.364,6.412,6.434,6.456,6.5,6.523,6.609,6.627,6.682,6.688,6.725,6.779,6.856,6.88,6.902,7.013,7.029,0.00223763,0.0023488,0.00010291,9.659e-05,0.00183322,0.00119388,3.162e-05,0.00623618,0.07352862,0.02462561,0.00234937,0.00189105,0.00217037,0.00190148,0.02231179,0.01816514,0.00113035,0.06362119,0.16792799,0.00855219,0.00050613,0.03120024,0.00259666,0.00016399,0.0108922,0.00248021,0.08119664,0.00110777,0.00030549,0.0053594,0.00072164,0.00781208,0.00037986,0.00323511,0.00960429,0.03797789,0.00204817,0.00010242,0.00033499,0.00095433,0.00521044,0.0018683,0.01002427,0.04433133,0.02865279,0.0016058,0.00018714,0.00026042,0.02060404,0.00128569,4646980.99999838,1.6750371026769282,2.502285252670205,-0.5788282325209508,0.0510541108616063,1
990240,990240,COc1cc(CC(=O)NC2(CC(=O)OCc3ccccc3)CCC2)ccc1C,3.899,3.959,4.104,4.219,4.245,4.279,4.291,4.336,4.435,4.654,4.69,4.705,4.713,4.776,5.102,5.132,5.162,5.17,5.175,5.222,5.255,5.265,5.287,5.309,5.433,5.46,5.492,5.502,5.628,5.634,5.679,5.779,5.791,5.802,5.923,5.97,5.982,5.997,6.002,6.025,6.071,6.076,6.094,6.133,6.141,6.189,6.199,6.208,6.23,6.231,0.00010562,0.00023733,0.04571281,0.00013637,0.015671,5.602e-05,0.00199472,5.526e-05,0.00832824,0.00028322,0.06647781,0.00173221,0.00023041,0.00179599,0.00012586,0.00200197,0.00013741,0.00052711,0.00114424,0.00039732,0.0493239,0.00210278,0.00044022,3.026e-05,0.00024605,0.00029361,0.00026988,0.00269453,0.01724674,0.00068074,6.641e-05,0.00223224,0.00121114,0.00027056,0.00014507,0.00472398,0.00156998,0.02102109,0.04503883,0.00116121,0.02378564,0.00223359,0.02728022,0.00096718,0.00099674,0.0050003,0.00050784,0.00173081,0.20413788,0.17586434,-4255276.999998515,-0.3666375104146428,-1.087856263012395,0.2820230063412309,0.282068394259954,2
626674,626674,C=CC(NCCN(CCC)CCNC(=O)c1nn(CC)nc1C)C1CCC1,3.985,4.065,4.32,4.407,4.582,4.592,4.704,4.823,4.901,4.941,5.084,5.194,5.495,5.719,5.786,5.898,6.023,6.055,6.116,6.195,6.239,6.24,6.301,6.338,6.387,6.392,6.408,6.471,6.562,6.588,6.62,6.634,6.676,6.739,6.746,6.772,6.778,6.797,6.842,6.85,6.859,6.987,7.004,7.01,7.022,7.056,7.125,7.139,7.164,7.186,0.00017676,4.3e-07,0.00148741,0.00062504,9.818e-05,0.00010784,0.00468183,8.4e-05,0.00297732,0.00812656,1.648e-05,0.00039108,0.1760107,0.02609186,1.91e-06,5.4e-06,0.00637817,0.04082437,1.19e-05,4.021e-05,0.0427604,0.0028516,0.00735067,0.01042853,9.34e-06,0.00690513,0.00045201,6.081e-05,0.00222352,0.12395196,0.01567577,0.01453191,0.00794411,0.02009672,0.01044507,0.00264796,0.00578968,6.23e-05,4.411e-05,0.00068703,0.00096296,0.0350467,0.00694722,0.00229155,0.00015547,0.00300856,0.00475927,0.00468802,0.00111655,0.02684533,-4618842.999998391,5.14468196244968,-0.2209135059871231,-0.3066815759653456,0.7778680501815141,2
5046161,5046161,Cc1c(C(NC2CC(Cc3nncn3C)C2)OO)oc2c(C)cccc12,4.026,4.2,4.315,4.584,4.669,4.701,4.758,4.94,4.991,5.181,5.201,5.312,5.417,5.425,5.456,5.466,5.473,5.628,5.648,5.688,5.691,5.712,5.741,5.763,5.833,5.903,5.94,5.949,5.958,5.989,6.064,6.081,6.185,6.212,6.274,6.279,6.351,6.397,6.406,6.419,6.447,6.467,6.587,6.592,6.607,6.669,6.676,6.686,6.738,6.773,0.00917262,0.08408696,0.05075505,0.03310354,0.00028111,0.00267462,0.00047648,0.00045614,0.00476363,0.01790941,0.05891643,0.09285363,0.00091748,0.00307343,0.00037199,0.02355878,0.00163467,4.143e-05,0.00048134,0.10748007,0.00342074,0.01645062,0.05011489,0.00040164,0.00304145,7.98e-06,0.00042586,0.01125022,0.00185159,0.00037725,0.15397647,0.04103781,0.04537986,0.0003378,0.0072445,0.00043969,0.00115781,0.00081757,0.00191521,9.629e-05,0.08457175,0.16407577,0.07585148,0.00180878,0.00041128,0.00604149,0.00466997,0.00077097,0.02778831,0.00109243,-199355.9999999308,2.6521801684741946,-1.3814635360034784,-0.0946658241046136,-0.1263366160153829,4
3005471,3005471,C#COC1(F)CN(c2cc(C(F)F)nc3ncnn23)C1,3.514,3.705,4.034,4.09,4.118,4.188,4.509,4.526,4.716,5.034,5.091,5.101,5.13,5.199,5.558,5.83,5.919,6.048,6.058,6.101,6.148,6.175,6.199,6.423,6.43,6.488,6.591,6.62,6.7,6.842,6.894,7.005,7.034,7.068,7.08,7.103,7.165,7.17,7.18,7.193,7.316,7.434,7.478,7.492,7.534,7.571,7.594,7.63,7.653,7.676,0.00010193,0.00023664,0.05287154,0.00030581,4.46e-05,0.00014891,0.02418368,1.13e-05,0.00010595,4.539e-05,0.00012503,4.28e-05,3.6e-06,1.306e-05,0.12584894,2.503e-05,0.44765469,0.01202315,0.00643002,3.955e-05,0.0623341,0.01058116,0.22151514,0.00070252,8.846e-05,0.00244438,0.03369698,5.468e-05,0.00740969,0.0002577,0.01999129,2.624e-05,5.14e-06,0.00764308,0.01622272,6.26e-06,0.01226095,0.01538941,0.00237287,0.00158308,0.15683296,8.416e-05,0.00016434,0.00094317,0.00754331,0.00115333,0.06070408,0.00702326,3.526e-05,0.00049493,-2240045.99999922,6.0642514191519,1.6186624668827716,0.4261963890761578,0.5686500899596074,0
4375581,4375581,CN(Cc1ncn[nH]1)c1nnc(C(=O)NN)cc1C(F)(F)F,2.601,2.794,2.855,3.053,3.066,3.248,3.257,3.301,3.505,3.52,3.629,3.879,3.987,4.069,4.228,4.357,4.71,4.796,4.958,5.026,5.255,5.394,5.405,5.467,5.547,5.593,5.648,5.661,5.703,5.751,5.861,5.865,5.888,6.014,6.086,6.093,6.172,6.193,6.298,6.31,6.332,6.388,6.427,6.438,6.448,6.597,6.624,6.63,6.671,6.71,0.000232,0.00045566,0.00031526,0.00187982,4.11e-06,0.00014602,0.0143824,0.00113595,4.835e-05,0.00108266,2.801e-05,0.01434815,0.02258072,0.00106272,0.0013635,0.00023537,0.02861622,0.00190612,0.01707581,0.01624955,0.00116817,0.03325325,0.06041904,0.07218016,0.00088347,0.00746134,0.00011376,0.00024636,0.00293074,0.0020658,1.822e-05,0.00090364,0.00479666,0.00014329,0.00489063,0.00196181,0.00160687,0.02005103,0.03867058,0.0110399,0.02509187,0.36508616,0.00425588,0.00024496,0.02402111,0.05280682,0.09302309,0.00899863,0.04880864,0.11788112,-869935.9999996956,-1.3136937456247255,3.006472247946573,0.981604503439967,1.0038360622025926,4
2368731,2368731,CON(C)c1nnc(-c2cn(C)c3ccccc23)n1CCN1CCCN(C(C)(C)C)CC1,3.022,3.081,3.602,3.855,4.014,4.058,4.153,4.383,4.471,4.495,4.582,4.657,4.687,4.878,4.93,4.932,5.014,5.175,5.28,5.443,5.468,5.486,5.56,5.603,5.643,5.739,5.751,5.764,5.809,5.853,5.875,5.972,5.995,6.008,6.061,6.166,6.172,6.212,6.23,6.244,6.282,6.342,6.371,6.403,6.552,6.565,6.584,6.615,6.627,6.649,0.02513003,0.02372568,0.00122351,0.00724118,0.04378268,0.02947105,0.01394818,0.01058515,0.27855027,0.00062221,0.01091591,0.00182881,0.02096808,0.03526701,0.03829352,0.00369002,0.00213182,0.08058233,0.10780589,0.03373202,0.00529615,0.01615119,0.04659516,0.00034012,0.00915402,0.00666379,0.00617577,0.00031188,0.00445536,0.00060606,0.00083002,0.00555062,0.0073737,0.00167333,0.00157937,0.0066547,0.00616126,0.18475191,0.00551271,0.08137617,0.00747247,0.01534514,0.05478266,0.05952133,0.08482464,0.00117562,0.00295955,0.00264651,0.02381444,0.00219769,-2876785.999998996,0.4908171376253548,0.6606452431853167,-0.0237439905163843,-0.0214995755152126,0
8232346,8232346,CONC(=O)COC(=O)c1cnn(-c2ccccc2C)c1C,2.991,3.292,3.636,3.687,3.915,3.943,3.994,4.334,4.341,4.452,4.529,4.534,4.583,4.587,4.643,4.744,4.972,5.091,5.146,5.174,5.231,5.245,5.272,5.393,5.407,5.444,5.444,5.574,5.715,5.752,5.875,5.988,6.014,6.038,6.052,6.059,6.092,6.145,6.199,6.257,6.269,6.279,6.329,6.334,6.362,6.421,6.429,6.463,6.489,6.571,0.00484342,4.106e-05,9.18e-06,0.00029336,0.02173169,3.88e-06,1.421e-05,0.00931118,0.07556446,0.00246111,0.15965224,0.03965766,0.0001511,0.00795161,2.17e-06,0.00030683,0.02666604,0.01099428,0.00546909,0.00035451,0.0009364,0.01097761,0.02235428,8.794e-05,0.02831636,0.00595484,0.04054108,0.19533208,0.04007821,2.912e-05,0.00236779,0.10421593,0.02992758,0.16836519,0.00139975,0.00166309,7.38e-06,0.00968779,0.0040106,0.07660948,0.01903925,0.02176344,0.04687249,0.00694698,0.00243183,0.00026498,0.00343054,0.00293282,0.00902433,0.13058537,2986828.9999989592,-0.300999563503029,0.665103399159251,0.3679836087727591,-0.0772313664367532,3
8208044,8208044,CN1CC(=O)N(CC(=O)N(Cc2ccccc2)C2CC(C)(C)CNC(C)(C)C2)C1=O,3.787,3.836,3.854,3.902,4.127,4.177,4.236,4.282,4.397,4.427,4.476,4.522,4.564,4.613,4.739,4.844,4.909,4.958,5.174,5.202,5.218,5.274,5.324,5.516,5.543,5.699,5.714,5.742,5.78,5.782,5.841,5.878,5.903,5.921,5.952,5.978,6.001,6.128,6.176,6.202,6.206,6.248,6.256,6.304,6.317,6.32,6.337,6.377,6.378,6.424,2.618e-05,4.739e-05,7.604e-05,7.21e-06,8.26e-06,7.574e-05,0.00189837,0.00061511,3.116e-05,3.748e-05,2.8e-07,0.01007371,0.00043708,7.8e-06,0.00029602,0.00031044,0.00081811,2.43e-05,0.00173948,0.00023556,0.00083748,0.00091043,0.05252416,0.02699422,0.00021389,0.00158682,0.00027464,0.00787458,0.00230371,0.0011161,0.0004681,0.00251309,3.405e-05,0.00047583,0.00017631,0.00063414,0.00043433,0.00257868,0.00054521,0.00080906,0.10090848,0.00256692,0.00702069,0.00136327,0.0078766,0.00012144,0.0136683,0.01549292,0.01143177,0.03394148,2962526.9999989653,-0.141028986310567,-0.2501857253521746,0.6876716847400919,0.4319600312525228,3
4743951,4743951,Cc1ccnc(O)c1C(=O)OCC(O)c1ccn(C)c1,3.735,3.767,4.102,4.308,4.359,4.662,4.783,4.814,5.026,5.145,5.218,5.353,5.514,5.666,5.687,5.707,5.838,5.931,6.012,6.06,6.072,6.073,6.08,6.101,6.171,6.34,6.383,6.387,6.424,6.445,6.453,6.505,6.578,6.603,6.608,6.632,6.728,6.736,6.744,6.808,6.979,6.983,6.99,7.022,7.071,7.126,7.15,7.241,7.254,7.281,0.00188295,0.00143032,0.00434698,0.00065171,0.08872782,0.00014726,0.00021956,7.4e-05,0.00681357,0.00172028,0.0271233,0.00121913,2.083e-05,0.00189824,0.00065862,0.0023281,0.16297419,0.01202767,0.01795205,0.0377968,0.00037478,0.00237759,0.00202811,0.01428064,0.02956954,0.0150086,0.02657104,0.0181479,0.00295851,0.03272918,0.00219091,0.1053654,0.01508508,0.01160389,0.02746889,0.0167445,0.00770948,0.00892768,0.00337178,0.26918249,0.01034146,0.00097512,0.00220345,0.03592129,0.00625779,0.00233553,0.16850923,0.00494965,0.01810226,0.02486325,-501565.9999998284,4.733250950448551,0.0173213170627655,-0.3270087313454801,0.0963471523804503,4
4709312,4709312,CCc1ccccc1NC(=O)CN(C)CCNC(=O)CN1CC(=O)CN(C)C1=O,3.02,3.125,3.286,3.464,3.524,3.857,3.981,4.015,4.108,4.115,4.146,4.247,4.268,4.452,4.512,4.58,4.59,4.644,4.67,4.838,4.898,4.97,4.977,5.106,5.112,5.127,5.144,5.22,5.241,5.345,5.373,5.382,5.441,5.47,5.542,5.577,5.593,5.6,5.616,5.665,5.709,5.731,5.758,5.782,5.855,5.898,5.911,5.939,5.942,5.949,3.543e-05,0.00036621,4.1e-07,8.53e-06,0.00024108,0.00026336,2.158e-05,0.00119414,4e-08,1.373e-05,0.00010541,2.1e-06,0.00416449,0.00391727,1.394e-05,0.00140199,0.00049673,4.548e-05,0.01579625,0.00015182,0.25788474,1.17e-06,0.01223262,1.8e-06,1.57e-06,0.00209459,2e-08,5.185e-05,4.54e-06,7e-08,1.39e-06,2.929e-05,0.00016351,0.00063102,1.247e-05,2.238e-05,0.00435551,0.08831656,0.00063765,0.027904,3.89e-06,0.00025189,1.684e-05,0.00023106,0.06773472,0.03235245,0.00252493,5.921e-05,0.00013745,0.00023307,-536204.9999998129,-3.149312209686195,0.1715582791784058,0.0778393607140048,0.045031735995579,4
110417,110417,CCOCCN(CC(=O)NCc1c(C)cc(C)nc1OC)C1CCOCC1,3.113,3.66,3.867,4.108,4.364,4.421,4.426,4.662,4.701,4.719,4.799,4.92,4.977,5.27,5.298,5.338,5.4,5.464,5.703,5.825,5.852,5.882,5.964,5.999,6.027,6.055,6.085,6.225,6.284,6.324,6.377,6.481,6.518,6.565,6.581,6.608,6.654,6.707,6.756,6.827,6.862,6.863,6.878,6.906,6.912,6.922,6.945,6.958,6.965,7.036,0.00661903,0.00062444,0.00039852,7.581e-05,0.00506744,4.442e-05,0.01005597,3.863e-05,0.04763285,0.01779613,0.00161884,0.0045616,0.00486057,5.794e-05,0.00021922,0.00896178,0.03129149,0.00045451,0.00015014,3.233e-05,8.357e-05,0.00198161,0.00084954,0.01168274,0.0010543,0.01136681,0.00696631,0.20666099,0.07251346,0.01877414,0.05039807,0.00090573,0.00166074,0.00488051,0.00304273,0.02654261,0.03346771,0.35123431,0.00327077,0.02495839,0.00516606,0.00180582,0.00796508,0.00900399,0.0012976,0.03846343,0.00091158,0.00013156,0.01067803,0.00030807,-5135099.999998211,3.3151952938101537,0.7103055760080313,0.1007019597750436,0.1546680689306439,2
3426126,3426126,Cc1ccc(C2=NN(C(=O)c3occ4c3CCOC4)C2)cc1,2.741,2.941,3.209,3.426,3.715,3.841,3.971,3.994,4.108,4.194,4.278,4.312,4.317,4.376,4.561,4.624,4.847,5.01,5.081,5.11,5.123,5.284,5.31,5.338,5.351,5.413,5.456,5.502,5.513,5.53,5.576,5.586,5.604,5.662,5.728,5.805,5.886,5.898,5.944,6.058,6.108,6.164,6.229,6.23,6.258,6.28,6.332,6.345,6.356,6.377,0.00315943,0.02530012,0.0669545,0.59900998,0.00196121,0.00137234,0.00187043,0.00220175,0.00027605,0.05021853,0.00645499,0.00061449,4.31e-06,0.00014102,0.02011319,0.03966294,9.91e-06,0.12011929,0.00059223,9.433e-05,0.00249935,0.02672325,0.00402766,0.0458589,0.00025918,0.00313072,0.00021327,0.00891051,0.00229232,0.00104081,0.0023383,0.03140695,0.01160614,0.01407146,0.01202687,0.05931744,0.00030769,0.01876269,0.02968909,0.00080002,0.00214021,0.0001577,0.00057513,9.243e-05,1.818e-05,0.03628976,0.00530591,0.01734263,0.21174863,5.909e-05,-1819390.9999993648,-1.511955784514959,1.0363334566394584,0.1051489570399305,-0.0182503816663783,0
985800,985800,CCCc1cc(C(=O)NCC2(c3ccc(-c4ccccc4C)cc3)CCC2)n[nH]1,3.605,3.753,3.803,3.87,3.981,4.197,4.338,4.379,4.56,4.745,4.796,4.897,4.901,4.932,4.945,4.964,4.981,5.001,5.022,5.05,5.094,5.123,5.156,5.16,5.186,5.203,5.247,5.31,5.347,5.357,5.384,5.385,5.442,5.489,5.543,5.55,5.671,5.691,5.735,5.77,5.822,5.874,5.88,5.914,5.93,5.947,5.96,5.988,6.009,6.032,6.109e-05,4.12e-06,1.09e-06,1.178e-05,5.646e-05,0.01914915,0.00131862,0.00064008,0.01521482,0.02247845,0.00195967,0.02024555,0.05315401,0.00174656,7.381e-05,0.00143081,0.00221925,0.00155995,0.0040097,0.00284541,0.00083226,0.00285919,0.0004647,0.00092008,0.00478979,0.00024645,0.0003361,0.01462778,0.00910431,0.00117521,0.00808356,0.00456795,0.00197351,0.02138603,0.0193882,0.04224852,0.07641723,0.0116556,0.00030941,0.0027871,0.0006485,0.00092705,0.00011756,0.00137799,0.00065155,0.005784,0.00236038,0.06918193,0.03873896,0.0027158,-4259716.999998513,-1.6999349698156516,-1.27965028471414,-0.3113682012258648,-0.2328492231201455,2
4687789,4687789,C=Cn1cc(CSCc2ccc3c(c2)OC(CC)(CC)O3)cn1,2.874,3.593,4.146,4.38,4.489,4.57,4.629,4.808,4.831,4.861,4.902,5.046,5.114,5.171,5.3,5.332,5.412,5.516,5.551,5.831,5.878,5.9,5.948,5.978,6.033,6.053,6.113,6.119,6.165,6.206,6.27,6.344,6.359,6.376,6.412,6.415,6.426,6.428,6.451,6.47,6.538,6.56,6.572,6.581,6.626,6.637,6.714,6.781,6.825,6.837,3.543e-05,0.0018597,0.00189748,0.17779917,0.11852822,0.04219215,0.00572341,0.25499127,0.00131828,0.05034138,0.00813762,0.0050714,0.00085298,0.0011477,0.00013186,0.0005383,0.0121957,0.00121075,8.039e-05,0.05231958,0.03531786,0.04738128,0.24692791,0.00081989,0.014559,0.00014706,0.00698711,0.00684532,0.00218693,0.05614193,0.00679144,0.01769671,0.02714265,0.05989793,0.00091586,0.00308166,0.00248455,0.00082313,0.00088419,0.05139916,0.001533,0.17111521,3.92e-06,0.02912766,0.00167507,0.07317669,0.04040586,0.12023667,0.01042628,0.02214628,-557727.9999998052,2.6782211947608423,-0.0481178528011809,-0.449335843205866,-0.0303219238994771,4
1456039,1456039,Cc1ccc(S(=O)(=O)NC2CCC(C(=O)NC3CN(c4nnc(-c5ccccn5)n4CC4CC4)C3)CC2)o1,3.486,3.568,3.57,3.685,3.887,3.921,4.08,4.274,4.291,4.317,4.396,4.404,4.43,4.59,4.607,4.623,4.624,4.632,4.648,4.666,4.72,4.795,4.939,4.958,4.977,4.996,5.032,5.128,5.142,5.167,5.269,5.296,5.297,5.39,5.409,5.485,5.495,5.506,5.522,5.612,5.624,5.635,5.65,5.668,5.679,5.716,5.721,5.73,5.775,5.789,0.07376311,5e-08,0.00011997,0.14118303,0.00017809,1.163e-05,0.00029811,9.558e-05,1e-07,0.00104372,0.00015928,3.7e-07,0.0,1.232e-05,1e-08,1e-07,1e-08,3.303e-05,0.00082277,3.23e-06,3e-08,0.0629991,0.00043646,1.4e-07,0.00012232,0.02039433,0.04572125,0.02101988,3e-08,1.3e-07,0.02074887,0.00093238,0.00062731,0.00658567,7.6e-07,4e-08,0.00020196,0.23407316,0.04013552,0.00026172,1.728e-05,1.688e-05,0.00038007,6.369e-05,3e-08,2.65e-06,4.19e-06,0.01278775,0.00013163,0.00129645,-3789477.9999986794,-3.377850137201123,-0.9384977665859444,0.155664712153659,-0.1043802974781559,2
4279897,4279897,COc1ccccc1N1CCN(Nc2nnc(CCC(C)C)n2CCCSC)CC1,3.691,3.914,4.009,4.292,4.47,4.568,4.646,4.786,4.883,4.96,5.057,5.119,5.197,5.297,5.435,5.529,5.597,5.613,5.655,5.818,5.842,5.93,6.108,6.15,6.201,6.243,6.272,6.299,6.336,6.351,6.378,6.428,6.464,6.493,6.522,6.567,6.586,6.615,6.631,6.667,6.667,6.694,6.711,6.753,6.809,6.847,6.889,6.908,6.927,6.932,0.00038487,0.055414,0.00252459,0.14689607,0.00012729,0.00156288,0.00394012,1.15e-05,0.00033687,0.00053756,0.02240124,0.00013147,0.00048044,7.32e-06,9.074e-05,2.538e-05,0.12913664,0.00106888,2.136e-05,0.14844803,0.00028926,0.00064937,0.01042813,0.01359868,0.00132926,0.00280915,0.00982261,3.595e-05,0.10468278,1.439e-05,0.00084652,2.88e-05,0.12537142,0.00011253,0.00014647,0.09568653,0.00065587,0.0005119,0.13208461,0.00117038,0.00016377,0.01756254,5.81e-06,0.00578777,1.768e-05,0.00104288,0.02166986,0.00103,0.00035574,0.05556504,-965619.9999996638,3.5727282107607263,-0.1854219972350524,-0.1475092655358053,0.3795643001326695,4
9926408,9926408,COC(=O)N1CCC(Cn2c(SCCNCCC(C)(C)C)nnc2-c2cc3ccccc3o2)C1,3.609,3.825,3.89,3.99,4.311,4.554,4.608,4.684,4.847,4.863,4.894,4.931,5.058,5.064,5.068,5.155,5.185,5.229,5.316,5.341,5.388,5.453,5.487,5.512,5.522,5.534,5.543,5.572,5.617,5.707,5.716,5.797,5.836,5.865,5.913,5.916,5.971,6.035,6.064,6.065,6.087,6.114,6.128,6.158,6.164,6.172,6.209,6.232,6.277,6.327,0.0163923,6.43e-06,0.11130943,0.00068339,0.01932882,0.14464259,0.0443458,0.01028022,0.00014372,0.00673821,2.221e-05,0.05592172,0.00043813,0.00027639,0.00683602,0.01684375,0.00565812,2.336e-05,0.0013138,0.00405085,0.00289442,0.05100991,0.00010244,0.0382649,8.672e-05,0.03748825,0.00025246,0.00364056,0.03071881,0.00016349,0.00012085,0.01267113,0.09773395,0.00016218,0.03201478,0.00036259,0.01839341,0.00053147,0.01167128,0.00017887,4.607e-05,0.00088556,0.01240116,0.00076016,1.376e-05,0.00383693,0.03540229,0.00821633,0.08099193,0.00367352,4680890.999998366,0.1601995813680158,-1.1506687090998535,-0.356459952335395,-0.185288108872052,1
4667928,4667928,O=C(NCCS(=O)(=O)C1CCOCC1)NNc1ccc(OC2CCCC2)cc1,4.029,4.416,4.451,4.775,5.035,5.058,5.228,5.246,5.282,5.435,5.568,5.69,5.754,5.83,5.888,5.903,5.978,6.076,6.116,6.157,6.198,6.248,6.26,6.342,6.533,6.584,6.609,6.637,6.666,6.726,6.745,6.774,6.803,6.813,6.855,6.904,6.959,6.975,6.979,7.092,7.095,7.102,7.131,7.174,7.217,7.378,7.432,7.436,7.465,7.469,0.03532408,1.556e-05,1.435e-05,0.00590366,0.26552025,0.02843742,0.00043919,0.00019869,4.763e-05,0.0055907,0.00893237,0.00472594,0.00045569,0.00179247,0.00553541,0.00479502,0.00058338,0.00450208,0.00022186,0.00054834,0.00925966,0.2275944,0.02920749,0.00083762,0.28543201,0.00843581,0.03860009,0.00266714,0.00059909,0.01913688,0.03283712,0.01127608,0.01179909,0.00023089,0.00616473,0.02523784,0.09162387,0.00021372,0.0224631,0.00197754,0.00031939,0.02034958,0.00064942,0.00105645,0.00095728,0.0372417,0.00304454,0.00075596,0.00111607,0.0030281,-577588.9999998006,6.457964695007933,-0.7807301387038277,-0.0985196181485837,-0.0525162656927042,4
2591790,2591790,NC(=O)C1(CNC(=O)CCCC(=O)NCc2ccccc2OC(F)(F)F)CC1,3.35,3.448,3.453,3.53,3.628,3.633,4.079,4.22,4.259,4.388,4.568,4.748,5.125,5.162,5.231,5.311,5.324,5.327,5.342,5.407,5.411,5.456,5.513,5.548,5.551,5.577,5.757,5.834,5.859,6.007,6.02,6.038,6.063,6.102,6.125,6.134,6.142,6.225,6.242,6.287,6.304,6.319,6.397,6.412,6.459,6.468,6.509,6.563,6.572,6.614,9.234e-05,0.0001035,0.00142843,0.00010661,9.752e-05,0.00064981,2.059e-05,0.01006098,8.31e-06,0.00289715,0.00016872,5.74e-06,0.01175013,0.00010579,0.00143131,0.00138499,4.557e-05,0.00026155,5.19e-05,0.0002089,0.0003017,0.0002122,0.01467191,5.178e-05,5.823e-05,0.00011243,2.613e-05,0.00300386,0.00110692,0.00038346,0.01415571,0.00062565,0.00043972,0.00096905,0.00064117,0.01311406,0.00389398,0.00796896,0.00066315,0.00057906,0.00182898,0.02738323,0.04105179,0.03583704,0.00069151,0.22227326,0.18130342,0.0060012,0.05201348,0.03250252,-2653726.999999075,0.5952247789618819,0.6840145381956136,-0.2727188974770577,0.513348637271678,0
3591515,3591515,CC(C(=O)OCc1nc(C=Cc2ccccc2)cs1)c1ccc(=O)[nH]n1,2.616,3.059,3.063,3.337,3.388,3.496,3.676,3.802,3.924,3.927,3.942,3.969,4.155,4.251,4.254,4.255,4.27,4.273,4.401,4.42,4.421,4.467,4.554,4.59,4.625,4.629,4.665,4.681,4.776,4.817,4.832,4.845,4.885,4.917,5.0,5.029,5.091,5.106,5.111,5.121,5.13,5.17,5.219,5.227,5.244,5.281,5.298,5.303,5.357,5.378,2.73e-06,0.00087158,3.77e-06,0.01255896,0.00180257,0.00047771,0.02537398,1.479e-05,0.00963121,0.01718214,2.091e-05,1.344e-05,6e-08,0.00107498,0.0003721,0.0686771,0.00066877,0.08273237,0.0001037,0.00011394,0.00209046,7.289e-05,0.02279822,0.04762788,0.00131872,2.97e-06,9.039e-05,2.22e-06,0.01158028,0.03768854,0.02447623,0.00500778,0.00025083,0.03819725,1.26e-05,0.00021802,0.09031196,0.00081127,0.00012862,0.00946843,0.00133533,0.03511828,0.019652,0.00494971,0.07074963,0.00296979,0.04968999,0.00020087,0.00991959,0.00026767,-1654001.9999994216,-6.2348297191387125,-0.3423031352426722,-0.2621427865997408,-0.1717950254475398,0
3764114,3764114,Cc1cc(NC(=O)CCCCCO)ccc1NC(=O)c1cccc(S(=O)(=O)NC2CC2)c1,2.759,2.766,2.977,3.023,3.058,3.073,3.162,3.317,3.372,3.454,3.78,3.941,4.019,4.067,4.078,4.22,4.228,4.271,4.314,4.319,4.33,4.341,4.376,4.386,4.419,4.473,4.531,4.556,4.773,4.815,4.883,4.89,4.905,4.906,4.931,4.985,5.044,5.074,5.1,5.101,5.107,5.114,5.168,5.197,5.201,5.266,5.278,5.29,5.308,5.318,0.07648844,0.00021817,0.035257,0.00107869,3e-07,0.00215895,0.00058945,0.00053252,0.00630441,0.00114675,0.00036668,0.00010895,8.72e-06,1.653e-05,8.27e-06,0.00177996,0.00581127,0.00039214,0.00923116,0.0023845,0.00217638,0.03012311,0.14574654,0.35232404,0.10475273,0.00134844,0.01720981,0.00169694,0.00590611,0.00032123,0.00081724,0.00290271,1.387e-05,0.00054837,0.00212468,0.00125719,0.00109365,0.01794883,0.00371369,0.0019498,0.00449982,0.02464518,0.00308215,9.841e-05,0.00346545,0.00118398,0.00160099,0.00626571,1.744e-05,0.01098126,-1481402.999999482,-6.987666266004355,0.3616559728218612,0.0105789550430703,0.3534503529374074,0
2664956,2664956,CN(C)C1(CCNC(=O)CNC(=O)CCc2ccccc2)CCCC1,3.535,3.565,3.771,3.802,4.383,4.408,4.414,4.437,4.476,4.767,5.047,5.24,5.265,5.267,5.275,5.285,5.309,5.618,5.797,5.827,5.888,5.919,5.935,6.015,6.016,6.045,6.213,6.243,6.245,6.291,6.322,6.365,6.374,6.395,6.404,6.428,6.458,6.588,6.616,6.623,6.633,6.661,6.663,6.703,6.709,6.739,6.758,6.762,6.797,6.879,4.4e-07,9.9e-07,0.00014539,0.00026743,0.00012567,7.791e-05,0.00131172,0.00095118,0.01500543,0.03741816,0.00097633,0.000435,0.00150573,0.00030867,0.00054003,0.00072421,0.00057565,0.02181914,2.81e-06,8.67e-06,8.33e-06,1.283e-05,0.00398706,1.152e-05,0.00019269,1.474e-05,0.0004241,0.00208415,0.00023715,9.947e-05,0.00036568,3.371e-05,7.033e-05,1.155e-05,0.00020199,0.00050302,0.00143616,0.00345541,0.11317306,0.14193501,0.31687366,0.14578625,0.06914068,0.01724756,0.01080335,0.01239868,0.00112643,0.04250504,0.05056927,0.01629293,-2580560.9999991,2.8446905637471307,0.3167197769279188,-0.3363830439282357,0.4917215920340792,0
3390030,3390030,CCCCN(CC)C(=O)CCc1c(C)[nH]c(C2CC2)nc1=S,2.133,2.517,2.602,2.983,3.0,3.174,3.386,3.686,4.065,4.451,4.794,4.955,5.094,5.24,5.257,5.354,5.399,5.423,5.493,5.516,5.55,5.583,5.632,5.676,5.73,5.808,5.876,5.91,5.936,6.007,6.049,6.065,6.114,6.127,6.213,6.282,6.293,6.359,6.381,6.427,6.476,6.59,6.681,6.682,6.703,6.706,6.724,6.772,6.795,6.828,3.489e-05,3.24e-06,0.00021498,0.00087289,0.00061375,0.00150602,0.00026285,0.25142861,0.00029736,0.0006483,0.0003301,0.04302598,0.01724313,0.00170739,0.00263153,0.00540912,0.09528756,0.00210742,0.004326,0.1069347,0.0028892,0.00053429,0.02187687,0.01154378,0.00048074,0.00243113,0.00210303,0.00829532,0.00355712,0.05517199,0.0007759,0.00636414,0.00222776,0.05855322,0.00744417,0.00186551,0.00173387,0.01849266,0.02534255,0.00036708,0.01745685,0.0049591,0.00295925,0.00173173,0.01784787,0.05054617,0.06805751,0.24057825,0.0069631,0.00307667,-1855486.9999993525,0.8113765663623926,2.7745216776774413,-1.1664810111280042,0.3069763851602766,0
5089276,5089276,Cc1cnc2c(S(=O)(=O)NC(=O)CN3CCCCCCC3=NC3CCCCC3)cccc2c1,1.13,1.862,2.177,2.315,2.619,2.961,3.068,3.267,3.31,3.383,3.604,3.703,3.815,3.822,3.825,3.836,3.927,3.964,3.98,4.018,4.056,4.106,4.135,4.205,4.297,4.327,4.476,4.485,4.515,4.518,4.539,4.577,4.584,4.597,4.602,4.731,4.816,4.851,4.873,4.952,4.997,5.013,5.031,5.04,5.07,5.07,5.107,5.137,5.15,5.172,0.00915079,0.0010663,0.0005238,8.45e-05,0.00051252,0.00727482,1.701e-05,0.00066035,0.00067693,0.00015231,0.00176772,0.00221867,0.00152318,0.01587205,9.08e-05,0.01292551,0.04084199,0.00403396,0.0026299,0.0032156,0.05721082,0.00025729,0.00924007,3.113e-05,0.00052911,0.00099834,0.00074122,0.00462307,0.00084958,0.0009073,0.03028458,0.00832982,0.00154676,0.02053335,0.0060035,0.00019672,0.00305046,0.0001134,0.00525497,0.00852091,0.00196444,0.0064007,0.00045677,0.0005145,0.00298296,0.00160803,0.00167568,7.654e-05,0.00168966,0.00072121,-156240.9999999424,-8.746693949018281,1.7216075483831224,-0.7772058752436576,-0.6034922002051498,4
7716423,7716423,COC1CCN(CCNCc2cnc(Nc3cc(-c4ccccc4)[nH]n3)n2C)CC1,2.678,2.936,3.39,3.718,3.784,3.971,4.11,4.122,4.248,4.299,4.316,4.424,4.457,4.517,4.576,4.762,4.843,5.088,5.184,5.195,5.223,5.247,5.452,5.512,5.529,5.589,5.589,5.634,5.712,5.731,5.776,5.917,5.94,5.978,6.023,6.036,6.039,6.053,6.069,6.142,6.155,6.215,6.237,6.243,6.258,6.303,6.319,6.351,6.374,6.403,0.00826566,0.00015924,1.006e-05,2.7e-07,0.00036275,1.4e-07,0.00039315,0.04418973,0.00011765,4.6e-07,0.00230966,0.35079826,0.0353229,0.0143378,0.00020956,0.13555521,7.174e-05,0.03206164,1.602e-05,0.00776579,0.37524748,0.00581654,0.00517152,2.22e-06,0.01517546,3.61e-06,0.00025373,0.00012377,0.00063337,0.07722885,1.95e-06,2.29e-06,0.00019877,1.393e-05,0.03274197,0.05517633,0.00023292,0.00042537,0.00037266,0.00414472,0.01200129,2.24e-06,0.15818125,0.00433551,0.04079729,0.01163511,0.08877099,0.10960092,0.02009499,0.01112659,2470905.9999991376,-0.702274667330458,0.9595938971343322,0.0051973600007254,0.0907502909494676,3
2800433,2800433,O=C(CC(C1CC1)C1CC1)NC1CC(O)(c2cccc3ccccc23)C1,2.809,3.497,3.709,3.773,3.963,4.221,4.317,4.387,4.461,4.531,4.685,4.715,4.741,4.831,4.937,5.043,5.112,5.196,5.281,5.31,5.313,5.346,5.35,5.384,5.468,5.504,5.518,5.519,5.555,5.672,5.679,5.705,5.742,5.79,5.795,5.875,5.943,5.965,5.975,6.008,6.075,6.089,6.142,6.16,6.165,6.222,6.237,6.267,6.31,6.313,0.00016759,0.00051171,0.01167834,1.496e-05,0.07549957,0.01040639,2e-08,7.88e-06,0.00011492,0.00289454,0.00329692,7.49e-06,1.172e-05,0.00019571,0.00446274,0.00078624,0.00086237,0.00014772,8.71e-06,0.00152151,0.00047797,1.738e-05,0.00033963,3.8e-06,0.11954305,0.03350115,0.00466558,0.00078199,0.5170006,0.1543679,0.00254702,0.00032443,0.05551024,0.04452305,0.00111992,0.01295575,2.243e-05,0.00715918,0.002946,0.00631215,0.00053748,1.328e-05,0.00049604,7.678e-05,6.177e-05,0.0002881,0.00016844,0.00898193,0.00013891,0.00063869,-2445083.9999991474,-0.5828986493198549,-0.1266689435508086,-0.4221219242508662,-0.1673612445022097,0
6001883,6001883,CC(C)(NC(=O)NCCC(c1ccccc1)c1ccccc1)c1ncon1,3.775,3.86,3.908,3.988,4.137,4.42,4.499,4.542,4.628,4.724,4.776,4.802,4.856,4.934,4.991,4.996,5.009,5.099,5.109,5.204,5.222,5.235,5.245,5.248,5.263,5.382,5.392,5.394,5.439,5.467,5.469,5.515,5.519,5.596,5.6,5.608,5.644,5.66,5.728,5.747,5.877,5.906,5.981,5.995,6.031,6.05,6.073,6.113,6.118,6.146,5.26e-06,9.49e-06,0.00053594,1.635e-05,7.87e-06,0.00657329,0.0001757,3.318e-05,0.00025196,0.00541624,0.00112964,6.935e-05,0.00083439,0.00025595,5.591e-05,0.00500063,0.03168742,0.01139646,0.00228909,0.01910085,0.00301577,0.01178917,8.523e-05,0.00202866,6.7e-07,0.00016256,0.00243861,1.56e-06,0.00142973,5.254e-05,0.00044571,1.49e-06,0.00387245,0.00018032,1.43e-06,0.0057025,8.832e-05,0.02132435,4.4e-07,4.269e-05,1.1e-07,0.00412426,0.00116087,0.03393539,3.665e-05,0.00410966,4.921e-05,0.00037967,5.417e-05,0.01654081,756365.999999737,-1.1495807403522522,-1.4461763700374517,-0.1879193629905534,-0.153488429955889,4
7004288,7004288,CCS(=O)(=O)N(C)CC(=O)NCCNc1cc(CCc2ccccc2C)[nH]n1,3.27,3.283,3.84,3.865,3.882,4.398,4.407,4.442,4.55,4.808,4.832,4.96,4.984,4.99,4.995,5.134,5.151,5.194,5.222,5.247,5.437,5.47,5.518,5.641,5.813,5.815,5.854,5.871,5.877,6.007,6.023,6.111,6.16,6.17,6.192,6.24,6.244,6.25,6.265,6.268,6.288,6.313,6.336,6.337,6.366,6.386,6.404,6.536,6.57,6.592,0.0050459,0.00069525,5.9e-07,3e-08,0.00100201,0.01939794,0.0296113,0.02069678,0.01663921,0.0003428,2.341e-05,4.9e-07,6e-08,1.643e-05,0.00502766,0.00423855,0.0246444,0.00103281,0.0006577,0.00014373,0.00010324,0.03345228,0.00176513,4.19e-06,0.03114869,0.00156487,0.00094466,3.57e-06,0.00015998,0.02010618,0.00551526,0.00535905,0.00921243,0.00057934,0.00130011,0.00231808,0.03687461,0.35282557,2.42e-05,0.00119395,0.11081918,0.00132791,0.00355324,0.00144888,3.999e-05,0.11458224,0.21048513,0.21101243,0.02605805,0.00915282,1758770.9999993849,0.9101098129967314,0.1128867675109128,-0.2075520879349422,0.0196195853116525,3
2952653,2952653,Cc1ncccc1C(=O)Nc1cccc(CN2C(=O)c3ccccc3C2=O)c1,2.553,2.73,2.789,3.129,3.37,3.482,3.597,3.622,3.661,3.718,3.72,3.763,3.812,3.848,3.873,4.002,4.045,4.057,4.186,4.192,4.297,4.33,4.363,4.382,4.402,4.412,4.426,4.441,4.451,4.561,4.562,4.581,4.596,4.618,4.634,4.64,4.65,4.733,4.775,4.809,4.91,4.954,4.986,5.006,5.023,5.026,5.099,5.127,5.149,5.151,3.495e-05,7.66e-06,3.08e-06,6.821e-05,2.331e-05,6.741e-05,0.00466649,0.00114978,0.0004386,3.41e-06,4.531e-05,0.00524867,0.00081335,0.00020197,0.02912072,0.00989601,9.34e-06,5.38e-05,0.00089133,5.604e-05,0.00040327,0.00165738,0.01084856,9.437e-05,0.00016732,1.689e-05,0.00099588,0.06830824,0.0068826,0.00157939,2.387e-05,0.04962549,0.00193682,0.00655586,0.00305229,0.00865943,0.000243,0.00286371,0.00651542,0.00846327,0.0149506,0.00472654,0.16749927,0.09105957,0.00438521,0.10055842,6.09e-05,0.00725821,6.7e-07,0.01362681,-2292863.9999991967,-7.946137042408732,-0.3260201893092281,-0.2065415731044915,-0.2683287547845895,0
4941667,4941667,Cn1cc(S(N)(=O)=O)cc1C(=N)NOC1CCCC1,4.252,4.737,4.821,4.975,5.118,5.171,5.455,5.551,5.642,5.713,5.814,5.937,6.052,6.079,6.156,6.19,6.249,6.325,6.354,6.408,6.471,6.496,6.542,6.609,6.669,6.718,6.747,6.794,6.875,6.988,7.002,7.025,7.04,7.096,7.167,7.207,7.339,7.442,7.469,7.563,7.605,7.637,7.693,7.735,7.82,7.898,7.961,7.991,8.057,8.058,0.00449959,0.01915342,0.01844793,0.00225045,0.01643437,0.03126144,0.04773823,0.0364858,0.06594216,0.01822984,0.00147688,0.11737923,0.00047218,0.00950982,0.02025477,0.01403326,0.00488631,0.05343277,0.07189788,0.0027512,0.01046268,0.01890403,0.12034572,0.01490723,0.02300507,0.09786226,0.02011585,0.00762033,0.00480623,0.03858303,0.00850535,0.00211277,0.00597324,0.00238683,0.02414521,0.01868154,0.02129175,0.02817143,0.01566497,0.03386176,0.00072255,0.01255951,0.03377169,0.00943575,0.00016966,0.00551526,0.00294296,0.08501676,0.00138486,0.00084985,-303849.9999998988,8.80721688979789,-0.5920619885204642,0.3571565995525583,-0.4000234249591051,4
9956078,9956078,COc1cc[nH]c(=O)c1C(=O)NC1CN(C(=CCO)CCN2CCOCC2)C1,1.761,2.02,2.434,2.805,3.174,3.199,3.245,3.363,3.504,3.705,3.799,3.919,3.921,4.18,4.235,4.282,4.539,4.675,4.682,4.798,4.847,4.861,4.925,4.951,4.957,5.033,5.147,5.183,5.185,5.34,5.362,5.376,5.404,5.449,5.557,5.664,5.69,5.719,5.73,5.732,5.784,5.855,5.864,5.889,6.01,6.049,6.103,6.138,6.163,6.206,5.614e-05,8.22e-06,7.97e-06,0.00151252,0.00627824,0.00057558,3.96e-06,9.76e-06,2.7e-07,0.00148431,0.12112148,3.467e-05,0.00047456,1.825e-05,4e-07,4.592e-05,0.00059563,0.00034592,5.245e-05,0.0027719,0.0001242,0.01905393,0.00163108,0.00176885,0.00452759,0.00132832,8.63e-06,4.133e-05,0.0003257,7.36e-06,0.00717864,6.263e-05,0.00040784,0.02315393,0.05461348,0.0006099,0.08485784,4.555e-05,0.02537338,0.00543867,0.03781685,0.1500873,0.06394496,0.0113008,0.07510435,0.03957911,0.00038981,0.00032264,0.05148668,0.05211484,4710560.99999836,-3.9286014665990754,2.6091868900654798,-0.14127228010324,-0.0603593317096013,1
5272215,5272215,Cc1ccc(N2CCCN(c3nnc(C(C)C)n3Cc3ncnn3CCC(F)F)CC2)cc1,3.447,3.731,3.813,4.055,4.163,4.613,4.624,4.653,4.802,4.814,4.988,5.143,5.198,5.216,5.29,5.365,5.41,5.411,5.459,5.474,5.513,5.589,5.724,5.752,5.819,5.827,5.832,5.841,5.876,5.969,6.037,6.065,6.069,6.149,6.173,6.218,6.31,6.371,6.379,6.39,6.398,6.45,6.486,6.515,6.53,6.532,6.542,6.554,6.587,6.631,0.00023917,0.00667006,0.00053645,0.00827874,0.06619031,0.17523133,0.06410459,3.797e-05,3.456e-05,0.0080826,0.00028692,0.00011477,8.39e-06,2.759e-05,0.00729263,0.00362604,0.04298579,0.02378725,0.04908862,0.00383238,0.00041514,0.00289248,3.92e-06,0.00026858,4.87e-06,0.00088871,7.28e-05,0.00406275,0.01577289,1.486e-05,0.01773144,0.00032253,4.82e-06,0.1116364,0.00358237,0.00130512,0.0003057,0.00054227,0.10668701,0.00615132,0.00016198,0.00015328,0.05796532,0.00555172,0.00350601,0.00049792,0.03159188,0.19966872,0.03427387,0.31341968,26697.99999998814,1.6918839445059093,-0.4077042995471858,-0.3367294738161335,-0.1266730502765344,4
8569290,8569290,COc1cc2c(cc1F)CCN(Cc1csc(SCCN(C(C)=O)C3CC3)n1)C2,3.389,3.559,3.898,3.937,4.225,4.336,4.391,4.444,4.485,4.528,4.55,4.791,4.803,4.82,4.832,4.842,4.992,5.101,5.201,5.29,5.334,5.345,5.367,5.425,5.466,5.506,5.523,5.595,5.615,5.677,5.765,5.79,5.794,5.808,5.852,5.934,5.96,5.967,5.978,5.983,6.013,6.017,6.021,6.059,6.151,6.172,6.237,6.244,6.256,6.276,0.0016343,0.00016799,8.333e-05,0.00073336,0.01489544,9.965e-05,0.00180425,0.00013779,0.09498831,0.00120729,0.09080374,0.00078555,1.35e-05,1.479e-05,0.00334496,7.666e-05,0.00028548,0.09446719,6.276e-05,0.00140039,0.00013902,0.0368581,0.00017121,0.00080296,0.00147867,0.00129064,0.00143448,0.00034845,0.00012804,9.994e-05,0.0003175,0.0146595,0.08491771,0.0002074,0.00284356,9.157e-05,9.901e-05,0.00039342,0.00058466,0.00018403,0.00036402,6.61e-06,0.00035705,0.00433012,0.06858771,0.27425572,0.01469029,0.05628317,0.00030281,0.00491645,3323772.999998841,-0.5136227393878213,-0.6066268817491622,-0.059030473806977,0.04300892086086,1
4678923,4678923,O=CCCNC(Nc1nccs1)N1CCC(OCC2CC2)CC1,3.32,3.718,3.942,4.11,4.202,4.461,4.571,4.611,4.611,4.971,4.992,5.094,5.177,5.238,5.245,5.557,5.588,5.708,5.806,5.838,5.867,5.888,5.97,5.989,6.096,6.121,6.175,6.19,6.209,6.218,6.363,6.379,6.402,6.441,6.458,6.521,6.553,6.673,6.697,6.727,6.75,6.802,6.812,6.848,6.855,6.946,6.977,6.995,7.045,7.127,1.57e-06,2.016e-05,5.15e-06,3.799e-05,0.0323649,8.753e-05,0.00014789,0.00153975,0.04593444,0.1011934,1.519e-05,0.003417,6e-07,1.13e-06,0.00193069,1.257e-05,0.0010046,4.879e-05,0.00025849,0.01156667,3.111e-05,2.222e-05,5.664e-05,0.00254734,0.01595872,2.827e-05,3.143e-05,0.00023664,0.00010739,1.497e-05,0.00350641,0.00130563,7.269e-05,0.01798751,0.00037466,0.00021948,0.00064355,0.0049292,9.238e-05,5.371e-05,9.473e-05,3.776e-05,0.00138052,6.951e-05,0.00318298,0.03056995,0.00220201,0.0001251,0.01219144,0.00053595,-566593.999999803,3.387311855730969,0.3989096050318386,-0.141761435109819,0.164202435607589,4
4429304,4429304,CC1(C)CCc2[nH]c(=O)c(NCCC(=O)NCc3nc(C(F)(F)F)n[nH]3)cc2C1,3.029,3.648,3.732,3.829,3.862,4.247,4.275,4.386,4.456,4.642,4.732,4.776,4.842,5.081,5.107,5.16,5.198,5.411,5.45,5.494,5.665,5.72,5.787,5.816,5.827,5.895,5.915,5.98,6.0,6.029,6.037,6.114,6.138,6.275,6.328,6.379,6.472,6.484,6.528,6.532,6.653,6.676,6.703,6.718,6.766,6.789,6.804,6.808,6.808,6.824,8.232e-05,4.9e-06,0.00193784,0.05103417,0.15899061,0.02497267,7.93e-05,0.00291358,1.246e-05,0.00045373,0.07632892,0.0054962,0.00107624,0.00010827,0.00061364,0.0599373,0.00022856,0.00220383,0.00022531,0.00938407,1.782e-05,8.88e-06,0.00173669,0.01489307,3.143e-05,1.514e-05,0.00084448,0.00509239,0.00034021,0.07438607,0.00217128,0.00408539,0.02848429,0.00126147,0.23326909,0.0012692,0.00010886,0.00050658,2.963e-05,0.01394527,0.12838442,0.00147074,9.725e-05,0.0001845,0.00982876,0.05714502,0.00968465,0.01216748,4.375e-05,0.00764114,-816212.9999997172,1.8709069092056183,0.7989151504520471,0.1194498208809032,0.1394746110937091,4
6217738,6217738,C=CCOCCNC(=O)c1sc(-c2cc(C)ccc2F)c2c1CCCCC2,3.19,3.696,3.858,3.911,3.953,4.023,4.219,4.25,4.312,4.376,4.393,4.448,4.642,4.701,4.728,4.745,4.746,4.833,4.91,4.949,5.004,5.029,5.086,5.163,5.177,5.195,5.323,5.352,5.359,5.447,5.467,5.488,5.547,5.634,5.681,5.704,5.74,5.84,5.849,5.873,5.906,5.924,5.953,5.969,5.976,6.027,6.029,6.047,6.139,6.167,0.00358692,0.00220449,0.0013935,0.15260617,0.02027198,0.00176989,0.03154865,0.03368381,3.58e-06,0.00139942,0.02973595,0.00454104,0.06894182,0.00101651,0.01978485,0.02601123,0.00017781,1.34e-05,0.03146583,0.03252228,0.00034324,0.03703741,0.01246711,3.08e-06,0.00370819,0.00240083,7.8e-07,8.76e-06,0.00162349,0.00769481,0.00092629,0.01677252,0.00039733,0.00251226,1.052e-05,0.00571697,0.00259428,0.05375134,0.00078806,0.00572541,0.01673743,0.01491517,0.00954448,6.26e-06,0.00019428,0.01036361,0.00087073,0.00939401,0.01349061,0.02816711,972220.9999996604,-1.865713620357512,-0.5304636692396265,0.279210124410541,-0.1126927731937043,4
6953671,6953671,CC(=O)NC1=CC=C(c2ccc(N3CCOCC3)nc2)NN1C1CC1,2.48,2.548,3.311,3.729,4.005,4.057,4.088,4.288,4.291,4.409,4.567,4.723,4.747,4.927,4.969,4.989,5.212,5.256,5.337,5.352,5.437,5.47,5.572,5.636,5.711,5.763,5.861,5.908,5.926,5.998,6.024,6.054,6.085,6.142,6.196,6.266,6.311,6.365,6.401,6.444,6.485,6.54,6.544,6.587,6.609,6.624,6.68,6.721,6.767,6.775,0.10573417,0.1227593,0.00325742,0.17621227,0.00058793,0.01503648,0.0079543,9.909e-05,0.00259613,0.02392504,0.00047968,0.00707823,0.31936518,0.00105061,0.00839394,0.07589782,0.00805957,0.01170641,0.00331086,0.00260811,0.00744527,0.0284287,0.01618466,0.00244141,0.00575614,3.761e-05,0.11875752,0.00604102,0.01236129,0.00027149,0.00504457,0.03198032,0.0156647,0.00234448,0.01852546,0.00533608,0.0043753,0.02814188,0.08098025,0.02147642,0.00026334,0.00193044,0.01032329,0.04054168,0.01548779,0.11122369,0.00370272,0.05603664,0.03604364,0.00397554,1708153.9999994042,0.8834724565948997,1.534531430401545,-0.2763233210632893,-0.2579736913185309,3
2955056,2955056,COC(=O)c1ccc(CCS(=O)(=O)N2CCc3c([nH]c4ccccc4c3=O)C2)s1,2.54,2.823,2.923,3.242,3.425,3.49,3.523,3.672,3.768,4.037,4.118,4.126,4.226,4.236,4.307,4.349,4.352,4.399,4.414,4.45,4.592,4.639,4.651,4.724,4.732,4.8,4.806,4.905,4.926,5.002,5.004,5.034,5.144,5.146,5.193,5.212,5.235,5.27,5.273,5.333,5.352,5.434,5.502,5.516,5.523,5.552,5.555,5.571,5.591,5.597,1.451e-05,3.773e-05,9.177e-05,1.59e-06,7.244e-05,0.00416571,7.6e-07,0.03422173,0.01286603,3.694e-05,0.07004451,0.00104507,0.00051973,0.00091019,0.00562203,0.02919564,0.00069083,0.01928079,0.11428186,0.01646247,0.0056875,0.00025085,2.55e-06,0.02506706,0.03231762,0.046314,0.05357811,0.03797323,8.43e-06,0.00128118,0.00396934,0.00032688,0.0001081,0.00143375,0.00061789,0.00871753,0.00014608,9.163e-05,2.99e-06,0.00122925,0.00013912,0.00077278,0.00012726,0.00184324,0.03264646,0.00353127,4.14e-06,9.63e-05,0.05162969,0.00051343,-2290460.999999198,-5.2816056592182274,0.3377724275186876,-0.2074680822072142,-0.1758433679440096,0
6731685,6731685,Cc1nn(Cc2ccccc2)c(N)c1CNc1ccc(OCCN2CCN=C2O)cc1,2.683,2.713,2.99,3.02,3.265,3.293,3.617,3.891,3.916,3.938,4.013,4.213,4.243,4.356,4.386,4.522,4.612,4.613,4.643,4.677,4.791,4.82,4.863,4.896,4.926,4.983,4.985,5.052,5.058,5.082,5.085,5.266,5.493,5.526,5.548,5.616,5.626,5.632,5.716,5.745,5.832,5.858,5.862,5.901,5.938,5.942,5.965,5.98,5.986,6.009,5.41e-06,1.7e-07,9.4e-07,1.8e-07,0.001696,0.00031934,0.00481804,0.00707798,0.00226192,0.01903188,0.01106142,2.69e-06,3.69e-06,4.9e-07,5e-08,0.03424959,0.00039406,1.62e-06,3e-08,0.00041571,0.00123083,4.593e-05,0.00868277,3.072e-05,1.58e-06,0.00576329,0.00062187,0.00170856,0.25205832,2.558e-05,0.00174886,0.00062082,0.00062699,0.00087919,0.00773176,0.02261031,0.00217489,0.00047378,6.02e-06,2.281e-05,1.284e-05,0.00684158,6.27e-06,7.569e-05,4.504e-05,0.00104225,0.06474526,0.00023306,0.00634384,0.00087695,1486167.9999994803,-3.6836867264509143,1.1326409166536937,0.1103255780533099,-0.1450577253059731,3
8854910,8854910,O=C(NNc1ccc(CF)cc1)C1(c2ccc(F)cc2)CCCCC1,3.383,3.696,3.808,4.043,4.154,4.222,4.418,4.546,4.714,4.869,4.964,4.968,5.083,5.191,5.284,5.289,5.358,5.397,5.434,5.477,5.484,5.531,5.534,5.617,5.624,5.73,5.781,5.796,5.847,5.877,5.902,5.935,5.951,5.973,6.009,6.024,6.036,6.058,6.105,6.146,6.147,6.158,6.19,6.219,6.283,6.294,6.303,6.317,6.321,6.34,0.00078451,0.00170771,0.00176078,0.0078102,0.02907112,0.01015165,0.02916169,0.00043763,0.22247335,4.361e-05,0.02601732,0.00243752,0.00351029,0.0160577,0.01467577,0.00611409,0.0007101,0.00667294,0.01334026,0.03147066,0.00089838,0.01734709,0.00294683,0.00122915,0.00587054,0.00070383,0.00364438,3.493e-05,7.931e-05,5.132e-05,0.00483076,0.00968008,7.285e-05,0.00055128,5.09e-05,9.358e-05,0.00055457,0.00017184,0.00069751,0.00031159,0.00070891,0.00151717,0.00341363,0.00191523,0.01222944,0.00385933,0.08496633,0.02876566,0.00216918,0.0029846,3609392.9999987422,0.6568299734394745,-0.6654213724476006,-0.6791394346858357,0.1434857470096685,1
8687054,8687054,Cc1cccc(C(=O)NNC(=O)COC(=O)c2ccc(NC3=NC4=CSCCC43)cc2)c1,2.767,2.914,2.972,3.109,3.183,3.321,3.466,3.553,3.557,3.573,3.6,3.626,3.767,3.794,3.813,3.88,3.913,3.926,3.95,4.071,4.096,4.136,4.159,4.162,4.201,4.269,4.33,4.331,4.391,4.46,4.479,4.527,4.551,4.576,4.603,4.659,4.76,4.777,4.782,4.83,4.844,4.965,4.987,5.018,5.041,5.055,5.098,5.105,5.135,5.163,0.18626543,9.801e-05,1.97e-06,0.00386193,0.01189215,0.00137921,0.00506561,0.00605859,0.00014199,3.6e-07,0.06037041,4.25e-06,0.01091868,0.21322906,0.00034039,0.00018179,0.00403491,7.47e-06,0.00016881,1.435e-05,0.00019771,0.26824537,9.03e-06,0.00011497,7.082e-05,1.645e-05,1.19e-05,0.0032681,0.00199044,0.00544099,4.81e-06,2e-08,7.173e-05,0.19535842,0.00025921,1.953e-05,0.0,0.03823323,1.062e-05,0.00129786,2.269e-05,0.01204761,0.00112016,0.00694522,6.5e-07,0.00033876,0.02931146,0.00037545,0.13815755,0.00079186,3441536.9999988014,-8.365970218303207,-0.3221717224110022,0.3490688812097264,-0.2363472308635356,1
8709260,8709260,Cc1cc(C(=O)N2CCC(C(=O)Nc3ccc4c(c3)OCO4)CC2)c(C)cn1,2.932,3.256,3.627,3.714,3.949,4.021,4.073,4.141,4.169,4.355,4.395,4.406,4.453,4.465,4.473,4.528,4.571,4.638,4.782,4.831,4.9,5.008,5.066,5.155,5.233,5.235,5.255,5.295,5.401,5.401,5.428,5.488,5.56,5.569,5.606,5.672,5.868,5.885,5.93,5.952,6.034,6.05,6.089,6.118,6.189,6.192,6.197,6.199,6.305,6.364,7.58e-06,4.56e-06,0.00134288,0.00440604,3.782e-05,0.00016328,6.791e-05,0.16293649,0.0078385,0.06290473,1.726e-05,0.00187038,0.00035085,0.00144731,5.364e-05,7.29e-06,0.0004811,4.666e-05,9.291e-05,7.415e-05,7.138e-05,0.03863607,0.0004088,0.00018241,0.00297734,0.00012655,0.03762551,0.00017585,0.00096714,0.00089287,0.25659043,0.07099154,0.0440112,0.01588162,1.772e-05,0.00011833,6.361e-05,0.00068714,0.00014509,9.383e-05,0.07023255,0.00114781,0.0049543,0.07666989,0.08473949,0.05259602,0.06002572,0.00289015,0.21070978,0.000179,3463742.999998791,-1.9722037214911663,0.2409061339715118,0.5745165619546555,-0.4521461891734478,1
3262492,3262492,COCCc1ccc(OC(=O)c2nccc(OC)c2F)cc1,3.228,3.339,3.763,4.123,4.208,4.236,4.26,4.27,4.401,4.441,4.605,4.637,4.651,4.741,4.793,4.878,5.008,5.081,5.105,5.151,5.199,5.226,5.287,5.306,5.377,5.434,5.468,5.534,5.537,5.546,5.626,5.658,5.744,5.747,5.805,5.842,5.956,5.962,5.995,6.063,6.071,6.106,6.173,6.227,6.24,6.29,6.427,6.431,6.435,6.458,0.00215566,9.96e-06,0.00577434,2.417e-05,2.455e-05,0.00030364,0.05732056,0.03817452,0.00387456,0.00100773,0.02950343,0.00139907,0.00189371,0.05553561,0.04410137,0.00016165,0.03396409,0.01929766,0.0002546,0.00227793,0.00061573,0.00181216,0.02323736,0.00014252,0.0132012,0.32777355,0.0534275,0.00107508,0.00270674,0.00078944,0.00234511,8.98e-06,4.74e-05,3.408e-05,0.00344411,0.0117217,0.17635075,0.00654012,0.1003169,0.00044495,0.00013823,0.04785494,0.01458277,0.00170895,0.02965503,0.0029886,0.03945584,0.05634132,0.20259078,0.006551,-1983024.9999993052,-0.6594527223735054,-0.19908590199839,0.2260732882583874,-0.2776510928683298,0
1821821,1821821,C=Cc1ccc(CNC(=O)N2CCC(O)(CO)C2)cc1,2.775,3.145,3.461,3.58,3.843,4.158,4.279,4.656,4.72,4.738,4.768,4.856,5.1,5.231,5.354,5.39,5.485,5.532,5.536,5.675,5.784,5.928,5.962,6.036,6.069,6.113,6.152,6.155,6.164,6.224,6.254,6.309,6.459,6.461,6.612,6.657,6.733,6.746,6.858,6.884,6.899,6.95,7.034,7.063,7.157,7.179,7.186,7.228,7.236,7.277,0.01194593,0.00024096,0.00013508,2.546e-05,3.187e-05,1.886e-05,0.00146608,0.00027246,0.03299911,0.0010996,0.31593021,1.936e-05,5.432e-05,2.348e-05,8.32e-06,0.00812495,0.06546955,0.00891254,0.00185551,0.02244833,0.0073357,4.9e-07,0.00139216,0.00091642,0.03452464,6.394e-05,0.1328956,0.09308498,0.06254242,0.00863363,0.00034384,0.01136548,6.182e-05,0.0009868,3.039e-05,0.00050443,0.00016882,0.00855139,0.0009971,0.03102173,0.01063165,0.00143123,0.001196,0.2703165,0.00210066,0.1461456,0.00362259,0.04877228,0.03106941,0.00797923,-3423695.999998809,3.326127050378452,1.7609377274257123,-0.1047481746994547,-0.2097840741038302,2
2633421,2633421,FC(F)CNc1ncc(Cn2cccn2)s1,4.416,4.529,4.728,5.176,5.248,5.42,5.735,5.813,6.146,6.233,6.252,6.304,6.43,6.455,6.548,6.551,6.582,6.638,6.686,6.725,6.844,6.907,6.926,7.107,7.115,7.21,7.265,7.297,7.379,7.427,7.504,7.66,7.713,7.737,7.875,7.912,7.956,7.958,7.987,8.053,8.068,8.082,8.103,8.138,8.203,8.319,8.376,8.391,8.49,8.511,0.0510137,0.00390729,0.21853734,0.00042424,0.0001825,0.00223097,0.00747872,0.01660426,0.01887662,0.00467102,0.00935796,0.03504072,0.00101577,0.04571019,0.00060846,0.00518712,0.00461675,0.01298291,0.04027987,0.01366854,0.04047872,8.21e-05,0.00015345,0.00989051,0.00372792,0.00233799,0.01173799,0.00714084,0.0047404,0.07002403,0.00314711,0.0141817,0.00492508,0.04840275,0.00896258,0.23814889,0.0324322,0.01080006,0.0533954,0.01508077,0.06136116,0.01541221,0.02768119,0.2238995,0.0273899,0.01344664,0.00894609,0.01689243,0.00153387,0.0118136,-2612095.9999990906,11.785610096139568,-0.1239154258633299,0.0856583726797053,-0.4331680614121204,0
6920679,6920679,COCCN(CCNC(=O)CC1CCCCC1)C(=S)CC(F)(F)F,2.942,2.963,3.687,4.493,4.529,4.613,4.65,4.768,5.336,5.338,5.351,5.593,5.621,5.702,5.834,5.852,5.901,6.006,6.038,6.244,6.314,6.444,6.557,6.661,6.78,6.909,7.001,7.017,7.038,7.085,7.134,7.21,7.241,7.311,7.346,7.379,7.446,7.575,7.626,7.812,7.817,7.945,7.955,8.029,8.038,8.095,8.121,8.186,8.199,8.252,0.0012347,0.00041778,0.04298281,0.2085418,0.00366351,0.00189624,7.683e-05,9.244e-05,0.00190862,0.00151712,0.00025183,0.01352877,0.00111194,0.009674,0.01230673,0.0161126,0.00854192,0.00025798,0.02018929,0.06400076,0.02511135,0.00746665,0.00066445,0.00033699,0.00333114,0.0058913,0.00100309,0.00399938,0.0005286,0.00174838,0.08290636,0.11982997,0.00294293,0.00167031,0.00419895,0.00270374,0.00310637,0.00810846,0.00145561,0.00609363,0.00266231,0.00598408,0.0105032,0.00273702,0.00204834,0.02109465,0.00021777,0.00541457,0.00066458,0.00777665,1675161.999999414,8.279451847046541,2.4613603922850773,0.1754033664313144,-0.5241398930491921,3
4789750,4789750,Cn1nnc2c(=O)nc(Oc3ccc(-n4cccn4)cc3)[nH]c21,2.325,2.373,3.137,3.187,3.527,3.922,3.972,3.986,4.048,4.112,4.179,4.186,4.253,4.259,4.385,4.416,4.439,4.449,4.483,4.61,4.771,4.821,4.829,4.961,5.129,5.252,5.257,5.297,5.352,5.396,5.41,5.414,5.436,5.481,5.601,5.647,5.695,5.742,5.781,5.834,5.961,5.97,5.997,6.019,6.041,6.044,6.063,6.067,6.079,6.086,0.00524792,0.00318378,0.00091025,0.00018593,6.42e-06,1.263e-05,6.178e-05,0.01562158,0.0320231,0.018168,2.276e-05,0.06923463,0.01550592,0.00853365,0.0490665,0.26594552,0.00046728,0.05753463,0.13428561,0.00017965,3.646e-05,0.0002126,0.07410692,0.00712254,6.4e-06,2.39e-05,0.00055795,0.00158698,0.00366414,0.04407959,0.00330375,0.00703512,0.0007772,0.00585439,0.0010042,0.01129801,0.00201975,0.00597439,1.031e-05,0.06514552,0.10554682,0.00839368,0.1582263,0.00023424,0.00690708,0.18505177,0.0042845,0.00026786,0.02512439,0.00368098,-455766.9999998431,-3.088373293261025,1.2136674180688338,0.152604533840318,-0.6345991993919118,4
5187506,5187506,COCCNC(=O)C1(NCC(=O)c2c(F)ccc(OC)c2OC)CC1,2.799,3.537,3.709,3.735,3.801,3.874,4.04,4.098,4.194,4.471,4.65,4.742,4.816,4.861,4.928,4.97,5.008,5.056,5.08,5.107,5.176,5.202,5.394,5.445,5.454,5.495,5.656,5.71,5.775,5.782,5.801,5.919,5.951,5.965,6.008,6.117,6.143,6.2,6.242,6.266,6.28,6.308,6.329,6.367,6.402,6.559,6.573,6.587,6.65,6.803,0.00221476,0.00226262,0.00010931,0.00013043,0.00034299,0.04058749,0.00883147,0.00268648,0.00056923,9.125e-05,8.893e-05,0.00013269,0.01346874,0.00652412,0.00041903,0.0010637,0.00801691,0.01406623,0.01729601,0.00022925,2.728e-05,0.00075651,0.08618318,0.00513072,0.01081258,0.02011349,0.05833119,0.1498764,0.00190619,0.00229278,0.00578292,7.807e-05,0.00020109,0.025813,0.0037943,0.00055267,0.00535962,0.09536359,0.00966877,0.01221228,0.00297735,0.00161279,0.13118761,0.02045209,0.02495589,0.04174325,5.065e-05,0.05587608,0.03400944,0.00080636,-58010.99999997972,0.0380623681105863,0.7353694956760604,0.2582739789724783,-0.115071499842766,4
7982737,7982737,CCS(=O)(=O)c1ccccc1C(=O)NC1CCN(S(=O)(=O)C(F)F)CC1,3.208,3.443,3.692,3.917,4.005,4.231,4.437,4.531,4.653,4.751,4.887,4.974,5.032,5.14,5.151,5.203,5.333,5.345,5.405,5.434,5.471,5.505,5.617,5.636,5.71,5.738,5.753,5.76,5.885,5.975,5.987,6.069,6.108,6.127,6.139,6.209,6.291,6.315,6.32,6.328,6.388,6.399,6.429,6.431,6.47,6.492,6.53,6.557,6.589,6.617,0.00070229,0.00182586,0.00012166,0.00055495,0.00010814,0.00134884,0.00055458,9.783e-05,0.0003618,0.00019942,0.00897468,0.00036783,0.00030056,0.01792698,0.00210083,0.00810933,0.01389802,0.00216851,0.00186294,0.00282884,0.0252876,0.0004124,0.00208744,0.01548916,0.00280965,0.00250434,1.774e-05,2.623e-05,0.00011127,4.816e-05,0.01521732,2.942e-05,0.00100046,0.00930126,3.229e-05,4.209e-05,0.00361068,0.04113775,0.00388155,0.0737724,0.00125567,0.0718788,0.0014807,0.00012652,0.00388107,0.12027509,0.20510049,0.18789593,0.14506201,0.03887967,2737219.9999990445,1.1683767104913216,0.1028482316312643,-0.32776987747151,-0.0869084699674696,3
10456262,10456262,Cc1cscc1CNCc1cn(CC(=O)O)cn1,3.988,4.145,4.16,4.328,4.535,4.708,4.871,5.002,5.031,5.069,5.145,5.191,5.271,5.575,5.653,5.733,5.805,6.013,6.06,6.147,6.168,6.176,6.236,6.248,6.314,6.396,6.398,6.545,6.557,6.583,6.591,6.677,6.688,6.718,6.742,6.795,6.827,6.897,6.933,6.941,6.973,6.979,7.023,7.036,7.053,7.108,7.145,7.185,7.198,7.293,6.028e-05,0.00026427,0.00447777,0.00692371,5.85e-05,9.926e-05,1.01e-06,0.01621264,0.00031629,0.09896945,0.0702549,0.00854599,0.00080989,0.00066811,0.00118626,0.00142546,0.00321535,0.00039149,0.00077896,0.02040157,0.00606241,0.03366228,0.01114604,0.00295105,0.0009953,0.00010237,0.00114268,0.00024475,0.00050041,0.00012434,0.03802271,0.01536952,5.377e-05,0.00134362,6.568e-05,0.02418767,0.00011715,0.01198017,0.07569351,0.00095566,0.00064227,0.00301996,0.00528156,0.05247407,0.00018488,0.01038128,0.00022423,0.00231815,0.00073151,0.00234684,5210744.999998179,5.166300599894164,-0.1543982887807557,-0.0486668070970085,0.4912961009342846,1
774742,774742,CC(C(=O)CCCc1ccccc1)C(C)(C)C(=O)O,4.208,4.257,4.32,4.661,4.708,4.772,5.068,5.132,5.221,5.332,5.582,5.589,5.966,6.008,6.041,6.111,6.138,6.187,6.198,6.223,6.234,6.251,6.3,6.343,6.371,6.501,6.524,6.549,6.594,6.624,6.635,6.673,6.69,6.731,6.763,6.832,6.835,6.887,6.906,6.962,7.001,7.019,7.058,7.095,7.107,7.178,7.184,7.232,7.255,7.282,0.00204865,0.00025645,0.001403,0.00311713,1.072e-05,0.00083557,0.00539613,0.00257211,0.00211284,0.00086957,0.00400215,0.02743072,0.00018508,0.00131283,3.34e-06,0.0009353,0.00080392,0.00136936,0.01693429,0.00023564,0.00115812,0.00061022,0.0025126,0.00329776,0.00713172,0.06567124,0.18406863,0.1664231,0.18777396,0.00471672,0.06590539,0.01495986,0.05083125,0.00070147,0.0558353,0.04923572,0.00114907,0.03221518,0.03376663,0.01614939,0.00807277,0.00244391,9.32e-05,0.00889703,0.00110696,0.02124308,0.00463966,0.00245263,0.01679958,0.004738,-4470774.999998442,5.989465754785393,-0.8382915660051298,-0.5779118061110962,0.3009742869055067,2
5295690,5295690,COc1ccc(C2CC2)cc1CNC(=O)NCc1ncc(SC)n1C,3.845,3.903,4.304,4.329,4.376,4.389,4.514,4.747,4.81,4.881,4.896,4.908,5.077,5.12,5.153,5.255,5.319,5.394,5.396,5.565,5.578,5.755,5.84,5.841,5.884,6.02,6.028,6.067,6.088,6.152,6.225,6.263,6.288,6.297,6.343,6.376,6.382,6.412,6.426,6.437,6.548,6.562,6.646,6.649,6.683,6.723,6.748,6.766,6.785,6.822,0.00596711,0.00358972,0.01028463,0.00194254,0.00834888,0.00308704,0.02823827,0.00071898,0.009814,0.01377006,0.00060701,5.089e-05,7.05e-06,0.00558068,0.10445934,0.02528954,0.05142828,0.0052607,0.00058149,9.15e-06,0.06467636,0.03449927,0.00122838,0.00224277,0.03689653,0.0020651,0.03300409,0.00104215,0.01793531,0.28660615,0.21189807,0.00300792,0.00034074,0.01681583,0.00065607,0.03795822,0.0251295,0.00525373,0.00398124,0.00299652,0.00567991,0.00710549,0.0648491,0.01890088,0.026133,0.02027294,2.706e-05,0.00220966,0.00047035,0.00108045,50172.999999980864,2.4073288413023137,-0.4428275062791117,0.3450562806220443,0.2555333401266177,4
2509624,2509624,CCCOc1c(CC)cccc1CNCCCOC(C)C,4.262,4.384,4.536,4.661,4.705,4.97,5.009,5.38,5.663,5.939,6.0,6.149,6.198,6.261,6.345,6.406,6.466,6.48,6.505,6.607,6.631,6.696,6.715,6.748,6.768,6.888,6.901,6.978,6.996,7.026,7.06,7.149,7.164,7.222,7.269,7.316,7.335,7.379,7.437,7.459,7.499,7.56,7.605,7.65,7.736,7.743,7.783,7.846,7.911,7.999,0.00056948,0.00020226,0.00051519,7.831e-05,0.00065418,0.00890161,0.01773787,0.00429764,0.00045358,0.00375031,0.06865559,0.24945882,0.0179755,0.20062251,0.09505036,0.04327799,0.05587029,0.01249652,0.08554586,0.0352471,0.02043245,0.00187613,0.02042539,0.00101948,0.00258219,0.00150517,0.00235932,0.00030104,0.00016566,0.00050393,0.03742359,0.00401482,0.002157,0.00244471,0.02319736,0.00953565,0.00542787,0.01599533,0.03202249,0.00032706,0.00313307,0.01138925,0.00484185,0.00886342,0.00126003,0.01004142,0.00258929,0.00552322,0.00876516,0.00368793,-2735892.9999990463,8.9420674371105,-0.2533260487469757,-0.5312494340715583,0.1230677768977932,0
6130882,6130882,COCCn1nnnc1N1CC(NC(=O)c2csc(Cc3ccc(N=C(O)OC(C)(C)C)cc3)n2)O1,2.657,3.274,3.409,3.549,3.619,3.696,3.714,3.727,3.863,3.977,4.078,4.143,4.17,4.318,4.334,4.468,4.504,4.515,4.574,4.588,4.6,4.618,4.624,4.677,4.677,4.754,4.755,4.785,4.85,4.869,4.921,4.939,4.966,4.971,5.016,5.047,5.051,5.101,5.136,5.164,5.177,5.183,5.184,5.21,5.227,5.311,5.316,5.327,5.346,5.376,7.91e-05,0.0006285,0.01036557,8.4e-07,1.633e-05,0.00011109,6.611e-05,9.673e-05,5.227e-05,3.06e-06,4.7e-06,0.00614494,3.073e-05,3.785e-05,0.00172396,0.00383122,0.01135481,0.01162156,0.00057175,0.00016497,0.00474272,0.006644,0.01708628,0.03667392,0.11437631,0.00019261,4.24e-06,0.00020152,0.00133329,0.00013844,4.513e-05,0.00161418,0.00192688,9.381e-05,0.00019458,0.00010249,6.181e-05,0.10643845,2.215e-05,0.02218112,0.10915926,8e-06,0.00133221,0.00010492,0.00322268,0.01650465,0.00264138,0.02492652,0.00041147,5.978e-05,885364.999999695,-5.706869722154964,-0.7432571260641287,-0.4129021718551551,0.0469808437007268,4
6506448,6506448,Cc1nc(Cn2nnc(CC(=O)NC3CC(CCO)C3)c2C)cs1,2.961,3.695,3.763,4.037,4.162,4.372,4.693,4.729,4.919,4.942,4.983,5.021,5.186,5.189,5.328,5.405,5.453,5.633,5.654,5.668,5.713,5.749,5.793,5.887,5.905,5.968,6.049,6.08,6.15,6.18,6.187,6.211,6.245,6.281,6.309,6.34,6.347,6.364,6.384,6.415,6.419,6.44,6.526,6.573,6.614,6.638,6.644,6.655,6.657,6.69,9.186e-05,1.25e-06,0.00013187,0.00106645,2.4e-07,0.00533309,0.00943978,0.00065647,0.08952516,0.00106424,0.00064011,0.00503898,0.02906327,0.00011251,0.00042444,0.00041557,0.0001886,0.01312103,0.06230408,0.00568931,7.126e-05,0.00317863,1.23e-06,0.0142823,0.00045103,0.00083489,0.00867092,0.04434897,0.10178032,5e-08,0.00050091,0.00165982,0.00121217,0.02474233,0.00022219,8.44e-06,0.02977777,0.00525997,0.00061549,0.00245629,0.03962907,0.00097207,0.00087507,0.0005966,0.00010281,0.073669,0.0078246,1.728e-05,0.0837419,0.01018881,1260930.999999559,2.232101105278739,-0.0026823505138749,-0.6946740291721339,-0.0273111748755766,3
2772034,2772034,O=C1N(Cc2cc3c(o2)CCCC3)C(=O)C12CCOC2,4.1,4.521,4.715,5.029,5.11,5.155,5.285,5.353,5.587,5.701,5.716,5.9,6.039,6.114,6.131,6.218,6.277,6.314,6.353,6.465,6.488,6.634,6.697,6.832,6.939,6.945,6.966,6.976,7.071,7.129,7.161,7.168,7.197,7.25,7.327,7.401,7.433,7.488,7.519,7.541,7.578,7.604,7.657,7.674,7.736,7.772,7.869,7.9,7.932,8.011,0.00051971,0.00215742,0.00039853,0.00063513,0.07978767,0.0008865,0.0006054,0.00019421,0.10630847,0.00186309,0.05604225,6.51e-05,0.00957132,0.0319352,0.02496787,0.00787351,0.00987925,3.307e-05,0.00045348,0.05017275,0.02686253,4.575e-05,0.00017991,0.0003974,0.02197885,0.00736418,0.00090029,0.00420425,0.00584703,0.00346591,0.02517283,0.08847686,0.02352965,0.01779347,0.01268629,0.00236936,0.15389124,0.00675703,0.02147182,0.03101715,0.06075081,0.00520933,0.0095471,0.05927509,0.00813291,0.00546516,0.02222393,0.00164379,0.05572729,0.00228448,-2473482.9999991395,9.023356890927934,-0.2854002160627225,0.0778367871988476,0.0434054312904306,0
2661294,2661294,CCCc1[nH]ncc1C(=O)Nc1cccc(NC(=O)c2nn[nH]c2CCC)c1C,3.665,3.796,3.84,3.872,4.012,4.045,4.087,4.13,4.235,4.3,4.405,4.414,4.501,4.649,4.673,4.712,4.76,4.864,4.933,4.971,4.985,5.02,5.161,5.17,5.189,5.2,5.24,5.259,5.369,5.395,5.431,5.449,5.46,5.532,5.555,5.652,5.704,5.722,5.735,5.744,5.781,5.848,5.872,5.883,5.941,6.001,6.012,6.022,6.07,6.091,0.00034317,0.05155518,0.00265751,0.00146988,0.01849248,0.00126286,0.00117972,4.92e-05,0.38667085,0.00015304,0.01569804,0.00918406,0.00090682,0.1569246,0.0034775,0.00044919,0.00136689,0.00266148,0.00012941,0.00173188,0.00358254,0.12225688,0.09803572,0.00083501,0.0695401,0.00757084,0.02503432,0.00103552,0.00420214,0.02009693,6.8e-06,0.01294187,0.00098686,0.06602361,0.01386867,0.01225372,0.04847135,0.01913108,0.044397,0.00189776,0.03802494,0.17366168,0.07171916,0.01304285,0.05364439,0.00116612,0.00190071,0.00083034,0.00952846,0.00023423,-2584222.999999098,-2.1378997684147687,-0.8103136814339877,0.4191374235737777,0.2255578883122109,0
9923535,9923535,Cc1noc(C(C)(C)NCCC(=O)NC2CCC(N3CCC(C)CC3)CC2)n1,3.863,4.158,4.79,4.957,5.094,5.369,5.395,5.662,5.701,5.966,6.043,6.185,6.258,6.279,6.29,6.294,6.331,6.461,6.617,6.643,6.672,6.773,6.785,6.887,6.93,6.932,6.947,7.066,7.125,7.154,7.207,7.234,7.252,7.313,7.329,7.345,7.472,7.493,7.517,7.529,7.549,7.55,7.561,7.661,7.699,7.722,7.768,7.795,7.821,7.831,3.04e-05,0.0008598,8.145e-05,0.00062501,4.334e-05,5.663e-05,0.00111112,0.00018809,1.841e-05,5.99e-06,2.042e-05,0.00832201,0.02037178,0.06248436,0.0035609,0.00475575,0.00082345,0.00012597,0.00043107,0.00183862,0.00335234,0.00648451,0.0306081,0.15491274,0.01105293,1.532e-05,0.00072184,6.552e-05,0.00061695,0.00555179,2.658e-05,0.00018725,0.00636202,0.00147411,0.02034861,0.00085816,9.89e-05,0.00123934,0.00063769,0.00273126,0.00020753,0.00024512,0.00025184,0.00010464,0.00041479,0.03124875,0.00241614,0.00103875,0.01804279,0.09806538,4678017.9999983655,9.321420549918251,-0.4709545008150941,-0.6902308216127169,-0.2065860819649808,1
167161,167161,Cn1nc(-c2nc(Cc3c[nH]c4ncccc34)c3ccccc3n2)cc1C(C)(C)C,2.952,3.222,3.447,3.561,3.626,3.691,3.697,3.717,3.729,3.978,4.111,4.148,4.244,4.258,4.303,4.368,4.395,4.411,4.463,4.477,4.568,4.599,4.622,4.861,4.872,4.911,4.913,4.981,4.982,4.995,5.073,5.098,5.171,5.18,5.188,5.201,5.28,5.428,5.437,5.509,5.52,5.527,5.537,5.541,5.587,5.596,5.608,5.625,5.653,5.692,0.00406781,0.00986816,0.07946525,0.00371308,0.00015764,0.00982423,0.00034871,0.00121225,0.01104251,0.01354649,0.08034493,0.02584173,4.884e-05,0.00018888,0.00017935,0.20277192,0.01691489,0.00070773,0.01861667,0.0090994,0.01904895,0.11304674,0.34546411,0.01916445,0.00024722,0.00144305,0.00061559,1.549e-05,0.00224207,0.00068788,9.647e-05,0.17067722,0.00032046,0.00140095,0.0234423,0.0796576,0.00102904,0.0342851,0.00270396,0.10396913,0.02785981,0.04403798,0.01162609,0.01452651,0.00098161,0.00113233,0.00115698,0.06621036,0.03584348,0.1651848,-5078355.999998228,-4.739396081762338,-0.2015234389984427,0.3137036307133526,0.0118921838238747,2
8953804,8953804,CC#CCNc1ccc(CN2CCN(CC(c3ccccc3)c3ccccc3)CC2)c(F)c1,3.385,3.499,3.558,3.657,3.754,3.78,3.804,3.874,3.925,3.933,3.984,4.044,4.154,4.161,4.205,4.476,4.55,4.815,4.938,4.984,4.996,5.002,5.058,5.093,5.116,5.166,5.167,5.181,5.217,5.294,5.303,5.352,5.402,5.409,5.42,5.437,5.458,5.481,5.536,5.557,5.597,5.627,5.636,5.659,5.717,5.719,5.723,5.757,5.784,5.798,0.00802262,0.00018118,0.00068169,0.00075205,0.00081768,0.00150027,0.00032732,3.462e-05,1.639e-05,5.09e-05,2.194e-05,0.00017266,0.00026736,0.00068663,9.679e-05,0.05164674,0.0015689,6.9e-07,7e-08,0.00279721,5.08e-06,0.05244152,0.00107732,3.13e-06,0.01898175,0.0930776,0.09572833,7.211e-05,4.76e-06,9.43e-06,0.00079169,0.00066745,3.69e-05,0.00703271,3.89e-06,7e-08,0.00372604,8.9e-07,4.998e-05,0.01503014,2.56e-06,0.0247783,0.00054551,4.5e-06,2.109e-05,0.13223742,0.00938389,0.00014023,0.00315492,5.07e-06,3708286.999998708,-3.5317325813735856,-0.3313294855469461,0.3282110410234916,0.7294731204272196,1
5255365,5255365,CN(CCCCCc1cc(-c2cccc(F)c2)n[nH]1)C(=O)C1=CC=C(NC(N)=O)CC1,3.288,3.503,3.623,3.723,3.756,3.973,3.997,4.08,4.115,4.117,4.224,4.34,4.444,4.504,4.621,4.768,4.788,4.836,4.944,5.061,5.064,5.073,5.119,5.156,5.164,5.165,5.232,5.259,5.302,5.354,5.532,5.557,5.594,5.621,5.63,5.682,5.689,5.769,5.781,5.784,5.798,5.8,5.889,5.936,5.939,5.944,5.969,5.978,6.019,6.023,0.0213522,1.114e-05,4.59e-06,1.278e-05,0.01395462,0.00634717,0.37491829,2.44e-06,4.59e-06,1.5e-07,1.5e-07,6.5e-07,1.662e-05,0.16416713,0.03363905,0.15681653,7.45e-06,1.766e-05,2.389e-05,2e-08,5.6e-07,0.00257156,0.02023012,0.00333299,0.00173667,3.58e-05,0.02916884,1.473e-05,2e-08,0.00129497,0.01637415,2.784e-05,0.00034083,0.04490111,0.03553705,0.01402991,0.016438,0.00013924,1.338e-05,1.466e-05,0.02540803,8.222e-05,0.00520372,0.00046902,0.11045938,0.00067236,0.00117188,0.09621441,0.00056815,7e-08,9847.999999997886,-2.318244075119335,-0.2260756394379464,0.2089454558100779,0.2922558645986639,4
3193311,3193311,CCCNCCNCC(NCC)NCc1ccc(N2CCN(C(C)=O)CC2)cc1,3.972,4.103,4.131,4.219,4.287,4.377,4.478,4.49,4.513,4.654,4.686,4.731,4.76,4.931,5.178,5.212,5.244,5.312,5.396,5.488,5.692,6.062,6.183,6.274,6.356,6.451,6.46,6.508,6.546,6.578,6.606,6.643,6.651,6.667,6.737,6.774,6.835,6.877,6.907,6.955,6.967,6.975,7.036,7.046,7.108,7.135,7.149,7.254,7.266,7.308,0.01327309,3.56e-06,0.00054395,0.00298809,0.00020368,9.08e-05,0.00271917,0.07066707,0.0250938,0.03989289,0.12557373,0.00586428,0.01526078,0.01113052,0.06262222,2.705e-05,0.00049097,0.0008317,8.573e-05,0.00032963,0.00069965,0.16113067,0.00111876,0.00015385,0.00023751,0.00670103,0.00224047,0.01009238,0.29083516,0.00044666,0.04471429,0.20744245,0.02478455,0.18956852,0.0143733,0.00275652,0.00327486,0.00296162,0.01285071,0.00549407,0.08965163,0.01484223,0.02290035,0.01611663,0.00153919,0.00471787,0.00060105,0.00286454,0.00954235,0.00947472,-2052205.9999992864,4.061375068946372,0.7663762659537984,1.2280429040295255,0.8640183058481175,0
2112614,2112614,CS(=O)(=O)NCc1ccc(C(=O)Nc2cccn(NCC(F)(F)CO)c2=O)o1,3.271,3.309,3.525,3.891,4.053,4.093,4.208,4.281,4.566,4.646,4.719,4.814,4.867,4.879,4.989,5.012,5.017,5.077,5.103,5.115,5.141,5.313,5.325,5.412,5.475,5.523,5.597,5.621,5.657,5.747,5.752,5.765,5.886,5.96,5.975,5.987,6.051,6.115,6.121,6.145,6.171,6.232,6.26,6.295,6.321,6.352,6.357,6.432,6.467,6.483,0.18516353,0.04415545,0.00069378,0.08394559,0.00970869,0.05169296,0.00130797,0.00029108,0.09048166,0.00114642,0.00675177,0.04557675,0.01238709,0.05870498,0.02339378,2.247e-05,0.0581744,0.01163486,0.0014354,0.07108512,0.05778115,0.00471507,0.00038542,0.00421817,3.697e-05,0.00142783,0.03659809,0.00118884,0.00447948,0.00073283,0.00013956,0.00032447,0.00601278,0.02962426,0.0029492,0.00014363,0.04185945,0.02963928,0.01571621,0.07325531,0.0368258,0.00015886,0.01292421,0.00796197,0.00268145,0.00076332,0.00255283,0.00644014,0.00099877,0.0427922,-3132902.9999989057,-0.1548244293093784,0.069476781269785,-0.0163596682774059,-0.2295411243900786,0
7017719,7017719,CCOc1ccc(C(=O)C(=NOC)c2cc(NC(=O)C3(CNC(=O)OC(C)(C)C)CC3)c(-n3cc(C)cn3)n2C)c(OC)c1OC,2.687,3.038,3.154,3.395,3.411,3.607,3.618,3.701,3.703,3.712,3.755,3.904,3.927,3.944,3.946,3.977,4.034,4.084,4.091,4.115,4.179,4.186,4.221,4.268,4.292,4.327,4.331,4.45,4.468,4.511,4.544,4.614,4.622,4.632,4.645,4.689,4.69,4.705,4.717,4.73,4.74,4.762,4.775,4.802,4.851,4.89,4.927,4.969,4.998,5.02,0.00172197,0.00058134,3.3e-07,0.00015853,0.12154733,0.00243399,0.00024746,0.01735407,0.00078271,0.10037908,0.00176504,0.12269918,0.0353787,0.02970292,0.00127862,0.01653873,0.01072948,0.00014237,4.45e-06,0.02027326,0.00233394,0.02361072,0.00063935,0.00427332,0.10400312,0.1396628,0.01280778,0.05910838,0.00615309,0.00099558,0.00175929,0.03557488,0.01619111,0.02565269,0.01270905,0.00707013,0.01369034,0.07630568,0.00764247,0.00264386,0.00069729,0.00168854,0.00820754,0.01607348,0.01295975,0.03205158,0.04864828,0.04148717,0.0330651,0.00015082,1772201.9999993846,-8.16837064927243,-1.0025931126614815,-0.1548064537318257,-0.2154193118418326,3
4347227,4347227,Cc1c(C#N)cccc1NC(=O)CN1CCC(C(=O)CN2CCC(C)CC2)CC1,3.155,3.269,3.565,3.679,3.685,3.794,3.913,4.025,4.095,4.179,4.205,4.444,4.549,4.619,4.805,4.989,5.103,5.142,5.305,5.328,5.369,5.51,5.517,5.521,5.552,5.559,5.629,5.714,5.765,5.808,5.835,5.87,5.902,5.914,5.919,5.969,5.991,6.018,6.063,6.097,6.143,6.153,6.195,6.219,6.252,6.257,6.269,6.312,6.327,6.35,0.00010441,0.00010268,0.00063321,0.00065816,2.29e-06,0.00015226,0.0006074,0.00032832,5.122e-05,0.03344513,0.00164775,0.00074436,0.0007347,5.616e-05,0.12031478,0.00026332,0.00034772,8.26e-06,0.00016954,0.18705733,0.00092394,0.00975324,0.28709104,0.2346718,2.049e-05,0.01315853,0.00305109,2.066e-05,0.02522077,0.00228586,0.00878902,0.0101845,0.00239104,0.00454571,2.765e-05,0.00555805,0.08626251,0.00033559,0.00016991,0.00334431,0.00047088,1.687e-05,0.00406656,0.00059991,0.0011859,0.00086607,0.00215646,0.0006325,0.00058439,0.00658762,-898289.9999996868,-0.5811464795364188,0.6505304572885067,-0.0462471733867298,0.7602294503206802,4
7078098,7078098,CON=C(NCC(=O)NC(C)C)Nc1cnc2c(c1)COCC2,3.216,3.74,3.801,4.181,4.266,4.336,4.479,4.57,4.641,4.762,4.769,4.77,4.912,5.042,5.193,5.236,5.469,5.579,5.611,5.743,5.85,5.875,5.887,6.037,6.05,6.103,6.187,6.217,6.28,6.302,6.321,6.405,6.483,6.561,6.566,6.641,6.738,6.761,6.796,6.88,6.89,6.941,6.996,7.028,7.058,7.086,7.101,7.176,7.199,7.212,0.00535052,0.00291969,0.04387751,0.00045162,0.14360716,0.00079919,0.00061025,0.03340719,0.06189598,0.00950053,0.00057048,0.00363748,0.02580477,0.11570813,0.02522675,0.00360252,0.06297884,0.00536208,0.035107,6.239e-05,0.01301955,0.17359136,0.02319426,0.04016109,0.01290904,0.05402062,0.00101184,0.00618705,0.0031344,0.06097831,0.00369166,0.08706342,0.0128395,0.05211805,0.0030533,0.00173569,0.05163983,0.00793493,0.00051107,0.00421145,0.06711939,0.03089241,0.00238544,0.03925363,0.01953601,0.09712267,0.0257404,0.00847737,0.04268424,0.04313974,1832580.9999993609,3.4839038972423557,0.945068020272465,0.489512163888151,0.114406099293747,3
9840350,9840350,Cc1nonc1C(=O)N1CCN(Cc2ccccc2)C(C)(C)S1,3.023,3.238,3.615,3.628,3.695,3.719,3.921,3.96,3.984,4.239,4.287,4.35,4.373,4.4,4.578,4.592,4.656,4.819,4.923,4.945,5.029,5.106,5.208,5.234,5.268,5.349,5.404,5.439,5.495,5.505,5.532,5.543,5.586,5.638,5.743,5.798,5.848,5.881,5.896,5.908,5.919,5.982,6.012,6.066,6.09,6.1,6.113,6.145,6.162,6.185,0.0091587,0.00075537,0.00282603,0.00429274,0.00015294,0.0001277,0.02408024,0.00014205,0.00083042,0.00373704,0.00905077,0.0003609,7.87e-06,0.0010655,0.00048505,0.04764019,0.00033134,0.00378542,0.00059825,0.00035602,0.00011073,0.01379434,1.531e-05,0.00081087,0.04776359,3.485e-05,0.00415415,0.00099135,0.02941787,0.00074896,0.00126892,0.00163167,0.02565963,0.00018308,0.00235732,0.00716546,0.00164222,0.0018339,0.00093104,0.01857921,0.00172016,0.00095059,5.246e-05,0.01316493,6.266e-05,0.03089885,0.00066938,0.00777117,0.00049482,0.00169851,4594832.999998397,-1.992567514892021,0.4335765446289426,0.3262552120221433,0.2400168170201387,1
2240723,2240723,Cn1cccc1C(=O)NCc1cc(O)nc(CNCCNC(=O)c2cnco2)n1,3.524,3.62,3.709,3.798,3.972,4.029,4.086,4.098,4.122,4.151,4.165,4.191,4.223,4.312,4.323,4.341,4.463,4.512,4.562,4.591,4.644,4.66,4.7,4.727,4.735,4.79,4.799,4.817,4.839,4.887,4.969,5.004,5.089,5.162,5.181,5.196,5.293,5.311,5.315,5.345,5.397,5.397,5.4,5.541,5.577,5.668,5.731,5.737,5.752,5.789,3.67e-05,0.00262684,0.00037351,4.08e-06,0.00298293,6.22e-06,1.914e-05,3.563e-05,0.00012569,7.56e-06,0.00337209,0.00055247,0.00015245,2.062e-05,0.0038932,4.346e-05,0.00010738,0.00221216,0.00260032,0.00017837,0.00033395,0.0004119,0.00844913,0.00034336,0.00114044,0.03454954,0.0120064,0.00109468,0.03804226,0.00019848,3.818e-05,0.00063703,0.02270646,0.00047055,0.16226013,0.06356627,0.26748882,0.00159242,0.07047092,0.00100137,0.00602322,0.02007406,0.00025834,0.05744275,1.42e-05,2.023e-05,4.391e-05,8.45e-06,2.7e-07,1.035e-05,-3004793.999998949,-4.495842987446175,-1.2320063385705144,0.5762163741487826,-0.2812826872625339,0
7682008,7682008,CC(CN)Cc1ncc(NC(=O)N2CCN(c3nccc4ccccc34)CC23CCCCC3)cn1,2.669,2.813,2.879,3.097,3.191,3.403,3.414,3.618,3.64,3.683,3.762,3.891,3.902,3.994,4.04,4.1,4.15,4.158,4.226,4.244,4.248,4.285,4.458,4.51,4.523,4.594,4.609,4.628,4.677,4.68,4.724,4.814,4.816,4.848,4.879,4.893,4.922,4.938,4.951,5.024,5.049,5.092,5.101,5.154,5.173,5.193,5.194,5.221,5.298,5.321,0.0343348,0.00032351,0.00132879,3.504e-05,0.00078911,0.00428338,0.04811746,1.024e-05,0.00016679,0.00135119,0.00382691,8.993e-05,2.222e-05,0.00069803,0.02403783,0.00788694,0.00190763,0.02111021,0.00177604,3.009e-05,0.00097116,0.00082774,0.02452282,0.02201984,0.00226218,0.01343556,0.01801545,0.01988542,0.04337116,0.0019092,0.00016186,0.00042265,0.00033428,0.00021808,0.01283253,4.093e-05,3.91e-06,0.02856026,0.35675418,0.00196101,2.869e-05,0.00054626,0.00054831,6.702e-05,0.00685891,0.00032248,0.00272639,0.00397629,0.00078605,0.0001114,2436490.999999152,-7.11873053834826,0.0069602901137337,-0.0773342906065291,-0.0014106084988312,3
9120831,9120831,O=C(COCCCn1c(=S)[nH]c2ccccc2c1=O)NCCc1n[nH]c(=S)n1C1CC1,1.578,1.686,1.955,2.063,2.575,2.635,2.952,3.011,3.053,3.09,3.161,3.439,3.491,3.683,3.802,3.808,3.868,3.89,3.968,4.05,4.075,4.11,4.172,4.191,4.231,4.266,4.296,4.376,4.477,4.484,4.514,4.608,4.645,4.682,4.739,4.8,4.807,4.83,4.891,4.916,4.966,5.022,5.029,5.074,5.112,5.122,5.132,5.184,5.189,5.19,1e-08,1.7e-07,5e-08,5.6e-07,3.596e-05,7.625e-05,8.28e-05,2.397e-05,0.0,0.00985551,1e-08,0.0001225,4.13e-06,8.028e-05,0.00434519,0.00981184,0.00047063,0.15528478,0.01516732,0.00016481,2.286e-05,0.00040282,0.01107282,1.189e-05,4.58e-06,0.00371598,0.0560608,1e-08,0.06252627,2.09e-06,1.991e-05,3e-07,2.8e-07,0.00147058,4.02e-06,0.13187979,0.00399754,0.00486415,1.399e-05,0.00174215,1.59e-06,1.65e-06,0.21588222,0.00179826,1.619e-05,0.04044858,1.758e-05,0.01009212,0.00306521,0.05088551,3875313.999998648,-9.06815133644992,2.170556729128481,-0.3525938385757615,-0.1077698127060617,1
8627852,8627852,CCc1c(NCC(NCCCc2cc(N)n(-c3ccccc3)n2)OO)cnn1-c1ccc(F)cc1F,2.515,2.668,2.8,2.94,3.321,3.613,3.644,3.716,3.762,3.776,3.878,3.882,3.922,3.937,3.962,3.997,4.085,4.093,4.131,4.203,4.262,4.275,4.33,4.451,4.651,4.658,4.684,4.834,4.867,4.906,4.915,4.936,4.966,4.974,5.008,5.037,5.039,5.047,5.067,5.079,5.224,5.28,5.29,5.351,5.36,5.368,5.387,5.402,5.412,5.432,0.02071967,9.3e-07,7.2e-07,0.08694803,6.71e-06,0.00015744,1.407e-05,0.00256679,5.63e-06,0.02278745,0.00330541,0.00722098,0.05895212,0.00333366,4.271e-05,0.00019303,7.43e-06,5.4e-06,7.665e-05,0.00135413,0.00017297,0.00672264,0.20808968,0.2955836,0.00011881,2.034e-05,0.00342612,0.03414279,0.03368921,0.0032897,0.00018798,0.00016424,8.099e-05,6.583e-05,0.00140291,0.00244899,0.00202196,0.00016695,8.529e-05,3.065e-05,0.04390687,1.84e-05,6.529e-05,0.00323506,0.00037419,9.11e-06,8.787e-05,1.387e-05,1.711e-05,0.00754257,3382334.99999882,-6.545680138955188,0.3537412807747798,0.1160128123592046,-0.3678350565528275,1
2918400,2918400,CC(C)NCCN(C)CCCn1c(N(C)CCCc2ccccc2)nnc1C(C)(C)C,3.572,3.614,3.938,3.979,4.092,4.134,4.141,4.183,4.652,4.696,4.917,4.959,5.153,5.195,5.213,5.381,5.564,5.571,5.729,5.989,6.049,6.071,6.113,6.148,6.166,6.182,6.186,6.19,6.203,6.209,6.229,6.243,6.339,6.342,6.383,6.386,6.414,6.428,6.452,6.455,6.49,6.496,6.544,6.577,6.595,6.615,6.653,6.691,6.708,6.725,0.00011348,0.00040887,2.9e-07,2.9e-07,9e-08,2.51e-06,9.19e-06,0.00010906,0.00041786,0.00200324,7.1e-06,9.73e-06,1.286e-05,4.429e-05,0.00302349,0.04725481,0.02827216,0.00010873,0.00047074,0.00439621,0.10938169,4.564e-05,4.491e-05,0.00175308,0.00078587,1.808e-05,0.0011153,0.00134127,0.003957,0.00084241,0.00074997,0.00327818,6.861e-05,0.00868522,0.01155702,0.00852289,0.06751714,0.00599268,0.11813992,0.00446735,0.0716512,0.01468062,0.11033994,0.0586789,0.09902108,0.04814322,0.03690139,0.06407088,0.00046709,0.07456917,-2327116.9999991874,2.511897107271476,0.238480180139081,-0.5410917253454116,1.0663042019496227,0
3308600,3308600,CCNC(=N)NCCCN1CCN(C(=O)CCC2=NN=CNC3=C2CCCC3)CC1,3.131,3.433,3.521,3.61,3.861,3.911,4.201,4.52,4.596,4.841,5.044,5.188,5.269,5.29,5.36,5.369,5.451,5.534,5.598,5.625,5.66,5.663,5.786,5.848,5.925,5.952,5.981,6.031,6.034,6.039,6.077,6.085,6.119,6.163,6.207,6.216,6.26,6.27,6.277,6.339,6.354,6.391,6.404,6.453,6.455,6.497,6.572,6.619,6.638,6.687,0.00104678,1.323e-05,0.00023643,5.65e-06,6.755e-05,0.01229793,6e-08,1.28e-06,0.02241528,0.00194424,0.0024842,0.00031597,0.0017423,0.00363141,7.37e-06,0.00106688,0.00085911,0.00255145,0.00260378,0.00066461,0.00011621,0.0689486,0.00447821,0.01855449,0.08297727,6.086e-05,0.00734649,0.00032869,0.0098622,0.00027261,0.00022333,0.01319688,0.00141352,1.93e-05,4.46e-06,0.00094605,0.00105327,0.00043815,0.00240835,0.03377775,0.00290205,2.5e-07,0.0193355,0.00016236,0.00336497,0.00069329,0.02662067,0.01924902,0.02990814,0.17514383,-1936916.9999993253,1.5918560930610206,0.3842921267103361,-0.954415295386302,0.3075812934975724,0
6307385,6307385,C=CC(C)(C)CNC(=O)CCCCC(=O)Nc1cccc(CN)c1C,3.174,3.388,3.701,3.914,4.224,4.4,4.534,4.597,4.606,4.662,4.758,4.802,4.872,4.972,5.123,5.186,5.319,5.403,5.413,5.454,5.458,5.586,5.623,5.706,5.78,5.825,5.855,5.875,5.959,5.991,6.022,6.056,6.068,6.102,6.207,6.248,6.266,6.279,6.316,6.336,6.394,6.395,6.423,6.462,6.483,6.539,6.547,6.548,6.607,6.625,1.227e-05,5.4e-07,7.542e-05,5.07e-06,0.00028154,0.00161774,0.00188087,8.104e-05,0.00157676,0.00533285,0.00039948,0.01458862,0.27143533,9.451e-05,3.374e-05,7.05e-06,6.92e-06,0.05920561,0.04221864,0.00018123,4.41e-05,1.105e-05,0.00192196,0.29009865,0.00286858,0.00648924,0.0001396,6.757e-05,0.00687828,0.00282434,0.127078,0.01611152,0.0005605,0.00395326,0.00672762,0.00312861,8.851e-05,0.01093143,0.00242507,0.00415488,1.876e-05,0.00123243,0.00092397,0.00275527,0.00666674,0.00094211,0.00044004,0.00302808,0.00407798,0.00087786,1061867.999999628,1.2377022217908202,0.1284156694716215,-0.2321426549428328,-0.0378908117544109,3
3200421,3200421,CCn1c(CCNC(=O)CC2CCN(Cc3csc(C)n3)CC2)nnc1NC,2.871,3.276,3.388,3.86,4.077,4.488,4.665,4.736,4.77,4.843,5.002,5.16,5.234,5.241,5.302,5.359,5.383,5.406,5.519,5.526,5.602,5.63,5.641,5.666,5.714,5.819,5.836,5.98,5.99,6.055,6.09,6.113,6.144,6.208,6.209,6.29,6.326,6.329,6.377,6.396,6.456,6.507,6.511,6.543,6.555,6.618,6.627,6.629,6.695,6.703,1.02e-05,0.00096196,7.924e-05,5.72e-06,6.23e-06,3.82e-06,8.3e-07,0.00169988,0.06702687,0.00120513,6.33e-06,0.00014596,0.00262671,0.00026721,2.111e-05,0.00063335,0.0025324,0.00089734,8.96e-05,3.02e-05,0.00068644,0.05270258,0.00232812,0.10491971,0.02072319,0.0004669,0.00083546,0.000765,3.38e-06,0.00051377,7.9e-07,5.767e-05,0.00134657,3.35e-05,0.00028483,9e-08,8.515e-05,0.00506412,7.682e-05,8.25e-06,0.0003468,5.92e-06,5.916e-05,0.0003435,3.303e-05,3.763e-05,0.00079482,0.0043133,0.0165973,8.974e-05,-2045095.9999992875,1.7282918403747152,0.3008336261740856,-0.7500727770561563,-0.477613982204341,0
5123943,5123943,COc1cc(CN(C)C(=O)OCc2ccc3c(c2)CCCN3C(C)=O)ccc1O,3.604,3.641,3.831,3.868,3.993,4.03,4.132,4.167,4.255,4.331,4.454,4.502,4.56,4.595,4.632,4.635,4.636,4.643,4.773,4.823,4.918,4.945,4.95,4.962,5.047,5.189,5.351,5.375,5.418,5.493,5.593,5.616,5.722,5.748,5.772,5.809,5.844,5.895,5.918,5.919,5.953,5.972,6.004,6.106,6.113,6.13,6.148,6.152,6.171,6.198,0.00031162,5.117e-05,0.00095107,0.00036189,0.0009039,0.0005464,7.438e-05,0.00032831,0.02019019,0.00110595,0.00161925,0.00324146,0.26522374,0.00412069,0.00177034,0.02055903,0.05511077,0.00087811,0.01239473,0.0211336,0.00163923,1.575e-05,0.00198849,0.00020289,0.07832523,6.925e-05,0.00032997,0.02312124,0.00029281,0.0004767,0.01786761,2.865e-05,0.00452832,0.17227074,0.00034523,3.217e-05,0.09963277,0.01939583,0.00445178,0.01187497,0.00047713,0.00428371,0.00280753,0.04938781,0.01153289,0.10501885,0.0014811,0.0041345,0.00274133,0.22940784,-121573.99999995636,-1.7641197989139437,-0.4058132439755206,0.82330448385066,-0.0942788578984515,4
8864104,8864104,CC(=O)OCC(C)(C)C(=O)NCCN(C)CNC(=O)CCc1ccccc1C,4.089,4.113,4.405,4.547,4.561,4.571,4.827,4.847,4.852,4.865,4.872,5.022,5.129,5.145,5.167,5.289,5.304,5.314,5.322,5.323,5.393,5.468,5.477,5.504,5.528,5.552,5.609,5.706,5.762,5.822,5.933,6.121,6.144,6.146,6.161,6.185,6.244,6.265,6.296,6.411,6.437,6.455,6.559,6.561,6.59,6.594,6.633,6.713,6.763,6.787,0.00092013,0.00022732,1.592e-05,0.00019466,0.00049882,4.717e-05,5.41e-05,7.01e-06,8.234e-05,0.00056117,3.688e-05,0.00072649,0.00232156,0.00032591,0.0005976,9e-08,0.00064041,1e-08,2.02e-06,0.00082051,0.00011205,0.02435726,1.205e-05,4.428e-05,3.793e-05,5e-07,0.00011354,9.4e-07,0.00025646,9.67e-05,0.00378572,0.00234928,0.00028948,0.00010506,1.507e-05,1.014e-05,0.00258978,0.00404175,0.05212826,0.24031486,5.237e-05,0.43353155,2.48e-06,0.05875314,0.0008767,1.507e-05,0.00976234,0.00032155,0.00396055,0.00963309,3618586.9999987376,1.6739487010450909,-1.2097733368174548,0.6699220618260535,-0.3672074618666722,1
2738007,2738007,CCc1ccc(NC(=O)N2CCC(c3nnc(S)n3CC)CC2)n1Cc1cccc(S(N)(=O)=O)c1,1.799,2.191,2.569,2.887,2.918,2.961,3.104,3.279,3.31,3.424,3.499,3.816,4.173,4.186,4.224,4.251,4.289,4.355,4.435,4.577,4.639,4.718,4.746,4.757,4.8,4.861,4.969,4.988,4.996,5.06,5.11,5.117,5.126,5.188,5.2,5.206,5.245,5.256,5.316,5.325,5.378,5.38,5.398,5.408,5.412,5.43,5.486,5.509,5.528,5.529,3.1e-07,9.965e-05,8.273e-05,1.71e-06,7.36e-06,6.335e-05,4.312e-05,2.133e-05,1.609e-05,2e-08,0.00202516,3e-08,0.02379615,0.0002136,6.136e-05,0.00265741,3.752e-05,2.976e-05,0.00065565,5.64e-06,0.00155586,1.33e-05,3.82e-05,5.055e-05,0.00175804,0.00549471,0.01038294,0.01072536,0.00400211,0.00014155,0.00439674,0.14256586,0.31775707,7.769e-05,0.00812839,0.00073329,0.00192277,0.00311004,0.00095845,0.00056378,1.893e-05,0.01221096,0.00078035,1.078e-05,0.0013449,0.00170967,0.00075857,0.00628501,4.35e-06,0.00032309,-2507509.999999124,-5.93284861981067,1.7431830595101183,-0.6080629373805418,0.4397769277436996,0
8550496,8550496,O=C1NCCN1Cc1ccc(CNCC=Cc2ccc(N3CCCCC3)cc2F)cc1,3.62,3.735,3.75,3.829,3.89,3.916,3.931,4.047,4.048,4.119,4.13,4.158,4.257,4.274,4.308,4.321,4.448,4.567,4.583,4.702,4.709,4.936,4.971,4.986,5.068,5.1,5.106,5.138,5.168,5.276,5.291,5.31,5.348,5.491,5.497,5.511,5.551,5.746,5.756,5.806,5.844,5.85,5.859,5.997,6.051,6.085,6.099,6.133,6.144,6.155,7.21e-06,0.00024191,0.00017413,0.00016084,0.22176899,0.00672155,0.0070886,0.02172502,0.00019825,0.05465124,0.00296315,0.02506309,1.748e-05,0.00033294,0.00090089,0.00034544,0.00059444,4.425e-05,0.00052321,1.791e-05,0.00025114,0.0819232,0.00067243,0.00076148,0.00033671,0.00286669,0.05149554,0.00126191,0.00358385,3.613e-05,5.615e-05,8.46e-06,0.0157058,0.05969513,0.00084504,0.01168995,0.00553176,0.02325658,0.00349972,0.01485395,5.13e-05,0.00049673,0.00011612,0.11379834,0.00122401,0.0001525,0.00030049,0.04179681,0.00053965,0.0602854,3304978.9999988484,-2.881831354700488,-0.3498746417379518,1.2115263934572034,0.0082195985988069,1
1497305,1497305,C=CCN1C(=O)C(CO)N(c2ccccc2C(=O)Nc2n[nH]c3cc(OC)ccc23)C1=O,3.361,3.517,3.671,3.713,3.873,3.876,3.948,3.981,3.986,4.086,4.129,4.149,4.166,4.226,4.306,4.328,4.37,4.405,4.525,4.54,4.572,4.603,4.622,4.658,4.691,4.705,4.777,4.795,4.83,4.852,4.874,4.929,4.992,5.0,5.01,5.031,5.037,5.058,5.079,5.106,5.149,5.194,5.258,5.278,5.282,5.282,5.311,5.352,5.393,5.402,0.01664136,6.753e-05,0.0442275,0.01097794,0.00112223,1.13e-06,0.0005501,0.00429786,0.01040911,0.00124113,0.00376427,0.00141342,6.681e-05,0.00089403,0.05772585,4.42e-06,0.00121214,0.0273487,2.8e-06,0.00172024,0.00054448,0.00120602,0.03340691,0.00100097,0.00016685,0.14737359,0.00813857,0.00080138,0.00017705,0.00125379,0.00465236,0.01357317,0.0014031,0.00053931,0.00543097,0.0952025,0.01196593,0.31377669,0.00796845,0.01045844,0.0007132,0.0020053,0.00182393,0.00365894,0.00010166,6.996e-05,0.00016497,8.7e-07,0.09857045,0.01044623,-3748211.9999986906,-5.529558572611305,-1.4475324820599031,0.1069038393324945,0.0302120924143239,2
5388990,5388990,CC(=O)NC1CCN(C(=O)c2ccccc2NC(=O)c2cccs2)CC1,3.082,3.083,3.247,3.495,3.521,3.668,3.67,3.802,3.855,4.124,4.239,4.282,4.292,4.294,4.395,4.41,4.454,4.484,4.565,4.715,4.788,4.938,5.014,5.085,5.243,5.387,5.389,5.392,5.399,5.414,5.461,5.471,5.522,5.529,5.537,5.539,5.565,5.566,5.604,5.641,5.663,5.688,5.696,5.772,5.809,5.824,5.912,5.943,5.964,6.051,0.00115001,0.0006109,0.00395982,0.04458157,0.06479382,0.00024195,0.00336307,0.00012293,0.00278284,0.06379236,0.0172387,0.07071394,0.00128901,0.01465744,0.04138314,0.00166851,0.07311185,0.03549576,0.08298698,0.00518159,0.01232974,0.07621694,0.00100018,0.00959189,0.01623409,0.00167143,0.00022734,1.549e-05,0.00026092,0.00667292,0.01156361,0.00468326,0.09178511,0.00056815,0.00063623,5.627e-05,0.00210665,0.05192434,0.00043087,3.95e-05,0.01770246,0.0030205,0.00706449,0.00093976,0.00160065,0.00109751,0.17022757,0.00695796,0.01815838,0.00151345,143472.99999995306,-3.2334554245609324,0.419251826550149,0.22736293293208,0.3847835895404776,4
9694256,9694256,O=C(NCCCc1nc(O)nc(=O)[nH]1)c1cnc(-c2cccnc2)s1,2.146,2.608,2.729,3.193,3.29,3.353,3.427,3.485,3.652,3.677,3.815,3.888,3.936,3.947,4.015,4.114,4.235,4.307,4.362,4.393,4.398,4.412,4.497,4.501,4.533,4.556,4.628,4.635,4.699,4.722,4.786,4.816,4.913,5.007,5.021,5.027,5.095,5.107,5.222,5.225,5.277,5.318,5.374,5.396,5.406,5.45,5.482,5.521,5.523,5.556,8.304e-05,9.654e-05,2.892e-05,0.00010217,0.00148136,6.02e-06,0.0058152,2.66e-06,0.00780938,0.53852401,4.52e-06,2.192e-05,2.2e-07,7.17e-06,7.5e-07,8.85e-06,1.74e-06,0.00318648,0.01853597,2.731e-05,0.00112387,0.01037799,0.00498642,0.00892097,1.848e-05,0.03021975,2.201e-05,4.58e-05,6.381e-05,0.00024748,0.01036768,0.02101791,4.6e-07,0.00166654,4.428e-05,0.00232013,0.00153093,0.0014153,9.4e-07,6.62e-06,0.05065034,0.0023001,5.64e-06,0.00158708,0.00759141,0.00027075,0.00024842,4.65e-06,8.155e-05,0.00019056,4448738.999998451,-6.444281665312305,0.718891093026942,-0.0442737230411453,-0.3759182215512132,1
3359446,3359446,COc1ccc(CCC2(C(=O)NCC3(N)Cc4ccccc4C3)CCC2)cc1OC,3.36,3.473,3.862,3.975,4.356,4.426,4.469,4.49,4.507,4.538,4.798,4.821,4.927,4.978,5.1,5.225,5.292,5.305,5.334,5.442,5.48,5.553,5.563,5.591,5.639,5.666,5.672,5.752,5.763,5.859,5.865,5.876,5.877,5.886,5.894,5.951,5.999,6.041,6.046,6.063,6.142,6.154,6.159,6.161,6.182,6.193,6.208,6.232,6.256,6.276,0.00010215,6.045e-05,1.076e-05,2.629e-05,0.00339233,1.494e-05,0.00284484,0.08390462,0.00126283,0.00037655,0.00052454,0.00139156,0.12684497,0.00024415,0.01089219,0.00016128,6.933e-05,0.00060085,0.00086954,0.00896772,0.0027366,2.463e-05,0.00013515,0.00017791,0.00012234,9.246e-05,0.04886058,0.0001076,0.00029581,0.00064252,0.0006525,0.00040703,0.00068948,9.782e-05,0.00015863,0.00075305,2.609e-05,0.00427603,0.3735179,0.00050066,0.00454429,0.00654063,0.08641418,0.00919456,0.0218883,2.95e-05,0.00139957,0.01113634,0.00393785,0.04336918,-1886070.999999343,0.2091931138109131,-0.6299125515184721,-0.5217878605867454,0.1948380636693966,0
6749102,6749102,COCOS(=O)(=O)c1ccc(NS(=O)(=O)NCc2cccc(-c3ccccn3)c2)cc1F,3.554,3.71,3.791,3.821,4.037,4.073,4.2,4.253,4.352,4.386,4.393,4.47,4.484,4.542,4.55,4.588,4.596,4.601,4.603,4.609,4.633,4.643,4.675,4.701,4.737,4.8,4.806,4.815,4.85,4.854,4.863,4.953,5.042,5.063,5.114,5.123,5.141,5.179,5.181,5.193,5.197,5.217,5.233,5.268,5.298,5.34,5.343,5.356,5.377,5.38,2.41e-06,0.00401588,0.00070657,0.00055191,0.00038711,0.00063705,0.31639308,0.04548083,0.00348829,0.00300339,0.00015359,0.26946267,0.00307029,0.0029545,0.00146475,0.04917849,0.00546973,0.01181864,0.02170933,0.03581138,0.0080805,0.00696944,0.00086361,0.00105245,0.00140079,1.125e-05,0.01996962,0.00892202,0.00479927,0.00102479,0.00178799,0.00259065,0.01040823,0.00916288,0.02923123,7.094e-05,0.03417717,0.00010124,0.00542687,0.00358853,1.91e-06,0.00128448,4.262e-05,1.082e-05,0.000287,8.998e-05,0.00097412,0.0110001,0.00110222,0.01565346,1503584.999999476,-4.800226912294309,-2.0599328445592526,-0.2353958789066224,-0.2241924583490508,3
1065628,1065628,CCC(C)(CCNC(=O)c1nc(-c2cccs2)n(-c2ccccc2)n1)OC,2.608,2.97,3.156,3.262,3.3,3.524,3.665,3.793,3.846,3.946,4.036,4.059,4.088,4.253,4.285,4.443,4.503,4.55,4.576,4.649,4.685,4.735,4.776,4.814,4.832,4.887,4.901,4.954,4.983,5.047,5.053,5.097,5.166,5.183,5.193,5.247,5.285,5.301,5.321,5.366,5.392,5.488,5.501,5.511,5.54,5.562,5.582,5.606,5.651,5.667,0.00174276,0.00066303,0.00107822,0.00064545,5.98e-06,0.00126189,4.59e-06,0.15494606,0.00307711,0.00012478,0.00241511,0.00054936,0.00121251,0.00546913,0.0004885,0.01044439,0.01898691,0.02589083,0.27565455,0.05242321,0.0249203,0.00584129,0.00110362,9.197e-05,0.00665994,0.01429351,0.09347454,0.00153822,0.01014483,0.06703885,0.04468425,0.00016992,0.00181269,0.02041075,0.02021827,0.03327982,0.00343559,0.00273878,0.00536818,6.055e-05,0.00240947,0.00332587,0.00051195,0.00011795,0.02240911,0.00186583,0.02956818,0.00064117,0.00114918,0.00113136,-4179888.999998541,-4.9253738296587,0.2414975004520731,-0.211425289187806,0.0601118196817532,2
85454,85454,COCc1ccc(CNS(=O)(=O)C2=C(C(=O)OC)CCC2)cc1OC,3.013,3.103,3.541,3.649,3.862,4.386,4.414,4.516,4.65,4.673,4.839,4.844,4.868,4.952,4.952,5.042,5.108,5.16,5.241,5.248,5.308,5.347,5.379,5.414,5.493,5.544,5.621,5.683,5.695,5.784,5.81,5.841,5.849,5.934,5.944,6.007,6.016,6.04,6.083,6.1,6.129,6.176,6.193,6.197,6.205,6.221,6.243,6.259,6.273,6.4,0.00164531,6.73e-06,0.0168039,0.00135041,0.00029592,0.00481738,0.00022606,0.00838724,0.01766062,0.0600208,0.00509617,0.0043949,0.00731933,0.00806612,0.0020255,0.01389186,0.0652827,0.09212619,0.04177744,0.00838993,0.02035012,0.0104335,0.00824032,0.00013594,0.01349443,0.00138914,0.00177608,0.01363351,0.00066522,0.00023396,0.00329249,0.01737443,0.01206922,0.01506495,0.00196686,0.05113635,0.05351914,0.00463044,0.00261249,0.17837844,0.04914087,0.00643751,0.00617945,0.0028352,0.00520486,0.08662567,0.1435862,0.03804668,0.00128539,0.03782192,-5160062.999998201,-0.1880793775475944,0.0104681985984202,-0.5689544490337403,-0.3113325502660422,2
5194209,5194209,C=CCCCCCN1CC(NC(=NC)NCCC(C)(C)F)C1,4.326,4.383,4.818,5.304,5.607,6.033,6.296,6.469,6.592,6.604,6.687,6.811,6.893,6.905,6.954,7.046,7.047,7.136,7.357,7.433,7.486,7.564,7.648,7.693,7.717,7.76,7.85,7.932,7.937,7.99,8.037,8.068,8.14,8.17,8.205,8.211,8.284,8.335,8.383,8.546,8.577,8.614,8.661,8.679,8.688,8.812,8.84,8.874,8.902,8.964,3.212e-05,2.31e-05,1.307e-05,0.00015109,0.00208462,0.00289891,0.00701651,0.00038918,0.00153091,0.17307694,0.05851413,0.00061303,0.00140826,0.21649329,0.00078673,0.00169974,0.0073502,0.15387139,0.00063083,0.00089971,0.01860095,0.00212524,0.00489401,0.00067142,0.00422506,0.01668486,0.01858178,0.02316162,0.00116699,0.00083691,0.00296568,0.01134593,0.00430386,0.00320926,0.00567687,0.0001768,0.00644883,0.01202651,0.00054788,0.00092731,4.784e-05,0.00408629,0.00050799,0.00708489,0.00012921,0.000119,0.00040574,0.00056272,0.00078918,0.00090063,-51307.9999999916,15.106287720867202,0.0188720257239504,-0.6767408725310168,-0.5813505488503371,4
141437,141437,Cc1cc(CCNC(=O)C(=O)Nc2cccc(C(N)=O)c2C)no1,3.063,3.232,3.544,3.72,4.094,4.114,4.242,4.253,4.262,4.267,4.377,4.437,4.497,4.551,4.671,4.677,4.699,4.734,4.784,4.994,5.023,5.031,5.133,5.213,5.263,5.305,5.446,5.47,5.502,5.561,5.583,5.594,5.622,5.649,5.653,5.677,5.755,5.791,5.817,5.827,5.83,5.987,6.053,6.094,6.155,6.168,6.174,6.223,6.227,6.243,3.848e-05,0.00033739,0.00028352,0.00112931,0.006134,0.21452756,0.00046053,0.00905348,1.696e-05,1.51e-05,0.02340277,0.00023803,0.02556581,0.00068636,0.01873487,5.478e-05,0.02841514,0.00396248,0.00042103,0.00852017,1.954e-05,0.00038722,0.00770662,0.00036167,5.6e-06,1.602e-05,0.00133743,9.39e-06,3.57e-06,0.01152085,0.00199357,0.36439089,0.00273603,0.00379235,0.04823415,0.02018138,0.00108886,0.00745711,0.00144236,0.00231405,0.0118033,0.00049073,0.00082397,0.0455599,0.00735098,0.09739601,0.08952083,0.04069909,0.00028203,0.09634884,-5104079.999998219,-1.7478099452837172,0.0079043423270758,0.2631411974645986,-0.2577183513577379,2
8131908,8131908,Cc1ccccc1Cc1nnc(N(C)Cc2cccc(=O)[nH]2)n1CCCCCCO,2.831,3.205,3.289,3.376,3.736,3.882,3.903,3.938,4.054,4.075,4.159,4.209,4.24,4.273,4.309,4.349,4.384,4.428,4.459,4.477,4.508,4.528,4.614,4.698,4.782,4.892,4.992,5.028,5.086,5.12,5.124,5.166,5.183,5.211,5.238,5.245,5.247,5.264,5.289,5.299,5.45,5.462,5.515,5.563,5.572,5.606,5.619,5.626,5.631,5.697,7.408e-05,0.00086947,0.00014387,0.0047566,0.02745449,3.85e-05,6.75e-06,8e-07,0.00069758,0.04061025,0.00077454,0.00175379,0.00049094,0.00016412,8.9e-06,2.073e-05,1.01e-05,0.00301198,4.03e-05,0.00438487,5.649e-05,9.125e-05,0.00137975,0.00269501,0.00183981,3.833e-05,1.216e-05,8.3e-07,0.00628876,0.00117679,0.0009917,0.00112153,6.8e-07,0.00010651,0.00371309,0.03748766,0.0004112,0.00191811,5.824e-05,0.00057352,0.01964577,0.00036287,0.0025785,0.01359851,0.02079064,0.00396773,0.00521674,0.0010176,0.0009914,0.00043649,2886390.999998993,-4.714810830726182,-0.3232603445767266,0.1069846686253215,-0.3171742160439618,3
2967412,2967412,CCOc1cc(C(=O)NN=Cc2cc(-c3cccnc3)[nH]n2)no1,3.098,3.215,3.287,3.422,3.472,3.659,3.872,3.974,4.013,4.11,4.114,4.202,4.245,4.31,4.373,4.444,4.454,4.491,4.593,4.655,4.689,4.933,4.964,5.051,5.055,5.072,5.133,5.154,5.181,5.229,5.251,5.265,5.276,5.315,5.333,5.372,5.393,5.422,5.499,5.515,5.582,5.703,5.72,5.766,5.805,5.919,5.93,5.987,6.02,6.066,7.568e-05,0.01202357,7.57e-06,4.58e-06,0.00010789,0.00021578,0.36711864,0.01293385,0.03490423,1.921e-05,0.00131799,0.03857277,0.03195657,0.00201069,0.03829764,0.06623922,0.02652198,0.37794841,0.03867695,0.0196103,0.01055213,0.00244986,5.447e-05,0.00063182,0.10292725,0.00028631,8.142e-05,0.00264871,0.00127749,0.00528935,0.00812862,0.00185169,0.00770389,1.443e-05,0.01357874,0.00072968,0.00079365,0.01416253,4.9e-07,0.00959081,0.07982768,0.00639947,0.00269406,0.01166636,0.01203001,0.01261126,0.04946801,1.76e-06,0.00990285,0.00058944,-2278104.999999204,-3.679402262597381,0.1474414394822808,0.3028589809583498,0.0012800607720358,0
9613915,9613915,O=C(OCc1cccc(N2CCCC2=O)c1)C1=CC1,3.441,3.511,3.706,4.201,4.283,4.418,4.447,4.462,4.515,4.804,4.86,4.919,4.996,5.035,5.127,5.234,5.236,5.306,5.467,5.552,5.68,5.746,5.839,5.84,5.879,5.903,5.928,5.976,6.034,6.168,6.175,6.248,6.286,6.4,6.423,6.477,6.505,6.524,6.596,6.604,6.665,6.714,6.768,6.783,6.826,6.873,6.888,6.949,6.991,7.019,0.00013377,0.00031188,5.957e-05,0.00068784,0.00064737,0.00143157,0.00453828,0.02121331,0.00485464,0.23942995,0.15005153,0.00628715,0.00898385,0.08633722,7.431e-05,0.00369148,0.00493773,0.00423483,0.000348,0.02812778,0.00026201,0.00571834,0.09348665,0.08084168,0.01325701,0.00178994,5.24e-05,0.04911246,0.048116,0.00077682,0.00408011,0.00494939,0.07030928,8.08e-05,0.00524587,0.00347423,0.00166656,0.00033542,0.0087448,0.00136177,0.0019017,0.01411606,0.01598606,0.00635419,0.0100231,0.0023881,0.00816693,0.03505697,0.10478775,0.07866104,4368397.999998477,2.4626221964531267,0.503305045812344,0.3481181532626025,-0.0361147944138745,1
7938457,7938457,CC(C)Oc1cccc(CN(C)C(=O)C=Cc2ccc3[nH]ccc3c2)c1,3.336,3.685,3.737,3.781,3.796,4.074,4.105,4.16,4.237,4.242,4.246,4.272,4.427,4.588,4.627,4.743,4.758,4.793,4.916,4.936,5.223,5.301,5.312,5.326,5.35,5.37,5.555,5.585,5.639,5.645,5.666,5.758,5.762,5.766,5.792,5.801,5.818,5.82,5.823,5.881,5.941,5.986,5.999,6.009,6.016,6.047,6.103,6.104,6.132,6.174,0.0082538,0.00246856,0.00302236,9.192e-05,0.00622473,0.00537256,0.00299815,0.00051137,0.00275801,0.00524148,0.00094056,0.0571505,0.00376765,0.02925414,0.015419,0.01179744,0.00486251,0.17167006,0.22115095,0.00250279,0.00320303,0.00474006,0.07131325,0.00328737,0.00171101,0.00542483,0.0199454,0.01218796,0.00156544,0.00806998,0.00406017,0.00521272,0.0018049,0.00332284,0.00025409,0.00065933,0.0074653,0.00047145,0.00089453,0.10304022,0.02122496,0.0001121,0.00124166,0.00305186,0.01003054,0.03899591,0.00011415,0.02171825,0.00341405,0.00013931,2692939.9999990603,-1.5032516669104734,-0.1548347817476811,0.3639115270064241,0.4878189740249333,3
7212749,7212749,CC(C)N(CCNC(=O)C1CCN(C(=O)CCC2(CN)CCOCC2)CC1)C(C)C,5.039,5.239,5.264,5.326,5.442,5.462,5.491,5.639,5.665,6.062,6.284,6.306,6.637,6.64,6.863,7.153,7.261,7.316,7.399,7.478,7.511,7.517,7.637,7.715,7.737,7.741,7.844,7.879,7.912,7.957,7.987,7.999,8.012,8.036,8.068,8.16,8.199,8.211,8.238,8.252,8.277,8.362,8.399,8.441,8.455,8.463,8.529,8.537,8.547,8.602,8.72e-06,0.0002591,0.00013641,0.00039523,3.6e-07,0.00016281,0.00024826,0.00446595,0.00028838,7.3e-06,0.0109558,0.00199927,0.26312706,0.00024622,0.0008682,0.17148199,0.000436,0.02522699,0.00023214,0.00168905,0.00228013,0.00027765,0.00042378,0.00222951,0.00157554,0.0017976,0.00940893,0.0033763,0.00496153,1.656e-05,0.00761121,0.00708208,8.051e-05,0.00114661,0.00643945,0.00052681,0.00729049,0.00241335,0.00127497,0.0001865,0.01142621,0.04488956,0.00239857,0.00584882,0.00214145,0.00049194,0.00034892,0.00316798,0.00024095,0.00154442,1967231.999999304,14.043417560872667,-0.3154774102118252,-0.1697871610492024,1.3397106821094302,3
2102284,2102284,O=C(NCC(O)Nc1ccc2c(c1)OCO2)c1coc(OCC(F)F)c1,3.201,3.95,4.108,4.335,4.449,4.505,4.603,4.712,4.874,4.939,4.956,5.054,5.174,5.254,5.322,5.323,5.336,5.645,5.655,5.75,5.958,5.989,6.049,6.103,6.125,6.272,6.365,6.423,6.427,6.475,6.479,6.544,6.606,6.659,6.677,6.815,6.823,6.892,6.966,7.037,7.055,7.094,7.123,7.138,7.142,7.283,7.31,7.357,7.372,7.393,0.00106197,0.00048942,0.10134909,0.00014163,0.00259551,0.00035849,1.528e-05,0.03376541,0.10687565,0.0320572,0.03142595,0.00055561,0.00066999,0.00073176,0.08648366,0.00806739,0.00352429,0.00615608,0.01286929,0.00512947,0.12556052,0.02337374,0.01448236,0.0015378,0.04333755,0.55970042,0.07636186,0.00100539,0.19188538,0.00024588,0.00155242,0.26990452,0.00599026,0.00171031,0.06489343,5.61e-06,0.00088148,0.00054463,0.00112205,8.106e-05,3.945e-05,0.00021606,0.00029678,0.08939607,0.00450442,0.00415307,0.01217138,0.00497667,0.01590891,0.00384972,-3143232.9999989043,4.478178914496161,0.7569324152619455,0.5530073658191956,-0.077273064787364,0
9938165,9938165,Cc1ccnc(CCOC(=O)NCc2ccc(S(=O)(=O)N3CCOCC3)s2)c1,2.671,3.015,3.123,3.368,3.65,3.786,3.806,3.825,3.977,4.148,4.149,4.254,4.263,4.32,4.433,4.509,4.624,4.68,4.706,4.743,4.777,4.858,4.897,4.914,4.931,4.991,5.059,5.068,5.106,5.132,5.151,5.228,5.273,5.287,5.332,5.351,5.357,5.364,5.45,5.481,5.542,5.605,5.62,5.643,5.647,5.663,5.699,5.701,5.767,5.791,0.00066569,0.00041028,0.00151278,0.00016057,0.02355609,0.01516271,3e-08,0.00758593,3e-08,0.00695458,6e-08,0.00021775,0.00054017,1.1e-07,0.00099853,0.00012362,0.15986574,0.00020994,0.00751844,0.00031621,0.00562364,0.05349193,0.00036449,0.00062315,0.00026799,0.05171453,0.00441619,0.00060149,0.00059846,0.0005656,0.01294589,0.0048107,0.00821586,0.00470823,0.00215895,0.00013793,0.00864339,0.00175781,0.01519951,0.00010115,5.374e-05,0.00453265,2.46e-06,0.00947345,0.00571621,0.00032095,0.00021943,6.264e-05,0.00022916,1.226e-05,4692647.999998365,-4.099105657109464,0.1045712169582472,-0.2887618449307821,-0.0812345368188154,1
8311625,8311625,CCN(Cc1ccccc1NC(=NOC)NCc1nnnn1C)C(=O)OC(C)(C)C,3.498,3.59,3.931,4.184,4.285,4.387,4.402,4.429,4.459,4.55,4.556,4.71,4.961,4.971,5.072,5.097,5.2,5.247,5.312,5.362,5.396,5.448,5.509,5.527,5.563,5.592,5.645,5.672,5.747,5.799,5.8,5.812,5.82,5.859,5.884,5.925,5.942,5.985,6.023,6.064,6.082,6.186,6.207,6.243,6.259,6.286,6.304,6.33,6.345,6.365,0.00278813,0.0006082,0.03930973,0.00470634,3.46e-05,9.159e-05,0.00031974,0.00069137,0.00068691,3.34e-06,0.04190977,6.496e-05,0.08897875,0.07938122,0.00030058,0.00016315,0.000159,0.01410076,0.00300826,5.36e-06,2.031e-05,4.107e-05,0.00094672,0.00015915,0.00092261,0.00064196,7.409e-05,0.01610712,0.05202289,0.00204792,0.00044407,0.00381045,0.01788735,0.00615912,0.00015778,0.00029852,0.00160258,0.05974017,0.20755582,0.00019549,0.00128027,0.19982143,0.00153252,0.06913482,3.952e-05,0.01361009,0.04672859,0.00290584,0.00030459,0.00526185,3066107.999998931,0.0906678670182493,-0.6526019504375808,-0.1258489806693601,0.1613231028657556,3
6193524,6193524,Cc1ncc(CN(CCCCCO)CCNC(=O)Nc2ccc3c(n2)OCCO3)o1,3.893,4.092,4.23,4.251,4.477,4.605,4.667,4.794,4.796,4.808,4.892,4.923,4.991,5.119,5.144,5.412,5.454,5.569,5.662,5.698,5.72,5.757,5.766,5.837,5.839,5.913,5.946,6.007,6.027,6.044,6.097,6.112,6.165,6.188,6.205,6.295,6.352,6.364,6.396,6.413,6.431,6.502,6.523,6.67,6.687,6.701,6.705,6.763,6.794,6.829,0.00021872,0.00075473,0.00615466,0.09366973,0.00499339,5.902e-05,0.00127009,0.0038581,0.01020438,0.01191479,0.22427904,0.0220719,0.00392742,0.00020187,7.771e-05,0.00205212,0.02488641,0.00091548,0.00974255,0.00012773,0.00012226,0.03371115,0.01083582,0.12730912,0.00807081,2.944e-05,0.00033426,0.00352105,0.02192869,0.41860067,0.01655878,0.00296939,0.016919,8.46e-06,0.00470134,0.00259898,0.0005173,0.00076727,0.04178766,0.00063532,0.00013499,0.02079049,0.03535073,0.00038211,0.00068938,0.00087049,0.02178582,6.93e-06,1.918e-05,0.00095296,948006.999999669,2.3254132217034456,-0.7312898612934177,0.1950096529457088,0.2194557712042014,4
5080208,5080208,CCOC(=O)N1CCC(CNc2ccccc2)C1,4.271,4.395,4.438,4.812,4.948,5.229,5.309,5.84,6.096,6.193,6.249,6.268,6.35,6.475,6.578,6.774,6.777,6.797,7.013,7.059,7.092,7.173,7.219,7.24,7.308,7.474,7.497,7.515,7.582,7.589,7.621,7.68,7.692,7.743,7.948,7.969,8.084,8.101,8.128,8.152,8.211,8.261,8.27,8.338,8.341,8.376,8.395,8.406,8.423,8.438,0.00281093,0.01575213,0.01493183,0.00383268,0.00195842,0.16098461,1.223e-05,1.897e-05,0.00976479,0.00478373,0.00060633,0.00041102,0.52260529,9.036e-05,0.00268533,0.0011165,0.00270197,0.00085064,0.22551921,0.00161226,0.01491578,0.02076031,0.01503761,0.06699374,0.00199869,0.02851396,0.28819312,0.02391611,0.00399596,2.797e-05,0.00012497,2.847e-05,0.00012916,0.00012928,0.00168644,0.00019022,0.00033634,0.00046383,9.33e-05,7.675e-05,6.613e-05,0.00061511,0.00043461,0.09978362,0.00313151,0.0024232,0.00071764,0.00101404,0.00311128,0.00176007,-165308.999999951,12.30819877335687,0.5666298208175342,-0.401683310636738,0.1130652384641189,4
3735639,3735639,COCCN(C)c1nc(C2CCN(C(=O)COCc3nc4ccccc4s3)CC2)n[nH]1,2.63,2.794,3.141,3.37,3.526,3.766,3.88,4.03,4.117,4.292,4.346,4.483,4.487,4.506,4.573,4.645,4.769,4.823,4.846,4.861,5.0,5.014,5.028,5.032,5.124,5.156,5.193,5.274,5.298,5.299,5.313,5.39,5.476,5.487,5.555,5.563,5.623,5.638,5.666,5.676,5.754,5.769,5.863,5.864,5.864,5.885,5.912,5.955,5.978,6.037,8.66e-06,0.00590636,0.00055975,2.7e-07,0.00010121,1.87e-06,9e-07,0.00162507,0.01381686,2.404e-05,0.03121574,0.04182585,0.00030073,1e-07,0.06963772,0.00038605,0.00048075,3.046e-05,0.00382278,0.00072522,0.00012971,0.00067123,8.583e-05,1.492e-05,0.00120471,7e-07,0.05052568,0.03882442,0.00043763,1.88e-06,0.00759936,0.00933275,0.10917256,0.05171713,0.01974082,0.00018852,8.57e-06,0.00362105,0.00433783,0.09686573,8.25e-05,1.497e-05,0.0150648,0.00310712,0.0585135,0.00055031,0.00011224,0.00194908,0.00345768,1.103e-05,-1509877.9999994726,-2.928202049805837,0.4854065919999705,-0.4581022269251717,-0.212974782892851,0
6688496,6688496,CN(Cc1nccn1C)C(CCc1cc(CCNC(C)(C)C)c(O)c(C(C)(C)C)c1)NO,4.058,4.365,4.473,4.552,4.671,4.783,4.832,4.837,4.966,5.078,5.097,5.175,5.292,5.304,5.547,5.621,5.708,5.759,5.856,5.91,5.988,6.004,6.036,6.066,6.099,6.127,6.166,6.176,6.193,6.235,6.354,6.435,6.536,6.537,6.562,6.57,6.608,6.642,6.676,6.746,6.765,6.773,6.787,6.862,6.892,6.904,6.923,6.933,6.973,7.034,2.38e-05,0.00101768,0.00017452,0.06265836,0.00060679,0.00251097,0.00660587,0.00292808,0.00010568,0.01794301,0.01543622,0.00203138,0.00029598,0.0180965,8.98e-06,0.0001348,2.18e-05,0.00649136,6.56e-05,4.281e-05,1.08e-06,0.02810191,0.00028479,3.072e-05,0.38389818,0.0393725,0.13549258,0.16588806,0.03163054,0.15148442,0.0034058,0.00210703,0.0445192,0.00035806,0.02613862,1.91e-06,0.01960665,0.00704148,0.00207101,0.00151015,0.00257918,0.018422,0.00222684,0.00469075,0.06750595,0.00048213,0.00536778,4.11e-06,0.01247369,0.00096099,1442978.9999994964,4.013331845430497,-0.8691771291472588,0.1925212636041686,0.3306632870716841,3
7985314,7985314,CC(CCN1CCOCC1)C(=O)C(=O)N1CCC(OCc2cccc(F)c2)CC1,3.051,3.184,3.316,3.433,3.493,3.751,3.758,3.862,3.868,4.144,4.193,4.277,4.304,4.39,4.582,4.715,4.718,4.834,4.896,5.013,5.024,5.046,5.073,5.301,5.325,5.339,5.488,5.528,5.617,5.65,5.673,5.736,5.795,5.818,5.876,5.925,5.937,5.951,5.958,5.976,5.992,6.082,6.164,6.237,6.247,6.259,6.269,6.315,6.319,6.347,2.81e-05,0.0016381,0.00031152,0.00047159,8.49e-06,9.415e-05,6.74e-06,0.00014371,0.00040445,0.01256652,3.59e-06,0.00120605,1.76e-06,0.00032051,6.664e-05,0.00127912,0.00171299,1.012e-05,4.784e-05,1.644e-05,0.00020639,0.0010761,0.03474821,4.142e-05,6.45e-06,1.108e-05,0.00572681,0.00041926,0.00394081,0.00190784,0.00014167,3.449e-05,6.071e-05,8.705e-05,0.00201495,0.00138538,0.00027994,0.00357242,0.00668082,0.00380133,0.00023973,0.00786711,0.00403747,0.00024593,0.00326375,0.00171216,0.000811,0.00386906,0.0009964,0.02611708,2739796.9999990435,-1.6317717283442177,1.0350106803176435,0.502085086332367,0.3639168536727305,3
1830588,1830588,Cc1c(C#N)cccc1ONC(=O)c1ccc2c(c1)nc(C)n2-c1ccccc1,2.861,3.108,3.254,3.283,3.349,3.479,3.584,3.617,3.649,3.758,3.84,3.98,3.996,4.064,4.068,4.081,4.118,4.223,4.256,4.3,4.338,4.456,4.55,4.575,4.6,4.678,4.706,4.735,4.737,4.773,4.78,4.807,4.915,4.918,4.942,4.956,4.982,5.062,5.108,5.127,5.163,5.23,5.261,5.296,5.319,5.321,5.374,5.432,5.458,5.477,0.0004272,6.333e-05,0.00047997,4.898e-05,0.00138258,0.00036174,0.000262,9.17e-06,2.127e-05,3.6e-06,0.03025128,0.02938401,0.00320016,0.00081118,0.01286443,0.08535599,0.00319201,0.00527436,0.01333401,3.571e-05,0.03402964,0.30621713,0.016947,0.05148069,0.00353547,0.00811062,0.01638947,0.0006682,0.0021948,4.889e-05,0.02051208,0.00016402,0.00299686,0.00239494,2.749e-05,0.00223439,3.93e-06,0.22316797,0.02632381,0.05526429,0.00051856,0.11483624,0.02094618,0.00025057,0.00095751,0.03439215,0.05392569,0.02128892,0.00020708,0.00010524,-3414928.999998808,-6.399549692647623,-0.2195302838695434,0.2721016217772841,0.0202836235813684,2
5408790,5408790,CCOCCCSCc1cc(CNC(=O)NN=c2nccc(OC)[nH]2)cc(OC)c1OC,2.898,3.13,3.223,3.54,3.578,3.703,3.799,3.845,3.99,4.003,4.107,4.186,4.2,4.368,4.384,4.412,4.424,4.488,4.512,4.521,4.582,4.599,4.628,4.779,4.798,4.858,4.883,4.992,5.007,5.097,5.156,5.241,5.268,5.302,5.302,5.447,5.502,5.524,5.604,5.61,5.648,5.668,5.708,5.723,5.769,5.808,5.822,5.861,5.88,5.944,0.02625359,5.944e-05,0.00160423,0.00055337,0.00397207,0.0034043,0.00010599,0.00372817,0.00852369,0.00012445,0.01239636,0.00298864,0.00822778,0.01076809,0.02985775,0.10490946,0.00035035,0.02461538,0.00212943,0.00525263,0.00213675,0.01896812,0.10349316,0.00045736,0.0072693,0.00078864,0.00543275,0.02370717,0.00615549,0.00021922,0.01235404,2.4e-07,0.00010374,0.01388113,0.00136708,0.00022472,0.00013135,0.05043214,0.00291418,0.00383558,0.13319367,0.22928536,0.10135475,0.00490853,0.0075366,0.04014644,0.07516817,6.547e-05,0.0027124,0.02732093,163272.99999994575,-4.141542244812428,0.1744273776307306,0.4511082110344372,-0.3480748266144568,4
2182837,2182837,COCC(=NN)NCCCNC(=O)c1ccc(N(C)CC2CC2)c(F)c1,2.776,3.198,3.538,3.948,4.004,4.044,4.211,4.353,4.419,4.448,4.705,4.804,5.216,5.298,5.373,5.4,5.424,5.542,5.669,5.768,5.791,5.81,5.961,6.014,6.079,6.123,6.161,6.191,6.195,6.232,6.288,6.335,6.357,6.36,6.366,6.421,6.446,6.478,6.555,6.624,6.64,6.652,6.671,6.738,6.78,6.802,6.813,6.844,6.905,6.916,0.00099015,0.00025086,0.00198739,0.00128823,0.00837527,0.25925502,0.16075685,0.00312253,0.00092557,0.00425342,0.00711993,0.00230186,0.0014665,0.04314613,0.00054981,0.00013748,0.07581394,0.00121438,0.00038909,7.126e-05,0.00068193,0.00060513,0.00240641,0.00225571,0.04122411,0.01070485,0.14131227,0.02319029,0.00112094,0.09520375,0.01722758,0.03435923,0.1399109,0.00511787,0.10270641,0.00078284,0.00254209,0.05194321,0.00359084,0.00435228,0.17711552,0.02589983,0.00489957,0.01359504,0.0002966,0.00289715,0.00907396,1.163e-05,0.00245817,0.00057523,-3062679.999998932,2.46945800514507,1.1881157983213797,-0.5449176434449957,0.4066046995530247,0
6494721,6494721,O=C(CC1(O)CCOCC1)Oc1c[nH]c(=O)c2ccccc12,3.288,3.388,3.56,3.642,3.856,3.954,3.972,4.071,4.43,4.53,4.646,4.664,4.776,5.042,5.181,5.218,5.28,5.317,5.334,5.434,5.565,5.593,5.632,5.666,5.676,5.708,5.794,5.824,5.856,5.923,5.934,6.028,6.041,6.128,6.149,6.159,6.198,6.267,6.315,6.326,6.403,6.474,6.547,6.571,6.598,6.696,6.704,6.717,6.759,6.773,0.00014776,0.00023647,0.05316465,0.08168842,0.00150213,0.00032635,0.00072858,8.413e-05,1.132e-05,1.214e-05,0.02259908,0.04316295,0.02459511,0.03153145,9.223e-05,0.00120185,0.00197689,0.03092202,0.00127514,0.12918795,0.01042734,0.01257172,0.00034195,0.03420662,0.0026068,0.01830178,0.00244186,0.1683691,0.00424338,0.05721222,0.00520461,0.06109089,0.1353865,0.01294756,0.00846856,0.03777554,0.00041965,0.11927806,0.00731817,0.01295734,0.04411745,0.01757026,0.00194928,0.03287661,0.00204194,7.206e-05,3.509e-05,0.00079942,0.0007307,0.00018095,1249203.999999564,0.984670634270833,0.8050857743117023,0.0085834243705281,0.3275349466858647,3
5515256,5515256,CC(C)(C)n1cc(C(=O)c2nc(CCCOc3cccc(F)c3F)no2)nn1,3.023,3.291,3.791,3.823,4.086,4.121,4.278,4.338,4.453,4.525,4.662,4.805,4.822,4.859,4.89,4.941,4.978,5.033,5.046,5.068,5.075,5.095,5.107,5.238,5.247,5.301,5.383,5.403,5.464,5.557,5.56,5.573,5.604,5.619,5.653,5.705,5.781,5.799,5.817,5.834,5.853,5.869,5.896,5.906,5.962,5.978,6.028,6.091,6.1,6.135,4.447e-05,0.0006754,0.00015776,1.553e-05,0.12334448,4.7e-07,7.8e-07,0.01924336,0.06403384,0.02683269,0.01181891,2.166e-05,3.91e-06,0.01606263,7.55e-06,0.00027636,1.01e-05,0.00013989,0.00048131,0.02514179,0.01647234,0.00921886,0.00218174,0.00581884,0.00018591,0.00028322,0.05347993,6.43e-06,2.932e-05,0.00043358,0.00039823,0.00028307,0.00012127,0.00116526,0.00031903,0.11291968,9.345e-05,0.00048765,0.02324301,0.00012219,0.02169544,3.133e-05,0.17940086,0.00048399,0.02534795,0.1259075,0.00170779,0.01017229,0.07622912,0.00458659,269738.9999999058,-1.52151529004008,-0.5700203482389453,-0.4325879785175364,-0.2977137995470852,4
1331812,1331812,CC(C)(C)CN(CCO)CCNC(=O)Nc1ncc(-c2ccccc2)s1,3.645,3.848,4.069,4.077,4.321,4.556,4.641,4.665,4.738,4.786,4.823,4.847,4.909,5.197,5.256,5.267,5.276,5.42,5.493,5.547,5.61,5.673,5.683,5.708,5.736,5.776,5.791,5.825,5.879,5.91,5.925,5.957,6.016,6.106,6.182,6.192,6.206,6.238,6.27,6.299,6.334,6.351,6.381,6.445,6.46,6.471,6.492,6.551,6.578,6.62,0.03148792,0.4431503,0.00438642,0.01010729,9.173e-05,0.02484993,0.00622604,0.01530844,0.00030451,0.00081744,0.00107942,0.00831582,0.02252545,0.00746037,0.00074775,0.0513313,0.01034034,0.00556925,0.00053068,0.01041259,0.00047718,0.00606871,0.0013515,0.00499583,0.00669194,0.00014,0.00019476,0.00579457,0.00282073,0.00272848,0.00689413,0.00585118,0.0215571,0.04840654,0.00074851,0.032569,0.00041859,0.02573473,0.01662206,0.03796813,0.00590741,0.00015561,0.01939974,0.00096072,0.00625184,0.00230079,0.26851981,0.00105335,0.00782653,0.03741648,-3913704.999998637,1.4035782556360192,-0.6735492214241257,-0.0930729657756493,0.0963946757098593,2
9168136,9168136,CC(C)(C)OC(=O)NN=CC1=CC=C(CNCc2ccc3ncccc3c2)C=CN1,1.468,1.526,2.642,2.76,3.042,3.068,3.088,3.164,3.277,3.338,3.435,3.461,3.602,3.602,3.776,3.998,4.074,4.141,4.237,4.26,4.313,4.455,4.465,4.518,4.552,4.578,4.581,4.605,4.619,4.763,4.774,4.809,4.821,4.837,4.858,4.87,4.883,4.921,4.983,4.991,5.034,5.07,5.107,5.11,5.118,5.238,5.261,5.284,5.308,5.365,0.03401348,0.00067218,8.293e-05,0.00110205,0.00256978,9.8e-07,0.00306684,8.249e-05,0.00045207,6.4e-07,1.799e-05,1.493e-05,0.00043895,0.00078409,0.48226033,0.04739602,0.12778219,0.00348591,0.06082762,0.00054138,0.00042025,5.5e-07,0.00233393,0.00902788,0.00020678,0.00038177,0.00019782,0.00203707,0.05688817,0.00613323,2.857e-05,0.00138665,0.00057685,0.00363167,0.00505549,1.671e-05,3.2e-05,5.149e-05,0.00027861,0.00010725,0.00094975,0.05386456,8.66e-05,0.00036484,0.01672806,2.725e-05,4.25e-06,0.00064234,0.00112864,0.06700678,3922618.9999986337,-7.831957813292568,1.6886422195167692,-0.537176158925129,-0.0827171144481307,1
268694,268694,CCN(CCC1CCCCC1)C(=S)Nc1ccc(Oc2ccccc2)nc1,2.837,3.001,3.266,3.433,3.731,3.766,3.78,3.861,3.928,3.979,4.142,4.153,4.185,4.22,4.516,4.563,4.666,4.709,4.731,4.75,4.778,4.802,4.825,4.873,4.905,4.912,4.921,4.982,5.001,5.133,5.147,5.247,5.272,5.296,5.35,5.387,5.424,5.447,5.464,5.504,5.575,5.622,5.645,5.662,5.691,5.765,5.791,5.806,5.82,5.842,0.0008714,0.00154825,0.00349251,5.313e-05,0.03376797,0.04554659,0.02390898,0.04014545,0.15180708,0.03151617,0.02055383,0.00654399,0.00571737,0.24032004,0.0070029,0.00736645,0.00541081,0.0126456,0.00688139,0.00109949,0.01060871,0.01600194,0.00024105,0.02236689,0.01155193,0.0080739,0.02787564,0.00439765,0.04305071,0.01835235,0.00203356,0.00375993,0.00113556,0.04183424,0.00018796,0.02416255,0.00035221,0.00142874,0.00142835,0.00564064,0.00296044,0.00040565,0.00124865,4.652e-05,1.806e-05,4.176e-05,0.00186709,9.68e-05,0.00108104,0.00292858,-4976822.999998261,-4.049695229121202,0.0827367532251983,-0.0157867342758729,-0.0887278015555589,2
1040017,1040017,COCCn1c(Cn2cc(CCO)nn2)nnc1N(Cc1ccc(OC)cc1F)C1CC1,3.248,3.71,4.071,4.164,4.411,4.449,4.527,4.632,4.643,4.72,4.869,4.906,4.984,5.014,5.07,5.09,5.096,5.103,5.185,5.206,5.331,5.344,5.355,5.404,5.443,5.443,5.52,5.544,5.552,5.588,5.663,5.795,5.799,5.805,5.808,5.823,5.855,5.912,5.931,5.992,6.05,6.067,6.108,6.124,6.15,6.164,6.18,6.192,6.219,6.25,0.0081084,0.01948579,2e-07,0.01685307,0.00208607,0.00156812,1.17e-06,0.0018893,0.00387991,0.04301262,0.00324924,0.00249277,0.00049226,0.00556736,0.10555657,0.00021961,0.00227309,0.00064079,0.00225841,0.00354902,0.09882926,0.004115,0.0143247,0.00156781,0.00035957,0.00085267,0.00035752,0.0001707,0.00051085,0.00124054,0.0003836,0.02333691,0.00313326,0.00018226,0.03373023,0.00065123,0.00804631,0.10968068,0.0015296,0.00386589,0.10523581,0.00070303,0.00169035,0.01087046,0.01824799,0.00119438,4.792e-05,0.00538005,0.00307424,0.00559041,-4205499.999998533,-0.3045209147934193,-1.0879806360659756,-0.3012226433029748,-0.3437860235814332,2
2091356,2091356,C=CCCC(C)(C)NC(=O)CCCNS(=O)(=O)C1=CC=C(C(=O)c2c(F)cccc2F)CC1,1.591,2.325,2.534,2.635,2.748,3.241,3.242,3.364,3.371,3.518,3.554,3.613,3.702,3.791,3.861,3.909,3.974,3.98,4.008,4.055,4.102,4.122,4.154,4.17,4.289,4.379,4.389,4.415,4.437,4.446,4.527,4.567,4.65,4.652,4.703,4.763,4.845,4.85,4.863,4.894,4.909,4.935,4.953,5.019,5.022,5.045,5.046,5.082,5.084,5.095,0.00097102,0.00105158,0.00925459,6.49e-05,0.00169926,8.4e-07,0.00036346,0.04740874,0.02064222,0.00088396,0.0005148,0.16624236,0.00065138,0.0108788,0.00716605,0.00019795,1.16e-06,9.064e-05,0.0004969,6.288e-05,0.03074771,0.00028909,2.861e-05,3.629e-05,2.339e-05,0.00052101,7.396e-05,0.00053203,0.00029631,0.00163571,0.00066101,0.00065349,0.00048491,0.00384094,0.00203806,0.00010303,0.00093801,0.01021325,0.01731428,0.00010819,0.00133062,0.00318173,0.00013434,0.00015098,0.00305399,0.00026629,0.00016326,0.00276733,0.00016238,4.581e-05,-3154160.9999989,-8.600539485546092,0.93380909174183,-0.435738086643108,-0.4247118207949334,2
2977121,2977121,CC(C)N(CCc1cccc(C2CCCC2)c1)C(=O)Cc1csc(C2CC2)n1,3.707,3.928,3.973,4.125,4.362,4.408,4.409,4.456,4.691,4.741,4.754,4.946,4.966,4.991,5.125,5.294,5.399,5.444,5.458,5.564,5.618,5.716,5.718,5.77,5.798,5.818,5.823,5.868,5.969,5.996,6.016,6.039,6.042,6.05,6.073,6.088,6.1,6.132,6.159,6.19,6.235,6.242,6.253,6.268,6.271,6.296,6.305,6.311,6.359,6.376,0.01103603,0.00136381,0.0009711,0.00119677,2.43e-06,0.00055281,0.00756054,0.01536689,0.00032587,0.06626718,0.0296945,2.81e-06,0.00030444,1.073e-05,0.00206018,0.00063728,1.235e-05,0.00029264,0.02773244,0.00627087,0.07116503,0.00091075,0.0001303,6.37e-06,0.00183509,0.01156464,0.01639542,0.00280571,0.00846944,0.02200208,0.02062777,0.00029891,0.00362448,0.02981236,0.00128212,0.00027877,3.751e-05,0.00055802,0.00031006,0.10051203,0.13911752,0.01246194,0.00057822,0.02097149,0.00014532,0.00026088,0.02012793,0.01165091,0.00028231,0.0353987,-2268395.9999992084,1.033220082491167,-0.8208269566875788,-0.3339532588396077,0.5905408429268212,0
3110033,3110033,COC(=O)C(C)(C)Sc1ccc(N2C(=O)CNC(C3CC3)=C2O)cc1F,2.881,3.325,3.88,3.908,3.968,4.032,4.245,4.407,4.445,4.569,4.617,4.727,4.77,4.894,4.903,4.932,5.113,5.267,5.281,5.306,5.435,5.449,5.476,5.499,5.555,5.662,5.733,5.766,5.784,5.842,5.91,5.933,5.973,6.013,6.092,6.165,6.202,6.293,6.305,6.306,6.317,6.341,6.355,6.442,6.455,6.471,6.492,6.512,6.532,6.627,0.0927284,0.00362074,0.0198814,0.00047147,0.08302568,0.00054352,0.05854601,0.00043482,0.00080331,0.01048684,0.2292055,0.00295552,0.0020112,0.01155776,0.04593002,0.00203572,0.00746701,0.00881852,0.06884667,0.02412044,0.0004087,0.00041047,0.03618428,0.01384369,0.00184344,0.02259264,0.00906666,0.01513189,0.00049769,0.03473832,0.00059158,0.16561962,0.04646686,0.06453511,0.02192793,0.02229364,0.00039301,0.08708368,0.1367923,0.03512707,0.00657971,0.01223012,0.02458573,0.0191865,0.02646071,0.00068166,0.04485286,0.01213667,0.01577579,0.02275821,-2135483.999999256,0.4736854860054628,0.4471148773734616,0.0030455946802136,-0.0773038288272636,0
738408,738408,CNC(=O)Nc1ccc(C(=O)N2CCC(C(=CO)NC3CCN(Cc4ccccc4)CC3)CC2)cc1,3.154,3.168,3.201,3.414,3.608,3.622,3.669,3.902,3.955,3.969,3.999,4.014,4.028,4.064,4.176,4.19,4.212,4.226,4.232,4.246,4.277,4.439,4.615,4.831,4.845,4.858,4.886,5.057,5.068,5.073,5.073,5.094,5.187,5.232,5.24,5.306,5.315,5.355,5.366,5.369,5.397,5.4,5.417,5.475,5.593,5.61,5.64,5.658,5.66,5.698,2.13e-05,0.00015432,8.69e-06,0.00012839,1e-08,0.0,0.00096676,0.01219989,0.00158023,0.00023917,5.8e-07,3.82e-06,1.09e-06,0.00056454,0.0,0.0,9.8e-07,0.00016625,5e-08,1e-07,0.00076499,0.00047124,0.02747531,1e-08,3e-08,7.915e-05,0.00080877,8.86e-05,0.30910373,0.01194457,0.01878217,0.01494192,0.00030366,0.02711317,0.00173795,0.00066559,0.00048429,1.39e-06,5.874e-05,6.17e-06,1.8e-07,6.724e-05,3.889e-05,0.00713934,0.04903448,4e-08,0.008458,0.00745995,0.23096259,0.00940341,-4507108.999998427,-5.076215419591209,-0.1059337401650398,0.627077973859171,-0.0731655722008686,2
10185714,10185714,CC(=O)c1cc(S(=O)(=O)Oc2cccc(N3CCOCC3)c2)ccc1F,2.387,2.954,3.205,3.295,3.639,3.774,3.852,3.861,4.084,4.217,4.225,4.293,4.358,4.382,4.4,4.572,4.589,4.591,4.625,4.805,4.867,4.889,4.899,4.936,4.956,4.969,4.991,4.996,5.125,5.184,5.19,5.277,5.325,5.352,5.442,5.444,5.53,5.542,5.555,5.576,5.614,5.68,5.736,5.748,5.758,5.774,5.778,5.878,5.898,5.908,0.00124258,3.804e-05,0.00046999,0.0001805,0.00065682,1.17e-05,0.01633126,0.00104119,0.00037764,0.00252017,0.00110811,0.00476149,0.0611522,0.02507425,0.00067216,0.00647947,0.00189672,0.03358809,0.01225986,0.00263466,0.00054226,0.00219895,0.00459327,0.02444261,0.00352156,1.434e-05,0.00026172,0.00027818,0.02685069,0.00112007,0.00075663,0.0393004,0.0011547,0.00945798,5.162e-05,0.00063422,0.01839148,0.01563414,0.00022955,0.00618719,0.04741036,0.00588607,0.02349965,0.02048596,0.00320174,0.00472517,0.00286939,0.00654336,0.02470767,0.23724837,4940196.999998278,-3.744863574800184,0.3828445801429741,-0.2624399363620623,-0.379133261991005,1
2095795,2095795,O=C(Nc1nc(CN2CCCCCC2)ccc1O)c1cnn(-c2ccncc2)c1CC(F)F,2.21,2.888,3.076,3.104,3.215,3.506,3.697,3.774,3.887,3.947,3.98,4.072,4.232,4.264,4.337,4.357,4.471,4.474,4.508,4.556,4.601,4.622,4.654,4.728,4.784,4.821,4.842,4.882,4.93,4.939,4.948,4.964,4.966,4.994,5.091,5.123,5.135,5.15,5.153,5.214,5.24,5.264,5.274,5.3,5.336,5.36,5.392,5.436,5.476,5.498,3.21e-05,3.4e-07,0.00144599,0.00348619,0.00243114,0.00029519,0.01185944,2.477e-05,2.791e-05,5.807e-05,0.00025064,0.0013099,0.04700269,1.267e-05,0.20317506,0.0004873,0.01060011,0.02457289,0.02202067,0.01783696,0.28000261,0.00232025,4.961e-05,0.00147174,0.0476435,0.0015512,0.00248832,0.0019648,0.00242729,0.00271161,0.00130789,0.00126618,0.00472432,0.00082164,0.05164612,0.01727407,0.01594517,5.3e-07,0.00189127,0.04290907,0.03681444,0.0005879,0.00151871,1.864e-05,0.00028334,0.00046016,0.00031962,0.01397188,0.00339604,2.402e-05,-3149721.999998902,-5.680011130321555,0.1489649885663379,-0.6691080682135833,-0.1071205239347308,0
1171267,1171267,Cc1ccc(NS(=O)(=O)NCCN(C)CCC(=O)N2CCc3ccccc3C2)cc1,3.493,3.618,3.682,3.747,3.808,3.867,3.875,3.932,3.992,4.129,4.15,4.202,4.214,4.306,4.426,4.604,4.716,4.736,4.785,4.86,4.875,4.939,5.02,5.061,5.111,5.159,5.175,5.187,5.24,5.251,5.279,5.343,5.367,5.393,5.398,5.404,5.463,5.563,5.686,5.706,5.708,5.718,5.751,5.823,5.826,5.89,5.906,5.94,5.99,6.012,2.003e-05,1.289e-05,0.00016085,0.00020421,0.00050958,1.5e-07,0.00179822,5.2e-06,1.31e-06,0.00034847,1.34e-06,0.00503475,1.138e-05,1.69e-06,0.28718182,0.01481519,0.00211893,3.11e-05,5.917e-05,1.951e-05,5.1e-07,2.8e-07,1.646e-05,0.00071564,0.0071466,1.573e-05,1.26e-06,7.87e-06,0.00243201,0.00010589,0.00010403,0.01774943,0.00017055,0.00699067,0.0424467,0.00027979,0.01133574,0.01556394,0.00018151,0.00059006,0.01614061,9.024e-05,0.00086651,0.00114783,0.00060555,0.0004681,0.02329185,0.00663078,0.00153083,0.01646718,-4074249.999998578,-3.091072863878991,-0.4487372166477205,0.538809374032943,0.3595584507148718,2
2975298,2975298,COCc1nc(C(=O)OCC(=O)NCc2cccc(C(=O)NC3CC3)c2)n(C)n1,3.039,3.363,3.38,3.428,3.64,3.716,3.803,3.93,3.967,4.003,4.108,4.118,4.197,4.307,4.475,4.483,4.505,4.618,4.65,4.682,4.723,4.868,4.915,4.973,5.01,5.011,5.031,5.036,5.258,5.288,5.296,5.355,5.365,5.366,5.395,5.399,5.443,5.543,5.546,5.566,5.632,5.639,5.682,5.734,5.736,5.778,5.78,5.805,5.828,5.871,0.0,0.00158804,0.016848,8.25e-06,0.00208084,0.00041885,0.00027553,0.02384412,3.951e-05,0.00294276,0.00102904,0.00209379,0.00027177,0.00295368,5.97e-06,0.00017736,8.2e-06,1.705e-05,1.106e-05,0.01291803,0.00015483,8.69e-05,0.07949346,0.00155672,5.3e-07,7.19e-06,0.00242965,0.00441196,0.000411,0.07251595,0.00513411,0.02665016,0.00050358,7.343e-05,5.091e-05,0.00010674,0.00031404,0.00201789,0.00012432,0.00749237,0.00121985,0.00018855,0.00232615,1.44e-05,7.153e-05,0.00076072,0.03503013,0.00348344,0.02296584,0.02474283,-2270218.9999992074,-3.7508952145967935,-0.0103688371885184,0.2673410641259221,0.1767851914753681,0
5966908,5966908,CCS(=O)(=NC)C1(CNCCC(=O)Nc2sc(N)nc2C)CC1,3.963,4.109,4.308,4.654,4.85,4.923,4.997,5.17,5.208,5.363,5.513,5.681,5.694,5.727,5.861,6.052,6.113,6.131,6.279,6.293,6.312,6.321,6.337,6.42,6.537,6.618,6.636,6.714,6.737,6.815,6.825,6.9,6.903,6.914,6.941,6.984,7.044,7.081,7.088,7.093,7.128,7.215,7.253,7.27,7.381,7.425,7.439,7.479,7.486,7.519,0.00099371,0.33034254,0.00626166,0.00022922,0.00044304,0.00011775,0.00250216,7.144e-05,5.1e-07,4.72e-05,0.00059444,0.01562543,0.00011542,0.03339653,0.00050985,0.00029749,0.00336582,0.00019656,0.00125325,0.00032051,0.00144552,0.00028749,0.04931056,0.00337099,1.17e-06,0.00924026,0.00024357,0.00984616,0.00149923,7.28e-06,0.00308057,0.00055757,0.00224805,0.00080328,0.00140539,0.00058597,0.00423766,0.00016226,0.00980723,0.00031059,0.07870692,0.0004558,0.00016506,3.935e-05,0.00064356,0.10893925,0.0277289,0.01817228,0.0003171,7.067e-05,721390.999999745,6.703730291194381,-0.2361936117618809,-0.2392103824240123,0.1664438358278034,4
3752920,3752920,Cc1cc(C(=O)NCC2(C(N)=O)C=C2O)cc(C)c1C#N,2.681,2.87,3.534,3.663,3.72,3.952,4.031,4.342,4.499,4.641,4.687,4.763,4.805,4.818,4.884,5.093,5.158,5.276,5.334,5.337,5.366,5.463,5.568,5.577,5.781,5.876,5.908,5.959,5.972,6.002,6.063,6.098,6.121,6.145,6.188,6.207,6.28,6.283,6.313,6.357,6.411,6.427,6.43,6.454,6.556,6.597,6.607,6.626,6.629,6.651,0.00037245,0.00147044,2.072e-05,0.01154293,0.00038087,3.797e-05,2.331e-05,2.026e-05,0.02931844,0.0070587,0.17145819,0.0026163,1.078e-05,0.04975928,3.13e-06,0.0001979,0.00247055,0.00010219,0.00034171,0.00223193,0.00045326,0.00151143,0.03125764,0.00630388,0.21196328,0.01368341,0.00029943,0.09030754,0.45608165,0.00619977,0.00191996,0.00027452,0.000188,0.00019571,0.00124059,0.00347805,0.02098671,0.01720079,0.00191149,0.00686592,0.04458211,0.00104698,0.00017801,0.01529171,0.04540691,0.00119206,0.00078428,0.00107203,0.00920666,0.0208157,-1492596.99999948,0.8024619265810161,1.1765019520232474,-0.3287473091640829,-0.0083876160319807,0
2610667,2610667,Cc1ccc(CN(C)CC2(O)CCC(c3ccccc3C)C2)cc1,4.027,4.092,4.114,4.144,4.747,4.811,4.902,4.906,4.979,5.011,5.025,5.045,5.119,5.16,5.166,5.22,5.446,5.456,5.469,5.482,5.773,5.834,5.836,5.857,5.862,5.898,5.925,5.951,6.028,6.09,6.118,6.145,6.159,6.225,6.25,6.25,6.28,6.317,6.339,6.369,6.374,6.388,6.401,6.414,6.465,6.47,6.496,6.504,6.525,6.534,0.00062883,0.00169795,4.267e-05,2.303e-05,0.0001691,0.00133615,0.00893352,0.00533727,0.00047334,0.00606943,0.00067088,0.00178964,0.00669666,0.00027838,0.00119853,0.00028295,0.01363462,0.01023626,0.06839839,7.392e-05,0.00053663,0.00045457,0.00021727,0.01452928,0.01073449,0.00035271,0.00131966,0.00227537,0.00039468,0.00035728,0.00315596,0.00108085,0.00159223,0.00303138,0.00024425,0.0009096,0.00039008,0.00194122,0.00016203,0.00077571,0.0238398,0.04919004,0.27515858,0.03701943,0.18305355,0.02126563,0.00190811,0.00168576,0.00129141,0.00079074,-2634849.999999081,2.0834957286552296,-1.252767779527289,-0.0912007190666263,0.1450427106160087,0
2862917,2862917,Cc1cc(C)cc(CCNC2CC(CNC(c3ccccc3)c3nc[nH]n3)C2)c1,3.79,3.848,3.877,3.903,4.076,4.135,4.165,4.189,4.462,4.747,4.889,4.934,5.072,5.078,5.112,5.125,5.129,5.14,5.173,5.176,5.204,5.244,5.254,5.276,5.288,5.298,5.341,5.369,5.441,5.528,5.647,5.649,5.694,5.697,5.712,5.732,5.739,5.762,5.766,5.778,5.824,5.828,5.853,5.869,5.894,5.925,5.927,5.935,5.941,5.943,0.00062048,0.01065304,0.00119064,0.00036514,0.00070378,0.01221094,0.0023219,0.00081903,0.00073549,0.00059388,1.46e-06,3.18e-06,0.00214127,3.516e-05,1.1e-07,0.02666077,3.328e-05,3.8e-07,3.72e-06,5.509e-05,1.88e-06,2.5e-06,2.031e-05,0.00053948,2.07e-06,3.47e-06,0.00058639,6.307e-05,0.0010392,0.03115073,0.00056599,0.00060949,0.00248681,2.82e-06,0.00206999,0.00223229,0.0001765,2.8e-06,0.00018336,0.00680192,1.38e-05,0.00019967,0.00073037,6.45e-06,0.00486483,0.00208916,0.00040478,0.00178813,0.00136439,0.00102033,-2382599.999999168,-1.2192596693478706,-1.342037095757362,-0.5062178403593891,0.2963870089843486,0
8893830,8893830,OC(CCC(F)(F)F)Cn1c(-c2cccc(OC(F)F)c2)nnc1N1CCN(CC(F)F)CC1,3.115,3.519,4.034,4.209,4.418,4.556,4.804,4.859,4.995,5.114,5.152,5.199,5.386,5.427,5.562,5.576,5.62,5.676,5.91,5.976,6.017,6.069,6.091,6.099,6.163,6.221,6.275,6.311,6.337,6.342,6.469,6.506,6.509,6.551,6.589,6.598,6.668,6.691,6.698,6.761,6.866,6.879,6.921,6.94,6.952,6.967,6.988,7.021,7.055,7.08,0.01534838,0.00233484,0.02124665,0.08242162,0.01719955,0.00475365,0.01768964,0.0469467,0.00025658,0.06434636,0.00474113,0.00317424,0.01876132,0.01345978,0.00374401,0.00797368,0.01022,8.626e-05,0.00018812,0.00103539,0.00026236,0.3524126,0.11194243,0.00083609,0.02642732,0.0662284,0.04435255,0.00472528,0.00054197,0.00483786,0.00201576,0.0021214,0.00155488,0.0624621,0.04634679,0.01287748,0.01547461,0.0028211,0.05056951,0.0005947,0.00069564,0.00144024,0.03417875,0.02117707,0.00100708,0.01285618,0.00223227,0.00063845,0.05338498,0.03095382,3648312.999998725,4.067511191026309,0.2848716246115871,-0.541094644351146,-0.114214623316536,1
8061319,8061319,COC(=O)c1ccc(CN(Cc2ccccc2N(C)C2CCN(C)CC2)SC)cc1C,2.752,3.032,3.299,3.372,3.544,3.58,3.652,3.712,3.722,3.796,3.824,3.984,4.077,4.095,4.118,4.167,4.264,4.298,4.337,4.35,4.415,4.457,4.54,4.647,4.659,4.707,4.724,4.744,4.749,4.804,4.831,4.847,4.859,4.919,5.004,5.091,5.137,5.18,5.191,5.238,5.308,5.365,5.371,5.383,5.386,5.432,5.477,5.496,5.506,5.551,0.00020202,1.736e-05,5.761e-05,8.76e-06,0.0221862,6.43e-06,4.6e-06,0.00147583,0.00139055,0.00068705,0.00795425,0.00278949,0.00179938,0.0012332,0.00734235,0.01047187,0.00021272,0.00020125,8.987e-05,0.00285705,0.00033799,0.00068719,0.00038945,0.0028829,2.35e-05,0.01912281,0.02367198,0.00086051,2.789e-05,0.05237548,0.00015874,0.0012362,0.03527824,0.00031085,2.579e-05,5.302e-05,0.03799906,0.00265999,0.00145795,0.04292546,0.00077891,0.00525433,2.99e-06,0.00691886,0.00351001,0.00524125,0.00317745,0.02385346,0.00178898,0.00013402,2815801.999999018,-5.953129206575292,-0.1661173421435447,0.2634269001725116,-0.17462231550239,3
2535040,2535040,CC=C(NCCc1cc(F)c(N2CCCC2)c(F)c1F)NCC1(O)CCCC1,3.385,3.728,4.006,4.372,4.427,4.658,4.717,5.0,5.214,5.259,5.823,5.84,5.955,6.057,6.175,6.192,6.285,6.295,6.334,6.385,6.402,6.439,6.448,6.488,6.506,6.527,6.533,6.56,6.623,6.645,6.713,6.766,6.798,6.835,6.858,6.866,6.875,6.893,6.966,7.001,7.035,7.1,7.127,7.14,7.189,7.201,7.212,7.333,7.364,7.371,0.00016908,9.174e-05,0.06244783,0.01168729,0.23810345,0.00062622,0.00196488,6.104e-05,0.00109643,0.10533132,0.18736995,0.10731299,0.00851573,0.1428898,0.00581017,0.00276318,0.25715172,0.04803319,0.01692048,0.01764488,0.01689368,0.03675194,0.00778791,0.01435722,0.06367174,0.01600516,0.00905156,0.04071975,0.01318588,0.07294112,0.04601765,0.0103914,0.00528331,0.00015044,0.00275072,8.899e-05,0.01094811,0.00477281,0.00100909,0.00051206,0.00779317,0.0012823,0.00020754,0.00173619,0.00036378,0.00347628,0.00564207,0.01621307,0.00114909,0.00207355,-2710476.9999990547,6.2039101934667285,0.1143829061341738,-1.368668436644752,0.1608485768687735,0
9419480,9419480,C=C(C)CN(CC)C(=O)COC(=O)CNc1c(OCCC)ncnc1N(C)C,2.925,3.834,3.857,3.918,4.099,4.146,4.192,4.317,4.575,4.612,4.795,4.825,4.847,4.912,4.968,5.005,5.023,5.034,5.041,5.068,5.15,5.192,5.247,5.279,5.345,5.449,5.461,5.527,5.56,5.582,5.593,5.754,5.897,5.942,5.959,5.969,6.07,6.099,6.111,6.127,6.181,6.227,6.345,6.479,6.487,6.507,6.525,6.541,6.549,6.617,0.00010996,0.001036,0.01304698,5.642e-05,0.00020149,0.00134596,0.13222746,0.06862226,0.0033746,0.0005595,0.01560994,0.00198234,0.00035404,0.00158221,0.00074206,0.00181224,0.0008333,3.26e-05,0.00809384,0.00181892,0.00141768,1.366e-05,0.04483146,0.11776678,0.00097704,0.00067651,0.02364437,0.00267902,0.01386062,0.00066242,0.00024979,0.04259338,0.01247901,0.00361144,0.00028141,0.00241495,0.00316651,4.64e-06,0.00017686,0.0043164,0.00724779,2.034e-05,0.00069139,0.01846971,1.03e-05,0.14259415,0.07315783,0.04528529,0.1452242,0.01303441,4173962.999998545,-0.1061897986544306,-0.0381761946562312,0.3103706695117555,-0.56434976247799,1
6420867,6420867,COCCOc1ccc(C(=O)Nc2cc(C)c(O)c(C)c2O)cc1NCc1csc(C2CC2)n1,2.65,2.727,2.972,3.498,3.595,3.688,3.727,3.864,3.914,3.963,4.094,4.136,4.185,4.202,4.376,4.414,4.483,4.623,4.638,4.657,4.668,4.69,4.712,4.749,4.783,4.855,4.982,4.988,5.001,5.129,5.143,5.175,5.198,5.201,5.219,5.219,5.258,5.28,5.337,5.364,5.387,5.388,5.466,5.542,5.55,5.576,5.588,5.63,5.648,5.688,1.435e-05,3.039e-05,6.43e-06,0.18595304,0.00400395,0.0357129,5.9e-07,0.01995014,0.00146279,0.03772674,0.00162098,4.71e-05,0.03484073,0.00813938,0.02328883,2.174e-05,0.03848477,0.03392479,0.12827907,0.03311935,0.01066744,0.00470909,0.0262709,0.00731912,0.00929584,0.25851869,0.01926307,0.00192198,0.01944339,0.13992651,0.00047576,0.06578401,0.00871682,0.014058,0.00038746,0.00186945,0.00061186,0.03528859,0.00331706,0.02892834,0.00312013,0.00227993,6.7e-06,0.08229598,0.00121894,0.26485776,0.05904457,0.04373769,2.301e-05,0.01674245,1175349.999999593,-4.798431356180042,0.1330865172854623,-0.2939410339757377,-0.154122853548418,3
4424471,4424471,CN(CCc1ccccc1)CC(=O)Nc1ccc(NC(=O)NCc2cccc(C(=O)N3CCCCC3)c2)cc1,3.222,3.435,3.446,3.485,3.553,3.613,3.631,3.674,3.738,3.764,3.794,3.817,3.857,3.912,3.922,3.948,3.959,3.999,4.067,4.093,4.122,4.134,4.176,4.187,4.25,4.276,4.3,4.425,4.452,4.459,4.46,4.586,4.593,4.687,4.723,4.806,4.816,4.817,4.834,4.851,4.852,4.856,4.98,4.98,4.993,5.007,5.026,5.038,5.058,5.07,9e-08,0.00250992,9.068e-05,3.492e-05,3.163e-05,0.0039955,1.691e-05,0.0002148,0.00054269,0.00077712,0.00019662,0.00066467,0.01082283,0.00029667,0.0,4e-08,9.391e-05,0.00020615,9.8e-07,3.823e-05,7.531e-05,0.00060788,0.0018202,0.03452418,0.0,6e-08,0.00058044,9e-08,0.00011066,0.42632887,0.04548601,0.00066812,1.276e-05,0.00651484,7.42e-06,0.00030197,0.00057259,0.00019978,6e-08,0.00070041,0.00127198,0.0001065,0.00026683,0.00016678,3.716e-05,0.00108071,0.00515237,0.0182107,5.52e-06,9.912e-05,-821045.9999997073,-7.867743206031385,-1.3221034165858525,0.5539150106747545,-0.1475965865636502,4
134327,134327,O=C(CNC(=O)c1cc(C2CC2)oc1C1CC1)c1ccc(F)cn1,2.097,2.381,2.582,2.836,2.867,2.981,3.304,3.456,3.678,3.979,4.123,4.16,4.314,4.464,4.477,4.615,4.666,4.729,4.761,4.799,4.893,4.911,4.917,4.943,5.027,5.1,5.123,5.129,5.151,5.152,5.192,5.219,5.277,5.357,5.377,5.403,5.501,5.577,5.634,5.67,5.676,5.69,5.76,5.799,5.858,5.885,5.939,5.965,5.998,6.057,0.00042461,3.35e-06,0.00046515,0.00321673,9.1e-06,0.00233669,0.00016427,3.541e-05,0.00076059,0.00032435,0.00042736,2.667e-05,0.00014464,2.498e-05,0.00111349,2.717e-05,0.00190934,0.15321546,0.00039686,0.00049219,0.00076284,0.02893053,0.11601438,0.02667506,0.0061012,1.006e-05,0.03147089,0.00121394,0.00014739,0.00056382,3.413e-05,0.001626,0.00075038,0.00066237,1.329e-05,0.00244317,0.00421174,0.00024748,0.00010533,0.00273759,0.00019394,0.13067921,0.00507249,0.09679523,0.01035423,0.01555156,0.04147637,0.00044412,0.00693657,0.00110728,-5111189.999998216,-4.040659354129247,1.8378685595343056,-0.6773443468385278,0.1015423779999082,2
1622685,1622685,COCCN(C(=O)c1ccnc(CO)c1)C1CC(NCc2ncc(C)o2)C1,3.395,3.535,3.696,3.843,3.899,3.992,4.188,4.245,4.311,4.394,4.562,4.703,4.708,4.719,4.807,4.857,5.052,5.134,5.213,5.216,5.325,5.342,5.417,5.476,5.53,5.566,5.622,5.665,5.68,5.715,5.755,5.831,5.832,5.859,5.864,5.906,5.912,5.973,6.055,6.081,6.083,6.1,6.176,6.209,6.21,6.24,6.259,6.365,6.397,6.413,0.00122275,0.0105257,0.00087636,0.00059917,0.00088492,0.00022056,3.484e-05,0.00107292,0.00192981,7.402e-05,0.0094816,1.88e-05,0.00014612,1.133e-05,0.00069065,0.0003111,0.00583946,0.03382547,0.00634418,4.1e-07,0.00413721,0.01143939,0.00100657,6.599e-05,0.03945418,0.00196521,0.00150532,0.00011289,0.00324691,0.00686758,0.01734006,0.00213766,0.00351454,0.00575539,0.20034273,0.00010649,0.00678109,1.605e-05,0.00013143,0.00031103,0.01577226,0.00032948,0.13520899,0.00401134,0.00060695,0.00055208,0.04226703,0.03281423,0.00508748,0.12685366,-3622831.999998736,-0.4649680036716916,-0.0351478390772401,0.0628129941927468,0.3255360338371362,2
2279954,2279954,Cc1cc(=O)c(-c2nc(-c3ccc(NCC(=O)NCc4ccco4)cc3)no2)nn1-c1ccccc1,2.268,2.278,2.58,2.621,2.805,2.853,2.97,3.179,3.268,3.326,3.425,3.497,3.509,3.512,3.531,3.555,3.586,3.595,3.735,3.758,3.826,3.851,3.86,3.902,3.993,4.064,4.078,4.083,4.188,4.222,4.23,4.245,4.27,4.296,4.31,4.312,4.395,4.41,4.441,4.448,4.478,4.563,4.573,4.603,4.643,4.652,4.67,4.722,4.733,4.753,0.00179269,0.00066896,0.00150212,0.00010008,1.391e-05,0.00013516,0.02330615,0.01487064,0.03117283,0.36457738,0.00067187,0.00535012,0.00169045,0.00592294,8.666e-05,0.00272844,0.03176996,0.03229013,0.00174387,5.066e-05,2.993e-05,0.02908278,0.22490653,0.00270677,0.01115487,0.03749998,0.00312469,9.57e-06,0.00914194,0.02463314,0.00010995,0.000216,0.00301572,0.05677115,4.553e-05,3.35e-06,0.00129716,0.0187538,0.00034706,0.00998097,1.36e-06,0.10303141,1.803e-05,0.14104955,0.0072246,0.01736888,0.04394516,0.00805601,0.00330985,0.00392574,-2965562.9999989625,-10.668163214846022,0.198371577667942,-0.1183041917314154,-0.1359435126842329,0
9755156,9755156,Cc1ccc(CN(CCN(C)C)C(=O)NCCCc2c(C)cc(C)[nH]c2=O)c(C)n1,2.806,3.076,3.176,3.237,3.303,3.332,3.441,3.564,3.594,3.601,3.641,3.724,3.752,3.793,3.875,3.935,3.982,4.126,4.134,4.16,4.357,4.396,4.525,4.558,4.623,4.677,4.867,5.104,5.235,5.254,5.421,5.454,5.459,5.48,5.48,5.622,5.632,5.651,5.677,5.778,5.823,5.917,5.93,5.976,5.979,5.997,6.039,6.078,6.111,6.116,5.712e-05,3.196e-05,0.00144724,4.974e-05,0.00088429,0.00412275,2.729e-05,0.01407638,0.00040444,4.18e-06,0.00024994,0.00077853,7.13e-06,0.00013905,0.00072756,0.0746099,0.00026822,1.681e-05,0.00030166,0.00011803,0.0001793,2.688e-05,4.171e-05,4.879e-05,0.00024371,3.841e-05,0.00353983,0.05994577,0.00630777,0.00026665,0.00312608,0.00976572,0.09230982,0.00014592,3.51e-05,0.05163552,0.00282545,0.02721675,0.00044078,0.00048723,0.00068799,0.00457505,1.714e-05,0.00050809,0.01748523,0.00027698,0.00017914,0.02183829,0.00106219,0.01001083,4509638.999998428,-4.497423397759214,1.4631817469831918,1.781113501967106,-0.1310212509537696,1
424670,424670,Cc1cccc(COC(=O)C2C=CC=C(C(=O)N(C)C)CC2)n1,3.149,3.27,3.505,3.55,3.686,3.885,3.916,3.923,4.138,4.201,4.277,4.438,4.454,4.645,4.689,4.757,4.762,4.931,5.027,5.178,5.195,5.317,5.357,5.387,5.425,5.438,5.519,5.614,5.625,5.685,5.694,5.757,5.792,5.859,5.9,5.927,5.952,5.977,6.033,6.038,6.094,6.119,6.12,6.188,6.261,6.271,6.292,6.312,6.318,6.355,0.00691027,0.00021857,9.879e-05,0.00175081,0.00012837,0.0200968,0.0086293,0.00144224,0.00436095,0.00399494,0.00776771,0.00637823,0.00011159,0.00035898,0.00346569,0.17448269,0.01684293,0.00257038,0.01740423,4.196e-05,0.01556485,0.03520469,0.00048017,0.00046013,0.01502173,0.00172524,0.00051281,0.02112208,0.03212074,5.567e-05,0.00338732,0.00049986,0.01975158,0.00085265,0.00254654,0.00290899,0.00193528,0.00165218,0.00322324,0.00919666,0.00107505,0.0044472,0.00759586,0.00646335,0.00035931,0.00021872,0.00367721,0.00163059,0.00993497,0.038685,-4820846.999998319,-1.098165426250536,0.6547216336035454,0.2591642163318598,0.4039294648385626,2
4734387,4734387,CC(C)(C)n1nnnc1C(=O)N1Cc2ccccc2CN1C(=O)Cc1csc(CN)n1,3.494,3.653,3.688,3.708,3.941,3.983,4.106,4.113,4.133,4.257,4.313,4.326,4.343,4.442,4.46,4.543,4.566,4.707,4.709,4.757,4.774,4.786,4.806,4.819,4.908,4.91,4.922,4.93,4.94,4.941,4.97,4.996,5.027,5.062,5.064,5.094,5.113,5.115,5.125,5.143,5.149,5.165,5.185,5.229,5.249,5.251,5.33,5.344,5.346,5.366,0.00696741,0.01619198,0.0003492,0.00026015,0.01585274,0.00231393,0.00017807,0.00108873,0.00649922,0.001837,0.00015893,0.00031994,0.0002282,0.00085295,0.00110231,0.00027729,0.01640686,0.00012186,0.00010909,0.00013302,0.00060083,0.0072691,0.00047886,0.00439623,0.00066089,0.00016773,0.00104317,0.04657253,0.00116444,0.00308891,0.00157881,0.0005255,0.00262049,0.02992998,0.0047544,0.00168577,1.631e-05,4.207e-05,4.817e-05,0.02243337,0.00707811,0.01067622,0.05036524,0.00039825,1.316e-05,7.558e-05,5.102e-05,0.00285325,0.00022552,0.00027279,-511129.99999981833,-4.865098791911458,-1.7895593417092504,-0.3904914129039381,0.2460122531220359,4
510208,510208,O=C(CO)NCc1n[nH]c(C2CC2)n1,4.628,5.285,5.292,5.439,5.766,5.886,6.118,6.215,6.391,6.483,6.547,6.578,6.717,6.774,6.867,6.892,7.025,7.282,7.335,7.411,7.434,7.529,7.56,7.67,7.781,7.869,7.886,7.916,8.005,8.062,8.067,8.298,8.311,8.335,8.522,8.564,8.673,8.71,8.807,8.829,8.884,8.939,8.963,9.05,9.07,9.172,9.205,9.306,9.421,9.441,3.75e-06,0.00723854,0.00081158,0.00040171,2.234e-05,6.115e-05,0.02495915,0.00286245,0.03731808,0.0659194,5.008e-05,0.00295742,0.02974583,0.04668921,0.00114455,0.1057318,0.00021068,0.2077629,0.20475248,0.02676602,0.00435723,0.00720152,0.07034377,0.00105651,0.12929636,0.00709716,0.00396633,0.00099316,0.00081314,0.00052579,0.00081069,0.00202793,0.01400347,5.306e-05,0.0061201,0.0006033,0.02918475,0.01024795,0.0060438,0.00029483,0.02836997,0.0951236,0.00518756,0.03561815,0.10895548,0.00791875,0.01038738,0.00293901,0.00056387,0.00398338,-4735308.999998352,16.150345858439533,0.311834085600865,0.7437499090428962,-0.3167135040523001,2
437364,437364,COc1ccc(CCN(CCCNC(=O)c2cocc2C)CC2CC2)cc1,3.294,3.478,3.688,3.807,3.89,4.17,4.325,4.415,4.486,4.512,4.615,4.8,4.822,4.925,4.967,5.106,5.141,5.26,5.289,5.454,5.458,5.537,5.586,5.627,5.729,5.744,5.781,5.829,5.873,5.915,5.988,6.087,6.102,6.104,6.118,6.21,6.259,6.299,6.308,6.319,6.348,6.355,6.451,6.482,6.492,6.504,6.512,6.531,6.551,6.565,0.00070662,0.00034501,3.281e-05,0.03076268,5.743e-05,3.577e-05,0.00020007,0.00171368,0.00226899,0.00024423,0.02598902,0.00348208,0.01002309,0.00046425,0.00094433,0.00092044,0.03271768,0.00121403,0.0996925,1.227e-05,0.00030321,0.00044389,0.00033908,0.00097513,0.0007693,0.0001531,0.045481,0.00242323,0.01481447,0.00147082,0.03829608,0.00279919,0.00061374,0.01244278,0.02151461,0.04296997,0.02107334,0.00027577,0.00024928,0.00111081,0.00472758,0.01970446,0.00039312,0.07087884,0.00487224,0.0024037,0.0030093,0.39281717,0.00959984,0.03360132,-4808152.999998324,0.8427493525600799,0.3476605438672868,0.0133013181741793,0.2263049626260788,2
10215108,10215108,CC(O)(CN)C(=O)N1CCN(C(=O)c2ccc(F)s2)CC1,3.432,3.486,3.554,3.805,4.033,4.165,4.649,5.082,5.108,5.147,5.175,5.186,5.214,5.312,5.312,5.523,5.546,5.7,5.723,5.749,5.794,5.855,5.857,5.867,5.919,5.94,6.032,6.055,6.099,6.206,6.275,6.284,6.333,6.355,6.442,6.463,6.465,6.533,6.606,6.644,6.646,6.689,6.7,6.741,6.795,6.829,6.843,6.918,6.959,6.973,0.00029188,0.00568679,0.000151,0.00751958,0.00581704,0.00041827,0.19981239,0.00785189,0.00795364,0.00461725,0.00139276,1.903e-05,0.00257638,0.02170988,0.02425663,0.024488,0.00031348,0.00066278,0.00266252,0.00280276,0.00582041,6.068e-05,0.01345132,0.0050391,0.03457917,0.00486949,0.00137441,0.00178484,0.00317095,0.00641917,0.00016436,0.00056372,0.00166107,0.00022584,0.00774695,0.00059401,0.00081633,0.00484034,0.02856806,0.02389382,0.01103476,0.01195905,0.22891813,0.00693819,0.0153575,0.00110042,0.00139048,0.00813584,0.0009812,0.00210851,4969590.999998265,2.967246277988948,0.2842704518595723,-0.5638027576700361,-0.2332366311475603,1
4672166,4672166,CNC(=NC1CC1)NCC1(c2ccc(OCc3ccccc3)cc2)CCCC1,3.106,3.168,3.258,3.451,3.513,3.602,3.665,4.007,4.078,4.137,4.161,4.223,4.311,4.583,4.717,5.162,5.165,5.181,5.21,5.224,5.226,5.257,5.314,5.368,5.428,5.44,5.453,5.501,5.545,5.552,5.592,5.639,5.689,5.719,5.751,5.796,5.845,5.847,5.853,5.858,5.901,5.907,5.941,5.959,5.963,5.973,5.996,6.0,6.008,6.046,2.321e-05,1.133e-05,5.449e-05,7.1e-07,4.6e-07,1.2e-06,0.00217498,0.00013238,0.00151413,0.0011469,1.806e-05,9.58e-06,0.00030548,0.02678575,0.002179,0.00216283,0.19297067,0.01066305,0.00152326,0.00174305,0.0250954,0.00015836,4.402e-05,0.00304175,0.00108011,6.127e-05,4.641e-05,1.117e-05,0.0125729,0.01254968,0.00057985,0.00309976,1.528e-05,5.617e-05,6.637e-05,0.00029781,3.713e-05,0.00014465,0.00090692,0.00073336,0.00025579,4.901e-05,0.01587295,0.01088735,0.00175813,0.01977487,0.00027819,0.00418938,0.00047712,0.00112589,-573350.9999998013,-1.824100017684312,0.5325887783366601,-0.4297483300209228,0.857082940209025,4
1805279,1805279,CC(C)C(=O)N1C=CN(C(=O)Nc2ccc(-c3nc4ccccc4o3)cc2)CCC1,2.848,3.316,3.559,3.6,3.682,3.995,4.05,4.058,4.071,4.081,4.161,4.23,4.289,4.431,4.467,4.525,4.577,4.593,4.661,4.696,4.738,4.779,4.833,4.921,5.005,5.027,5.043,5.099,5.132,5.14,5.217,5.261,5.383,5.395,5.406,5.49,5.5,5.528,5.536,5.563,5.568,5.614,5.646,5.679,5.773,5.813,5.84,5.916,5.97,5.974,0.09726156,0.00764773,0.00066459,1.02452025,0.03061235,0.01412835,0.04085633,0.00582215,0.06752202,0.01704234,0.00057601,0.03211345,0.00039076,0.02379419,0.13551616,0.00028755,0.01173028,0.16086328,0.09821589,0.01085638,0.00217956,0.00036469,0.02850223,0.00083624,0.00062168,0.00125865,0.0001347,0.00898807,0.04545484,3.046e-05,0.00045645,0.01842243,0.00083493,0.00105858,0.01162448,0.00248181,0.00068545,0.00298743,0.02904124,0.00059422,0.00216071,2.45e-06,0.01412054,0.00156131,0.00534438,0.00164717,0.04868633,0.00326547,0.00295451,0.06849891,-3440237.9999987995,-3.5782881102344577,-0.2143688803357333,0.2071830063985801,-0.2670016325962306,2
1848865,1848865,Cc1cc(=O)[nH]c(CNC(=O)Nc2cc(N=C(O)OC(C)(C)C)ccc2C)n1,3.18,3.325,3.604,3.777,3.859,4.162,4.4,4.405,4.515,4.532,4.544,4.635,4.781,4.783,4.803,4.824,4.884,4.908,4.938,4.996,5.024,5.053,5.079,5.171,5.262,5.353,5.467,5.51,5.536,5.581,5.609,5.698,5.751,5.83,5.864,5.879,5.888,6.002,6.024,6.033,6.103,6.139,6.145,6.18,6.257,6.268,6.28,6.312,6.328,6.344,6.55e-06,4.296e-05,0.00023347,0.00055227,0.00129493,0.06186916,0.00024459,0.00148798,0.03395421,6.735e-05,1.499e-05,0.00044859,0.00768045,9.561e-05,0.00337717,8.517e-05,2.8e-05,0.09695719,0.00033673,0.00023741,0.0096479,0.07175624,0.0001196,0.01483188,4.75e-06,0.07126514,0.00052083,0.44183496,0.00015429,0.0045416,0.04864806,0.00071022,0.00039417,0.00510007,0.0027721,0.00052889,0.00128338,0.00016588,0.00441706,0.01868334,0.00015461,0.00526477,0.01926668,0.00030288,0.00037886,0.05366324,0.03202852,0.16270472,0.00823082,0.00043279,-3396651.9999988168,-0.9620450280380868,-0.0482435358096947,0.1943195549229032,-0.4755723859864268,2
9805542,9805542,C=C(Cc1ccc(OC(F)F)cc1)N(C)CCCn1ccnc1,3.107,3.519,3.67,4.068,4.205,4.541,4.603,4.802,4.94,5.037,5.33,5.345,5.411,5.77,5.815,5.828,5.872,6.023,6.046,6.085,6.138,6.208,6.222,6.269,6.29,6.341,6.361,6.413,6.428,6.478,6.546,6.65,6.657,6.679,6.803,6.823,6.823,6.827,6.889,6.999,7.01,7.025,7.031,7.065,7.137,7.147,7.18,7.223,7.235,7.292,0.00039083,0.00442043,8.3e-07,6.13e-06,2.533e-05,5.1e-06,4.99e-06,0.02794299,4.3e-06,9.3e-06,0.00049007,0.08077387,0.04278869,0.10074369,0.00025752,0.08762015,0.02439032,0.00622864,7.73e-06,0.027858,4.396e-05,0.00308521,0.01693855,0.02378641,0.03711102,0.00076532,0.07527718,0.13127059,0.00057567,0.3664347,0.09905466,0.01448909,0.01911738,0.00153574,0.02298024,0.0009645,0.01963595,0.00275485,0.01813262,0.0004318,0.01566171,0.01421902,0.00809695,0.00341304,0.00103957,1.432e-05,0.01111552,0.00115425,0.00156975,0.01014447,4560024.999998407,4.922148687168408,0.8105062047216908,-0.8088084341238521,0.0612200227924264,1
10368749,10368749,Cc1cnc(CCCC(=O)NCCN(C)C(=O)c2csc(C)n2)o1,3.11,3.246,3.418,3.453,4.137,4.325,4.402,4.46,4.568,4.636,4.713,4.766,4.875,4.908,5.024,5.178,5.208,5.326,5.35,5.477,5.525,5.551,5.612,5.657,5.702,5.726,5.768,5.779,5.823,5.848,5.868,5.893,5.909,5.984,6.007,6.065,6.069,6.08,6.127,6.129,6.136,6.156,6.233,6.243,6.265,6.381,6.388,6.456,6.503,6.516,0.00177603,0.00025072,0.0020694,0.00505426,0.00408655,0.00269851,6.82e-06,0.00061144,0.00034266,0.00041859,0.10361258,6.32e-06,0.05633528,4.708e-05,9.082e-05,3.46e-06,0.00172364,0.00080053,0.00096744,0.02191851,0.00123916,0.00620298,1.39e-05,0.00075637,0.0001254,0.03453078,0.00069194,0.00022401,0.01866104,0.07076997,0.34561443,0.02129686,0.01037892,3.077e-05,0.00449025,0.00729073,0.0002867,9.591e-05,3.575e-05,0.00090461,0.00830497,2.525e-05,2.08e-06,6.464e-05,0.03282254,0.01235376,1.71e-06,0.0004192,1.979e-05,0.01524155,5123231.999998214,0.3727554458297659,0.1853483563573167,-0.6231355522485621,0.0408707832774953,1
9212943,9212943,CCCN(CCC)C(=O)C(=NN)N(C)CCNc1cc(C)nc(C)n1,3.634,4.055,4.267,4.387,4.429,4.665,4.733,4.749,4.765,4.78,4.94,4.987,5.158,5.225,5.343,5.366,5.383,5.434,5.455,5.502,5.594,5.779,5.873,5.93,5.962,6.091,6.208,6.209,6.307,6.32,6.441,6.476,6.685,6.689,6.739,6.855,6.986,7.054,7.076,7.082,7.098,7.16,7.187,7.222,7.235,7.282,7.286,7.348,7.379,7.421,0.00204274,0.01936741,0.00083523,4.205e-05,0.00981255,0.00647409,0.01462347,0.01427291,0.00027772,0.00084243,0.01100214,0.00264895,9.155e-05,0.00690099,0.022009,0.0119018,0.00273017,0.00729618,0.11519221,0.01301562,0.06037712,0.00091309,0.00609706,0.00127367,0.03386263,0.00141081,0.26149626,0.13416521,0.00980458,0.02067224,0.05991145,0.00952592,0.00432481,0.07857379,0.21184133,0.03505304,0.00222832,0.36231468,0.00307307,0.06872437,0.01822843,0.00133348,0.00949967,0.06113689,0.03527926,0.00045616,0.00100198,0.01707126,0.00035768,0.00142515,3967425.999998613,4.333110883374244,0.5369835774557231,1.2095552311340263,-0.2753050513381134,1
2866034,2866034,CCCn1c(=O)n(O)c2c(C(=O)NC(C)(Cc3ccccc3)c3ccccc3)cc(C(C)N)nc21,3.359,3.655,3.729,3.76,3.813,3.868,3.982,4.039,4.058,4.082,4.084,4.194,4.218,4.283,4.406,4.429,4.435,4.46,4.491,4.507,4.516,4.529,4.591,4.633,4.728,4.75,4.8,4.819,4.842,4.848,4.85,4.855,4.88,4.911,4.92,4.923,4.929,4.938,4.963,4.972,5.023,5.024,5.09,5.152,5.182,5.206,5.269,5.293,5.334,5.365,0.00489136,0.01607279,0.00709287,0.12831839,0.01704289,0.00345295,0.00016081,0.00476573,0.00013761,0.00048208,0.00109449,0.00024103,0.00139557,0.00544535,0.00865828,2.985e-05,0.00248696,0.0101478,3.546e-05,0.00010044,0.00650627,0.00020566,3.214e-05,0.00917435,0.07100439,0.03230683,0.02254345,3.82e-06,8.55e-06,0.00011716,0.00030084,0.00110479,0.00130137,0.00277276,6.02e-05,0.00112313,0.00097017,0.00501767,0.0341014,0.00296444,0.00047283,0.00057434,0.00031338,0.00015053,0.00017846,0.00048348,0.00018407,0.00071845,0.00106249,0.0004564,-2379482.999999168,-5.7591053368349545,-1.7560427475613654,-0.1034554850778613,0.0870971951698992,0
5741869,5741869,Cc1cnn(C)c1C(=O)N1CC(NC(=O)c2nccc3occc23)N1,3.028,3.103,3.368,3.528,3.755,4.033,4.057,4.067,4.096,4.151,4.219,4.346,4.409,4.417,4.574,4.701,4.803,4.807,4.848,4.865,5.006,5.031,5.061,5.063,5.083,5.104,5.183,5.326,5.449,5.456,5.463,5.503,5.6,5.608,5.66,5.666,5.698,5.729,5.741,5.806,5.809,5.836,5.991,6.008,6.08,6.106,6.117,6.144,6.186,6.233,0.00029207,0.00016473,0.00113906,0.00245477,0.00029432,0.00034071,0.00060065,0.00104621,0.00989316,0.00013701,0.010903,0.16598225,7.897e-05,0.00100345,0.00077782,0.12862634,0.00019231,0.01194365,0.03472577,0.00088907,0.00700538,0.00050698,0.00117277,0.00055966,0.00024479,0.00032754,9.43e-06,0.08004502,0.00046862,0.00709522,0.01655379,0.05663739,0.00012897,0.00080782,0.0021377,0.00343937,0.00079735,0.00486075,0.00331875,0.19044498,0.11302874,0.00022459,0.01804733,0.00042446,0.000231,0.00080958,0.00170819,0.0004244,0.01690173,0.03617715,496351.9999998279,-2.326073479573505,0.3029331721279589,0.2217369124249148,-0.1449682315206061,4
636028,636028,CON(C)C(=O)Cn1c(COc2ccc(C(C)(C)C)cc2)nnc1N1CC(CO)(OC)C1,3.623,3.973,4.157,4.302,4.38,4.485,4.494,4.589,4.633,4.644,4.84,4.875,4.91,4.925,5.007,5.042,5.137,5.169,5.203,5.242,5.29,5.331,5.358,5.403,5.458,5.505,5.513,5.574,5.579,5.622,5.662,5.702,5.732,5.753,5.787,5.831,5.879,5.906,5.961,5.971,5.988,5.991,6.038,6.085,6.106,6.139,6.183,6.216,6.226,6.285,0.00124881,0.02073027,9.499e-05,0.00057883,0.00225441,0.00087588,0.00338113,0.0023773,0.00568913,0.00907582,0.01419266,1.882e-05,0.00017425,0.00523851,0.03967734,0.0399881,0.00052594,0.01609901,0.00034805,0.00131829,0.04341,0.03162084,0.00053587,6.74e-06,2.188e-05,0.02131494,0.00944308,0.0002564,0.00179517,0.00123244,0.01785573,0.00551167,2.384e-05,0.00149786,0.00011375,0.00100393,0.00505192,0.00528993,0.00015136,0.01474404,8.685e-05,0.00581353,0.00220265,0.00601381,0.00409077,0.00823873,0.04570361,0.0083365,0.0113022,0.02240398,-4609488.999998391,-0.3170278336876483,-1.379741150805989,-0.0353550521833206,-0.0636826193593398,2
879320,879320,Cc1cccc(OCC(=O)N2CCN(c3nnc(C4CC4)n3CCOCCCO)CC2)c1,3.42,3.659,3.827,4.067,4.223,4.374,4.463,4.61,4.757,4.789,4.932,4.992,4.997,5.002,5.07,5.081,5.108,5.178,5.18,5.232,5.239,5.336,5.344,5.36,5.532,5.572,5.678,5.712,5.862,5.927,5.932,5.999,6.049,6.089,6.116,6.167,6.179,6.196,6.231,6.262,6.289,6.309,6.323,6.333,6.348,6.407,6.418,6.423,6.429,6.497,3.1e-07,0.0009797,2.354e-05,0.00407994,6.6e-07,3.7e-07,0.00013405,8.45e-06,4.54e-06,0.00463271,0.0868112,9.213e-05,1.2e-07,2.083e-05,0.01497908,0.03506439,8.52e-06,0.01467747,0.0036293,4.9e-07,3.979e-05,2.64e-06,4.235e-05,0.00060248,0.01018654,5.559e-05,0.03957993,0.0009293,0.00346452,0.00140743,2.4e-07,0.08335911,0.05078612,1.11e-05,0.01802131,7.838e-05,0.11866794,0.00623617,0.06474282,0.0009404,0.00081954,0.00020896,0.00365954,0.14361627,3.423e-05,0.12376278,0.01825784,0.13518379,0.04840036,0.00056866,-4366196.999998476,0.6482296683648147,-0.4439111420087064,0.0471026528650187,-0.3047320257390661,2
9200575,9200575,Cc1cccc(-c2nnc(N3CCN(CCNC(=O)C(C)(C)C)CC3)n2Cc2ccc(C#N)o2)n1,2.981,3.06,3.254,3.375,3.404,3.486,3.532,3.807,3.828,3.927,4.079,4.103,4.136,4.195,4.259,4.311,4.405,4.448,4.544,4.604,4.607,4.742,4.78,4.852,4.87,4.879,4.959,4.989,5.005,5.03,5.065,5.126,5.159,5.25,5.258,5.282,5.332,5.338,5.359,5.407,5.431,5.544,5.559,5.616,5.659,5.692,5.703,5.708,5.737,5.742,0.00032902,0.01091533,0.00044412,0.00141883,0.01728958,0.05415139,0.00380467,0.00082136,0.00161458,0.00034823,0.00504832,0.06372631,0.0896815,0.00680733,0.01025929,0.0075243,0.01827536,0.01137928,0.15314835,0.0012634,6.972e-05,0.00090752,0.00824637,0.00462335,0.003007,5.553e-05,0.00064488,0.00941812,7.85e-06,0.04189312,0.01544797,0.02259143,0.01734797,0.00356774,0.24218109,0.00095192,0.0064887,0.00921846,0.00111183,0.01000665,0.00154665,0.00281924,0.00063014,0.00110497,0.00405786,0.00378847,0.00419647,0.00273052,0.00069942,4.312e-05,3955057.9999986216,-4.703435396985852,0.1626734779136485,0.2154375402130398,0.1324987430630396,1
7743666,7743666,COc1ccc(O)cc1CNc1cccc(NCc2ccc3c(c2)CCC3)c1,3.252,3.276,3.38,3.673,3.696,3.765,3.798,3.867,4.145,4.243,4.542,4.566,4.663,4.755,5.002,5.015,5.144,5.214,5.218,5.275,5.279,5.291,5.32,5.329,5.354,5.405,5.639,5.693,5.712,5.767,5.793,5.803,5.806,5.814,5.84,5.848,5.897,5.944,6.102,6.109,6.12,6.125,6.133,6.154,6.159,6.163,6.166,6.181,6.186,6.219,2.284e-05,5.677e-05,0.00102119,0.00032173,2.399e-05,6.1e-07,2.653e-05,3.1e-07,0.00046326,0.1148337,0.04704264,0.00016835,0.00021169,2.3e-07,0.00286376,0.0248088,0.00012235,0.00019085,7.86e-06,0.05912916,0.01009859,0.02782025,0.00121362,0.16164041,0.0347898,0.00030514,0.00127924,0.01105306,1.22e-05,0.01287452,0.0315631,0.53875562,0.11590379,0.00442097,0.00648585,0.05591205,0.00289139,0.00429123,0.0002565,0.00818803,0.00502361,0.01621492,0.02086155,0.0123024,0.00644702,0.00539753,0.00374327,0.01137387,0.00462417,0.06443549,2498148.9999991287,-0.8969383733071338,0.4389976307774676,-0.2487044927984163,0.6236522329762938,3
6590669,6590669,CC(C)(CCc1ccccc1)NC(=O)CN1CCCC(CC(N)=O)CC1,3.481,3.52,3.879,3.918,3.974,4.014,4.345,4.384,4.898,5.135,5.174,5.185,5.218,5.295,5.393,5.554,5.598,5.648,5.678,5.688,5.723,5.748,5.763,5.83,5.869,6.055,6.094,6.1,6.136,6.175,6.213,6.234,6.277,6.296,6.333,6.342,6.376,6.381,6.415,6.501,6.618,6.634,6.676,6.709,6.733,6.762,6.774,6.813,6.834,6.838,7.829e-05,0.00023041,0.0002811,0.00032329,5.48e-06,6.13e-06,0.00430501,0.00392572,7.7e-07,7.1e-07,1.61e-06,0.00037943,0.00218651,1.427e-05,0.00014769,0.02632678,0.00190547,2.165e-05,2.486e-05,1.51e-05,4.384e-05,6e-07,3.749e-05,9.185e-05,9.487e-05,0.00359462,0.00291407,0.00398579,0.00682972,0.0031361,0.00455736,0.01109045,0.0342109,0.01161807,0.01653364,0.00062206,0.00567047,0.00179336,0.01204845,4.08e-06,0.19578361,0.13780428,0.04458247,0.00962953,0.09699329,3.9e-07,0.00410969,0.00066305,0.0211794,6.004e-05,1345151.9999995304,2.55739167219612,0.2227274136597621,-0.522883510487407,0.2095242493013335,3
10047100,10047100,CC(C)N(Cc1ccccc1CN(C)C1=C(O)CC1)c1cccc(OC(F)F)c1,2.614,2.694,2.903,3.24,3.548,3.63,4.083,4.625,4.679,4.711,5.113,5.203,5.238,5.274,5.306,5.389,5.43,5.448,5.476,5.542,5.549,5.596,5.747,5.764,5.78,5.889,6.007,6.056,6.069,6.143,6.207,6.221,6.285,6.297,6.311,6.313,6.336,6.341,6.353,6.394,6.402,6.435,6.443,6.455,6.492,6.499,6.517,6.525,6.548,6.595,0.00066678,6.73e-06,0.00129928,0.00225596,0.00080864,0.00055368,0.03904901,0.00282141,0.19465401,0.01409988,0.00019142,0.00920861,0.03416623,0.00032443,0.03078465,0.00086371,0.00445014,0.02869061,0.00987226,0.03118341,0.00123517,0.00550569,0.23182892,0.07941632,0.18790506,0.00786118,0.0240804,0.01734681,0.01990435,0.00091767,0.0025062,0.00409075,0.02404966,0.01142711,0.00923032,0.0248231,0.06442667,0.00506835,0.10450855,0.02039456,0.07494739,0.06759296,0.17075368,0.03915143,0.02106402,0.00289674,0.04107344,0.09587414,0.18478221,0.02604135,4801582.999998324,1.3555593959847296,1.3816988251013207,-1.4244228357324045,0.0278181109635464,1
3152366,3152366,CCOC(=O)C1=C(N(C)C(=O)C(C)(C)c2c[nH]cn2)Cc2ccccc2N1,3.11,3.136,3.446,3.627,3.753,3.856,4.083,4.102,4.185,4.297,4.413,4.449,4.49,4.54,4.613,4.743,4.825,4.836,4.85,4.852,4.999,5.166,5.191,5.28,5.282,5.286,5.319,5.382,5.399,5.499,5.545,5.569,5.614,5.713,5.733,5.763,5.765,5.777,5.831,5.834,5.837,5.916,5.921,6.05,6.154,6.186,6.2,6.21,6.217,6.239,0.0413341,0.07276747,0.00130785,0.03122544,0.00455966,8.226e-05,0.00210789,0.00755129,0.00103639,0.06682027,0.00035658,0.0012063,0.01445248,0.00020543,0.06055216,0.00259393,0.0011034,0.0038647,0.03011501,0.00650575,0.01318379,0.00843682,0.11671179,1.962e-05,0.01189126,0.00797584,0.00686742,0.00069014,0.00311569,0.00070615,0.03478925,0.00164406,0.00220524,0.00122578,0.00159325,0.00125281,0.00079026,0.00060691,0.0009333,0.00216934,0.00019257,0.06761378,0.17881036,0.00272237,0.00124887,0.00272623,0.00297901,0.02265095,0.00507817,0.0001669,-2093150.999999269,-1.8826454254707732,0.2606702337206151,0.1295950990274109,-0.0505156882704829,0
8274594,8274594,CCN(CC1CCC1)c1nnc(-c2cn(C)c3ncccc23)n1CCOC(C)C,3.057,3.299,3.951,3.995,4.176,4.231,4.333,4.561,4.65,4.746,4.778,4.854,4.988,5.031,5.042,5.084,5.124,5.254,5.343,5.345,5.451,5.488,5.5,5.506,5.716,5.732,5.802,5.908,5.926,5.968,6.07,6.098,6.139,6.155,6.158,6.213,6.239,6.288,6.327,6.36,6.367,6.397,6.453,6.454,6.458,6.472,6.523,6.533,6.573,6.61,0.00391858,0.05061533,0.00160697,0.00068347,0.00942782,9.196e-05,0.01338397,0.00906647,0.01656696,0.5465585,0.05398978,0.00122657,0.08873509,0.00562744,0.00099257,0.00425519,0.00149021,0.00016236,0.00128833,0.00027152,0.00615837,0.00190238,0.00218227,0.02456788,0.00087846,0.00121544,0.00838189,0.05120839,0.0267879,5.959e-05,0.00946123,0.00028576,0.01732192,0.0021174,4.201e-05,0.02730386,0.12337752,0.01054607,0.0627347,0.00183537,0.00689038,0.00171353,0.01368061,0.00963599,0.00234361,0.02305585,0.00431894,0.00012209,0.01623154,0.00011618,3029076.9999989425,1.051090905838244,0.1647813853414189,-0.1263291803515831,-0.1576853954935919,3
8795888,8795888,NC(O)c1cccnc1SCc1nc(N2CCOCC2)c2c3c(sc2n1)CCCC3,3.478,3.607,3.749,3.848,3.874,3.953,4.012,4.039,4.046,4.119,4.145,4.171,4.231,4.257,4.276,4.302,4.381,4.413,4.434,4.499,4.526,4.542,4.589,4.649,4.656,4.674,4.705,4.744,4.769,4.77,4.831,4.929,5.033,5.084,5.12,5.13,5.142,5.165,5.213,5.275,5.279,5.356,5.388,5.394,5.475,5.506,5.531,5.556,5.57,5.591,0.03002869,0.03871355,0.00338398,0.01317479,0.00147779,0.11744364,0.00148322,0.00164892,0.00956476,0.00341257,0.00541968,0.0188825,0.00924682,0.0010321,0.00457289,0.0219966,0.00022558,0.00830089,0.0051095,0.00058748,0.0004482,0.0009031,0.00101281,0.00548265,0.00804531,0.03910598,0.00740466,0.04438597,0.00946531,0.00050205,0.01379623,0.05538343,0.06222856,0.00342035,0.00196952,0.0015639,0.00748164,0.00328706,0.00093964,0.00807474,0.01067571,0.0156191,0.04526686,0.00094145,0.00517624,0.00121049,0.00218781,0.03714088,0.02114129,0.00859138,3550370.999998763,-5.118745872998333,-1.3865264164389932,0.532709205025457,-0.267257195398089,1
2897206,2897206,CC(C)(C)C1=CCN(C(O)Cn2cccnc2=O)CC1,3.056,3.175,3.82,4.022,4.217,4.35,4.469,4.585,4.675,4.789,4.79,5.086,5.366,5.445,5.602,5.615,5.625,5.73,5.759,5.834,5.914,5.939,5.964,6.18,6.185,6.24,6.29,6.413,6.48,6.516,6.551,6.689,6.713,6.763,6.791,6.818,6.831,6.944,6.986,7.082,7.103,7.156,7.215,7.231,7.261,7.347,7.392,7.434,7.474,7.499,0.0005481,0.00551405,0.06127369,0.00496174,0.00081942,0.003111,2.29e-06,0.00138009,0.00018107,0.00113679,0.00037839,0.00316186,0.0004819,0.02059874,0.00599758,0.00041545,0.00062437,0.00320684,0.03685479,0.00041351,0.01218446,0.00049571,0.00154672,0.01836898,0.00432777,0.01731577,0.10049259,0.16937262,0.00616554,0.06361302,5.191e-05,0.06298803,0.0085976,0.06877215,0.01378024,0.00853297,0.03097993,0.00968286,0.00160096,0.01323575,0.05473003,0.00060128,0.00155372,0.02062552,0.20839389,0.00523359,0.00320232,0.02629541,0.00093236,0.01521556,-2348310.999999183,4.634845641388987,1.5535807017329233,0.0837549733763078,-0.0905064225122283,0
4892782,4892782,CCCN(Cn1nc(CC)cc1C)c1nnc(C)n1CCc1nc(C)c(C)s1,3.599,3.953,3.995,4.145,4.523,4.578,4.705,4.833,4.919,5.085,5.136,5.459,5.515,5.532,5.565,5.761,5.769,5.79,5.848,5.889,5.895,5.942,6.037,6.04,6.073,6.099,6.105,6.137,6.146,6.201,6.206,6.242,6.253,6.276,6.286,6.303,6.334,6.346,6.351,6.378,6.414,6.432,6.445,6.47,6.49,6.525,6.545,6.559,6.562,6.585,0.00036354,0.00025414,0.00048486,0.00036758,0.15463768,0.03029039,0.00176077,6.03e-06,0.00281174,0.00228345,0.00929456,0.00015169,0.00253074,0.04873927,0.01372937,0.00331359,0.00260926,3.7e-06,0.01008502,0.00019898,0.01526778,5.891e-05,0.01412276,8.403e-05,0.00459275,0.00480183,0.00402131,0.00017438,0.03723376,0.0001049,0.00064471,0.01164754,0.01591473,0.00755237,0.0042348,0.0008605,0.00747637,0.00411007,0.00449957,0.01804963,0.00084526,0.00422806,0.00024008,0.0065005,0.00140418,0.04677795,0.00805875,0.00252208,0.05072062,0.00899518,-352734.99999987904,2.818350767290747,-0.9350421718299504,-1.1025527578190866,0.3735346267957763,4
1710563,1710563,COCc1cccc(CNc2cc(C(O)=Cn3nc4ccccn4c3=O)ccc2C)c1,2.288,2.618,2.896,2.917,2.981,3.345,3.524,3.537,3.54,3.589,3.798,3.829,3.841,3.877,3.896,4.059,4.192,4.202,4.222,4.259,4.33,4.372,4.432,4.485,4.506,4.628,4.673,4.699,4.72,4.736,4.772,4.796,4.807,4.898,4.921,4.986,5.036,5.042,5.093,5.103,5.138,5.163,5.167,5.222,5.268,5.416,5.48,5.51,5.526,5.58,0.05862256,0.00120106,2.017e-05,4.99e-06,1.822e-05,0.00355891,0.01064437,0.00649671,0.01198822,4.16e-06,0.14818006,0.01940426,0.09314342,0.00327197,0.00045309,0.00078964,1.435e-05,5.727e-05,1.226e-05,0.03804241,1.531e-05,0.01191085,0.00083333,0.00039815,0.00023634,0.06132311,0.04411781,0.06562083,0.00920042,0.00184153,0.00104466,0.01570263,0.0019614,4.74e-06,0.00038285,0.00654322,2.745e-05,0.00816328,0.11708942,0.0047155,0.01312026,0.00065211,0.00134023,0.0506165,0.00291214,0.00018193,9.381e-05,0.00358327,0.00172023,0.00267346,-3534953.999998766,-6.849424087456859,0.6658544770657057,0.0191983252419017,-0.211031457002922,2
8514102,8514102,CCN=C(Nc1cccc(C(C)=O)c1)N1CCN(c2ccccn2)CC1,2.826,3.163,3.226,3.37,3.654,3.692,3.799,3.838,4.026,4.127,4.191,4.241,4.277,4.351,4.489,4.561,4.565,4.568,4.614,4.63,4.667,4.689,4.693,4.861,4.905,4.975,5.0,5.051,5.128,5.256,5.281,5.283,5.306,5.394,5.442,5.463,5.623,5.634,5.662,5.683,5.693,5.716,5.722,5.756,5.811,5.858,5.871,5.881,5.982,6.014,7.149e-05,0.00208475,0.00064637,0.01358515,0.00083403,9.64e-06,0.00213366,0.00231146,0.0014568,0.00011505,0.00222781,0.00293154,0.0196989,0.0182207,0.01855743,0.00496584,0.08405321,0.02708113,0.00191099,0.00957927,0.02449181,4.405e-05,0.0090921,0.0001277,0.01231375,0.08568971,0.00011026,0.41914716,0.18963283,0.0325444,0.00035247,0.00025542,0.03792119,0.09603401,0.0006078,3.543e-05,0.00617143,0.02036197,0.00178529,0.00160485,0.02277785,0.00834787,0.00060741,0.00021509,0.00807193,0.00022639,0.00734411,0.00039025,0.0081202,0.01754547,3268584.99999886,-3.669623646616069,0.2971459453827039,0.2598865354917204,-0.2588713392424322,1
9075538,9075538,CCCOc1cc(NC)ccc1NC(=O)C(=O)N1CCC(=O)N(CC(F)(F)F)C1,3.24,3.389,4.013,4.026,4.206,4.217,4.271,4.511,4.697,4.766,4.816,4.894,4.977,5.023,5.063,5.15,5.335,5.344,5.364,5.623,5.626,5.654,5.662,5.701,5.748,5.817,5.821,5.885,5.932,5.998,6.075,6.1,6.181,6.227,6.325,6.365,6.427,6.481,6.524,6.62,6.739,6.772,6.773,6.808,6.829,6.857,6.86,6.947,7.001,7.007,0.21633492,0.00340628,0.00661609,5.391e-05,0.00031932,0.02710151,0.04387428,0.00367347,0.01407241,0.03794668,0.06646514,0.16397779,0.00609242,0.01504272,0.01175522,7.581e-05,0.00177978,0.08443325,0.00616268,0.00369905,0.00080928,0.00094342,0.00017115,0.00585866,0.00560196,0.06605576,0.01196078,0.00183404,0.00072458,0.10376484,0.05166702,0.17528932,0.00429271,0.00055711,0.00910134,0.03350721,0.13720491,0.0464785,0.00283088,0.00024253,0.0083039,0.00215235,0.00020607,0.06555616,0.04512956,0.10050998,0.05435138,0.12664946,0.0010582,0.00042649,3830020.999998663,2.112214679375543,0.5765367252593947,0.3401977959906592,-0.2557913277316027,1
1499083,1499083,COc1ccnc(N2CCN(C(=O)c3cc(CNC(F)(F)F)cc(C(F)(F)F)c3)CC2)c1,2.689,2.787,3.169,3.284,3.426,3.458,3.534,3.564,3.697,3.799,4.257,4.534,4.566,4.641,4.746,4.849,4.875,4.898,4.962,4.976,5.063,5.072,5.087,5.121,5.22,5.306,5.39,5.469,5.503,5.594,5.613,5.702,5.744,5.746,5.792,5.804,5.807,5.824,5.854,5.898,5.91,5.92,6.083,6.142,6.191,6.21,6.226,6.239,6.281,6.368,0.01268467,0.00357424,0.00282644,0.00516577,0.0002415,0.00050036,0.00024617,0.00075166,0.00089114,0.00218792,0.02371065,0.00436254,1.655e-05,0.00035344,0.17239498,0.00258962,0.00154306,0.00043751,0.00125547,5.972e-05,0.02211732,0.0662135,0.00030332,0.01106996,0.00299788,0.010129,0.00940266,0.00020865,6.63e-05,0.06716288,0.00142731,0.00578033,0.01649532,0.00698569,0.004195,0.0682008,0.0189684,0.00844985,0.00103368,0.03430941,0.0276739,0.25607711,0.00242206,0.04255548,0.04021784,0.24802486,0.01678651,0.20957613,0.08360424,0.00487848,-3746433.999998692,-2.037914571829816,1.3939008539974784,-0.0980578581959226,0.3761692281589519,2
1478541,1478541,COc1ccc(CNC2(CNC(=O)CCCn3ccnc3)CC2)o1,4.755,4.891,5.35,5.376,5.459,5.488,5.501,5.513,5.562,5.613,5.695,5.857,6.012,6.045,6.07,6.142,6.194,6.33,6.356,6.387,6.469,6.472,6.591,6.66,6.665,6.726,6.799,6.814,6.87,7.05,7.123,7.16,7.314,7.324,7.359,7.363,7.45,7.505,7.564,7.616,7.643,7.662,7.692,7.79,7.795,7.797,7.817,7.822,7.842,7.942,0.00049395,1.34e-05,0.00145469,0.00059969,0.16274982,0.01030195,0.00063239,0.00169462,0.0068417,0.07260799,4.629e-05,1.3e-07,0.00011069,1.793e-05,2.561e-05,0.00163456,8.023e-05,6.616e-05,0.00090646,0.06019531,0.00135027,0.04014014,0.00015776,1.185e-05,0.00013047,2.44e-06,6.643e-05,0.01370476,0.0026848,0.15521301,0.02179446,0.0001602,5.358e-05,0.01228999,3.056e-05,0.01659521,0.00077667,0.00970638,0.02099911,0.00076639,6.7e-07,0.00182825,1.65e-06,0.22161526,0.02986087,0.10562504,0.2383292,0.09355069,0.00929845,0.00238009,-3766975.999998688,9.088360690843857,-1.1902781704969525,0.8805941672266296,-0.0271926320959077,2
8058651,8058651,C=CCCCCCCCNC(=O)N1CCN(CCn2cncn2)CC1,4.229,4.541,4.786,4.815,5.013,5.101,5.235,5.35,5.388,5.583,5.797,5.907,5.95,6.133,6.262,6.412,6.445,6.452,6.492,6.527,6.582,6.697,6.707,6.742,6.864,6.911,6.982,6.99,7.004,7.04,7.071,7.071,7.125,7.213,7.245,7.264,7.269,7.318,7.361,7.411,7.468,7.469,7.552,7.568,7.615,7.623,7.643,7.692,7.719,7.739,4e-08,1.069e-05,1.32e-06,1.918e-05,3.3e-05,0.00200861,2.72e-06,5e-08,0.00936767,0.00607518,3.46e-06,1.403e-05,5e-08,0.00081779,1.981e-05,0.02440833,0.00760258,0.0001084,0.00068498,0.0188553,0.06235383,0.020071,1.31e-06,0.00203177,0.00149138,0.00607074,0.11847295,1.23e-06,0.02648669,7.74e-06,0.00015869,1.08e-06,0.00505523,0.02505548,0.00010681,1.387e-05,0.00283357,0.20102815,0.2494592,1.938e-05,4.07e-06,0.0254822,0.00139791,0.00336321,3.395e-05,0.00038872,0.00145596,0.00396066,0.06661622,0.12979342,2813133.999999015,8.609459326992956,-0.5569708415221486,-0.320258556038337,0.4181330799986697,3
7030389,7030389,O=C(Nc1ccc(-c2ncon2)nn1)c1ncc(-c2ccccc2)o1,2.786,3.265,3.284,3.448,3.52,3.667,3.886,3.909,3.927,3.998,4.058,4.071,4.117,4.207,4.252,4.258,4.321,4.332,4.356,4.388,4.537,4.59,4.622,4.649,4.689,4.732,4.738,4.776,4.804,4.922,4.953,4.972,5.017,5.059,5.089,5.104,5.12,5.135,5.139,5.194,5.217,5.219,5.288,5.305,5.343,5.351,5.386,5.387,5.423,5.479,0.0,6.48e-06,0.20209524,0.0,0.0,0.37900327,0.01510958,0.0,1e-08,1.3e-07,2e-08,0.0,0.27345577,0.01223139,0.00127716,0.01852741,0.04376337,0.19070845,2.4e-07,0.0,1.2e-07,0.02396398,0.04288672,0.02444368,0.0,0.0,0.0,0.00279524,0.0,0.00895437,0.00085973,0.02193616,0.0,0.02120483,7e-08,0.01796675,0.02072426,9e-08,2e-08,0.0,5.53e-06,0.00868546,0.01425832,0.04170513,1e-08,0.0,0.00407454,6e-08,1e-08,1e-08,1784871.9999993783,-5.688111238255381,-0.5788027520504202,-0.0501300323066296,-0.1590187597389898,3
412512,412512,O=C(CN1CCC(c2ccco2)CC1)C12CCCN(CCC1)CC2,3.484,3.892,4.207,4.398,4.411,4.8,5.317,5.414,5.712,5.921,5.937,6.051,6.114,6.121,6.173,6.201,6.272,6.438,6.504,6.527,6.619,6.632,6.684,6.739,6.826,6.86,6.951,7.017,7.034,7.057,7.084,7.112,7.12,7.244,7.245,7.337,7.352,7.43,7.489,7.551,7.565,7.567,7.606,7.631,7.72,7.774,7.864,7.915,7.95,7.985,4.412e-05,0.00171743,3.007e-05,5.5e-07,0.00095112,0.00018575,0.00093643,5.84e-06,2.8e-07,0.27498574,0.0049811,0.00358093,0.00015965,0.00907232,0.00386885,0.00310707,0.00045837,0.0029093,0.00526517,0.00149921,0.00350629,0.00017836,0.00561495,0.0445167,4.23e-06,4.807e-05,2.546e-05,0.00802367,0.00200615,0.00060368,0.00050571,8.964e-05,0.00549361,0.00475522,0.00219734,0.00097566,0.00168797,0.00059841,0.0003772,0.00414071,0.00194061,0.00101332,0.00096105,0.00413455,0.00193124,0.0005478,0.25528897,0.016765,0.00568347,0.00026244,-4833004.999998315,8.695230235735327,0.5819287175782801,-0.8322017150176788,-0.3261869527439952,2
5720551,5720551,COc1ccc2c(c1)nc(CNC(O)N1CCN(Cc3ccccc3C)CC1)n2C,3.549,3.579,4.007,4.044,4.054,4.071,4.146,4.176,4.288,4.298,4.317,4.448,4.455,4.478,4.678,4.779,4.791,4.809,5.011,5.135,5.264,5.306,5.336,5.402,5.417,5.433,5.455,5.466,5.477,5.704,5.717,5.719,5.736,5.749,5.832,5.868,5.883,5.897,6.004,6.052,6.092,6.1,6.118,6.205,6.22,6.23,6.249,6.251,6.271,6.278,6.1e-07,3e-08,0.06634804,0.0029003,0.00085951,0.00014862,1.867e-05,3.07e-06,2.438e-05,0.00290003,3.738e-05,3.213e-05,0.00596966,1.72e-06,0.1081425,1e-07,5.97e-06,0.0,2.1e-07,0.00379598,3.8e-07,7e-08,8e-08,0.00028365,0.00079818,2.059e-05,0.00395883,6.536e-05,0.01797479,0.05398623,0.09604269,7.622e-05,0.04428295,4.9e-07,0.04830484,2.35e-06,0.07161491,6.8e-07,0.6892765,0.0227565,0.00705526,0.00089525,0.00041406,1.595e-05,0.07290129,0.03677225,0.0003966,0.01254785,4.49e-05,0.00284008,475033.9999998346,-0.9904303479995858,-0.2712606443464224,0.6457486049821605,0.316357789166595,4
3833837,3833837,COc1ccc(-c2cnc(CNC(=O)NCC3(N4CCOCC4)CCOCC3)s2)cc1OC,2.772,3.282,3.419,3.438,3.695,3.884,4.025,4.032,4.192,4.289,4.342,4.355,4.364,4.619,4.672,4.684,4.69,4.698,4.746,4.807,4.945,5.006,5.136,5.138,5.186,5.216,5.262,5.282,5.345,5.416,5.436,5.458,5.478,5.551,5.577,5.61,5.619,5.644,5.691,5.715,5.742,5.816,5.865,5.908,5.91,5.927,5.929,5.942,5.96,6.039,0.0013908,0.14099937,0.00014438,7.339e-05,1.639e-05,0.00041784,0.00025393,0.01342386,0.06143282,0.05872914,0.00481873,0.14454363,0.06497593,0.01002933,0.0001057,0.02375488,0.00129647,0.04168324,0.00952296,0.0002456,0.011347,0.03616194,0.00022007,0.00023457,0.04440373,0.0009832,5.81e-05,0.00013571,0.00082589,0.00386732,5.645e-05,0.00137353,0.00330903,0.00539898,0.00026567,0.00116309,0.00535557,0.00041918,0.00813226,0.01051518,0.00376483,0.01742734,0.03773553,0.01356559,0.02162951,0.0004764,0.00034783,0.00240181,0.12781427,0.13472898,-1411679.9999995085,-2.667496825906841,0.1182578474225361,-0.1289057605724731,-0.0710671853398511,0
1436157,1436157,O=C(NCc1cc2c([nH]c1=O)CCOCC2)c1cccc(CN2CCOCC2)c1,2.925,3.126,3.181,3.2,3.333,3.439,3.481,3.49,3.618,3.658,3.728,3.761,3.838,3.859,3.882,4.121,4.166,4.288,4.336,4.373,4.422,4.526,4.531,4.588,4.633,4.724,4.805,4.901,4.903,5.095,5.096,5.216,5.268,5.286,5.438,5.473,5.513,5.539,5.589,5.598,5.722,5.732,5.788,5.815,5.835,5.842,5.865,5.874,5.875,5.917,0.00063536,0.00812795,0.00468223,0.00280419,0.00144427,0.00403048,0.00304179,7.44e-05,0.00691814,0.12030228,0.00164248,0.00024664,0.00016303,0.00091984,0.00083185,0.00984232,0.00084917,0.00428589,9.011e-05,0.00945661,0.00024797,0.00060738,0.00171239,0.00051231,0.0003573,1.771e-05,5.5e-06,7.259e-05,0.01291077,0.05169235,0.00473063,0.00405859,0.00380971,0.0561168,0.05022844,0.00038522,0.00514799,0.00056495,0.00773262,0.00443398,0.00104683,0.00424706,0.05501247,0.07475482,0.01259882,0.00427153,0.00772419,7.588e-05,0.00194436,0.01512006,-3809359.999998671,-4.901959403518193,0.9370273625336047,1.2825377362242556,-0.0014761644645798,2
1137915,1137915,CCNC(=O)OCC1CN(C(=O)c2ccc(N3CCCc4ccccc43)cc2)C1,3.132,3.325,3.397,3.701,3.839,4.035,4.13,4.153,4.181,4.273,4.321,4.402,4.641,4.669,4.678,4.725,4.753,4.767,4.91,5.04,5.081,5.141,5.188,5.213,5.231,5.282,5.296,5.42,5.516,5.587,5.625,5.629,5.632,5.646,5.664,5.803,5.923,5.929,5.94,5.96,5.99,6.024,6.077,6.08,6.085,6.121,6.147,6.191,6.215,6.231,0.15347599,0.00209875,0.00100374,0.00079513,7.349e-05,0.02060653,0.0281352,7.342e-05,0.00020285,0.00048395,9e-06,0.00871188,1.9e-07,0.0115067,0.01275106,2.822e-05,0.00010298,0.26177142,1.465e-05,0.0013216,0.02918651,0.00022822,0.00322029,3e-08,5.568e-05,0.00643485,0.02319272,0.04458586,0.0084246,0.00382326,1.89e-06,0.00097226,0.0011923,0.00607092,6.7e-07,3.197e-05,0.05391319,0.05473069,0.02213881,0.05965555,0.03012783,0.00069171,0.06588506,9.91e-06,0.00023641,0.01544309,0.01637647,0.04011297,0.0020478,0.089485,-4107601.999998567,-1.6308573913853792,0.1740490302273097,0.2178946763719381,-0.0456802560309809,2
5740572,5740572,COc1cccc2c(C(=O)N(C)Cc3ccon3)c(C)cnc12,2.782,3.221,3.471,3.633,3.693,3.883,3.922,4.091,4.1,4.289,4.344,4.359,4.472,4.577,4.687,4.803,4.813,4.868,4.878,4.988,5.131,5.159,5.233,5.276,5.295,5.3,5.343,5.496,5.554,5.563,5.581,5.705,5.716,5.743,5.758,5.89,5.895,5.932,5.951,5.977,6.012,6.023,6.029,6.064,6.125,6.142,6.146,6.164,6.202,6.212,0.00324109,0.00035196,0.03567842,0.00027592,0.00106642,0.00014124,0.0299623,0.00084365,0.00078243,0.00017229,0.00036692,0.00452276,0.03418857,0.00506889,0.00037373,0.00022824,0.00270286,0.00122236,4.516e-05,0.02812966,0.00049241,0.01649416,0.0810879,0.11169248,0.11956436,0.11661084,0.00114842,0.13979448,0.05204058,0.00727955,0.05412985,0.00029971,0.00195204,0.00916291,0.01167016,0.05829797,0.01211173,0.13829824,0.0167569,0.01852818,0.00033134,0.00311578,0.00675663,0.00891401,0.0052144,0.00424857,0.00120219,0.0026403,0.00316049,0.00208126,495054.9999998268,-1.6440478670608476,0.5361188300872776,0.0627219714434152,0.0665358829570086,4
939161,939161,Cc1nc(C)c(CNC(=O)NCCCN(C)CCCN(C)Cc2ccccc2)[nH]1,3.929,3.94,4.122,4.13,4.17,4.18,4.354,4.365,4.796,4.807,4.92,4.931,5.221,5.225,5.233,5.306,5.317,5.399,5.45,5.569,5.633,5.722,5.938,5.989,5.997,6.093,6.182,6.188,6.188,6.224,6.247,6.256,6.292,6.335,6.337,6.342,6.38,6.38,6.388,6.462,6.529,6.538,6.547,6.598,6.627,6.679,6.68,6.689,6.767,6.773,1.8e-07,1.81e-06,0.00056522,0.00028675,0.00053783,4.517e-05,2.84e-06,6.56e-06,5.06e-06,1.53e-06,1.82e-05,1.305e-05,0.00017312,0.00201794,1.978e-05,2.393e-05,6.07e-06,3.75e-06,0.00024685,0.02857709,0.00163448,0.03710767,4.763e-05,0.0897562,0.06852317,0.01422657,0.00076346,0.00138399,0.0021935,0.00383956,0.00623907,0.00284693,1.82e-06,0.02680291,0.02592386,5.323e-05,0.02503908,0.06420461,1.794e-05,0.06272863,0.00126412,0.09221274,0.20681157,0.00929503,0.00011461,0.00884038,0.00545185,0.0010051,0.13667849,0.18027938,-4306355.999998498,2.3671743544382733,-0.2314558154210776,0.1017257188592051,0.7091476107573655,2
7180661,7180661,O=C(NCCc1ccc(OC(=S)C2CCSCC2)cc1)c1cnccn1,2.684,2.827,3.009,3.151,3.201,3.267,3.294,3.392,3.41,3.434,3.526,3.577,3.613,3.749,3.758,3.785,3.808,3.892,3.927,3.975,4.009,4.088,4.122,4.16,4.18,4.229,4.261,4.305,4.385,4.496,4.556,4.665,4.674,4.696,4.745,4.823,4.894,4.932,4.965,4.993,5.004,5.112,5.183,5.252,5.255,5.268,5.301,5.312,5.33,5.378,1.185e-05,2.65e-05,0.00022817,2.698e-05,0.0002331,5.156e-05,0.00016939,0.00017779,2.451e-05,7.17e-06,0.00023132,0.00010271,0.0032818,0.00012779,0.0081388,0.00136597,4.959e-05,0.00178644,0.00470119,0.00028869,0.00061147,0.00158892,0.0001869,0.00021316,7.259e-05,0.00170743,0.06451724,0.01099114,0.01775303,0.00216833,0.02628754,0.00060264,0.00034832,0.0048636,0.00024081,0.22139801,0.01804749,0.1248206,0.00823474,0.00322081,0.00308946,0.00435151,5.12e-06,7.871e-05,0.00077253,0.01306279,0.01317226,0.00332788,0.00104217,0.03280976,1935143.999999328,-8.051373695472268,0.2400188304118388,0.8858064794969319,-0.3402239367852052,3
1547807,1547807,CC(O)(NC(=O)NCc1ccc(OC(F)(F)F)s1)c1ccc(F)c(F)c1O,3.402,3.684,3.802,3.919,4.164,4.219,4.338,4.373,4.433,4.492,4.528,4.565,4.648,4.785,4.855,4.884,5.096,5.217,5.278,5.39,5.392,5.506,5.513,5.623,5.732,5.939,5.955,6.03,6.156,6.173,6.183,6.2,6.205,6.279,6.305,6.307,6.416,6.451,6.468,6.471,6.507,6.583,6.611,6.616,6.62,6.626,6.676,6.731,6.74,6.759,0.0163863,0.00054325,9.126e-05,0.00113599,0.01048969,0.00120349,0.00015517,0.00061869,2.132e-05,0.00030187,0.00038577,3.22e-06,0.00032139,0.03077762,0.17752186,0.00081109,0.00042627,0.00224887,0.00025887,0.00208369,0.00108694,0.0270915,0.007218,0.00071952,0.00053237,0.00767851,0.30590314,0.09634325,0.00047906,0.08218029,0.02111433,0.01183358,0.30308822,0.00035389,0.00020936,0.00040309,2.356e-05,9.212e-05,0.00249349,0.00067652,0.00142015,3.454e-05,0.00048685,0.0035269,0.00539905,0.00054208,7.79e-06,9.666e-05,0.04763634,0.00188363,-3697709.999998711,1.4117186353390727,0.5620416649519243,0.6959113587075686,0.3306181479814086,2
7451965,7451965,CCOC(=O)c1cc(COC)cc(S(=O)(=O)Oc2cccc(F)c2)n1,3.203,3.439,3.523,3.61,3.764,3.818,3.934,4.142,4.155,4.267,4.292,4.461,4.478,4.518,4.519,4.613,4.625,4.635,4.659,4.808,4.846,4.885,4.89,4.941,4.986,5.006,5.055,5.124,5.198,5.217,5.241,5.261,5.322,5.343,5.345,5.444,5.49,5.528,5.58,5.629,5.662,5.68,5.699,5.708,5.723,5.736,5.809,5.826,5.826,5.91,8.08e-05,3.113e-05,0.00027025,0.00024219,0.00108418,0.00033322,0.00116575,0.00078622,0.00031293,0.00013188,0.00088284,0.01920925,0.00136449,0.00230268,0.00051198,0.00242054,0.00395643,0.00055515,0.00042,0.01125897,0.007209,0.00423131,0.00610304,0.0075998,0.00124248,0.00117055,0.00682303,0.00686688,0.02491993,0.03825544,0.04682613,0.00030363,0.02546093,0.00024938,0.00038581,0.00986726,0.00356425,0.00516298,0.00256312,3.049e-05,0.00063125,0.06790003,0.05673103,0.01197265,0.00218409,0.00020637,0.00346726,0.00070065,0.0003231,0.00126358,2206447.999999231,-3.3797939180297063,-0.5184466905879975,0.0702192316193813,-0.0845582385841117,3
2834170,2834170,CC=C(C)C(=O)NC1(CNC(=O)C(=O)CCC(=O)c2cnn(C)c2)CC1,2.241,2.734,2.788,2.878,3.111,3.477,3.605,3.66,3.727,3.741,3.962,4.057,4.162,4.303,4.348,4.409,4.482,4.577,4.637,4.657,4.684,4.756,4.797,4.851,4.932,4.939,5.064,5.114,5.219,5.27,5.414,5.436,5.44,5.509,5.522,5.54,5.573,5.59,5.625,5.632,5.76,5.767,5.773,5.797,5.876,5.912,5.974,6.055,6.064,6.08,0.00065571,5.209e-05,0.00038894,0.00405565,2.53e-06,8.839e-05,0.00017625,0.0006016,0.00083062,6.393e-05,0.00141274,0.00010958,0.02000888,1.8e-07,1e-08,0.00937808,0.00074561,9.981e-05,0.00018834,0.02280468,4.463e-05,0.00045769,2.155e-05,6.787e-05,3.14e-06,0.00253299,0.00531141,0.06096934,0.00291463,0.00060941,0.0019849,0.00029723,0.25566464,0.00234734,0.0007057,1e-08,0.00357101,0.00054068,1.775e-05,0.0022539,4.5e-06,1.5e-07,0.0044834,0.0048771,1.5e-06,1.38e-06,0.0008429,0.04985376,0.15413256,0.00596819,-2411346.999999158,-3.92196326549083,1.5555125796165417,0.0539032942626459,-0.0909476881854988,0
8023801,8023801,CCn1nnc(C)c1C(=O)CSc1nc2ccccc2n1-c1ccccc1NCc1ccc(OC)cc1,3.261,3.374,3.728,3.731,3.783,3.824,3.829,3.846,3.853,4.045,4.144,4.181,4.191,4.196,4.213,4.257,4.301,4.341,4.349,4.367,4.445,4.457,4.475,4.498,4.52,4.557,4.574,4.635,4.639,4.665,4.685,4.706,4.764,4.771,4.779,4.804,4.813,4.821,4.856,4.881,4.883,4.916,4.94,4.975,4.988,4.999,5.021,5.053,5.07,5.089,0.00016432,0.00077445,0.00085998,0.00087057,0.00144277,0.00024464,0.00019669,0.02995878,0.01956285,0.04896751,0.0076289,0.06408788,0.00113183,0.00072216,0.00981643,0.00133392,0.05114077,0.00258589,0.00202196,0.00156564,0.00739208,0.000406,0.01318419,0.04627603,0.01195212,0.01499285,0.05170799,0.06164515,0.02117692,0.04069725,0.05641489,0.00017248,0.00080255,0.00031922,0.00799068,6.72e-05,0.00354121,0.00029489,0.00467652,0.00562177,0.0001734,0.00721897,0.00600624,0.05163204,0.00792266,0.01504636,0.00651007,0.00047348,0.00948261,0.00122084,2778283.9999990333,-6.753716907552903,-1.8289834527372093,-0.2157936974805004,0.0312121816644986,3
248230,248230,CSc1nccn1-c1ccc(C(=O)Nc2cn(C3CCOCC3)nn2)nn1,2.751,2.762,2.863,2.89,2.959,3.09,3.428,3.488,3.567,3.626,3.718,3.857,3.938,3.969,4.076,4.106,4.154,4.373,4.412,4.54,4.613,4.637,4.75,4.763,4.771,4.786,4.804,4.862,4.919,5.008,5.061,5.237,5.254,5.317,5.372,5.376,5.408,5.447,5.448,5.511,5.544,5.574,5.584,5.604,5.727,5.738,5.819,5.836,5.85,5.852,0.00071197,0.00766591,0.00781392,0.00016482,0.09511851,0.0320594,0.00014878,2.88e-06,0.00020626,1.77e-06,5.96e-06,7.6e-06,0.0005325,0.0002476,0.00038481,0.00074405,0.05458337,0.10777902,0.39650097,0.04227041,5.402e-05,0.00012082,0.00271067,0.026499,0.00031734,0.01060502,0.00095079,0.01541388,0.00047382,0.00653441,0.04284498,0.06320684,0.00192446,0.00210378,0.00775388,0.00041066,0.02518726,1.397e-05,0.00064693,0.00189715,0.00036355,0.01068015,5.67e-06,2.522e-05,0.00253056,4.786e-05,0.00033013,0.00215972,0.00078734,0.00032449,-4997286.999998255,-5.167990447122672,1.298730693630684,0.521663942708132,0.2626642427572444,2
7363037,7363037,COCCC1(Cn2c(C)nnc2N(C)CC(F)(F)CN)CCOCC1,5.621,5.884,5.986,6.115,6.18,6.419,6.521,6.6,6.761,6.856,6.926,7.05,7.161,7.33,7.389,7.431,7.638,7.739,7.809,7.84,7.907,7.925,8.107,8.313,8.361,8.405,8.537,8.572,8.638,8.75,8.799,8.832,8.841,8.898,8.991,9.032,9.043,9.059,9.115,9.13,9.217,9.264,9.302,9.333,9.364,9.43,9.456,9.522,9.525,9.575,0.05779032,0.00047529,0.00013584,0.02750678,0.06658454,0.00059225,0.00016722,0.00605381,0.02838848,0.00199312,0.01034351,0.04810814,0.00351876,0.00522099,0.00089048,0.00618476,0.03791493,0.12291502,0.05296298,0.01042361,0.04147205,0.0879572,0.09887448,0.01128924,0.00157346,0.0072662,0.02875905,0.0092348,0.03550671,0.01696158,0.00472322,0.00635269,0.00133724,0.00545415,0.00056889,0.01031141,0.00037969,0.00228555,0.00062681,0.00208923,0.00296816,0.00255174,0.00709433,0.00017704,0.00069449,0.0019387,0.00108732,0.00080765,0.00165495,0.00083502,2117519.9999992563,19.323553029582627,-0.7334214784386853,0.6150147160578504,0.4870063851275281,3
80697,80697,CCCc1ncc(COC(=O)N2CCC(c3noc4cc(F)ccc34)CC2)o1,3.091,3.224,3.333,3.999,4.244,4.348,4.376,4.425,4.486,4.633,4.828,4.882,5.057,5.152,5.234,5.248,5.308,5.323,5.364,5.441,5.501,5.536,5.55,5.612,5.62,5.694,5.788,5.8,5.805,5.837,5.906,5.927,5.962,5.981,5.991,6.032,6.107,6.15,6.174,6.216,6.277,6.281,6.287,6.419,6.433,6.444,6.476,6.493,6.495,6.537,3.764e-05,7.477e-05,0.00094957,1.361e-05,3.89e-06,4.541e-05,0.00018708,0.04940862,0.00192833,0.10428096,2e-08,0.00017517,0.00850072,9.6e-07,0.02941539,0.00025179,0.00023209,0.00496788,0.01783255,0.00067863,5.37e-06,0.00369262,0.00424305,0.00362103,0.00286556,0.00484889,0.07155593,0.06130349,0.1854494,0.00829015,0.00560814,0.02308061,0.07800218,4.02e-06,0.16214185,0.01177227,0.11368647,1.66e-06,7.73e-06,1.061e-05,0.00410086,0.00011898,0.00367989,0.00152258,0.0761983,0.03465962,0.05662358,0.00581834,0.00097209,0.01848006,-5164819.999998197,0.6930829115138611,0.0962503201248714,-0.5904540667855104,-0.1595441725402452,2
2570751,2570751,O=C(NNc1cc(C(F)(F)F)nc(-c2ccncc2)n1)c1n[nH]cc1-c1ccccc1,2.783,2.858,3.415,3.518,3.575,3.608,3.634,3.785,3.832,3.909,3.976,3.985,3.993,4.122,4.19,4.213,4.233,4.278,4.294,4.308,4.349,4.376,4.409,4.453,4.552,4.585,4.655,4.683,4.742,4.761,4.786,4.798,4.811,4.82,4.834,4.845,4.849,4.901,4.915,4.933,4.947,4.975,5.004,5.03,5.036,5.103,5.119,5.152,5.18,5.192,0.006237,0.0008209,1.92e-06,8.272e-05,3.226e-05,0.01975976,0.00488601,0.00836921,0.00553014,0.13562556,0.03703486,0.00258469,0.00016989,0.00011291,0.00011866,0.00057218,0.00368471,0.03685617,0.00118653,0.02130211,3.615e-05,0.00558925,0.01198723,0.00011863,5.44e-06,0.19974409,6.536e-05,3.58e-06,0.00180944,0.0003551,5.241e-05,0.00083638,0.05019686,0.03870225,0.05025979,0.00841713,0.01724632,0.00028275,0.04087725,0.02588318,0.04861222,0.03425916,0.0062403,0.01109653,0.11988564,0.00056796,0.02843168,0.00805446,0.0010929,0.00024239,-2674765.9999990654,-6.875041856890968,-0.8689805191909535,-0.2845305113337788,-0.0959598489813909,0
1978866,1978866,CCc1cccc(NC2CN(CCn3cccn3)c3ccccc32)c1,3.708,4.011,4.079,4.23,4.441,4.551,4.672,4.709,4.816,4.832,4.879,4.888,5.172,5.201,5.258,5.354,5.361,5.417,5.539,5.641,5.644,5.73,5.787,5.824,5.833,5.916,5.918,5.941,5.943,5.986,6.06,6.091,6.117,6.151,6.21,6.214,6.249,6.264,6.329,6.354,6.368,6.388,6.409,6.41,6.495,6.541,6.578,6.599,6.641,6.681,0.00022625,0.05031323,0.00025861,0.00209014,0.03042928,0.00029091,0.08637967,0.00929497,0.0074143,0.00011291,0.03756011,0.05884928,0.00014405,0.16931815,1.448e-05,0.0001763,0.00222316,0.00115446,3.605e-05,6.107e-05,6.503e-05,0.00010237,0.0283606,0.01213195,7.43e-06,4.94e-05,0.00012521,0.0332019,0.00027446,0.09532919,0.00323946,0.13163746,0.04214466,0.38983373,0.07872365,0.13246251,0.01518462,0.07951358,3.107e-05,0.01284778,0.07021403,0.00011776,0.00443775,0.02098047,0.00767664,0.00063158,0.00035011,0.00221081,0.00108565,0.00047496,-3266650.9999988605,1.869405672598128,-0.7904853901739786,-0.1238414649287498,0.2000606766604625,2
5764226,5764226,Nc1ccc(NC(=O)C(=O)NCCC2CC(OCc3ccccc3)C2)nn1,3.024,3.144,3.482,3.602,3.662,3.681,3.737,3.859,3.867,3.974,4.057,4.076,4.131,4.149,4.268,4.388,4.401,4.463,4.495,4.58,4.605,4.684,4.716,4.765,4.806,4.857,4.893,4.912,4.954,4.982,5.095,5.208,5.212,5.212,5.244,5.265,5.265,5.332,5.34,5.405,5.455,5.47,5.487,5.51,5.572,5.576,5.602,5.615,5.633,5.708,0.00026545,0.00066559,0.00012338,0.00144732,5.51e-06,1.15e-06,1.431e-05,0.00181293,0.1718105,0.06865768,1.7e-07,1.8e-07,1.79e-06,2.3e-07,0.00012919,0.00210503,0.000575,3.628e-05,0.0030338,0.00052336,5.33e-06,9.442e-05,0.00875354,0.02723573,0.00087132,0.00066839,0.00020617,2.164e-05,0.00022958,0.00080789,0.00329479,0.00010858,0.00128628,0.00011574,0.00025117,0.00019046,0.00136136,0.06773405,0.15810214,0.00815773,0.03312966,0.0181014,0.01809155,0.0015306,0.01048211,0.0069874,2.44e-06,1.507e-05,5.98e-06,0.00044443,518708.9999998231,-4.77126080197032,-0.3039138721272374,0.2912127729051609,0.0201341915678412,4
434614,434614,Cc1cc(C)n(CCN2CCN(C(=O)C(C)(C)CC(C)(C)C)CC2)n1,5.102,5.188,5.478,5.521,5.725,5.749,5.83,6.135,6.234,6.476,6.506,6.558,6.627,6.658,6.866,7.228,7.377,7.399,7.447,7.482,7.541,7.611,7.627,7.694,7.7,7.78,7.788,7.862,7.935,7.966,7.988,8.099,8.145,8.171,8.179,8.208,8.252,8.259,8.281,8.291,8.302,8.34,8.359,8.361,8.37,8.426,8.517,8.531,8.575,8.586,1.024e-05,0.00064225,0.00840767,0.00209492,0.01358049,0.00219219,0.00304073,0.09216507,8.99e-06,0.00703492,0.04221376,0.00036525,0.02284333,0.25072931,0.0154777,7.09e-06,0.02341147,0.00458287,0.44342162,0.00063962,0.00011365,0.00171447,0.00240197,0.00453597,0.00164064,0.00290975,0.26264533,0.00123569,0.00135487,0.02769392,0.00044716,0.0008793,0.00721468,0.0016255,0.00671785,0.00027676,0.00141755,0.00924914,0.00015322,0.00081225,0.000653,0.00262718,1.8e-07,0.00051896,0.0009706,0.00741037,0.00068848,2.695e-05,0.00015515,0.00146348,-4810902.999998325,14.540765398676678,-0.95235951221773,-0.3671023110898046,0.813523740946843,2
6227674,6227674,CCOc1cc(C(=O)Oc2cccc(NC(=NN)c3ccco3)c2)ccc1OC,2.945,3.419,3.662,3.732,3.742,3.813,3.898,3.927,4.123,4.131,4.206,4.271,4.297,4.454,4.466,4.499,4.532,4.563,4.572,4.584,4.594,4.715,4.754,4.824,4.838,4.855,4.869,4.902,5.05,5.059,5.079,5.107,5.11,5.16,5.216,5.25,5.265,5.326,5.385,5.421,5.45,5.456,5.465,5.5,5.533,5.542,5.554,5.578,5.628,5.662,0.00016067,0.00293741,1.892e-05,0.04397848,0.00244628,0.06036401,0.00413875,0.00027672,0.00475802,0.00011627,0.02259226,0.00756749,0.07464712,0.00096761,0.00035146,0.12010583,0.00012372,0.01427253,0.01457195,0.35460231,0.0866979,0.00892285,0.00266698,0.00041053,0.02298425,0.07031005,0.00965682,0.0175011,0.01299792,0.02707807,0.00603572,0.00168321,0.00619636,0.01553792,0.02669913,0.00039257,6.223e-05,0.16615283,0.1538988,0.02179093,0.00066291,0.00184172,0.00016256,0.00014263,0.00387243,0.00012189,0.05449441,0.01652235,0.00113874,0.00637371,982156.9999996584,-4.474843344678551,-0.7836122440318096,0.0111006319284662,-0.1407963617727484,4
7859379,7859379,CCOCCCn1c(COc2ccc(C#N)nn2)nnc1N1CCOCC1,2.573,3.094,3.285,3.337,3.494,3.626,3.806,3.865,4.015,4.031,4.147,4.187,4.265,4.467,4.553,4.715,4.856,4.864,5.017,5.025,5.273,5.36,5.381,5.537,5.546,5.594,5.673,5.718,5.775,5.858,5.887,5.889,5.94,6.005,6.012,6.042,6.067,6.082,6.083,6.15,6.158,6.227,6.231,6.296,6.318,6.359,6.367,6.398,6.399,6.43,0.00053452,8.039e-05,4.13e-06,0.00058687,8.906e-05,8.33e-06,3.54e-06,0.00263934,0.0003389,0.00068801,0.00039186,0.00392021,0.02441956,0.01102584,0.00141259,0.00993406,0.05478346,0.08253878,0.09967788,0.00028725,0.08937514,0.00421096,0.00032813,0.01984706,0.00043084,0.02330206,0.00098023,0.00405002,0.00545516,0.02366475,0.00063504,0.01324272,0.01273674,0.00402174,0.00079586,0.01821402,0.00273353,0.00377656,0.08438939,0.00137481,0.00061176,0.00460191,0.00017884,0.00982,0.00091749,0.00438189,0.06292673,0.00150222,0.00043286,0.16053084,2613861.999999088,-0.953240663507918,1.5940397478793609,0.2365464282155411,0.5381309140060496,3
8930835,8930835,COC(=O)c1ccccc1NC(=N)C=Cc1ccc(OCCN(S)C2CCOCC2)cc1,2.95,3.053,3.226,3.258,3.258,3.339,3.54,3.58,3.586,3.617,3.644,3.679,3.738,3.785,3.825,3.887,3.902,3.955,3.962,3.986,4.054,4.131,4.133,4.248,4.274,4.34,4.353,4.364,4.4,4.48,4.484,4.508,4.614,4.625,4.648,4.68,4.701,4.71,4.714,4.731,4.758,4.804,4.86,4.864,4.867,4.909,4.915,4.945,4.959,4.97,0.00603038,0.06377869,0.00364005,0.00174817,0.00301594,0.00449693,0.16009412,0.00298049,0.00183839,0.0002155,0.17090046,0.01412136,1.44e-06,0.06530019,0.00037728,0.02334895,0.0013456,0.00754151,0.05306054,0.00469793,0.03060288,0.00028983,0.0005719,0.00599358,0.00011777,0.00824334,0.0003195,0.00070214,0.00714164,0.0154669,0.01042408,0.17301236,0.00995509,3.204e-05,0.00186859,0.00015367,0.00846821,0.001134,0.00024497,0.02756305,0.05224939,0.01954918,0.00084197,8.723e-05,1e-06,0.01843852,0.00343789,0.00593932,0.00429436,0.00657506,3685317.9999987152,-8.503136504190282,-0.8268817186017328,0.2781374515585726,0.014375710328222,1
791013,791013,C=CCn1cc(CNCC(=O)Nc2cccc(CCC#Cc3cccs3)c2C)nn1,3.029,3.495,3.521,3.788,3.9,3.904,3.978,4.001,4.113,4.115,4.15,4.373,4.387,4.398,4.477,4.529,4.558,4.581,4.581,4.62,4.656,4.685,4.71,4.757,4.775,4.868,4.874,4.89,4.902,4.924,4.988,5.025,5.034,5.109,5.153,5.172,5.175,5.212,5.248,5.267,5.285,5.341,5.343,5.394,5.404,5.457,5.468,5.49,5.569,5.578,1.481e-05,1.622e-05,0.00373592,0.00031452,3.202e-05,2.639e-05,6.537e-05,5.163e-05,0.00032599,0.00022644,0.10957316,0.00039018,0.12795687,0.04281202,0.00094443,4.8e-07,0.0003068,0.03615654,0.00327671,0.01157684,0.00028247,0.00016432,0.00063459,0.00745602,0.0001561,0.02103797,0.02527428,0.16074892,0.05106994,0.00038815,2.174e-05,0.01457641,5.669e-05,3.051e-05,0.00011303,8.7e-07,9.1e-07,2.845e-05,0.00107638,0.00125477,0.00010297,0.00015258,0.00222228,0.00032751,0.00034638,0.0229312,0.00043475,0.06996784,1.516e-05,0.00044826,-4454503.999998444,-4.776013712603915,-1.1364774816690757,-0.1627351133853851,-0.1652009373123515,2
705147,705147,CCOC(=O)Cc1csc(CCNC(=O)CNCc2cnc(N(C)C)n2C)n1,2.542,3.011,3.955,4.0,4.025,4.038,4.137,4.191,4.341,4.506,4.582,4.719,4.759,4.858,4.971,5.021,5.064,5.227,5.335,5.402,5.451,5.489,5.52,5.562,5.63,5.643,5.686,5.763,5.837,5.849,5.899,5.924,6.064,6.073,6.132,6.17,6.177,6.183,6.193,6.216,6.219,6.231,6.242,6.259,6.276,6.307,6.313,6.353,6.364,6.381,3.78e-06,0.0002431,0.00036244,0.01455149,0.00013853,1.492e-05,2.138e-05,5.11e-06,9.67e-06,3.907e-05,5.888e-05,0.00011423,2.99e-06,0.07822926,0.00780855,1.09e-06,0.00449961,1.585e-05,0.0083227,0.02186487,0.00013279,0.00018904,0.00016294,0.16088919,0.00755589,0.05539964,3.31e-05,0.00126096,5.943e-05,8.09e-06,0.00808941,0.00015,0.00036392,0.00010272,0.00421338,0.01246087,0.02806858,0.04528575,0.00245893,9.479e-05,0.00639042,0.00011828,0.00024802,0.03193967,0.00172045,0.00350089,0.02034164,0.00041564,0.00089009,0.00014384,-4540369.999998415,0.1434938322090582,0.5076409814815402,-0.4203944973326304,0.0974660099636252,2
10207458,10207458,COCCN(CC#N)CCCOC(=O)c1ccc(-n2cccc2)cc1O,3.401,3.579,3.736,3.898,4.143,4.198,4.363,4.422,4.471,4.596,4.695,4.8,5.123,5.265,5.285,5.32,5.435,5.442,5.64,5.677,5.716,5.762,5.787,5.86,5.918,5.94,5.986,6.041,6.144,6.151,6.189,6.195,6.223,6.232,6.243,6.256,6.266,6.304,6.319,6.327,6.373,6.391,6.393,6.44,6.465,6.486,6.539,6.545,6.568,6.613,1.904e-05,0.00496583,0.00351656,4.37e-06,0.37358808,0.00018356,0.0367898,0.00417905,0.09296298,0.00651792,2.641e-05,0.06173158,2.792e-05,2.286e-05,0.00038375,0.00900027,0.00377509,0.0011777,0.01378108,0.01250935,0.16780822,2.756e-05,0.00703748,0.00143169,0.01699078,0.20796201,0.05034881,0.00045239,9.3e-07,0.00894876,0.02419662,0.00994648,0.0108072,0.00460908,0.01078043,0.00012757,0.03768737,1.4e-06,1.16e-06,5.341e-05,3.449e-05,2.21e-05,8.05e-06,0.00240797,2.593e-05,0.03817832,4.8e-07,0.00887689,0.00213973,0.00175083,4961940.99999827,1.6714510414643686,0.1113048565934564,-0.4911909446411632,0.6508072107702688,1
3874867,3874867,CN(CC(=O)OCC(=O)NCc1cccs1)C(=O)c1ccc(CO)n1C,3.601,3.618,3.809,3.913,4.244,4.255,4.337,4.438,4.527,4.582,4.678,4.725,4.766,4.806,4.844,4.853,5.017,5.053,5.088,5.128,5.183,5.195,5.31,5.352,5.382,5.397,5.4,5.432,5.455,5.504,5.601,5.625,5.648,5.725,5.764,5.777,5.783,5.813,5.826,5.881,5.897,5.973,6.027,6.063,6.077,6.149,6.162,6.224,6.266,6.274,0.0012627,0.00832972,9.41e-06,5.94e-06,0.00024046,0.01350727,0.00653154,0.00011304,0.00383046,0.02082017,4.528e-05,0.01770691,0.02119117,0.12898657,0.00118904,0.00417605,0.05440893,0.01442055,0.13010494,0.00431119,0.00035822,0.00018315,0.06975717,0.00255561,0.02205959,0.0007206,0.00314861,0.03176964,0.00595217,0.00234255,0.00034266,0.00013458,0.01183702,2.132e-05,0.00044316,0.0017196,0.00105949,6.498e-05,1.09e-06,0.00733353,0.00991588,3.81e-06,2.199e-05,0.00014667,7.695e-05,0.00058845,0.00017455,0.01124509,4.41e-05,0.00015093,-1370649.9999995204,-0.9890769279517996,-0.8493923333788456,0.0220808010246234,-0.1086422150354269,0
7624515,7624515,FC(F)(F)CNCc1ccc(NC2CCC2)nn1,3.421,3.966,4.382,4.4,5.13,5.168,5.357,5.488,5.565,5.839,6.115,6.17,6.288,6.348,6.508,6.643,6.756,6.778,6.813,6.903,6.993,7.156,7.179,7.307,7.426,7.465,7.492,7.525,7.587,7.62,7.638,7.73,7.868,7.939,7.943,7.95,8.095,8.181,8.22,8.223,8.315,8.414,8.437,8.445,8.476,8.553,8.61,8.743,8.828,8.885,0.00080576,0.02174593,0.00572646,0.00098019,0.24010054,0.00878525,0.00180039,0.04353534,0.00328982,0.00333272,0.0098547,0.09555108,0.03725456,0.00204304,0.00541077,0.00149581,0.27045985,0.00733663,0.17813379,0.01471605,0.00031569,0.01464758,0.01991513,0.0643025,0.11455141,0.00541897,0.00056324,0.00061253,0.01143821,0.00860251,0.00210098,0.00162576,0.00513001,0.0039088,0.00104166,0.00836719,0.00107662,0.00115658,0.00078814,4.967e-05,0.00478754,0.00014085,0.00064033,0.00038352,0.00019713,0.00137398,0.00491779,0.00267426,0.0043745,0.00422275,2378997.999999166,12.36157638707016,1.7630671758533096,-0.2263464619791111,-0.2396301433339049,3
4797256,4797256,CCS(=O)(=O)Nc1ccc(NC(=O)CSc2ccc3ccccc3c2)cc1,2.612,3.021,3.516,3.689,3.893,4.0,4.075,4.113,4.122,4.202,4.205,4.247,4.389,4.428,4.618,4.638,4.651,4.733,4.756,4.811,4.881,4.916,4.926,5.006,5.016,5.021,5.067,5.077,5.111,5.127,5.317,5.325,5.35,5.391,5.433,5.46,5.502,5.51,5.536,5.55,5.572,5.582,5.59,5.626,5.695,5.743,5.783,5.785,5.804,5.818,0.0001668,0.0082713,0.00166987,0.02976712,0.02878875,0.02327618,0.06039608,0.18798025,0.15341662,0.00655599,0.00713607,0.03929592,0.01807624,0.0015653,0.00011179,0.00029695,3.87e-06,0.02248191,0.07034998,0.07112533,0.00145437,9.79e-06,0.00331462,0.0004284,0.00629294,0.0029592,7.04e-06,1.286e-05,0.00423102,0.00161395,0.03868596,0.01798742,0.00202061,0.03527296,0.05745585,0.123965,0.00806366,0.0063565,0.035536,0.15773796,0.0010981,0.2140946,0.03544467,0.0430154,0.05163563,0.04623167,0.01309218,0.0345569,0.02324656,0.01098393,-448260.9999998417,-3.510926535011247,-0.2671108496185462,-0.2975128786917959,-0.299755473112221,4
4870570,4870570,Cn1cnnc1N1CCN(C(CNCc2ccccc2)CC2CC(F)(F)C2)CC1,3.361,3.381,4.049,4.07,4.344,4.363,4.365,4.387,4.99,5.01,5.173,5.194,5.267,5.363,5.383,5.439,5.628,5.782,5.935,5.956,6.054,6.068,6.178,6.201,6.218,6.239,6.26,6.347,6.367,6.379,6.4,6.481,6.539,6.559,6.686,6.69,6.724,6.745,6.804,6.826,6.867,6.887,6.888,6.911,6.989,7.012,7.054,7.116,7.138,7.139,7.7e-07,3.834e-05,3.698e-05,0.00209198,7.233e-05,0.00041501,0.00038266,0.00142297,4.3e-07,4.36e-06,5e-07,3.28e-06,0.00132965,4.95e-06,0.00010385,0.08425069,0.0180663,0.01105647,1.743e-05,0.00011053,0.00079287,0.00306801,0.00123793,0.01288712,0.00015316,0.00026279,0.1360911,0.00099541,0.00145539,0.0081719,0.02470417,0.05155139,0.00062582,0.00109541,0.28377703,0.51516944,0.00272725,0.01680265,0.00552555,0.00718104,1.488e-05,0.01713788,0.00045831,0.01729465,0.00025237,0.00253558,1.71e-06,0.00108487,1.467e-05,0.00436024,-374946.9999998711,4.042649399521992,0.6524723720012526,-0.336371745338531,0.3019520013827513,4
3322080,3322080,COCCOc1ccc(NCC(C)(C)c2ccc(SC)c(F)c2)cc1C,3.047,3.374,3.963,4.218,4.294,4.49,4.575,4.592,4.623,4.803,4.82,4.941,4.96,5.142,5.186,5.337,5.347,5.386,5.417,5.53,5.618,5.621,5.671,5.715,5.723,5.823,5.91,5.988,5.998,6.022,6.046,6.109,6.138,6.192,6.239,6.242,6.305,6.321,6.334,6.387,6.433,6.473,6.486,6.523,6.582,6.609,6.616,6.642,6.672,6.683,0.01143733,0.00166581,0.03454194,0.02703553,0.03144983,0.01347346,0.00058403,0.00108713,0.00235978,0.00256405,0.0126887,0.15555671,0.01602643,0.01459877,0.03250777,0.00451892,0.00083967,0.00061214,0.02191262,0.00154528,0.00453408,0.0002582,0.00022058,0.002459,0.00149402,0.00138622,0.03788781,0.01176262,0.00242378,0.00489823,0.07823418,0.00777625,0.00042405,0.00876777,0.01709633,0.01069219,0.00913274,0.03705902,0.16042521,0.22818273,0.00548333,0.00050002,0.04314646,0.32814071,0.00348027,0.00573856,0.00239707,0.01842854,0.01447791,0.07769564,-1923436.9999993292,1.6594338208030568,0.0040407966814779,-0.2689862615499998,-0.183093032864219,0
9102147,9102147,CCOC(=O)Cn1cc(NC(=O)c2cc(C)c(OCC(=O)O)c(C)c2)cn1,3.424,3.454,3.606,3.747,4.253,4.282,4.334,4.39,4.402,4.481,4.574,4.58,4.66,4.719,4.78,4.867,4.878,4.913,4.977,5.032,5.24,5.256,5.316,5.334,5.355,5.38,5.403,5.427,5.498,5.529,5.541,5.545,5.623,5.626,5.672,5.705,5.714,5.754,5.774,5.824,5.846,5.855,5.86,5.906,6.001,6.017,6.027,6.048,6.093,6.131,0.01794123,0.07153462,0.01042797,0.00023204,0.00349067,0.00125971,5.73e-05,0.00024906,0.00634275,3.9e-07,0.00039089,3.956e-05,9.536e-05,0.00046139,0.01892961,0.0780832,0.07473199,0.06902842,9.775e-05,0.00110847,0.00734368,0.1672242,0.00015717,0.0001801,0.0007886,0.00028754,7.788e-05,0.00036199,0.000732,0.00522429,0.14037298,9.138e-05,0.14138361,0.00364947,0.00627383,0.00236687,5.464e-05,0.00093069,0.13857746,0.02811061,0.00451128,0.06334839,3.353e-05,0.028292,0.00132052,0.0239416,0.01198497,0.09553515,7.82e-06,0.11177395,3856629.999998656,-1.5132403302980049,-0.7140885281394682,-0.1628022201055258,-0.0162247788435695,1
668941,668941,CCOCCN(C(=O)C1(COC)CCC1)c1cccnc1,3.93,4.078,4.186,4.412,4.539,4.545,4.566,4.703,4.718,4.809,5.421,5.549,5.676,5.722,5.797,5.844,5.902,5.972,5.998,6.036,6.044,6.1,6.101,6.136,6.179,6.266,6.292,6.491,6.504,6.638,6.663,6.697,6.768,6.914,6.931,7.056,7.093,7.093,7.117,7.162,7.2,7.219,7.255,7.263,7.29,7.318,7.336,7.36,7.431,7.451,0.0032766,0.00136514,0.01607914,0.02720178,0.01985404,0.00859455,0.01276065,0.00048137,0.00300796,0.19378187,0.00581679,0.01911883,0.00264882,0.00606013,0.00069721,0.00403386,0.00551444,0.00833763,0.00041027,0.00066545,0.00433886,0.01400978,0.00094292,0.03516421,0.05300702,0.00266783,0.03789751,0.0548591,0.01902158,0.02718731,0.00428158,0.03748845,0.01355807,0.0125953,0.00014279,0.16888567,0.00042072,0.00017932,0.09898335,0.00471187,0.04398847,0.01997312,0.00182296,0.00051876,0.00443493,0.00566053,0.00236593,0.05488474,0.01107852,0.00067477,-4576575.999998404,5.655863228150562,0.3437232241022283,0.2493404237491191,0.303103802583689,2
8818906,8818906,COc1ccc2cc(C(=O)c3cc(-c4ccn(C)c4)ccc3F)ccc2c1,2.748,2.848,3.239,3.409,3.461,3.507,3.774,3.899,3.967,3.976,4.072,4.145,4.156,4.177,4.331,4.374,4.422,4.522,4.559,4.631,4.719,4.755,4.796,4.809,4.821,4.881,4.884,5.005,5.059,5.098,5.161,5.204,5.243,5.254,5.276,5.282,5.306,5.443,5.449,5.457,5.502,5.514,5.549,5.556,5.62,5.642,5.648,5.69,5.74,5.758,0.00029218,2.671e-05,2.689e-05,0.00404182,0.1494737,0.00173423,0.00187739,1.045e-05,0.00065213,0.00169972,0.0283846,0.00847444,0.00497826,0.00262247,0.19851067,0.06758573,0.00181745,0.16495941,0.00803132,0.00097537,0.06073273,0.09948367,0.05490014,0.01357089,0.01959361,0.00010324,0.00135993,0.040477,0.31609979,0.04528863,0.00664962,0.02216744,0.01438687,0.00086851,0.0005904,0.02687241,0.00213544,0.13166934,0.05592775,0.00028114,0.01389671,0.00400161,0.00292056,0.04273328,0.00453746,0.00581285,0.00069067,0.12326899,0.01191505,0.06547602,3573388.9999987544,-4.567109747278074,0.2123460030728243,-0.0199707202405368,-0.084153739662289,1
2720177,2720177,CCc1cc(N2CCC(Nc3ccccc3C(=O)Nc3ccc(O)cc3)CC2)ccc1OC,2.431,2.812,2.89,3.361,3.527,3.708,3.724,3.888,3.912,4.09,4.122,4.182,4.269,4.294,4.321,4.336,4.362,4.371,4.621,4.641,4.646,4.719,4.743,4.789,4.821,4.842,4.842,4.882,4.935,4.981,5.034,5.043,5.115,5.266,5.292,5.332,5.354,5.365,5.399,5.43,5.436,5.453,5.479,5.522,5.61,5.62,5.653,5.677,5.692,5.732,0.00019788,2.2e-07,0.00011375,9.03e-06,0.0506431,0.03308336,0.00043327,0.0013318,0.00017219,0.00115425,0.04154594,0.01238474,0.0371166,0.00091687,0.00720883,4.26e-06,8.149e-05,2.371e-05,2.8e-07,0.00017838,0.00023779,0.223681,1.249e-05,0.14523621,0.00054576,0.00272759,0.00305225,0.25814501,0.13500755,0.00297444,0.00612204,0.06975793,5.851e-05,0.00750984,1.881e-05,0.00621568,0.00230198,0.00154759,1.95e-06,0.00021882,0.00513249,0.00081747,0.07198252,0.00201878,0.0007358,0.0003919,0.00275321,0.00079879,0.00354974,0.002658,-2525339.999999116,-4.8101747264362,0.3033149782842959,-0.2615757794303928,-0.4177044009455159,0
6905623,6905623,O=C1NCc2ccc(NNC(=O)c3cccc4ncn(O)c34)cc21,2.769,3.195,3.248,3.331,3.514,3.518,3.65,3.894,3.929,4.022,4.1,4.134,4.195,4.205,4.265,4.357,4.494,4.587,4.67,4.673,4.756,4.78,4.82,4.867,4.9,4.979,5.013,5.144,5.189,5.226,5.344,5.347,5.373,5.382,5.429,5.479,5.599,5.626,5.665,5.776,5.818,5.832,5.844,5.846,5.906,5.932,5.939,5.964,6.035,6.057,0.00087502,0.11750444,2.294e-05,0.02832352,0.00446596,0.00191904,6.938e-05,0.02104346,0.00021329,0.04731266,0.00546993,0.00051617,0.00647587,0.00107067,0.01438447,0.00362234,3.373e-05,0.07158095,0.0328592,0.04449924,0.05769475,0.02347914,0.02084853,0.00594377,0.00062793,0.08224433,0.01275014,0.00079994,0.04499211,0.00424466,0.18302012,0.01143005,0.00054226,0.07708953,0.07405658,0.01741106,0.02216993,0.0012914,0.01494441,0.00161788,0.00939507,0.01026475,0.00080493,0.00370653,0.01263608,0.00351251,0.01273229,6.427e-05,0.23592395,0.00114331,1660105.9999994214,-3.604613413904366,0.6403132362648409,0.4887229588794355,-0.0942596710839932,3
7421662,7421662,Cc1ccc(NC(=O)N2CCC(C(=O)c3ccc(F)cc3)CC2)c(O)n1,2.612,2.825,2.999,3.185,3.211,3.416,3.572,3.764,3.799,4.03,4.092,4.15,4.412,4.417,4.455,4.499,4.555,4.667,4.677,4.803,4.86,4.902,4.918,4.965,5.028,5.028,5.14,5.257,5.304,5.414,5.46,5.491,5.493,5.537,5.554,5.606,5.663,5.71,5.769,5.801,5.821,5.826,5.873,5.877,5.9,5.978,6.0,6.07,6.097,6.137,5.488e-05,0.00089013,5.6e-07,0.00036969,6.17e-06,0.00034467,0.00013252,9.057e-05,0.00018736,3.4e-07,0.00038484,4.12e-06,0.2192503,5.624e-05,0.00116136,0.01388368,0.00278767,0.00201553,0.00137017,0.17065874,0.03726031,0.23413318,0.00048907,0.00465229,0.00026784,6.005e-05,0.00052735,0.00047773,0.00010792,0.00126827,0.00211825,3.069e-05,0.00142315,1.375e-05,0.00147743,5.65e-06,0.12327292,0.01252064,0.03342518,0.01085272,8.551e-05,0.0008331,7.77e-05,0.00050369,0.00169349,0.00309067,3.217e-05,0.0044376,0.09749241,0.00187287,2176144.999999241,-3.2409616262752663,1.2133715492964736,0.0610077084249772,0.0823191238809943,3
6388693,6388693,O=C(NCCCN1CCN(CCO)N=N1)c1cnc2ccsc2c1,1.751,2.726,2.762,3.124,3.323,3.521,3.542,3.65,3.676,3.733,4.05,4.1,4.255,4.293,4.467,4.502,4.53,4.592,4.631,4.741,4.808,4.834,4.896,4.923,4.973,5.099,5.21,5.219,5.274,5.336,5.383,5.426,5.455,5.477,5.528,5.557,5.614,5.636,5.674,5.714,5.725,5.742,5.83,5.842,5.863,5.896,5.919,5.951,5.985,6.022,0.00081036,9.885e-05,0.00115878,8.84e-06,0.00099359,0.00042965,0.00223098,0.00036772,0.00223592,7.81e-06,0.0414762,4.72e-06,0.20383654,0.00069795,0.00041227,6.3e-06,4.54e-06,0.00024362,0.00019478,0.00083563,0.27593844,3.185e-05,0.00022962,0.11073189,0.0001685,0.00113423,0.00026672,0.00042165,0.14725472,0.00158371,0.02368499,0.00942131,0.02821408,0.00010887,0.00708698,0.0019765,0.06884202,0.01777555,0.01171786,0.00087603,0.00938085,0.02683665,0.00453464,0.00163322,1.974e-05,0.00101246,0.03204373,0.0226233,0.00159439,0.00043143,1143175.9999996016,-3.736620368843008,1.6141024272991376,-0.2768264335879606,-0.1371824011877896,3
1898351,1898351,CC(C)c1ccc(C(S)=NNC(=O)c2cc(-c3cnn(C)c3)ccc2F)cc1,3.077,3.203,3.417,3.66,3.736,3.894,3.918,3.954,3.977,4.01,4.105,4.211,4.337,4.413,4.46,4.535,4.547,4.572,4.615,4.622,4.69,4.75,4.785,4.796,4.83,4.838,4.858,4.888,4.892,4.897,5.014,5.03,5.063,5.147,5.219,5.243,5.285,5.303,5.342,5.353,5.374,5.394,5.414,5.432,5.438,5.473,5.559,5.58,5.624,5.677,0.01431533,0.2235646,0.01191967,0.00296988,0.000179,0.13072084,0.00011318,0.02009734,0.00784625,0.44253568,0.00417703,0.01757532,0.01185817,0.00108512,0.0135981,0.26680897,0.0050082,0.05406369,0.00042044,0.05714547,9.936e-05,0.01680121,0.02279672,0.00209068,0.00306649,0.05281399,0.00290855,0.01290033,0.00135242,2.072e-05,0.00179099,0.0104623,0.00039129,0.07807334,0.00035483,0.00290231,4.7e-07,0.00076707,0.01264269,0.01575043,0.00284863,0.04948303,0.01665537,0.01233652,0.00714614,0.03696824,0.12718542,0.05787913,1.788e-05,0.01661893,-3347165.9999988307,-4.686368981041671,-0.7189269474221099,-0.1057515596721211,-0.0931173160992301,2
6301812,6301812,COCCOc1ccc(CNC(O)=C(C)Sc2cc(C)no2)cc1,3.463,3.843,3.912,4.29,4.311,4.379,4.876,4.93,4.953,4.976,5.179,5.196,5.326,5.34,5.406,5.426,5.456,5.561,5.58,5.642,5.777,5.796,5.838,5.9,5.912,6.022,6.054,6.129,6.187,6.198,6.201,6.242,6.26,6.262,6.422,6.441,6.477,6.502,6.512,6.529,6.609,6.611,6.662,6.686,6.689,6.706,6.744,6.778,6.808,6.874,4.487e-05,0.00024068,0.00169736,0.00055996,0.00431276,0.01303515,0.01432714,0.02436509,0.04858444,0.00159704,0.10183055,2.964e-05,0.01462842,0.0117636,0.06076468,0.01615491,0.00014552,0.00094127,0.00322764,1.789e-05,0.00802826,0.00067103,0.08568762,0.11198374,0.10824711,0.00012581,0.00093891,0.00589165,0.03064766,0.00122576,0.00428034,0.01298434,0.00064541,0.00229055,0.2540221,0.06426749,0.06390145,0.00265728,0.00298633,0.11212642,0.01059083,0.0013777,0.01495924,0.02197959,0.01252339,0.00030466,0.0108285,0.02013812,0.06576362,0.01187374,1056294.9999996305,2.854727739324023,-0.345241894709274,-0.3275815230239822,-0.121740450325575,3
686543,686543,CCn1c(CCNC(=O)NCCCNC(=O)c2ccccc2C)nnc1SC,2.433,2.791,2.915,3.004,3.272,3.348,3.463,3.485,3.644,3.748,3.828,3.935,3.944,3.976,4.122,4.227,4.401,4.425,4.453,4.67,4.712,4.844,5.069,5.123,5.21,5.283,5.444,5.554,5.604,5.614,5.627,5.689,5.732,5.753,5.786,5.82,5.865,5.878,5.887,5.924,5.926,5.954,5.979,5.994,6.028,6.035,6.064,6.108,6.163,6.173,1.3e-07,1.93e-06,7e-08,3.792e-05,2.8e-06,7.632e-05,0.00068435,3e-07,0.00069242,0.00019377,3.05e-06,2.371e-05,3.33e-05,0.00027802,9.34e-06,5.6e-07,0.01370977,4.19e-06,7.663e-05,0.00029198,1.224e-05,0.03212685,8.5e-07,0.00045621,0.06192238,5.115e-05,0.00030536,0.03009619,1.905e-05,0.07581219,0.0001456,0.00402139,0.00081693,0.00442946,0.01222596,0.03534802,0.00073907,0.01274314,0.01450695,0.00033316,0.00122826,0.00370057,0.00265,0.00142595,0.02054057,0.12296216,0.0185057,0.00582164,0.01932013,0.15335659,-4558973.99999841,-3.0827654238930573,2.039134705568248,0.688008597625906,0.4977206127374455,2
1558372,1558372,CC(C)(C)OC(=O)N1CC(CCO)(OCC(=O)NN=c2[nH]cnc3ccsc23)C1,2.96,3.042,3.152,3.509,3.771,3.909,3.96,3.964,4.015,4.168,4.318,4.415,4.489,4.512,4.56,4.682,4.771,4.826,4.839,4.88,4.954,4.983,5.041,5.042,5.183,5.228,5.332,5.45,5.48,5.49,5.536,5.545,5.574,5.584,5.637,5.644,5.686,5.702,5.708,5.81,5.851,5.857,5.896,5.91,5.943,5.946,5.951,6.001,6.133,6.134,0.0002769,0.06206635,0.00035968,0.00030087,0.00035069,0.19071768,0.00050202,0.00676404,1.53e-05,0.00081214,0.00026357,0.00300935,0.00419583,0.05178007,0.29340637,0.00253821,0.00041392,0.00016981,0.00090096,0.00075895,0.00208114,0.000924,0.00035536,0.0078442,0.00900959,0.00091914,8.383e-05,3.032e-05,0.04141169,0.00015694,2.66e-05,0.00025566,0.04636818,0.00625637,0.0139097,0.00517741,0.01382272,0.00074353,0.00010345,0.04791964,0.00038639,0.01152563,0.00289657,0.04318538,3.32e-06,0.00490201,0.00034506,0.00021923,1.977e-05,0.00351466,-3687144.999998712,-2.45761115097309,0.3711125031558065,-0.0577949516598165,0.0278721785697507,2
1848384,1848384,C#Cc1ccccc1CC(=O)Nc1ccc2c(c1)C(=N)NC(C)(C)O2,3.011,3.274,3.47,3.527,3.613,3.664,3.7,3.784,3.901,3.921,4.008,4.122,4.366,4.425,4.469,4.569,4.676,4.691,4.717,4.838,4.935,4.965,5.041,5.046,5.186,5.202,5.337,5.343,5.47,5.478,5.561,5.581,5.619,5.627,5.65,5.691,5.75,5.762,5.824,5.834,5.847,5.849,5.852,5.862,5.966,5.998,6.047,6.064,6.078,6.107,0.00342547,1.218e-05,0.02569976,0.00836748,0.00016389,0.01995536,0.00261819,0.00079661,0.00278635,0.05064108,0.08180312,0.00048492,0.01052756,0.00112302,0.00086828,0.21615154,0.00724397,0.00123365,0.00035309,0.00555275,0.02101991,0.02989546,0.05848404,0.08613452,0.00303952,0.00203671,0.14299101,0.01183773,0.03500696,0.00566099,0.07741974,0.12548098,0.00994943,0.00264943,0.06919685,0.01116953,0.01021767,0.05637107,0.01052559,0.00112952,0.02878645,0.00305658,0.01649724,0.08891255,0.00022255,0.00130408,0.1497747,0.00406666,0.04618467,0.02179421,-3397132.999998815,-2.6644524714445983,0.5648209405864231,0.4544376066607498,0.4447617762671763,2
3314852,3314852,CC(=O)N1CCc2cc(-n3c(O)c(C(F)(F)CN)[nH]c3=O)ccc21,3.225,3.47,3.848,3.864,3.988,4.009,4.062,4.325,4.793,4.844,4.932,5.201,5.286,5.29,5.304,5.364,5.549,5.674,5.689,5.759,5.812,5.891,5.955,6.047,6.052,6.155,6.167,6.234,6.281,6.376,6.428,6.517,6.533,6.569,6.608,6.643,6.655,6.681,6.801,6.813,6.925,6.933,7.001,7.033,7.087,7.098,7.145,7.164,7.188,7.195,0.01855409,0.15807344,0.00094869,0.00047398,0.00180633,0.00376626,0.06148983,0.40880052,0.00036986,0.01005599,0.00039063,0.00213609,0.00192009,0.00131058,0.00421432,0.06492309,0.07658992,0.00624313,0.00560997,0.05035362,0.04896514,0.01748353,0.21554549,0.09068955,0.00764234,0.03101225,0.00416066,0.00354221,0.00405258,0.00500529,0.14993092,0.00302468,0.00240941,0.05105738,0.03466051,0.03252216,0.05071568,0.01125219,0.01047973,0.0130305,0.00409464,0.00135358,0.00401949,0.0022363,0.00056074,0.00679373,0.00296438,0.01939203,0.00656967,0.04942049,-1930664.9999993264,3.5927673474232606,1.2179258888886026,-0.0094764640688634,0.2625348215748693,0
2758371,2758371,CCCc1cc(NC(=O)Sc2nnc(COc3ccccc3)n2-c2ccccc2OC)n[nH]1,3.718,3.849,4.009,4.072,4.186,4.28,4.33,4.398,4.412,4.45,4.492,4.521,4.523,4.537,4.548,4.592,4.594,4.693,4.706,4.776,4.787,4.799,4.813,4.822,4.848,4.879,4.964,4.985,5.003,5.039,5.063,5.075,5.093,5.107,5.137,5.164,5.222,5.239,5.24,5.256,5.279,5.303,5.336,5.347,5.353,5.393,5.395,5.415,5.437,5.453,0.00791635,0.00027705,0.00287939,0.02733955,0.00862191,0.00127961,0.00131362,0.00034949,1.538e-05,0.05578336,0.01195005,0.00080435,0.00781988,0.02543622,0.01536387,0.00643747,0.00119366,0.00095762,0.00652028,0.00036371,0.0033616,0.0005312,0.00128155,0.00041433,0.00380012,0.00050587,3.775e-05,0.05781199,0.02939587,0.00682921,0.01283557,0.0069509,0.02489796,0.00211079,0.01068945,0.21079392,0.04027795,0.00764044,0.00312107,0.00809077,0.00533228,0.0049636,0.01738125,0.00570278,0.01372402,3.944e-05,0.00146271,0.00544082,0.0025472,0.07025693,-2487145.9999991306,-4.135324524975781,-2.331882604491768,-0.1434872752015583,-0.1046238165537654,0
400695,400695,Cc1ccc(COCC(=O)N(CCC(C)C)c2c(N)n(Cc3ccccc3)c(=O)oc2=O)cc1,3.363,3.414,3.538,3.554,3.583,3.605,3.73,3.749,3.777,3.96,3.993,4.041,4.162,4.208,4.42,4.462,4.487,4.582,4.629,4.646,4.67,4.693,4.722,4.775,4.793,4.802,4.813,4.845,4.86,4.889,4.923,4.949,5.007,5.049,5.084,5.115,5.136,5.149,5.16,5.169,5.2,5.262,5.267,5.311,5.315,5.356,5.37,5.4,5.424,5.443,0.00125384,7.867e-05,0.00016501,0.0001622,0.00029074,2.65e-06,0.00079327,0.00910826,0.0008607,0.01704822,0.00630731,0.00020142,9.624e-05,0.00014333,0.01180816,0.00209328,0.03080992,4.688e-05,0.00068896,0.00423298,0.00011956,0.00021251,1.184e-05,0.02408804,0.00043567,0.01349288,0.00046365,1e-06,0.00158146,0.00260256,0.00078783,0.00157739,0.03532768,0.009778,0.01247976,0.00374515,0.00321182,0.00145064,0.00582131,0.04519045,5.362e-05,0.00015754,4.911e-05,0.01335689,0.01231295,1.845e-05,0.00194671,1.863e-05,0.00395148,0.00163734,-4844821.99999831,-5.37549795386907,-0.9245379073124628,-0.0196226549170888,0.4874021044106873,2
9973253,9973253,Cc1nc(N2CCN(c3cc(C4CC4)nc(N)n3)C2)n[nH]1,4.027,4.633,4.716,4.76,4.788,4.988,5.105,5.3,5.342,5.41,5.601,5.654,5.713,5.906,6.069,6.218,6.262,6.307,6.372,6.415,6.456,6.508,6.513,6.521,6.612,6.722,6.815,6.88,6.908,6.91,6.951,6.966,6.983,7.106,7.126,7.176,7.21,7.244,7.359,7.375,7.405,7.458,7.575,7.585,7.605,7.617,7.779,7.807,7.864,7.881,0.00024311,0.00345299,0.03994435,0.05560407,0.01048606,0.03667681,0.00011782,0.00232503,0.0013853,0.00472046,2.197e-05,0.23428398,0.00228636,0.00060568,4.1e-06,0.41575962,0.06424892,0.00054741,0.00011838,0.01004113,0.21878301,0.00437244,0.05202078,0.00788206,0.00182463,6.155e-05,0.00029238,0.0067553,0.04192447,0.03199635,0.01952781,0.1432202,0.27667686,0.01124578,0.02100395,0.00744704,0.02542647,0.01663856,0.19176174,0.00315373,0.13215181,0.074375,0.02321534,0.00787256,0.00292795,0.0028366,3.14e-06,0.02019908,0.00531338,0.04959081,4727735.999998349,7.970601983272476,-0.2119035903481547,0.1571187290183746,0.1880276557839795,1
6649528,6649528,CCOc1ccc(OC)cc1CN(C)C(=O)C1(Oc2ccc(C#N)cc2OC)CC1,3.467,3.543,3.625,3.961,3.975,3.977,4.024,4.107,4.16,4.2,4.471,4.487,4.656,4.808,4.863,4.876,4.884,4.918,5.005,5.006,5.11,5.186,5.194,5.222,5.304,5.335,5.39,5.517,5.526,5.643,5.68,5.708,5.711,5.765,5.806,5.835,5.905,5.969,6.015,6.025,6.025,6.063,6.07,6.119,6.127,6.159,6.19,6.222,6.251,6.284,0.00172268,0.02616185,0.00096071,0.00078452,6.908e-05,0.00049515,0.00382395,0.09087758,0.00828091,0.11813295,0.00025551,5.276e-05,0.05440439,0.00034777,1.902e-05,0.00052827,0.00141947,0.00037601,0.0003345,0.00016912,0.07152595,0.04203796,0.0039583,0.00098072,0.14251576,0.02111993,0.00514585,0.00093864,0.00254256,0.00434591,0.01381127,0.00158861,0.00047799,0.00982431,0.17215069,0.06086813,0.13518839,0.04415763,0.02159065,0.00434358,0.000311,0.026624,0.04164274,0.00171289,0.00043403,0.04721287,0.04968061,0.0010194,0.19774725,0.01412132,1404010.9999995106,-1.181640037872299,-0.1301174968412134,0.3555628153475033,0.2338811203736059,3
1638006,1638006,CN1CC2(CCCN(C(=O)n3cc(CNS(C)(=O)=O)c(Oc4ccncc4)c3)C2)C1,3.663,3.713,3.772,3.839,3.984,4.052,4.162,4.23,4.325,4.34,4.431,4.459,4.474,4.483,4.585,4.66,4.699,4.769,4.857,4.98,5.157,5.175,5.269,5.35,5.435,5.469,5.531,5.568,5.577,5.582,5.651,5.721,5.763,5.79,5.801,5.824,5.828,5.886,5.914,5.937,5.937,6.049,6.055,6.148,6.157,6.159,6.163,6.171,6.173,6.225,1.557e-05,0.0008328,0.00011578,0.01215326,0.00036269,3.268e-05,0.00063392,0.00013706,3.607e-05,0.00216479,0.00364024,0.16067865,0.00279816,0.03408747,0.00474771,1.756e-05,0.01683916,0.00027922,0.0653859,9.461e-05,0.06466755,0.00290046,0.06702124,0.00130677,4.007e-05,1.15e-06,0.00162097,0.00106899,0.00025318,0.00875397,0.00107018,0.00926305,0.00451097,0.00021439,0.00036649,0.01496859,5.83e-06,0.07402227,5.773e-05,0.00037934,0.00193753,0.00079072,0.00734887,0.00100236,0.00099223,0.00029817,0.05678317,0.00909807,0.00597921,0.00088815,-3607510.999998741,-1.2747075280757114,-0.343160148501384,0.6251113158967317,0.3366768741617301,2
7999463,7999463,CCN1CCN(Cc2ccc(S(=O)(=O)CC(F)F)cc2)C1=S,2.28,2.588,2.655,2.957,3.456,3.822,4.024,4.49,4.841,4.982,5.05,5.091,5.138,5.358,5.394,5.439,5.507,5.545,5.605,5.756,5.78,5.792,5.807,5.847,5.88,5.884,5.97,6.131,6.169,6.188,6.204,6.212,6.278,6.432,6.462,6.504,6.542,6.579,6.592,6.666,6.72,6.739,6.743,6.828,6.881,6.892,6.947,6.955,6.969,7.018,0.00134869,0.0032089,0.0002156,5.132e-05,0.01272714,0.00059291,0.00021964,0.00537372,3.705e-05,0.00578829,0.15571933,0.01176977,0.02653043,0.00130185,0.06721259,0.02022668,0.00142356,0.00272216,0.00140432,0.00015877,0.12481912,0.00959259,0.12579043,0.0452336,0.00017277,0.00269695,0.00195032,0.00052193,0.00154583,0.00305133,0.00561082,0.00520176,0.00985177,0.09487395,0.12603107,0.2259133,0.16081638,0.00828982,0.16155082,0.00983427,0.00773773,0.00171935,0.00560238,0.00287597,0.00324037,0.00217599,0.00231209,0.00037526,0.00012445,0.00788267,2753945.9999990384,2.324327096798755,2.254939987630534,-1.285392544608121,-0.3890455987474243,3
5171646,5171646,CC(=O)NCCN(C)Cn1nnc(-c2ccc(OC3CCCC3)cc2)n1,3.846,4.119,4.249,4.361,4.386,4.532,4.56,4.731,4.804,4.996,5.004,5.072,5.191,5.221,5.268,5.317,5.351,5.436,5.457,5.536,5.617,5.658,5.694,5.727,5.913,5.928,5.945,5.974,5.987,6.055,6.164,6.222,6.275,6.29,6.292,6.394,6.411,6.438,6.468,6.493,6.511,6.52,6.543,6.566,6.595,6.618,6.661,6.709,6.721,6.739,5.005e-05,1.66e-06,0.25143435,0.06539211,8.703e-05,0.00051218,0.23468417,0.00128982,1.816e-05,0.00032566,0.01069855,0.00052232,0.07218679,0.00263091,0.00075036,0.00197911,1.74e-05,0.00059848,0.0292098,0.00151798,0.01145133,0.00734103,0.00241449,0.01646183,0.02068426,0.00433897,0.00766349,0.0200578,0.03194208,0.03112933,0.05815348,0.01406102,0.09553733,0.02182542,0.05404972,0.02673017,0.13270629,0.00022456,0.00207698,0.00027718,0.00129547,0.0016489,0.03714365,0.03463238,0.00194967,4.48e-06,0.01920458,1.51e-06,0.00095385,0.00030672,-73870.99999997573,2.327820430911949,-0.7476660724591493,0.204416162514333,0.1324890252250907,4
9990989,9990989,Cc1ccccc1OCc1noc(Cc2ccc(OCCOc3ccccc3)nc2)n1,3.838,3.844,4.284,4.286,4.359,4.445,4.564,4.572,4.616,4.619,4.629,4.651,4.685,4.695,4.732,4.758,4.76,4.771,4.803,4.86,4.949,4.999,5.018,5.073,5.076,5.09,5.119,5.121,5.139,5.212,5.224,5.28,5.3,5.327,5.365,5.392,5.415,5.439,5.45,5.463,5.467,5.524,5.534,5.541,5.552,5.56,5.586,5.616,5.635,5.64,1.879e-05,0.00050673,0.00049979,0.00341797,9e-08,8.29e-06,0.0234707,0.01732189,0.00066997,0.00186111,0.00098964,0.01783013,0.01183586,0.04315272,0.00886145,0.0304105,0.00113444,0.00043352,5.77e-06,2.126e-05,0.00046909,0.02039436,0.00107849,0.01443182,0.0003259,4.027e-05,0.00330775,0.05025025,0.00062826,0.00127131,0.00248493,2.086e-05,1.429e-05,0.02102678,0.1686606,0.11094416,0.00148821,0.02002225,0.01530613,4.3e-06,0.0001043,0.01831837,6.999e-05,0.00043749,0.00636471,5.628e-05,0.00091007,0.00587005,2.75e-05,1e-08,4745471.999998344,-2.865223732269108,-2.408618228871069,-0.1031057699925063,-0.1775460626802098,1
215447,215447,CCOc1ccc(NCC(=O)N2CCCC2)cc1S(=O)(=O)NCCc1cnccc1C,3.452,3.511,3.617,3.717,3.74,3.924,4.033,4.066,4.203,4.27,4.393,4.407,4.416,4.515,4.611,4.621,4.695,4.72,4.789,4.861,4.881,4.922,4.976,5.019,5.079,5.17,5.174,5.224,5.236,5.248,5.277,5.281,5.381,5.438,5.448,5.535,5.556,5.576,5.601,5.635,5.647,5.695,5.721,5.749,5.779,5.826,5.869,5.925,5.947,6.015,0.03729168,0.00054631,0.01425927,0.00133741,0.00283575,1.45e-05,0.00033947,1.7e-06,0.00019696,3.83e-06,0.00103223,1.246e-05,0.00604662,0.00012187,3.78e-06,0.00389901,0.00093648,0.00017574,0.055864,0.00190875,0.00617356,0.08885638,0.01387649,0.00280555,0.01534644,6.62e-06,0.00712201,0.0088035,0.01203831,0.00025952,0.00029136,0.00214672,9.781e-05,0.00043452,0.00173246,0.00135008,0.00475449,0.00055554,0.0126756,0.00050542,0.00252095,6.98e-05,0.05115929,0.0025506,0.00042569,0.01425271,0.00465209,0.19953861,0.01827726,0.02927317,-5030069.999998244,-2.965125435567579,-0.6173821468278466,0.1884854423744792,0.0870323406370749,2
2377949,2377949,O=C1CCN(c2nnc(-c3ccc(F)nc3)n2CCc2cccnc2)C1,3.282,3.492,3.733,3.822,3.871,3.903,3.956,4.068,4.13,4.199,4.272,4.353,4.375,4.41,4.446,4.472,4.489,4.558,4.579,4.592,4.602,4.661,4.667,4.776,4.812,4.828,4.831,4.916,4.964,4.978,4.995,5.044,5.078,5.139,5.171,5.182,5.205,5.213,5.214,5.227,5.328,5.354,5.362,5.403,5.458,5.466,5.506,5.574,5.59,5.638,0.00463974,0.00143728,0.00931425,9.16e-06,0.0738335,0.0009419,0.0012196,3.534e-05,5.445e-05,0.00010512,0.00019645,2.212e-05,0.0001097,0.00275566,0.00649818,0.00026829,0.00247967,0.00019101,0.00032695,0.00084215,0.00039391,0.00019509,0.01082196,1.082e-05,2.253e-05,0.00089564,0.00421335,0.00835557,0.0152114,0.00818996,0.00124114,0.00843545,0.0068151,0.00082075,0.00938586,0.02470495,0.00111732,0.02751321,0.03599564,0.00585793,0.00688695,0.00884157,0.00875151,0.00388811,0.00328597,0.00043568,0.01916023,0.09329042,0.02484947,0.00171121,-2867567.9999989974,-4.660536266151322,-1.2804021069989775,0.0437118794610963,-0.1523947191342638,0
9811638,9811638,C=C(Cc1ccccc1)CN(OC)C(=O)Nc1ccc2c(c1)CCc1ccccc1-2,3.632,3.683,3.772,3.83,3.924,3.946,4.012,4.129,4.175,4.179,4.262,4.279,4.321,4.376,4.412,4.525,4.579,4.62,4.64,4.658,4.729,4.744,4.841,4.851,4.932,4.939,4.965,4.973,5.042,5.054,5.086,5.105,5.176,5.193,5.221,5.239,5.296,5.308,5.33,5.351,5.377,5.39,5.399,5.404,5.415,5.438,5.511,5.521,5.589,5.6,0.00470748,0.00235752,0.00081202,0.53416583,0.00192396,0.02744612,6.66e-06,2.581e-05,0.00240675,0.0008844,0.00034471,9.703e-05,0.01089295,0.00281014,8.929e-05,0.00018129,0.00514989,0.00033348,5.595e-05,7.115e-05,9.52e-06,0.00031297,0.03536728,0.00650058,0.08242687,0.00078653,0.00094288,0.0005402,0.00048331,3.28e-05,7.477e-05,0.02582621,0.0020765,0.00778228,5.905e-05,0.05890052,0.00109593,0.04183705,0.01920472,0.00069145,0.04008752,0.00158284,0.02612054,0.00161032,0.00279207,0.00143613,1.009e-05,0.00069148,0.02703296,3.358e-05,4566120.999998408,-4.285767857951637,-1.4598194293329323,0.1619458301168068,0.199184912650393,1
9681158,9681158,CCCNC(=O)Nc1cccc(NC(=O)c2coc(Cc3cccc(F)c3)n2)c1,3.178,3.265,3.425,3.573,3.592,3.66,3.681,3.683,3.737,3.841,3.974,4.096,4.195,4.287,4.293,4.342,4.389,4.395,4.43,4.504,4.59,4.664,4.694,4.896,4.903,4.953,5.011,5.06,5.07,5.114,5.12,5.171,5.213,5.299,5.305,5.32,5.379,5.433,5.453,5.489,5.514,5.561,5.618,5.662,5.721,5.737,5.765,5.787,5.796,5.837,7.973e-05,6.072e-05,0.00062149,0.00205425,0.00075481,0.05149625,5.326e-05,0.00351885,3.29e-05,0.00014339,6.1e-07,0.00080896,0.06122633,0.00538936,0.00276516,0.00642742,0.0084955,0.08996376,0.0039502,5.368e-05,0.00086648,0.057831,0.00034087,0.16180035,0.00711862,0.00037135,0.00861868,0.02358553,0.02407251,0.00054812,0.06246541,0.03233093,0.06250353,0.01915898,0.00013105,0.00244029,0.05532731,0.04691659,0.00055541,0.00053257,0.00465767,0.00845474,0.00019344,2.814e-05,0.0010353,0.03683765,0.26922277,0.09931479,0.07141435,0.08657106,4435640.999998453,-4.404876923235801,-0.0247057017487636,0.6104792003637989,0.1811003753167201,1
1009040,1009040,Cc1occc1C(C)(C)OC(=O)NC1CCCCCN(CC(=O)N(CC(N)=O)Cc2ccccc2)CC1,3.598,3.611,3.627,3.628,3.871,3.879,3.884,3.887,3.934,3.948,4.119,4.132,4.581,4.595,4.673,4.687,4.74,4.753,4.854,4.858,4.9,4.918,4.932,4.946,4.95,5.023,5.049,5.102,5.163,5.223,5.265,5.296,5.304,5.401,5.533,5.543,5.547,5.61,5.618,5.624,5.656,5.704,5.713,5.717,5.764,5.815,5.828,5.912,5.915,5.922,0.00046562,1.368e-05,0.00794023,0.00531187,0.0001378,0.00338473,4.722e-05,0.00011481,0.00044046,0.00158564,1.39e-06,3.25e-06,0.00011173,0.00043537,2.11e-06,2.3e-07,0.00138458,0.00034742,0.00011676,0.00057834,2.688e-05,0.00018892,1.02e-06,1e-07,0.00215641,9.834e-05,0.00114117,2.22e-06,1.07e-06,4.4e-07,0.00061938,7.577e-05,0.00209898,0.00075417,0.00012078,3.609e-05,5.1e-07,0.00040827,0.01734907,3.9e-07,4.11e-06,9.43e-06,0.00663892,1.013e-05,0.04655494,9.95e-05,1.53e-05,0.00026318,3.57e-06,0.10159579,-4236476.999998522,-3.191984650194597,-0.574254164265962,0.3737303678073242,0.3801969290524947,2
4413855,4413855,COC(CN(C)CCOCC1CC1)C(=O)CCCN(C)C,3.939,4.037,4.234,4.583,5.153,5.785,6.018,6.122,6.147,6.273,6.449,6.535,6.677,6.724,6.836,6.903,6.971,7.027,7.056,7.244,7.354,7.394,7.556,7.623,7.761,8.045,8.16,8.269,8.42,8.582,8.671,8.74,8.869,8.927,9.02,9.07,9.158,9.175,9.258,9.352,9.412,9.539,9.624,9.738,9.84,10.292,10.531,11.036,11.154,11.254,0.00202217,0.00085452,0.00733611,0.0001874,0.0004531,0.00061089,0.00104396,0.00170106,0.00233754,0.00615448,0.0013876,0.00467381,0.00207847,3.134e-05,1.904e-05,0.00019686,0.0076612,0.00836406,0.01564078,0.00803727,0.00223518,0.01051231,0.00127236,0.02125342,0.00298828,0.0380541,0.00715651,0.00993226,0.00910074,0.01342649,0.00577645,0.00152392,0.05076956,0.00204134,0.02674592,0.00015278,0.00582006,5.949e-05,0.0020546,0.00128159,0.0007275,0.02197032,0.00547122,0.00409249,0.02044274,0.00016268,0.00888848,0.01966683,0.00043573,0.00075081,-831661.9999997163,18.28942481637993,3.7926599560763337,1.7396363415556362,-1.5711420268534355,4
5391551,5391551,CN(CCCNCC(=O)Nc1ccccc1)NNC(=O)c1cnsn1,2.54,2.572,2.605,2.655,3.217,3.573,3.593,3.608,3.671,3.706,3.755,3.918,4.172,4.239,4.26,4.287,4.287,4.295,4.375,4.402,4.431,4.443,4.487,4.523,4.553,4.608,4.619,4.663,4.673,4.706,4.725,4.827,4.847,4.879,4.981,4.994,5.092,5.203,5.236,5.292,5.295,5.318,5.321,5.382,5.406,5.527,5.537,5.565,5.587,5.591,0.00838826,0.00058301,0.0002655,2.1e-07,0.00272308,6e-08,0.00140184,0.00022025,0.00011888,0.00105266,5.812e-05,0.07569425,1.321e-05,0.00011612,0.00029286,1.002e-05,9.8e-07,0.00010293,4.463e-05,1.92e-06,0.00027105,0.00028378,8.2e-06,0.00036351,0.00068786,3.282e-05,0.00037086,0.03959651,8.05e-06,0.00033473,0.01504092,0.00152631,0.00070629,0.00035745,0.26810182,0.0015667,0.00040367,5.41e-06,0.00331505,0.01656561,0.00430153,4.41e-06,0.01024211,0.00031234,3.144e-05,3.329e-05,0.00060508,0.0068021,0.00011736,0.00029904,146033.99999995084,-6.264287659567912,0.6206354554657741,-0.2107265543754538,-0.3911029240591399,4
6984761,6984761,CON=S(C)(=O)C1CCC(CNCC2(C)CC2)CC1,5.999,6.792,7.126,7.57,7.8,8.099,8.103,8.19,8.477,8.604,8.698,8.79,8.864,8.909,8.942,9.081,9.144,9.178,9.306,9.34,9.373,9.373,9.458,9.489,9.532,9.589,9.598,9.618,9.693,9.755,9.813,9.842,9.897,10.011,10.052,10.092,10.166,10.188,10.317,10.36,10.371,10.401,10.532,10.601,10.61,10.654,10.682,10.689,10.704,10.714,0.0148785,0.04464068,7.568e-05,0.11587707,0.00032712,0.07180798,0.00222521,1.914e-05,0.02252137,0.01093605,0.00046358,0.01045645,5.936e-05,0.00094839,0.00578538,0.01929811,0.00555262,0.0123557,0.00301953,0.04577085,0.00745978,0.05300229,4.31e-06,0.00101623,0.02575765,0.01180465,0.00537225,0.00016919,0.00021095,0.029641,0.00543477,0.0026241,0.0262488,0.00481839,0.00352555,0.00912875,0.00146977,0.00070633,3.742e-05,0.00255435,0.00136747,0.00185504,0.00840788,0.0021491,0.05822656,0.00069913,5.82e-06,0.0010572,0.022232,0.00020652,1739243.999999377,28.304768790330744,-2.5134349624019103,-0.7924342795055026,-0.6308468761802151,3
5999339,5999339,CCCc1nccnc1NC(=CN1CCCNC1=O)NCC(C)(C)O,2.555,3.23,3.31,3.813,3.897,3.901,4.279,4.479,4.58,4.665,4.853,4.912,5.038,5.199,5.397,5.541,5.555,5.62,5.642,5.704,5.856,5.876,6.111,6.204,6.224,6.249,6.272,6.299,6.334,6.372,6.397,6.438,6.512,6.525,6.589,6.649,6.674,6.722,6.781,6.88,6.914,6.944,6.958,6.963,6.996,7.04,7.057,7.062,7.096,7.178,0.00362815,4.89e-06,0.0534826,0.00028702,8.14e-05,0.00011847,0.0466409,0.00122945,0.0009815,0.01680954,0.00490351,0.28771331,0.01020118,0.18731487,0.11201633,0.00341672,0.05072767,0.01513373,0.03616064,0.00052655,0.0087892,0.03848504,0.00195146,0.01748885,0.02646652,0.02748012,0.0233043,0.00280036,0.02767294,0.00235138,0.00301066,0.00552926,0.0016992,3.17e-05,0.01817309,0.00326637,0.01453933,0.01519109,0.00187937,0.0030136,0.05022229,0.06722405,0.00349009,0.00922909,0.02407922,0.00182208,0.00617939,0.01329161,0.00875438,0.0202621,753821.999999735,3.368612097260307,1.8041247368884752,-0.4564054823747369,0.2006571420946099,4
7218904,7218904,CN1CCN(c2cc(COC(=O)c3cc(F)c(F)c(F)c3)ccc2F)CC1,2.248,2.703,3.005,3.438,3.461,3.767,3.91,4.096,4.195,4.301,4.469,4.499,4.514,4.58,4.633,4.695,4.812,4.931,4.985,5.087,5.126,5.211,5.254,5.337,5.428,5.5,5.52,5.575,5.595,5.602,5.674,5.684,5.708,5.748,5.751,5.794,5.803,5.844,5.925,5.966,5.969,6.052,6.059,6.088,6.09,6.107,6.234,6.258,6.279,6.31,0.00065337,7.918e-05,3.85e-06,3.423e-05,5e-07,0.00292222,0.03868579,0.00911121,6.1e-07,0.0350043,0.02169084,0.01158157,6.99e-06,0.20823396,0.0138659,0.13937335,0.00499398,4.513e-05,0.00412972,0.0115388,0.00528244,0.00028615,1.197e-05,0.00037738,0.00067597,9e-06,0.01386187,0.00052249,0.00032388,0.01177918,0.02800463,0.00490449,0.00064867,0.05433306,0.04332036,0.03859891,0.04150114,0.20206256,0.16396005,0.00074428,7.4e-06,0.00110221,0.01177966,0.02533796,0.00082615,0.23639626,0.00344313,1.131e-05,0.00700703,0.00047791,1973386.9999993127,-1.6461811786834135,1.2170782631479171,-0.5483486259479078,-0.1660481863899025,3
1462253,1462253,CNC=CCSCCNC(=O)C(C)=Cc1ccco1,2.743,3.033,3.262,3.898,4.203,4.795,4.896,4.927,5.068,5.112,5.114,5.256,5.317,5.368,5.427,5.544,5.576,5.654,5.714,5.719,5.749,5.863,5.902,5.96,6.028,6.052,6.103,6.223,6.312,6.402,6.482,6.484,6.537,6.635,6.654,6.756,6.77,6.79,6.87,6.871,6.929,6.935,6.962,6.992,7.016,7.141,7.166,7.19,7.256,7.312,7.95e-06,0.00188174,0.00311221,0.00719533,0.40804318,0.00021667,0.00014414,0.00018717,0.01169422,0.03141361,0.00432332,0.00061576,0.0115607,0.00092603,0.03124073,0.08348441,0.25571357,0.01585207,0.04320978,0.01194451,0.00624489,0.00060281,0.00099928,0.02342939,0.01660509,0.00162959,0.03200674,0.02862236,0.00097481,0.11736172,0.01595353,0.0031621,0.00015605,0.04214473,0.0572271,0.00020019,0.00572542,0.00066443,0.00181044,0.00013542,0.00278855,0.00746425,0.00925859,0.00370768,0.00071159,0.00219146,0.06359484,0.01120343,0.01890053,0.0777051,-3783263.99999868,3.9379638587929024,1.139691611125676,-0.5184288650873682,-0.8951955984039085,2
2485161,2485161,Cc1cc[nH]c1C(=O)Nc1cccc(NCCC2CC2)c1C,3.557,3.939,4.264,4.466,4.614,4.661,4.971,5.008,5.063,5.107,5.192,5.426,5.545,5.561,5.584,5.687,5.747,5.895,5.899,5.983,6.052,6.079,6.121,6.288,6.395,6.452,6.518,6.544,6.572,6.63,6.639,6.66,6.671,6.745,6.798,6.801,6.872,6.884,7.016,7.042,7.076,7.098,7.155,7.193,7.211,7.226,7.248,7.25,7.298,7.323,0.0210108,0.00034531,0.22706448,0.15408859,0.00893819,0.01364554,0.01812153,0.01533234,0.07426236,0.05045529,0.06629833,0.01148401,0.28441176,0.15322873,0.00560728,0.00165548,0.13141145,0.00072498,0.00080948,0.0178347,0.00150003,0.01909574,0.0244239,0.02373397,0.02049951,0.00379504,0.03999149,0.01231455,0.00960399,0.0234728,0.00040201,0.00712201,0.08132548,0.07034665,0.0163708,0.03164601,0.00245475,0.04265336,0.00050566,0.01452634,0.0062002,0.02107111,0.00083086,0.01325122,0.00373788,0.00256562,0.00144694,6.99e-05,0.01646735,0.00890476,-2760355.999999039,5.370198118533963,0.1065886624926952,-0.0319319668636878,0.0171897651752394,0
9604109,9604109,Cc1csc(CCCNC(=O)NCC2CCOCC2)n1,3.848,4.072,4.327,4.587,4.717,4.771,5.35,5.629,5.922,6.095,6.146,6.281,6.303,6.305,6.324,6.399,6.404,6.522,6.53,6.548,6.55,6.571,6.61,6.688,6.751,6.794,6.796,6.885,6.912,7.043,7.068,7.094,7.106,7.181,7.23,7.317,7.423,7.428,7.542,7.571,7.591,7.594,7.61,7.74,7.768,7.814,7.824,7.858,8.048,8.113,8.305e-05,6.06e-06,0.00147913,0.00826155,0.00878983,0.0768416,1.796e-05,0.06336463,0.00126239,1.717e-05,3.73e-06,0.00017944,3.303e-05,0.00021453,1.861e-05,0.00059083,0.00044315,0.00062313,4.147e-05,0.00055102,0.00430523,0.00308442,0.03508045,0.00396606,0.00588764,0.00033781,0.00031902,0.05387188,0.026532,0.02022216,0.0020062,0.00048314,0.0070919,0.00286644,0.08453253,0.03485415,0.0001403,0.02274555,0.24175132,0.00139005,0.00152138,0.00575328,0.00337996,0.00507529,0.01365566,0.00637448,0.00722054,0.13423954,0.07106397,0.00560289,4358591.999998479,9.012585034906522,0.005667274035149,-0.7844886773464369,-0.5877796230935353,1
2168962,2168962,C=C(O)c1ccccc1NC(=O)CNc1cccc2c1=CCCN=CC=2,2.484,2.889,3.02,3.137,3.193,3.213,3.363,3.714,3.796,3.969,4.02,4.092,4.15,4.192,4.282,4.384,4.46,4.496,4.524,4.534,4.609,4.622,4.632,4.697,4.721,4.811,4.816,4.93,4.994,4.999,5.027,5.042,5.07,5.123,5.167,5.206,5.283,5.297,5.312,5.323,5.329,5.388,5.409,5.481,5.496,5.524,5.533,5.569,5.595,5.632,0.09222855,0.02652857,0.00016528,2.682e-05,0.00017778,0.0034252,0.00022987,0.01909201,1.444e-05,4.35e-06,6.854e-05,0.00339568,4.44e-06,6.985e-05,0.01708958,0.02164099,0.05625781,0.04449301,0.00079134,0.00109564,0.0221042,0.01328833,0.00080444,0.00063286,0.06287067,0.07554623,0.05129999,0.15621029,0.00094694,0.01641984,0.00123075,0.04540162,0.00983394,0.02703234,0.00023876,0.00089837,0.00162311,0.0037671,0.00018009,1.559e-05,0.00511871,0.05837648,3.528e-05,0.00522724,5.231e-05,0.00245342,0.00217678,0.07544025,0.12227204,0.00076205,-3076554.9999989253,-5.360113857576407,0.4851712975379238,-0.2803185355651978,0.0596008911413523,0
1533130,1533130,C#Cc1cccc(NC(=N)Nc2cccc(C(=O)N3CCOCC3)c2CC)c1,3.34,3.579,3.699,3.815,3.925,4.025,4.096,4.168,4.188,4.231,4.244,4.272,4.407,4.449,4.476,4.547,4.568,4.614,4.662,4.734,4.909,4.94,4.962,5.003,5.098,5.145,5.193,5.214,5.299,5.322,5.348,5.348,5.425,5.558,5.586,5.63,5.653,5.658,5.725,5.747,5.82,5.821,5.882,5.903,5.912,5.946,5.976,5.987,6.027,6.052,1.567e-05,0.00243235,3.501e-05,0.00040139,0.00557694,0.02996566,0.0001573,0.0035522,0.00181434,0.04313313,0.00834322,0.00100771,0.05817852,0.02319502,0.0391072,0.00117343,0.00040389,0.00448534,0.0004589,0.42252719,0.01155593,0.00502684,0.04703615,0.04409512,0.00548834,0.02262922,0.01445271,0.12433145,0.21882698,0.001518,0.0001569,0.00054947,0.1807257,0.00547797,0.00954539,0.06396248,0.00037507,0.00993012,0.11416813,0.07836326,0.001086,0.00109896,0.0009313,0.0113775,2.569e-05,0.05392044,0.06396846,0.03892448,0.01683902,0.1035211,-3712386.999998705,-2.689808105437381,-0.4536516659444352,0.619125723405391,-0.0869564425251194,2
10136745,10136745,COc1cc2c(cc1O)CCN(CCc1nc(Cc3conc3C)no1)CC2,3.905,4.034,4.181,4.244,4.313,4.471,4.66,4.966,4.989,5.097,5.212,5.22,5.27,5.417,5.44,5.5,5.517,5.548,5.629,5.677,5.733,5.748,5.798,5.829,5.841,5.863,5.932,5.933,5.947,5.984,5.996,6.079,6.106,6.13,6.145,6.162,6.214,6.264,6.281,6.302,6.317,6.33,6.332,6.345,6.349,6.355,6.422,6.463,6.605,6.632,6.403e-05,0.00013577,0.00029772,0.00098535,0.00017209,0.08479831,0.00052099,0.00224487,0.07894489,5.545e-05,0.00082837,0.00300046,7.097e-05,0.00059358,0.00019225,0.00165303,0.00062822,0.00020873,4.991e-05,0.00053024,0.05324306,0.00529311,0.0019746,0.00011911,0.00098753,0.00092897,0.00203665,0.00049688,0.00134405,0.01375716,0.00751756,0.004926,0.00011304,0.22726567,0.00199484,0.00104999,0.06501712,0.01448194,0.00514664,0.02081021,0.03499828,0.00385197,0.00110961,0.03780969,0.00152157,0.15626669,0.06834853,0.00165786,0.01174336,0.00499611,4891227.999998294,1.986162910327621,-1.2703351935522385,-0.6020931217319111,0.1814826089436687,1
8693833,8693833,OCC1CCCN(Cc2cnc(-c3cccc4cccnc34)n2CCc2ccccc2)CC1,2.282,2.321,3.197,3.359,3.389,3.405,3.414,3.464,3.619,3.645,3.65,3.674,3.86,3.986,3.998,4.12,4.231,4.291,4.327,4.355,4.369,4.424,4.486,4.493,4.531,4.543,4.557,4.591,4.686,4.746,4.771,4.782,4.803,4.82,4.844,4.862,4.888,4.913,4.94,4.946,5.017,5.078,5.097,5.181,5.2,5.215,5.247,5.272,5.275,5.299,0.00185814,0.00864684,0.00217666,7.895e-05,0.00013954,6.26e-06,0.00033701,0.00048052,0.00039607,0.00087002,0.00146075,0.00043737,0.0008895,0.08665124,0.0027335,2.837e-05,0.0245465,0.01285843,0.00224293,7.541e-05,0.01482971,5.48e-06,4.87e-06,0.0004375,0.00018736,0.00022572,0.00039759,2.456e-05,0.00012665,2.2e-06,2.8e-06,0.00330387,0.00108941,0.00694081,0.01088404,0.00162933,0.00053291,0.0002888,4.392e-05,0.00029168,0.00040255,1.83e-05,1.345e-05,0.00049832,2.918e-05,0.00060967,0.00468377,0.0004701,0.00137981,0.00037844,3448315.999998799,-7.130097163094376,0.165138940887674,-0.2619923895306918,-0.0978966575502917,1
274472,274472,CCOC(=O)c1cc(C2CCN(C(=O)CCc3ccc4[nH]cnc4c3)CC2)no1,2.708,3.037,3.362,3.548,3.614,3.692,3.861,4.199,4.408,4.513,4.608,4.753,4.783,4.793,4.855,4.891,4.916,5.008,5.082,5.113,5.152,5.172,5.289,5.319,5.324,5.339,5.376,5.395,5.404,5.429,5.549,5.56,5.576,5.622,5.623,5.689,5.705,5.763,5.798,5.839,5.852,5.887,5.904,5.936,5.986,6.019,6.03,6.055,6.063,6.139,9.082e-05,4.054e-05,0.0006629,1.47e-06,5.4e-07,0.0004243,9.783e-05,1.43e-06,0.00058009,2.61e-06,0.05540004,0.00259335,0.00144675,0.05286065,0.00240978,0.00194126,0.03634072,2.05e-06,0.05451677,0.00030038,0.01495033,0.00129547,0.00212219,4.689e-05,0.00597514,0.30835074,2.31e-05,8e-06,0.0023328,0.00118467,0.00044896,1.9e-07,0.00483373,3.081e-05,0.00014531,2.117e-05,1.465e-05,0.00199553,0.00176927,0.00555516,0.00073161,0.05315398,0.03602903,5.997e-05,0.24713161,0.01210673,0.00369325,0.00032113,0.00026092,0.02407729,-4971044.999998265,-1.832866171920965,0.2169699720611073,-0.7879073710511167,-0.0827880375933965,2
7904663,7904663,CC(C)CN(Cc1ccoc1C(=O)O)S(=O)(=O)c1cc2cc(F)ccc2o1,2.811,3.125,3.247,3.703,3.962,4.002,4.074,4.316,4.416,4.463,4.517,4.553,4.622,4.673,4.697,4.744,4.783,4.818,4.881,4.962,4.986,5.057,5.1,5.144,5.169,5.186,5.32,5.387,5.402,5.448,5.481,5.541,5.61,5.655,5.656,5.663,5.695,5.747,5.813,5.847,5.859,5.88,5.912,5.928,5.964,6.023,6.037,6.039,6.043,6.046,0.00107809,0.00112878,0.00347269,0.01077358,0.02833832,0.00013128,0.07498775,0.00436685,0.23088296,0.04641704,6.643e-05,0.0016513,0.00017492,0.00466818,0.00801567,0.00427198,0.00031419,0.00029349,0.1146485,0.00159308,0.00044413,0.06195713,0.0658993,0.0008076,0.00030696,0.00143609,0.00319291,0.02451226,0.00981506,0.00160844,0.000918,0.01398602,0.00758263,0.00010001,0.00242858,0.00240366,0.0025846,0.00257377,0.11654649,0.00100865,0.07506486,0.10912065,0.00341937,0.02779306,0.0109638,0.00432222,0.00695018,0.00178727,0.01339112,0.03809732,2659145.9999990747,-2.076950548203445,-0.0127892452399375,-0.2988849929734997,-0.4051851514191735,3
143381,143381,COCCOC1CCN(C(=O)C(=O)NCC2(c3ccc(OC)cc3)CCC2)CC1,3.329,3.713,3.835,4.115,4.388,4.462,4.55,4.641,4.66,4.734,4.759,4.767,4.883,4.965,5.04,5.076,5.123,5.163,5.24,5.357,5.561,5.578,5.689,5.781,5.832,5.888,5.96,6.019,6.052,6.074,6.081,6.128,6.193,6.215,6.236,6.268,6.358,6.381,6.42,6.425,6.444,6.541,6.546,6.559,6.563,6.609,6.646,6.679,6.721,6.732,5.031e-05,7.235e-05,0.00016545,2.838e-05,9.732e-05,0.0133987,0.00037914,0.00761565,1.109e-05,0.00034583,0.01537686,0.00034888,0.0026099,0.04361742,0.00268118,0.04945317,0.01393746,0.00019111,0.00333326,0.08993003,0.052596,0.00073157,0.00018996,0.00153081,0.0001422,8.432e-05,0.00012962,0.0017292,0.00020335,0.00085689,9.212e-05,0.00911393,0.00380963,0.00141934,0.02330908,0.02317641,0.19060359,0.01568581,0.16436207,0.00493168,0.03278677,0.02309692,0.00166156,0.00175656,0.00749032,0.0050253,0.00517203,0.00347877,0.00700022,0.0251355,-5102135.999998219,1.635843875755683,0.0129133339098869,0.2765436786888903,-0.0341256355459165,2
2255235,2255235,CN(C)CCS(=O)(=O)Oc1ccc(NC(=O)N2CCN(C(=O)CCC3CCCC3)CC2)cc1,3.761,3.873,4.112,4.168,4.257,4.281,4.364,4.475,4.523,4.673,4.924,5.0,5.193,5.215,5.328,5.341,5.413,5.428,5.555,5.574,5.598,5.633,5.691,5.744,5.82,5.83,5.853,5.898,5.911,5.945,5.953,5.961,6.009,6.086,6.098,6.118,6.183,6.223,6.253,6.261,6.293,6.347,6.351,6.369,6.404,6.493,6.53,6.581,6.586,6.629,5.41e-06,3.335e-05,0.00017376,0.00031165,0.00025892,0.00071376,0.02783925,0.00377744,0.00079872,0.00927045,0.43552337,0.00952844,0.00085506,1.1e-07,0.00023229,0.01071031,6.9e-07,0.00012523,1.16e-06,0.00078013,0.00017332,0.00777008,3.5e-07,0.00288126,3.4e-07,4.554e-05,2.26e-06,0.00197254,0.00149611,0.00255121,0.00477036,1.212e-05,0.00045596,1.95e-06,0.00162702,0.35177079,0.00482905,5.7e-07,0.02029406,0.00084604,0.12105427,0.000264,0.01091195,0.01640154,0.00120355,1.195e-05,0.07355194,0.00031398,0.00581144,9.84e-06,-2990281.999998957,1.4164554487706955,-0.6391588079605444,-0.2085368612980861,0.430332242644458,0
575261,575261,CN(CCOCCN(Cc1ccccc1)C(=O)c1cccc2nc(O)[nH]c12)C(=O)CC(C)(C)C,3.575,3.735,3.847,3.861,3.977,3.984,3.995,4.101,4.15,4.163,4.247,4.26,4.275,4.284,4.327,4.58,4.617,4.628,4.652,4.726,4.793,4.893,4.979,4.996,5.034,5.045,5.057,5.072,5.251,5.275,5.289,5.303,5.318,5.401,5.411,5.497,5.576,5.601,5.647,5.688,5.691,5.766,5.768,5.777,5.826,5.849,5.893,5.967,5.967,5.981,1.1e-07,0.00596171,8.245e-05,4.447e-05,0.00027181,0.00511683,0.00366488,0.02251668,0.00019509,0.00013419,0.00051725,0.00010562,0.00717141,0.0004808,0.07820445,5.1e-07,0.00587152,0.00620094,0.04325943,0.00355004,0.00124783,0.00030871,0.00018706,0.00102537,0.00028252,0.00126441,0.00047937,1.257e-05,0.001405,4.48e-05,5.25e-06,7.882e-05,5.406e-05,9.876e-05,0.0154716,0.19625585,2.849e-05,0.01447512,0.00203294,7.014e-05,7.541e-05,2.224e-05,0.00835201,6.153e-05,0.00490849,0.18728708,6.868e-05,8.418e-05,0.00022438,0.00031887,-4670255.999998371,-3.097342027688045,-0.778932721755263,0.773599809960042,0.0789221158467026,2
7270762,7270762,CCOC(C)Cn1ncc(NC(=O)Cc2c(C)nc3ccccc3c2C)c1CNC,2.461,2.848,3.177,3.399,3.452,3.476,3.507,3.809,4.047,4.148,4.167,4.175,4.389,4.466,4.5,4.504,4.552,4.714,4.827,4.895,5.008,5.05,5.129,5.159,5.221,5.262,5.267,5.321,5.345,5.429,5.444,5.45,5.476,5.518,5.521,5.535,5.548,5.552,5.573,5.603,5.685,5.696,5.701,5.71,5.736,5.752,5.823,5.877,5.883,5.885,0.00071872,0.02590453,7.057e-05,1.967e-05,0.00291854,1.833e-05,0.00122059,0.0200894,0.06377467,0.04800857,0.00129235,0.00966641,3.613e-05,9.638e-05,0.00743806,5.359e-05,3.97e-06,6.303e-05,0.00909467,0.00173713,0.03685202,0.21716257,0.00045408,0.00038031,0.00020943,0.00446878,0.00016118,0.00523942,0.08422753,0.54333062,0.00043706,0.08125635,0.00809293,0.00083589,0.00050084,0.14378728,0.08014984,0.02660741,0.00458781,0.03409024,0.02776485,0.02820917,0.02063972,0.03022083,0.02689397,0.00015032,0.01990077,0.00070051,0.00151713,0.00057835,2025244.999999295,-3.3122657590502573,0.7180741376555604,-0.4744360911124623,0.3354761390985888,3
6101791,6101791,CCCCN1CCCC1C=C(O)c1csc(Cc2ccccc2F)c1,2.629,2.902,3.232,3.406,3.665,3.924,4.137,4.341,4.536,4.725,4.819,4.883,4.905,5.02,5.036,5.075,5.122,5.151,5.179,5.226,5.281,5.304,5.315,5.332,5.352,5.387,5.498,5.523,5.529,5.58,5.643,5.655,5.679,5.681,5.742,5.79,5.802,5.901,5.912,5.933,5.948,5.964,5.976,5.985,6.011,6.025,6.055,6.077,6.132,6.168,0.00021982,0.00013954,3.959e-05,0.01359459,0.02997893,0.0072625,0.0092129,0.03181791,0.02148348,0.02437713,0.01518938,0.04618579,0.01305825,0.0186659,0.00700493,0.00112694,0.01750476,0.02510778,0.00123438,0.01920907,0.00294112,0.01386246,0.0071167,0.22617584,0.03084969,0.02146075,0.00593555,0.00895091,3.634e-05,0.00207865,8.915e-05,8.121e-05,0.0002197,0.00109318,0.00121525,0.0031018,3.315e-05,0.01121,0.04155562,0.01258248,0.02002563,0.00021376,0.00887195,8.315e-05,0.00402212,0.00077824,0.00117369,0.09226781,6.006e-05,0.00014951,856273.9999997003,-1.1822011012620426,0.2206273901045151,-1.2072754090066822,-0.2923546190434123,4
2873060,2873060,CCc1ccsc1C(=NN)NCC1CN(C(=O)c2n[nH]c(C)c2C)C1,2.661,3.086,3.424,3.68,3.785,3.962,3.97,4.269,4.36,4.582,4.59,4.7,4.744,4.834,4.993,5.01,5.017,5.02,5.197,5.345,5.394,5.479,5.488,5.504,5.549,5.569,5.582,5.601,5.712,5.743,5.863,5.867,5.882,5.894,5.978,6.019,6.042,6.059,6.065,6.07,6.09,6.256,6.29,6.394,6.433,6.443,6.482,6.484,6.503,6.553,0.00035116,0.00015585,0.12152797,1.83e-06,0.00013018,2.986e-05,9.9e-07,0.14247805,0.02192405,0.00025817,0.04633571,0.06477173,0.00135842,0.00073118,0.0134182,0.00254264,0.00029107,0.00036451,0.09332625,0.01566003,3.483e-05,0.00587592,0.05750126,0.00256134,3.356e-05,0.00053124,0.00100271,9.96e-06,0.00070454,0.00049065,0.00322172,0.00039336,0.01105354,0.08103861,1.17e-06,0.00151971,0.00038975,0.00104785,0.00975951,0.01944256,0.00985372,0.00038451,0.01654697,0.00180351,0.0023012,7.97e-05,0.00872491,0.00050525,0.00057805,0.00283884,-2372456.9999991707,-0.1779041846254189,0.7868601232576213,-0.3585553583024892,-0.1335211934362251,0
4687654,4687654,CCNS(=O)(=O)c1cccc(CNC(=NC)NCCc2ccc(OC(=O)C3CC3)cc2)c1,2.98,3.406,3.43,3.638,3.689,3.756,3.852,3.953,3.991,3.994,4.062,4.11,4.188,4.321,4.374,4.418,4.419,4.51,4.571,4.643,4.644,4.655,4.711,4.751,4.81,4.938,4.977,4.995,5.033,5.042,5.055,5.078,5.08,5.201,5.256,5.318,5.361,5.373,5.39,5.399,5.412,5.425,5.46,5.487,5.494,5.501,5.511,5.527,5.536,5.607,0.0001579,0.00038927,0.00039034,4.245e-05,0.03301161,0.00078897,0.00112789,0.00228383,0.00026501,0.00026341,5.46e-05,0.05862598,7.14e-06,2.39e-06,0.00010268,0.00048001,0.00146463,7.438e-05,1.117e-05,0.00198629,0.00207614,6.32e-05,1.252e-05,0.01349717,0.00050854,0.00549595,0.0081906,7.46e-05,6.163e-05,0.00186353,0.02036068,0.00176084,0.01128248,0.00069783,2.2e-07,0.00062727,0.00100828,5.6e-07,7.16e-06,0.01249956,0.0047273,9.957e-05,0.05152842,0.05272581,0.00016948,0.00023227,0.00378931,0.0011114,0.00032223,0.03017343,-557862.9999998047,-4.681845216786401,-0.5682597363390431,0.1093253205389802,0.0542847897311064,4
7515254,7515254,CCN(C)CCN(C(=O)Nc1cnn(-c2cccc(Nc3cc(C)ccc3C)c2)c1C)C(C)C,3.265,3.331,3.42,3.461,3.485,3.522,3.626,3.67,3.722,3.791,3.813,3.982,4.035,4.11,4.124,4.186,4.267,4.33,4.414,4.447,4.457,4.687,4.753,4.758,4.946,5.032,5.105,5.129,5.149,5.211,5.254,5.284,5.364,5.387,5.4,5.445,5.479,5.522,5.564,5.593,5.623,5.678,5.741,5.745,5.77,5.793,5.855,5.914,5.918,5.924,0.01995584,0.00157875,0.0841134,0.00176665,0.000287,0.11689289,0.00040341,0.00102468,0.02258741,0.00076161,0.00013952,0.00023447,0.02868391,0.21108382,0.00083515,0.17279771,0.00652724,0.06374932,0.11134275,0.00453023,0.07982917,0.00402298,0.00327318,0.00088883,0.00230252,0.01029884,0.00827603,0.04689168,0.02632696,0.04839323,0.00116518,0.00031872,0.00418962,0.00440632,0.10344492,0.01469473,0.05372608,0.03288981,0.01151616,0.02470742,0.0037769,0.15491377,0.00537017,0.0800636,0.00362783,0.00902685,0.0554363,0.00674792,0.01042731,0.01491943,2269736.9999992084,-4.234067413512149,0.3524849972284041,1.061145030963338,0.3270689750485137,3
9254651,9254651,CC1(C2CCN(C(=O)C=C(O)c3ccc4c(c3)CCO4)CC2)OCCO1,3.104,3.272,3.452,3.623,3.988,4.061,4.218,4.396,4.462,4.553,4.62,4.783,4.895,5.257,5.542,5.613,5.705,5.762,5.779,5.799,5.822,5.835,5.864,5.953,5.984,6.031,6.105,6.108,6.115,6.18,6.198,6.202,6.264,6.274,6.33,6.419,6.478,6.481,6.513,6.584,6.585,6.636,6.731,6.737,6.794,6.81,6.871,6.892,6.912,6.952,0.00023372,0.00087596,1.65e-05,0.00234216,0.01229093,0.00025177,0.00051092,0.19534793,3.818e-05,0.05102953,0.00014906,0.08805343,0.00766314,0.00700087,0.00247262,0.00026198,2.077e-05,0.0845741,0.02816874,0.00014608,0.01221515,0.05494007,0.00348534,0.00138372,0.00250667,0.00349993,0.00447497,4.98e-06,0.00160243,0.00068682,0.01397338,0.01077678,0.05361919,0.00011834,0.20597634,0.03453857,0.08830951,0.00350211,0.07426158,0.00917374,0.02495405,0.04566237,0.0404548,0.02493124,0.00389304,0.00113495,0.1139724,0.00400901,0.07675541,0.00456517,4009133.9999986,2.438980428348634,1.0854128349145624,-0.5642128331840962,0.4827923329287172,1
754820,754820,O=C(NCCOCCO)NNC(=S)Nc1ccc2c(c1)OCCNC2,3.181,3.711,3.837,3.961,3.989,4.268,4.313,4.393,4.475,4.591,4.618,4.64,4.691,4.978,5.032,5.051,5.102,5.186,5.243,5.25,5.324,5.372,5.417,5.46,5.499,5.58,5.625,5.739,5.783,5.83,5.841,5.858,5.919,6.03,6.038,6.051,6.191,6.205,6.217,6.257,6.276,6.33,6.349,6.368,6.505,6.519,6.558,6.582,6.676,6.724,7.442e-05,0.0783025,0.00152882,0.06335702,0.01688868,0.01831411,0.05815212,0.00214549,0.02256726,0.00860688,0.00248097,0.00392686,0.29814883,0.04192821,0.00140603,0.00258832,0.00526603,0.04794239,0.02587422,0.0134714,0.11015605,0.04540514,0.00283234,0.13305721,0.01344588,0.01925533,0.00611887,0.00340881,0.01670294,0.00205273,0.02638848,0.00387342,0.00314689,0.00590746,0.0038803,0.00356708,0.00081859,0.03504643,0.13573702,0.03390713,0.01088489,0.03315487,1.01e-06,0.03421563,0.00858823,0.00537065,0.00827572,0.01502054,0.12480135,0.00089333,-4490696.9999984335,0.4593796619237517,0.0964205341570503,0.2924299734437456,-0.1286561881644679,2
3040353,3040353,CCSCc1ccc(OCC(=O)Nc2cc(C)c(C(C)=O)c(C)n2)cc1,3.595,3.795,3.855,3.888,3.929,4.055,4.138,4.15,4.182,4.199,4.279,4.367,4.42,4.455,4.47,4.506,4.53,4.619,4.647,4.701,4.717,4.732,4.763,4.973,5.02,5.03,5.059,5.162,5.223,5.32,5.381,5.383,5.413,5.425,5.453,5.561,5.625,5.644,5.675,5.701,5.718,5.752,5.79,5.84,5.882,5.884,5.962,5.99,5.994,6.022,0.00019854,0.00032804,2.89e-05,0.00016233,0.00162533,8.65e-06,0.00250095,8.75e-06,0.00140331,0.00084245,0.0377527,0.00641438,0.01178333,0.01628518,0.1527098,0.03023634,0.02549291,0.00466796,0.01773391,0.00059676,0.0001702,0.0112351,0.02314028,0.00024068,0.00207944,0.00369706,0.00037429,0.18461934,0.08813101,3.68e-06,0.00072232,0.0420633,0.00940812,0.00089833,0.04291476,0.01147635,0.00026962,7.66e-05,0.0004014,0.00043846,7.192e-05,2.364e-05,0.0254894,0.00029956,0.00237318,0.00228482,9.584e-05,0.00326789,0.01208771,0.06810933,-2205163.9999992303,-2.9197819206033637,-0.8326775979829013,0.8399180542279217,-0.1049837180613102,0
6625919,6625919,CCN(c1ccn(CCF)n1)N1CCC(O)(Cc2cccc(F)c2)CC1,3.153,3.538,3.679,4.064,4.624,4.689,4.739,4.778,5.008,5.044,5.124,5.304,5.421,5.495,5.689,5.721,5.742,5.84,5.865,5.988,6.018,6.188,6.281,6.341,6.395,6.415,6.448,6.475,6.519,6.546,6.585,6.598,6.685,6.717,6.75,6.808,6.814,6.831,6.835,6.916,6.947,6.977,7.034,7.058,7.081,7.09,7.096,7.106,7.196,7.202,1.92e-06,1.074e-05,0.0032158,0.00222137,0.00293979,0.05544552,0.00019249,0.00383052,0.00055175,0.03309074,1.89e-06,6.495e-05,0.03317214,0.00258808,0.00058407,0.00111153,0.01329393,8.115e-05,0.00575316,0.02067168,0.05825966,1.73e-06,0.02404526,0.0365017,0.15012577,0.00098624,0.00762895,0.06345391,0.17305593,0.0260804,0.06483167,0.07308971,0.01377381,0.35740319,0.09033795,0.01943105,0.00452447,0.00166732,0.0078443,0.02458206,0.08280886,0.00063662,0.09801368,0.00829307,3.706e-05,0.00193107,0.01470063,0.00520609,0.00038664,0.00014843,1380401.9999995166,4.7878214123160285,0.6318965432076153,-0.605854657757573,0.0651616788957235,3
1434554,1434554,C=C(CSCc1ccc(COC)cc1)Nc1cccc(C)c1C,3.514,3.616,3.7,3.969,4.294,4.345,4.387,4.408,4.442,4.446,4.46,4.499,4.885,4.925,4.968,4.991,5.004,5.067,5.081,5.123,5.276,5.322,5.372,5.417,5.492,5.583,5.631,5.652,5.73,5.748,5.786,5.869,5.871,5.898,5.961,6.024,6.054,6.082,6.108,6.159,6.177,6.186,6.229,6.258,6.268,6.284,6.315,6.326,6.334,6.345,0.00132837,0.0002168,0.00580441,0.12707139,0.00302161,0.00049302,0.00092656,0.00509421,0.00033026,0.00709623,0.00014519,0.00010887,0.00019767,0.00036155,0.0002491,6.003e-05,0.00111344,0.0027662,0.00032511,0.00059173,0.03249767,0.15296894,0.0049785,0.0006474,0.11450688,0.04837322,0.0014926,0.00247015,0.00215556,0.0025082,0.00324049,0.03668727,0.02587914,0.08740792,0.00285906,0.02448896,0.02321038,0.02180975,0.00335649,0.0158705,0.01954339,0.00305263,0.00223815,0.02450892,0.03701465,0.00783181,0.016671,0.02772322,0.0041967,0.00169238,-3810962.999998672,-0.1431663067795408,-0.3477593375195248,0.2430067922342436,0.0686721574434369,2
720615,720615,CC#CCCCC(=O)NCC1(N(CCC)C(=O)C(N)=O)CC1,3.551,3.923,4.462,4.927,5.032,5.103,5.141,5.176,5.408,5.74,5.839,5.955,5.973,5.983,6.134,6.272,6.329,6.347,6.383,6.406,6.494,6.572,6.601,6.61,6.624,6.641,6.661,6.719,6.759,6.762,6.831,6.877,7.048,7.14,7.184,7.197,7.25,7.27,7.277,7.335,7.353,7.398,7.495,7.52,7.545,7.589,7.6,7.609,7.682,7.682,6.342e-05,0.00015161,0.02987803,0.00029902,0.00089353,0.02677948,0.01527495,0.00227615,0.00045031,0.00413282,0.02506189,1.476e-05,0.00038032,0.03925798,0.00338221,0.00224706,0.00076591,0.00016587,0.00614909,0.00035325,0.00015934,0.00099828,0.0012219,0.00210651,2.279e-05,5.291e-05,0.00596972,0.00130403,0.00013166,0.0156121,0.00742361,0.02357446,0.08058158,0.03706595,0.00342801,0.00147776,0.00259728,0.0021431,0.06646242,0.0005982,0.00122287,2.663e-05,0.0054867,0.00395741,0.00256464,0.00737161,0.00075834,0.0063497,0.03941328,0.02503547,-4524901.999998421,7.813340581473516,-0.1529187133476869,-0.6302849799554568,-0.3333379271112428,2
8639867,8639867,Cc1nnc(CCCC(=O)NC2CCCCCC(c3ccc(C(C)(C)C)cc3)CC2)o1,4.47,4.487,4.863,4.88,5.057,5.073,5.122,5.134,5.232,5.248,5.431,5.467,5.601,5.718,5.814,5.832,5.858,5.891,5.907,5.929,5.935,5.979,5.99,5.999,6.0,6.152,6.177,6.193,6.225,6.278,6.301,6.332,6.378,6.402,6.408,6.423,6.44,6.458,6.476,6.477,6.507,6.527,6.567,6.574,6.578,6.594,6.64,6.661,6.682,6.707,1.898e-05,1.099e-05,2.456e-05,2.671e-05,3.671e-05,0.00052857,0.00431646,0.00066822,1.639e-05,0.00014106,0.10304496,0.00058352,0.00015508,0.00040793,1.307e-05,3.225e-05,0.0012741,0.00079475,0.00135989,0.00391847,4.26e-06,0.00026065,0.00025776,0.0014225,0.00013337,0.0171686,0.04083649,0.16288685,0.00129455,0.01881799,0.04786204,0.00013675,0.07684794,0.23863361,0.10134741,0.00475824,0.00986808,0.00010709,0.00559646,0.04578029,0.00990963,0.00117816,9.64e-06,0.0001169,0.00136201,8.077e-05,0.00015389,0.04215302,0.09995494,0.0041331,3394349.999998814,3.8876492645580982,-2.3045336641223804,-0.3992504291137691,0.2778900269885209,1
464045,464045,Cc1cc(CNC2CCC(N(C)C(=O)Cn3ccnc3)C2)cs1,3.802,3.905,3.988,4.273,4.373,4.823,4.92,5.023,5.093,5.195,5.231,5.45,5.586,5.61,5.714,5.729,5.908,5.94,5.969,5.989,6.012,6.019,6.032,6.07,6.096,6.122,6.194,6.335,6.366,6.378,6.389,6.41,6.465,6.479,6.479,6.512,6.533,6.577,6.608,6.638,6.688,6.729,6.76,6.807,6.826,6.866,6.908,6.929,6.93,6.955,7.984e-05,0.00258574,0.00147996,0.00080678,1.4e-07,0.00040545,0.08596559,0.00212605,0.00487071,0.00022993,0.08796459,0.00070645,0.00040614,0.00594008,0.00100244,0.02820649,0.00069729,0.00209703,0.00480105,0.0004464,0.02223109,0.00821938,0.00058441,0.0008016,0.00663135,0.00154205,0.00571218,0.00016468,0.0544598,0.00173962,0.0005528,0.00216393,0.00228948,0.00121497,5.1e-07,0.00019571,0.00015927,0.22914918,0.00061255,0.00133317,0.00253336,0.00210673,0.00057316,0.03621271,0.03380902,0.01678224,1e-08,0.00285799,5.528e-05,0.00303789,-4781471.999998334,4.061872204546494,-0.6166028108657755,-0.7240026624602892,0.0856573491687168,2
2618574,2618574,CCCn1c(CO)nnc1CNC(=O)Nc1ccc(CNS(N)(=O)=O)cc1,4.308,4.497,4.592,4.856,4.888,4.961,5.047,5.072,5.077,5.079,5.119,5.203,5.291,5.416,5.462,5.531,5.616,5.633,5.637,5.65,5.679,5.745,5.802,5.803,5.819,5.876,5.913,5.939,5.951,5.992,6.045,6.062,6.109,6.155,6.187,6.203,6.253,6.267,6.295,6.307,6.32,6.347,6.381,6.394,6.418,6.47,6.473,6.509,6.513,6.544,0.00087418,0.00534224,0.02893616,3.888e-05,1.338e-05,0.44531329,0.00035174,0.00868457,0.01115013,0.00079524,0.00074979,0.00278099,0.02792527,0.02986386,0.00015696,0.00133927,0.0010399,4.93e-06,0.00038116,0.00102235,0.0010223,0.00012252,0.00168187,0.00314766,2.055e-05,0.0001207,0.00452794,0.00191982,0.01704778,0.02957469,0.00929732,2.031e-05,0.0573037,0.00285503,0.00718553,0.49291612,0.00021334,0.01844515,0.08257555,0.01096041,0.00540838,6.865e-05,0.01824507,0.00514702,0.00024044,0.02941297,0.02089683,0.00203378,0.0003043,0.00159285,-2626942.9999990845,2.4177556281579,-2.235402955575973,-0.0817715228732809,0.091908903537676,0
4795986,4795986,Cc1cnn(C(=O)N(CCO)CCN(CCN2CCCCC2)C(=O)c2ccc(F)cn2)c1,2.86,3.097,3.115,3.149,3.339,3.363,3.393,3.575,3.62,3.657,3.741,3.813,3.919,3.938,3.996,4.005,4.121,4.152,4.186,4.289,4.349,4.379,4.542,4.598,4.768,4.821,4.846,4.852,4.87,4.899,5.021,5.085,5.108,5.119,5.122,5.125,5.152,5.155,5.371,5.396,5.46,5.513,5.602,5.681,5.683,5.687,5.72,5.735,5.76,5.832,0.00176085,0.00192384,0.0047045,0.00080655,5.194e-05,0.00540761,6.8e-06,0.00071522,0.00533093,0.00028133,7.044e-05,0.00083094,0.01070559,0.00034524,0.00056608,0.02677613,0.00173445,0.01056336,0.01155676,8.74e-05,0.00498223,0.00012622,1.981e-05,0.00012373,0.00017878,0.06490717,0.04951434,0.01118068,0.00120889,9.451e-05,0.00030542,0.00400427,0.18112401,0.0100282,0.06181207,0.04164039,0.00238301,0.01352626,0.00220162,0.01356451,0.00209472,0.1148207,0.07828345,3.698e-05,0.00042305,0.00016629,0.00134129,0.00388238,0.00906068,0.00038615,-449530.9999998391,-5.609499871133998,0.6245100125903664,0.9050302582932156,-0.0046687061857621,4
9505695,9505695,C#CCCCCC(=O)N1CC(OC(OO)c2n[nH]c3c2CCCCC3)C1,4.368,4.759,5.18,5.359,5.504,5.512,5.902,5.913,6.023,6.047,6.072,6.141,6.159,6.172,6.323,6.343,6.447,6.464,6.542,6.549,6.563,6.651,6.71,6.744,6.753,6.808,6.835,6.942,6.942,6.955,6.983,7.038,7.047,7.051,7.077,7.102,7.11,7.143,7.149,7.156,7.165,7.191,7.216,7.256,7.27,7.35,7.423,7.447,7.498,7.506,0.00013977,3.498e-05,0.00639231,0.00015557,0.00107492,0.0001761,0.00010968,0.09357863,0.00982181,0.00045335,1.925e-05,6.72e-06,8.993e-05,2.494e-05,0.0016751,2.561e-05,0.00853459,0.03069426,0.01751005,0.00015076,0.00018773,0.00776135,7.823e-05,0.00783965,0.03877719,0.23897718,0.00041918,0.00015786,0.00159169,2e-08,0.00056286,0.0027484,0.00180336,0.02776969,0.06765173,0.00178099,0.00025556,4.8e-07,0.00824707,0.0,0.00059579,0.00016673,9.469e-05,4.7e-07,1.029e-05,0.12843858,0.05018975,0.18649966,0.00038823,0.01579675,4260177.999998513,8.4452231064821,-2.1782181563193785,-0.7525050633698096,-0.1584645118895137,1
1051552,1051552,Cc1cc(CNC(=NC2CCCC2)NC2CCN(C(=O)C(C)C)CC2)[nH]c(=O)c1,2.99,3.044,3.14,3.401,3.462,3.879,4.307,4.404,4.458,4.553,4.813,4.875,4.901,5.171,5.178,5.225,5.318,5.322,5.343,5.366,5.386,5.53,5.54,5.586,5.588,5.696,5.705,5.719,5.793,5.836,5.902,6.036,6.065,6.083,6.095,6.137,6.149,6.189,6.226,6.312,6.322,6.433,6.478,6.586,6.599,6.669,6.724,6.736,6.756,6.769,2.043e-05,2.086e-05,6.092e-05,0.00252652,6.029e-05,0.06757721,0.00029224,3.299e-05,1.287e-05,3.258e-05,0.00068878,1.079e-05,0.00023676,0.000294,0.00400413,0.00041575,1.322e-05,0.00021408,0.00404658,0.02484943,0.00012916,0.0001492,1.739e-05,7.025e-05,0.00048104,0.00176213,0.00061432,0.00016518,0.00402745,0.00037239,2.339e-05,0.00273618,0.00032456,0.00608228,0.10587287,3.498e-05,0.02198415,0.00256415,0.00042714,0.01448561,0.00121642,0.46186616,0.00432858,2.145e-05,0.01765807,0.47015909,0.00091821,0.0004401,0.06890589,0.1254876,-4193964.999998538,0.7630744127076008,1.0905148085355638,-0.476218964543849,-0.1881883926507803,2
7452429,7452429,CC1(Cn2c(-c3ccccc3)cc3ccccc32)CCOCC1,3.64,3.728,3.736,3.983,3.995,4.115,4.359,4.379,4.671,4.963,5.115,5.14,5.21,5.216,5.221,5.369,5.41,5.555,5.583,5.643,5.684,5.716,5.739,5.829,5.867,5.943,5.986,6.007,6.057,6.059,6.077,6.114,6.165,6.234,6.257,6.272,6.328,6.357,6.384,6.42,6.455,6.464,6.48,6.523,6.541,6.566,6.598,6.62,6.635,6.653,0.04650344,0.00529343,0.00154615,0.03801365,0.08888369,0.00241888,0.04394197,0.00457832,0.03496768,0.00761506,0.0027352,0.03736271,0.06423391,0.0005743,0.00566948,0.00139211,0.00178029,0.09964645,0.01442716,0.04276645,0.00047353,0.07108739,0.01702799,0.0136627,0.24216235,0.08147841,0.00875544,0.01743431,0.01080559,0.00310589,0.00474311,0.20919111,0.00201749,0.01089391,0.01361793,0.00314343,0.00490608,0.05243366,0.01167798,0.1189303,0.05363712,0.02827551,0.02868797,0.00238428,0.01582261,0.04632067,0.0251272,0.05686197,0.00183601,0.01310336,2206911.9999992307,1.915705957800336,-0.0948772886497122,-0.42499417316599,0.4113185732947448,3
2188001,2188001,CCCN(CCNC(=O)Cc1csc(CC)n1)C(=O)c1cnn(Cc2cccc3ccccc23)c1,2.342,2.357,2.685,3.097,3.182,3.309,3.325,3.374,3.565,3.613,3.648,3.652,3.698,3.908,3.961,4.022,4.065,4.128,4.135,4.149,4.199,4.244,4.353,4.362,4.408,4.422,4.559,4.58,4.614,4.64,4.726,4.823,4.831,4.836,4.838,4.849,4.87,4.892,4.895,4.91,4.932,4.947,4.97,4.99,5.016,5.064,5.085,5.15,5.163,5.203,0.00011733,6.1e-07,4.95e-05,4.961e-05,0.00013131,1.876e-05,2e-08,0.01327615,2.399e-05,1.186e-05,5.677e-05,2e-07,0.02178863,0.00014781,0.07221649,7.29e-06,4.7e-07,0.00227327,4.396e-05,3.959e-05,0.00873514,0.00066336,0.00374451,0.00281797,0.0007268,1.74e-06,0.00014603,1.392e-05,0.00055277,0.00476863,2.927e-05,0.000669,1.95e-05,6.44e-05,0.00054171,0.00362129,0.00026876,0.00201367,7.949e-05,2.832e-05,0.08923869,3.85e-06,0.00188896,8.7e-07,0.00084698,3.7e-06,6.12e-06,0.00011326,8.321e-05,0.00054299,-3057515.999998931,-7.802512561032813,0.3595118259616994,-0.2459092790302993,-0.0491508166021199,0
10379693,10379693,COCCN(C)c1nc(CNCCNC(=N)c2ccc3c(c2)CCO3)n[nH]1,3.401,3.625,3.629,3.896,3.91,4.162,4.297,4.413,4.501,4.545,4.765,4.815,4.837,4.898,5.037,5.12,5.348,5.567,5.62,5.689,5.757,5.779,5.789,5.909,5.924,5.963,5.996,6.04,6.077,6.109,6.141,6.191,6.236,6.291,6.301,6.322,6.326,6.36,6.415,6.456,6.55,6.554,6.583,6.613,6.622,6.687,6.709,6.753,6.773,6.785,1.435e-05,0.00015025,0.00049316,0.00062519,0.00246809,0.00888032,0.01352598,0.02516972,0.03534464,0.00155207,0.00274426,5.043e-05,0.14315758,9.97e-06,4.044e-05,1.738e-05,0.00290321,1.26e-06,0.00143557,0.00059613,1.822e-05,0.04036466,0.0001281,0.09896694,0.01299706,0.01461534,0.00811562,0.00019566,0.12740135,0.08668302,0.05781943,0.07516973,0.00260982,0.00011236,0.02410823,0.04617469,0.00024375,4.216e-05,0.04699024,0.00623651,0.00061662,0.07569873,0.0007805,0.00320702,0.07465292,0.04731973,0.01163672,0.00084432,0.03909325,0.03774285,5134175.999998211,1.8714641673237016,0.5521954199946674,-0.0425916981037432,0.5644078224695093,1
6733845,6733845,CCN(C)C(=O)CNCCNC(=O)c1nc(-c2cnn(C)c2)ccc1F,2.79,2.94,3.208,3.216,3.366,3.519,3.635,3.69,3.85,3.906,3.989,4.119,4.169,4.411,4.457,4.563,4.713,4.735,4.736,4.983,5.085,5.162,5.232,5.25,5.278,5.35,5.385,5.426,5.473,5.499,5.601,5.653,5.66,5.699,5.76,5.847,5.923,5.924,5.929,5.95,5.969,5.993,6.073,6.096,6.105,6.138,6.167,6.171,6.227,6.327,0.00039056,0.00058703,4.607e-05,2.1e-07,8.736e-05,0.00569478,0.0001082,0.02024156,0.0074056,0.00220897,0.00026349,0.00121765,0.00053837,0.00913421,0.42960463,1.417e-05,4.798e-05,7.596e-05,0.01329788,5.95e-06,0.07637128,0.00022992,0.00025223,0.00217289,0.00024693,0.02383304,0.00011906,0.00013367,0.00120793,0.00079064,0.28033455,1.22e-06,0.00843318,0.00596793,0.00089946,0.00734502,0.0043582,0.00138324,0.00396197,0.01697812,0.08217966,0.05880374,0.00605577,0.00428706,0.0038162,0.00928664,0.01359206,0.01302144,0.02330511,0.03242249,1488327.99999948,-2.254411777979684,1.397873223745778,0.3310965488430936,0.4954170744748774,3
6920937,6920937,COCCC(C)(C)SC1CCC(C#N)(NC(=O)C=C(C)c2cccs2)CC1,3.171,3.189,3.463,3.775,3.795,3.96,4.073,4.216,4.565,4.615,4.654,4.712,4.816,4.888,5.175,5.2,5.318,5.323,5.376,5.411,5.42,5.489,5.51,5.683,5.696,5.703,5.713,5.73,5.788,5.907,5.94,5.973,5.982,5.984,5.991,6.019,6.028,6.04,6.055,6.11,6.121,6.126,6.144,6.266,6.292,6.306,6.31,6.318,6.326,6.328,0.0012701,0.00227681,1.007e-05,0.00083457,0.00059323,0.00650385,2.68e-06,0.04893521,0.00045114,0.01834724,0.01017619,0.00019864,0.05879281,0.00590037,0.00415855,0.0438648,0.00228124,0.00020113,0.00068729,0.03567901,0.01414013,0.0034,0.00520643,0.00149419,0.00227173,0.00072623,0.05693183,0.00943204,0.18886386,0.00014796,0.03164511,0.00731368,3.01e-06,0.00131913,0.00562034,0.00454092,0.00018295,0.0016194,0.02382677,0.00010274,0.00022407,0.00567169,0.00073048,0.00026515,0.00141237,0.00017149,0.00368856,5.535e-05,1.873e-05,0.0030252,1675419.9999994156,0.0968427553255654,0.2667736793748783,-0.6648958739677551,0.4121623276860067,3
4665829,4665829,CNC(=O)NCC(C)(C)Cn1c(-c2cccc(C)n2)nnc1N1CCC(NNC(=O)COC)CC1,3.33,3.404,3.509,3.775,3.791,3.935,3.957,4.018,4.133,4.151,4.223,4.313,4.33,4.395,4.458,4.466,4.519,4.583,4.671,4.759,4.807,4.933,4.967,5.11,5.157,5.225,5.246,5.252,5.42,5.454,5.523,5.575,5.595,5.621,5.633,5.697,5.707,5.773,5.887,5.929,5.954,6.044,6.056,6.058,6.066,6.069,6.08,6.101,6.132,6.133,0.00040383,0.03207071,0.00038066,0.0002228,0.00060203,0.00718643,4.291e-05,0.00044054,0.02446792,0.1548481,0.00280577,0.00072293,0.00968303,0.01934578,0.13976158,0.00347846,1.995e-05,0.00015759,0.00013341,0.00043443,0.00267567,0.02898427,0.0003209,0.01284531,0.00788311,0.00015434,0.00806861,0.00104416,2.5e-07,0.00017302,0.00901067,0.02545902,0.00928661,6.106e-05,0.00112058,0.00041268,1.73e-05,0.00048335,0.00015839,7e-08,0.02004985,0.00024974,0.00102004,0.01076539,0.00024523,0.00012308,2.541e-05,2.45e-06,0.03570334,0.00112665,-579687.9999997973,-2.349026551934628,0.1192080783379537,0.8146786857735833,-0.0134238346883456,4
897286,897286,CN(C)CCCC(CO)C(=O)Nc1ccnn1Cc1ccccc1,3.786,3.826,3.937,3.976,4.348,4.365,4.387,4.562,4.601,4.885,5.057,5.101,5.141,5.162,5.203,5.297,5.311,5.596,5.636,5.679,5.685,5.832,5.901,5.941,5.98,6.127,6.133,6.173,6.213,6.252,6.3,6.329,6.368,6.369,6.409,6.513,6.621,6.64,6.662,6.69,6.705,6.77,6.787,6.81,6.85,6.87,6.907,6.909,6.909,6.913,2.16e-05,1.95e-06,0.00066674,5.14e-05,0.00099047,0.0037987,8.35e-05,0.0014282,0.00160675,0.0546255,0.17219157,2.387e-05,4.91e-06,0.00419239,0.00064795,0.03258646,0.00437029,0.00047204,0.01337889,0.00073913,0.00123606,3.26e-05,0.00063935,0.00107633,0.00234039,0.0196595,0.00040898,0.00026917,0.00078621,0.00149246,0.0913794,0.00088484,0.0004879,0.000796,0.00046899,0.00063193,0.06508213,0.36800761,0.02377448,0.28819496,0.01459748,0.08628431,0.03371516,0.00091363,0.00022063,0.0028411,0.00308716,0.00127455,0.00192051,0.00875886,-4348230.999998483,3.0106759276137383,0.1901937543824103,0.228010429581892,0.3601432785119876,2
4505830,4505830,COC1CN(Cn2nc(Cc3cccs3)n(-c3ccc4ccccc4c3)c2=S)C1,1.937,2.028,2.638,2.724,2.748,2.889,3.045,3.345,3.555,3.76,3.785,3.869,3.936,3.95,3.994,4.057,4.064,4.132,4.152,4.171,4.198,4.203,4.378,4.451,4.509,4.672,4.777,4.819,4.841,4.887,4.898,4.907,4.913,4.99,5.015,5.072,5.115,5.16,5.179,5.191,5.21,5.227,5.244,5.261,5.297,5.318,5.32,5.327,5.339,5.363,0.00378187,0.00741523,0.0003767,0.00260814,0.00011847,0.0263103,1.438e-05,0.00023755,3.464e-05,5.25e-05,0.00019357,3.131e-05,0.03438922,0.00046283,0.02346545,0.00022265,0.00285367,0.01053343,0.0072554,0.00206136,0.00068043,0.00067995,0.00106696,0.00287716,0.0002038,0.00172698,0.13170321,0.00035127,0.06262752,0.01570204,0.01375479,0.00221985,0.07173141,0.02744447,0.00475107,0.00114997,0.00278161,0.23683806,0.00417751,0.13844861,0.00469509,0.02355528,0.0004359,0.18502832,0.03227494,0.00206248,0.00629013,0.00780972,0.00312795,0.00500235,-739686.9999997398,-7.03722192783928,1.440957562627741,-0.378349978619061,-0.1183985284992062,4
656369,656369,C#Cc1ccnc(C(=O)NCc2ccccc2NCCOC)c1,2.517,2.761,3.063,3.307,3.455,3.547,3.913,4.037,4.053,4.086,4.121,4.217,4.477,4.597,4.598,4.638,4.744,4.749,4.868,4.945,4.957,4.97,4.976,4.984,5.09,5.179,5.252,5.289,5.334,5.406,5.414,5.49,5.503,5.526,5.53,5.581,5.615,5.638,5.711,5.74,5.761,5.814,5.887,5.902,5.931,6.038,6.04,6.081,6.159,6.169,0.00036661,7.414e-05,0.0003761,8.971e-05,0.00429578,0.00104664,0.00408322,0.01048095,9.682e-05,0.02991863,0.02675616,0.01739326,0.00156805,0.02060635,0.00069804,0.04761805,0.00011292,0.00385236,5.316e-05,0.04544378,9.57e-05,0.1287285,0.07240689,8.258e-05,0.00116808,0.00528169,0.01085216,0.00031269,0.00092639,0.00110372,5.484e-05,0.01346762,4.532e-05,0.31543959,0.00085959,0.30534878,0.00874859,0.02329953,0.00374562,0.02844224,0.00191715,1.053e-05,0.0239333,0.00010202,0.03318157,0.01047659,0.01174168,0.00206506,0.00033698,0.01628024,-4589147.999998398,-2.8570736912213044,0.8902659412795497,-0.2867008388221899,-0.166011790949322,2
207969,207969,CCOc1cc(-c2nnc(N3CCC(C)CC3)n2CCC2CCC(OC)C2)cc(OC)c1OC,3.646,4.024,4.352,4.48,4.568,4.699,4.711,4.959,5.005,5.034,5.186,5.285,5.414,5.427,5.474,5.537,5.627,5.668,5.8,5.881,5.9,5.944,6.056,6.17,6.18,6.238,6.259,6.263,6.337,6.35,6.42,6.428,6.444,6.461,6.495,6.501,6.567,6.596,6.633,6.644,6.681,6.722,6.749,6.759,6.82,6.827,6.842,6.897,6.899,6.928,0.07151626,0.00120705,0.12451057,0.01237258,0.03413252,0.00637783,0.0003097,0.02978109,0.01544578,0.02482554,0.00010527,0.01646817,0.00322915,0.0844259,0.28510622,0.18642064,0.074109,0.00067041,0.03150475,0.00057191,0.01673133,0.00010112,0.03907534,0.00107363,0.01753161,0.04589512,0.0064535,0.03079106,0.03386391,0.03658001,3.706e-05,0.03054319,0.01440846,0.00309258,0.01160793,0.00791923,0.04414658,0.07571308,0.00192204,0.00257246,0.00118224,0.02504753,0.04605316,0.0313821,0.00389903,0.00415218,0.00090289,0.00097757,0.00469706,0.00635081,-5037547.999998244,3.8013671195810335,-0.6038470778813033,-0.264769182144483,0.2163261644644102,2
1530602,1530602,Cc1cc(N2CCSCC2)ccc1CNC(=O)NNCN1CC(NC(=O)Cc2cncc3ccccc23)C1,2.436,2.568,2.796,2.917,3.166,3.288,3.343,3.438,3.475,3.478,3.497,3.703,3.753,3.864,3.881,3.99,4.038,4.072,4.094,4.103,4.195,4.252,4.339,4.345,4.356,4.393,4.44,4.444,4.462,4.481,4.49,4.528,4.577,4.587,4.736,4.743,4.778,4.785,4.79,4.806,4.849,4.85,4.874,4.885,4.979,4.981,5.027,5.052,5.123,5.129,0.00054181,1.008e-05,8e-08,0.0376633,0.00043615,2.106e-05,1.926e-05,1.12e-06,1.7e-06,0.00119769,0.00227995,1.04e-06,0.00233247,7.549e-05,0.00202691,0.05543908,0.0152363,0.00016508,1.208e-05,9.714e-05,6.65e-06,0.00042311,0.00031181,1.93e-06,0.00021592,6.203e-05,0.00236878,0.00106753,6.6e-07,7.478e-05,0.00027704,4.4e-06,1.576e-05,0.00012615,0.00066474,0.00083925,0.20207542,0.03173573,0.00842542,7.55e-05,0.00285033,0.04357885,0.00211278,0.00196167,0.00333448,0.00022692,5.888e-05,0.00653537,6.038e-05,4.72e-06,-3714914.9999987017,-8.329480161829316,0.0717801507897719,-0.2141916882332045,-0.0147242820288641,2
702239,702239,O=C(NCc1ccc(Cn2cccn2)cc1)c1ccc(NC(=O)c2ccc(O)s2)cc1,2.773,3.204,3.346,3.471,3.482,3.516,3.613,3.725,3.753,3.832,3.913,4.039,4.115,4.151,4.174,4.184,4.185,4.208,4.226,4.263,4.296,4.312,4.317,4.333,4.335,4.359,4.374,4.383,4.406,4.434,4.436,4.464,4.466,4.482,4.489,4.541,4.619,4.659,4.725,4.813,4.963,4.995,5.05,5.111,5.13,5.161,5.172,5.174,5.189,5.208,0.00127047,0.00016208,6.188e-05,0.16044763,0.00900545,0.08384832,0.0041563,0.0023288,0.00034867,0.00020189,0.19687217,0.00070491,1.075e-05,0.00020782,0.00113222,0.00200056,7e-07,1.339e-05,5.765e-05,3.518e-05,0.04288676,0.01134294,0.00150346,0.00039056,0.01425901,0.00255593,0.04259828,3.5e-07,0.00017665,0.06940652,0.017053,0.00194228,0.07822256,0.00017543,0.00205763,2.637e-05,0.04929782,0.06702275,0.07728151,0.02529737,0.0008022,0.00033182,0.0005625,0.00307349,0.00064512,0.00030322,0.00438009,4.43e-05,7.371e-05,0.00037814,-4543277.999998413,-7.579509078494431,-1.1104670148124538,-0.1510537316075407,-0.4273468953041116,2
9414047,9414047,CSc1ccc(C=NC(N)=NCc2cccc(C(=N)N3CCOCC3)c2)cc1,2.286,2.899,2.983,3.257,3.31,3.35,3.39,3.611,3.713,3.721,3.795,3.854,3.934,3.978,4.016,4.115,4.233,4.239,4.278,4.284,4.317,4.404,4.426,4.484,4.538,4.551,4.552,4.608,4.688,4.701,4.735,4.752,4.762,4.774,4.824,4.84,4.945,5.055,5.058,5.116,5.137,5.165,5.183,5.186,5.209,5.255,5.332,5.368,5.373,5.398,4.12e-06,0.01712691,0.01052544,5.08e-06,9.547e-05,0.00097396,0.0383916,0.00964251,0.00073638,0.00410639,0.00391178,9.709e-05,0.00023551,0.00054443,0.00069385,0.00022291,0.01227265,0.00304884,0.00032882,0.00020426,2.715e-05,0.00099137,0.00034531,0.00061246,0.11607422,0.00554169,0.00596686,0.01478448,0.00201378,0.00050365,0.00025543,0.01862219,0.00052498,0.00722205,7.518e-05,0.03984215,0.00148798,0.00788612,0.01035845,0.01788964,9.497e-05,0.00336347,0.00014397,0.00234175,0.00066634,0.00833361,0.01022582,0.00043795,0.00019206,0.00041679,4168529.999998548,-6.917088708149983,0.1138948698409325,-0.0906516046183543,-0.2314912846953858,1
154741,154741,CC(=O)N1CCN(Cc2cnc(=O)[nH]c2N)CC12CCCCC2,3.399,3.419,3.575,3.863,4.179,4.564,4.827,4.847,5.003,5.092,5.265,5.286,5.292,5.312,5.458,5.469,5.55,5.613,5.965,5.989,6.024,6.108,6.188,6.391,6.42,6.498,6.513,6.522,6.548,6.595,6.676,6.741,6.816,6.886,6.962,6.968,7.017,7.105,7.19,7.205,7.292,7.302,7.337,7.379,7.395,7.46,7.531,7.555,7.591,7.611,3.434e-05,6.57e-06,0.00049929,0.0003559,0.07852254,1.227e-05,1.379e-05,2.009e-05,0.00020083,2.55e-05,0.00013051,0.00010646,0.00012928,0.00012315,0.00045848,0.00028099,0.01067357,0.12299981,0.01173376,0.01489369,0.13490121,0.00414987,1.418e-05,0.01169781,0.01046081,0.03709807,0.00147324,0.00052133,0.13472954,0.00196973,0.00721567,0.00158649,0.02177226,0.00204128,0.12055393,0.01965923,0.00384736,0.03178801,0.00555401,0.00043294,0.27657257,0.0310245,0.00259286,0.03601691,0.00495182,0.0210156,0.00774203,0.00076947,3.39e-05,1.006e-05,-5090775.999998227,5.532199347956462,1.4558218578541848,0.1740499166367541,-0.1881989308871692,2
977784,977784,CSCCC(C)Oc1ccc(NC(=O)c2csc(C3CCCC3)n2)nn1,3.054,3.143,3.352,3.446,3.473,3.729,3.834,3.929,4.077,4.218,4.321,4.366,4.484,4.533,4.55,4.624,4.913,4.931,5.008,5.041,5.073,5.134,5.159,5.252,5.286,5.325,5.348,5.374,5.392,5.421,5.456,5.506,5.517,5.548,5.558,5.596,5.616,5.662,5.695,5.729,5.789,5.818,5.819,5.873,5.875,5.992,6.012,6.041,6.051,6.099,0.01221161,0.05791544,0.00014817,0.00016204,0.00038158,0.00015456,0.00490242,0.03272917,0.00976422,0.1889624,0.00048728,0.00081019,0.00016223,0.01631437,0.00703994,0.12580261,0.00413354,0.00281004,0.00053829,0.00365943,0.00646916,0.00217928,0.01234779,9.128e-05,0.00124568,0.00421157,0.09215683,0.03641659,0.07693945,0.09560579,0.08793594,0.0016226,0.00387221,0.08229869,0.00011311,0.00434099,0.01744256,5.424e-05,0.00759859,0.00205841,0.00593458,0.00019921,0.00685734,0.00046401,1.047e-05,0.006722,0.00379981,0.01682627,0.04120236,0.03092138,-4267732.99999851,-2.460081759372319,0.3012052304724676,-0.242039855961083,0.3753898625834829,2
9235415,9235415,CCc1nocc1CSc1ncc(C)cc1NCc1cccc(OC)c1C,3.651,3.851,4.029,4.123,4.164,4.385,4.463,4.49,4.519,4.536,4.614,4.735,4.789,4.815,4.848,4.86,4.921,4.934,4.957,4.991,5.086,5.154,5.207,5.222,5.245,5.259,5.297,5.31,5.375,5.448,5.496,5.509,5.597,5.631,5.667,5.724,5.757,5.774,5.827,5.859,5.865,5.9,5.927,5.989,6.001,6.059,6.064,6.082,6.089,6.168,0.0025323,0.04562838,0.0375778,0.00058511,0.00098545,0.00050401,0.00162744,0.00291793,0.00021075,0.00342967,0.03320402,0.00079379,0.10171718,0.00658694,0.00258812,0.01329768,0.00352955,0.00148225,0.00331118,0.0004568,0.00571155,0.00132617,0.00021408,0.00655116,0.022651,0.04274053,0.0165505,0.00035504,0.00038195,0.05255035,0.00042675,0.00806549,0.00086232,0.00774655,0.00229909,0.0766383,0.00032299,0.00011323,0.0279776,0.02136469,0.06149744,0.06013386,0.0512636,0.01018556,0.05033897,0.00201868,0.09940528,0.14616574,0.00370593,0.01626857,3989897.999998608,-1.360397733386233,-1.2892983417658124,0.2016311643813399,-0.2070814784512575,1
4475231,4475231,CC(C)(F)OCCC(=O)Nc1ccncc1C(=O)N1CCC12CCOCC2,3.771,3.933,3.97,4.132,4.156,4.22,4.335,4.384,4.545,4.602,4.652,4.713,4.785,4.998,5.405,5.429,5.478,5.598,5.618,5.645,5.67,5.793,5.801,5.868,5.89,5.918,5.953,6.049,6.079,6.113,6.158,6.201,6.219,6.242,6.266,6.283,6.291,6.338,6.355,6.425,6.501,6.541,6.565,6.604,6.706,6.721,6.746,6.827,6.848,6.865,0.00109604,0.00103693,0.00031437,0.0005835,0.00280571,1.286e-05,0.00677466,2.118e-05,0.00022453,0.00446941,0.01867208,0.00236813,0.0006284,0.20578517,0.00325922,0.00476967,0.04653105,0.02803757,0.00892474,0.00413925,0.02937546,0.0017419,0.00016036,0.00040362,0.00021493,0.16455041,0.0021781,0.0386994,0.00424465,0.01183376,0.01312207,0.00783067,0.00207291,0.00091291,0.00425683,0.00585707,0.01369869,0.01179771,0.00429083,0.04538098,0.01441134,0.00390315,0.00699531,0.00936918,0.101168,0.04235838,0.00342982,0.03146605,0.08960238,0.05113318,-770285.9999997313,2.0970396389930683,0.007449429421041,0.2051835762377243,0.6819906415412812,4
6478367,6478367,CNCC(C)(C)CN(C)C(=O)c1cccc(C(=O)NC2(Cc3ccc(C#N)cc3)CCCCC2)c1,3.022,3.129,3.155,3.268,3.323,3.326,3.432,3.451,3.461,3.487,3.557,3.624,3.638,3.753,3.909,3.916,3.951,4.155,4.244,4.348,4.606,4.671,4.756,4.799,4.899,4.931,5.026,5.039,5.057,5.107,5.118,5.184,5.2,5.204,5.22,5.255,5.369,5.371,5.4,5.409,5.423,5.437,5.5,5.534,5.545,5.56,5.578,5.618,5.643,5.649,6.56e-06,0.00050354,0.00032354,0.00085249,0.00117855,0.0010382,0.00317578,1.5e-07,0.00261653,3.22e-06,1.012e-05,0.00224998,0.00057768,1.751e-05,0.00794909,9.373e-05,0.04213065,0.00348422,0.00939108,0.00079118,0.00472388,0.00164708,0.00262504,0.00128612,0.00185367,0.00362987,0.18277822,0.00033675,0.00209049,0.00457418,0.00031204,0.0007395,0.04812932,0.00473729,9.864e-05,0.00248337,0.00017725,0.01682469,0.00056791,0.0005694,0.00371357,0.0018469,0.00027071,0.00027668,0.00088467,0.05415904,0.00123547,0.00135965,0.02835516,0.00972156,1232849.9999995704,-5.511076433757075,0.674664263601916,0.9855831604137484,0.7227034108982511,3
7967795,7967795,CCCC=NNC(=O)Nc1ccc(C2CC2)c(C)c1,4.303,4.374,4.418,4.59,4.699,4.834,4.923,5.125,5.259,5.629,5.652,5.682,5.744,5.763,5.873,5.889,6.087,6.089,6.161,6.187,6.245,6.332,6.369,6.425,6.467,6.486,6.539,6.581,6.627,6.629,6.645,6.656,6.719,6.746,6.762,6.835,6.87,6.919,6.975,6.999,7.15,7.165,7.184,7.207,7.237,7.328,7.37,7.406,7.411,7.429,0.00042134,0.20941682,0.00041259,0.02263646,0.00254333,0.00015984,0.24473656,0.16315459,0.02029397,0.00632013,0.01946489,0.48854503,0.00016132,0.00358336,0.02466025,0.18644064,0.15852633,0.02956829,6.585e-05,0.00091119,0.09304132,0.02995091,0.00904464,0.01429362,0.00053043,0.00404532,0.00854134,0.00118849,8.388e-05,0.00081151,0.00877288,0.00253279,0.08613398,0.0029791,0.00248026,0.01933118,0.00036866,0.00161967,0.03372498,0.00054856,0.03682534,0.02130954,0.00183578,0.00061543,0.02660252,0.00157689,0.01322972,0.00126515,0.00061192,0.00032887,2722277.9999990496,6.253630504949724,-0.7005777245482994,-0.1925351955374246,0.2056911168260477,3
7883364,7883364,CC(=O)NCc1ccc(C(C)=C(C)OC(=O)c2ccc(C#N)o2)o1,2.557,2.768,3.307,3.603,3.763,3.912,4.049,4.182,4.266,4.464,4.528,4.735,4.804,4.845,4.936,5.097,5.121,5.133,5.234,5.264,5.356,5.37,5.401,5.409,5.443,5.572,5.587,5.602,5.707,5.796,5.824,5.879,5.898,5.915,5.935,5.997,6.121,6.141,6.162,6.204,6.224,6.271,6.328,6.356,6.369,6.407,6.423,6.428,6.444,6.459,0.00132613,0.00968522,0.00013808,0.0025324,0.00956925,0.01728296,0.00176611,0.08191849,0.00148596,0.23982634,0.31342161,0.17767107,0.00171283,0.00828931,0.01320609,0.00108205,0.02698797,0.0159886,0.00010489,0.07092936,0.01263783,2.377e-05,0.00037824,0.00178353,0.00191386,0.00018199,0.00784623,0.00676915,4.786e-05,0.00293472,3.263e-05,0.00087191,0.00055095,0.00458382,0.00047038,0.00028465,4.795e-05,0.03524249,0.00135628,0.07784993,0.00222773,0.08726602,0.00085666,0.00047329,0.00028824,0.04124847,0.02331831,0.00110729,0.00752071,0.00018128,2637846.999999079,-0.272480018787475,1.041074726153301,-0.4970993559634704,-0.1966675087605768,3
5765742,5765742,CCOc1ccc(-c2[nH]c(=O)n(-c3ccc(NC(OO)OCC)cc3)c2O)cc1F,3.04,3.173,3.384,3.701,3.804,3.915,3.979,4.139,4.194,4.247,4.294,4.315,4.48,4.495,4.622,4.626,4.747,4.77,4.82,4.857,4.883,4.891,4.97,5.128,5.133,5.178,5.198,5.264,5.315,5.351,5.427,5.459,5.474,5.595,5.608,5.622,5.64,5.676,5.804,5.84,5.887,5.909,5.931,6.017,6.036,6.044,6.072,6.108,6.127,6.148,0.00792291,0.27622059,0.26153747,0.01120421,0.01069622,0.00185802,0.00369366,0.00539438,0.01271705,0.00942767,0.0194853,0.07248172,0.00280644,0.01553826,0.00716151,0.00155906,0.00048931,0.00275772,0.00514928,0.05030937,0.05602549,0.28108272,0.00776561,0.00022967,0.00563731,0.00791558,0.01242743,0.00473373,0.03014001,0.015123,0.00238004,0.00379462,0.00089964,0.01793617,0.0336739,0.00676824,0.00389022,0.00632416,0.02151223,0.03259435,0.15247416,0.00639582,0.022339,0.14621586,0.02303204,0.05559332,0.04837941,0.02256917,0.0338195,0.00014166,520224.9999998194,-2.433719072470538,0.1267702617415505,0.2353300703937502,-0.2419934652191259,4
9925580,9925580,CCCn1c(CN2CCCN(c3nccc(C(C)C)n3)CC2)nnc1-c1ccccc1F,2.802,3.1,3.154,3.32,3.616,3.665,3.93,4.031,4.156,4.175,4.215,4.37,4.456,4.51,4.555,4.76,4.778,4.81,4.825,4.895,4.942,4.965,5.002,5.028,5.056,5.074,5.079,5.135,5.199,5.227,5.312,5.321,5.341,5.391,5.478,5.533,5.559,5.581,5.589,5.617,5.657,5.671,5.718,5.735,5.75,5.773,5.783,5.841,5.88,5.9,5.823e-05,0.00250554,0.0084329,3.53e-06,0.00019126,0.00037716,0.00679804,0.15198165,0.00713124,0.01145192,0.00217965,0.02860142,0.0004074,5.55e-06,0.00013541,0.00496232,0.00040029,0.00279394,9.84e-05,0.00016085,0.00030695,0.0041789,0.00010545,2.309e-05,0.03937155,0.00209548,0.00238855,0.00682527,1.106e-05,0.00134474,0.0880246,0.00040787,0.23535664,4.076e-05,0.00344902,0.00257825,0.00285439,0.00044695,0.0014357,4.66e-05,7.08e-06,0.00013795,1.551e-05,0.00064064,0.00046711,3.854e-05,0.00068023,2.344e-05,2.41e-06,0.00431313,4680062.999998367,-3.3070562775249512,0.1293710088986141,-0.4191666015811209,-0.0245349513104628,1
9588776,9588776,Cc1c(C(=O)N2CCC3(CCN(C(=O)OC(C)(C)C)CC3)CC2)[nH]c2c1C(=NN)CCC2,4.021,4.396,4.436,4.44,4.484,4.582,4.615,4.625,4.73,4.782,4.972,5.137,5.188,5.245,5.51,5.554,5.68,5.785,5.809,5.944,6.229,6.265,6.278,6.346,6.423,6.454,6.474,6.498,6.534,6.578,6.598,6.629,6.64,6.678,6.71,6.744,6.754,6.831,6.84,6.86,6.883,6.887,6.897,6.939,7.023,7.05,7.08,7.096,7.114,7.171,0.01842705,0.00449499,0.00790498,1.196e-05,1.418e-05,0.00051911,0.12034912,0.01046404,0.00931197,0.0060079,0.12168631,0.11542648,0.01053306,0.14824314,4.957e-05,1.732e-05,0.04037411,0.10116019,3.052e-05,0.00900682,0.01025601,3.837e-05,1.403e-05,0.00024592,0.00087713,0.00015513,1.022e-05,8.059e-05,0.00022271,0.00013927,0.00521728,0.00186219,0.00293746,0.04747285,0.01444599,0.00204145,0.00320651,0.00428436,0.0087002,0.00599648,0.00517261,5.147e-05,0.00181275,0.00504047,0.05724238,0.00474407,0.00499885,0.00499608,0.02953901,0.05042262,4343258.999998483,4.678463039297158,-0.1491738732628177,0.3349816577125615,1.0372921236468384,1
5187167,5187167,CSCC(C)NC(=O)c1nnc(N2CCCN(C3CCCC3)CC2)n1CC(=O)Nc1ccccc1,3.491,3.632,3.717,3.825,3.859,3.89,3.966,3.996,4.058,4.063,4.205,4.34,4.344,4.463,4.481,4.495,4.581,4.604,4.625,4.637,4.762,4.841,4.892,4.932,4.988,5.078,5.119,5.216,5.228,5.454,5.458,5.465,5.51,5.595,5.625,5.642,5.7,5.713,5.742,5.767,5.783,5.827,5.842,5.848,5.854,5.858,5.864,5.869,5.897,5.94,0.00066106,1.551e-05,5.934e-05,0.00034666,4.62e-06,0.03957065,1.102e-05,0.05061024,0.00064936,0.00010584,2.45e-06,0.00019586,0.01022399,0.00055028,4.03e-06,0.00034747,0.00047015,6.971e-05,0.04967378,0.00021137,0.01479692,0.06459396,0.00748945,0.03871033,0.26887354,0.00038178,0.00016342,0.0778544,0.00575519,0.0001257,2.355e-05,0.00060943,0.15410976,2.037e-05,0.00042078,3.91e-06,0.00673225,0.05545071,0.00067636,0.00123233,0.00015265,0.00890535,0.00468634,0.00013896,0.00146208,0.04081712,0.00425996,0.00674272,0.0011475,0.05291584,-58349.99999997846,-2.9077530876152,-0.4363438697526604,0.7643411366401199,0.1756854264313005,4
6348175,6348175,Cc1ccc(NCCNC(=O)N(C)CCCN(CCN2CCCC2)c2ccc(C#N)nc2)nn1,3.41,3.411,3.461,3.465,3.522,3.545,3.561,3.608,3.648,3.701,3.721,3.76,3.802,3.858,3.949,4.012,4.1,4.23,4.388,4.401,4.449,4.468,4.47,4.501,4.593,4.6,4.616,4.668,5.034,5.063,5.206,5.253,5.261,5.314,5.348,5.442,5.443,5.508,5.557,5.562,5.58,5.582,5.585,5.617,5.777,5.817,5.819,5.902,5.925,5.949,9.66e-06,3.55e-06,6.805e-05,0.00012861,0.00071204,0.00044771,1.14e-06,0.00437347,1.66e-06,0.00128412,0.05822144,0.0079817,0.07535867,0.00646788,0.00966382,0.02113771,0.0152151,0.0009457,0.00875838,0.00039711,2.558e-05,0.0496813,0.00601437,0.00076804,0.00647478,2.791e-05,0.00256022,0.00356071,0.0220562,2.41e-06,4.39e-06,0.09999877,0.04825191,0.04710019,3.238e-05,0.00378602,7.25e-06,0.00941208,0.0395445,0.00083501,0.00188997,2.085e-05,0.00070455,1.79e-06,0.03463539,4.241e-05,5.122e-05,0.00608118,0.00072615,0.0007012,1102657.9999996186,-4.9591156372892735,0.251823407894843,1.6129521448529478,0.0894670764292437,3
8930350,8930350,Cc1ccc(NC(=O)CCC2=NN=C3OCCOCCC23)c(OCC(F)(F)F)c1,3.882,4.135,4.177,4.191,4.286,4.317,4.373,4.425,4.489,4.535,4.621,4.65,4.753,4.79,4.845,4.874,5.006,5.098,5.155,5.423,5.463,5.479,5.718,5.719,5.768,5.781,5.814,5.854,6.003,6.009,6.013,6.076,6.101,6.125,6.235,6.256,6.293,6.322,6.324,6.327,6.34,6.442,6.485,6.501,6.52,6.585,6.619,6.633,6.644,6.647,0.00024848,0.00165072,3.457e-05,0.00025195,0.02095867,0.00291748,0.00971025,0.13284485,0.00038698,4.057e-05,0.003325,0.02733851,0.25280455,0.03443221,0.0046729,0.04706277,0.02971255,0.0004178,0.0004742,0.00110834,0.00864348,0.0574647,0.00308473,0.00363454,0.04552144,0.0141714,1.807e-05,0.00017096,0.02544654,0.16656782,0.08055359,1.755e-05,0.0040221,0.00032417,0.05454518,0.00327617,0.0007983,0.00072177,0.00079464,9.862e-05,0.00075911,0.00103985,0.00078613,0.00017133,0.00160549,0.00277989,0.00130702,0.00271447,0.00234693,0.00058912,3684832.999998715,1.1836506561396642,-0.3470213420455541,0.8998556238603822,0.4825647262136592,1
6888713,6888713,O=C(NCc1ccc(N2CCCC2=O)cc1)Nc1ccc(N2NC(=O)NC2=CCO)cc1,3.122,3.152,3.201,3.674,4.006,4.032,4.121,4.129,4.131,4.135,4.201,4.211,4.226,4.268,4.297,4.305,4.346,4.364,4.391,4.426,4.443,4.468,4.574,4.595,4.638,4.699,4.751,4.795,4.816,4.851,4.874,4.922,5.015,5.039,5.139,5.171,5.204,5.219,5.291,5.335,5.437,5.465,5.466,5.466,5.545,5.56,5.573,5.583,5.621,5.624,0.00013025,0.00749162,2.894e-05,0.34175951,0.00043818,0.00075054,0.00122581,0.00025955,0.00012716,0.0062414,0.00117193,0.00013243,0.00115936,0.00020399,0.00095177,0.00019492,0.00953154,0.00030496,0.00102633,0.12915232,0.00134415,0.01731779,0.00026153,0.15830076,0.00412101,0.07593347,0.23208578,0.04768417,0.00355841,0.05175085,0.03857071,0.01000618,0.01042164,0.0001122,1.436e-05,0.05786656,6.14e-06,4.1e-06,0.01120513,0.00822348,0.00022251,0.00029255,0.00060966,3.199e-05,1.28e-06,0.00012192,0.00022569,0.00015156,0.01455158,0.00616104,1643195.9999994289,-5.059640894845177,-0.8567213587140703,0.2816447635723648,-0.7556896837521416,3
8286041,8286041,CCC(CC)C(=O)N(C)C1CCN(CCCCS(C)(=O)=O)CC1,5.248,5.447,6.728,6.849,7.288,7.501,7.574,7.627,7.692,7.739,7.789,7.851,7.909,7.93,7.956,8.05,8.129,8.164,8.283,8.293,8.347,8.372,8.407,8.529,8.572,8.725,8.825,8.847,8.979,9.09,9.154,9.271,9.434,9.482,9.564,9.681,9.699,9.727,9.73,9.865,9.903,9.919,9.934,9.964,10.054,10.074,10.099,10.144,10.164,10.166,0.00038877,0.00056341,0.2136649,0.00085842,7.8e-05,0.00358337,0.00041456,0.01176863,0.00164153,0.00126426,0.00066246,8.7e-07,0.01237356,8e-07,0.01720957,0.00059808,0.00030521,0.00243571,0.00045024,5.89e-06,0.00088228,4.438e-05,0.00576946,0.00540121,0.00729781,0.00103786,0.00273161,0.01262926,0.03970701,0.00172072,0.04979722,0.00247701,0.00721673,0.00538117,0.00069438,0.00225038,0.07456384,6.974e-05,0.00066331,0.0037577,0.0007294,0.03037552,0.0457095,0.00622367,0.00182252,0.0008648,2.198e-05,0.00398265,4.341e-05,0.00397002,3040523.999998927,23.292302400835933,-1.2533653242959415,0.2275254793474968,-1.2940883870512736,3
664402,664402,CC(C)(C)OC(=O)NCCCCCC(=O)NC1CCCN(C(=O)SC(C)(C)C)CC1,4.921,5.114,5.137,5.187,5.38,5.4,5.406,5.598,5.666,5.693,5.768,5.832,5.981,6.098,6.246,6.459,6.51,6.647,6.673,6.721,6.802,6.936,6.957,6.961,6.963,6.988,7.038,7.063,7.094,7.199,7.22,7.223,7.242,7.261,7.306,7.371,7.382,7.402,7.429,7.48,7.481,7.484,7.522,7.548,7.563,7.569,7.606,7.632,7.671,7.712,9e-08,0.00056548,0.00017261,8e-08,0.00057742,1e-07,0.00026391,0.02366082,1.058e-05,0.00043287,3.727e-05,0.00096176,2.3e-07,0.14780311,7.14e-06,0.00024807,9e-08,2.82e-06,9.3e-06,0.00082103,0.02025412,0.0921191,2.47e-06,0.00204289,2.1e-07,1.4e-07,1e-07,0.20961668,0.00400665,0.00012969,0.00611858,5.39e-06,0.00087538,0.05327113,0.00438295,1.032e-05,0.01346327,1.413e-05,0.00389567,0.00202194,0.00026083,0.00580337,0.00394121,1.684e-05,7.132e-05,5e-08,8.301e-05,0.0005504,0.00036198,0.00017879,-4581114.999998404,9.35086788300699,-1.5079184818725948,-0.0445879763259777,0.8705805044619696,2
10420530,10420530,Cc1ccccc1C(F)(F)c1ccccc1N(C)CCN1CCOC1=O,3.329,3.568,3.622,3.78,3.849,4.101,4.15,4.154,4.188,4.396,4.461,4.496,4.76,4.822,5.009,5.047,5.065,5.076,5.098,5.115,5.156,5.185,5.283,5.337,5.363,5.392,5.434,5.516,5.576,5.696,5.736,5.769,5.97,6.065,6.087,6.161,6.214,6.257,6.29,6.3,6.311,6.336,6.365,6.399,6.42,6.466,6.486,6.509,6.55,6.556,0.00317454,0.0066017,0.00076434,0.04062949,2.674e-05,4.21e-06,0.0012446,2.856e-05,3.48e-06,0.00066208,0.00163051,0.003517,8.241e-05,0.00970987,0.0009764,0.02432842,8.547e-05,0.00022638,4.309e-05,0.00584002,0.0014427,0.01505639,0.00242706,0.00142312,0.00448036,0.00017272,0.01876589,0.01076138,0.00363684,0.00173541,0.00384099,0.00042855,0.00052646,0.00273101,0.01017016,0.00606497,0.06514668,0.02364852,0.07857897,0.01373105,0.10422819,0.12171898,0.07935702,0.03501286,0.06383444,0.1811019,0.11261853,0.00073074,0.04322678,0.02191054,5175012.999998192,-0.1126945626434425,0.4146921106942453,0.5497815307488245,-0.0302662922910458,1
2456220,2456220,Cc1nc(Cn2cnc(CN3CCCS3(=O)=O)n2)nc2ccccc12,2.42,2.835,3.089,3.199,3.41,3.481,3.727,3.826,4.048,4.079,4.189,4.252,4.322,4.352,4.382,4.471,4.481,4.486,4.718,4.765,4.902,4.915,5.156,5.207,5.219,5.232,5.238,5.242,5.266,5.311,5.346,5.446,5.517,5.547,5.586,5.673,5.689,5.723,5.728,5.733,5.758,5.795,5.851,5.878,5.911,5.93,5.955,5.988,6.012,6.062,0.00012837,0.00016721,0.00012485,1.23e-05,0.00074715,8.593e-05,0.00031677,0.00129821,0.06734724,0.00029568,1.276e-05,2.775e-05,2.495e-05,0.00546056,0.00820241,0.00011546,0.00128363,4.76e-05,0.0017314,0.00037902,6.85e-05,0.00470885,3.873e-05,0.07058722,0.00166456,0.00069769,2.781e-05,4.094e-05,1.66e-05,2.861e-05,0.00771611,0.06931583,0.01852253,1.446e-05,0.59181352,0.00091159,0.00457886,0.01747035,0.08720343,0.00187197,0.0093691,0.00329015,0.00173739,0.00018992,0.00084567,0.00481523,0.00016252,0.00161493,0.03181436,0.00494015,-2789296.999999027,-3.1645885289125184,1.05213710779061,-0.1011613271307062,-0.0113520188208111,0
3506098,3506098,CN(C(=O)c1cccc2ncnn12)C1CCN(NC(=O)c2nccs2)CC1,2.781,2.889,3.306,3.402,3.42,3.5,3.54,3.714,3.739,3.753,3.769,3.842,3.875,4.052,4.249,4.267,4.282,4.357,4.373,4.383,4.392,4.476,4.483,4.561,4.567,4.649,4.725,4.818,5.097,5.197,5.237,5.254,5.281,5.326,5.386,5.425,5.435,5.445,5.526,5.53,5.549,5.556,5.609,5.652,5.657,5.72,5.733,5.735,5.745,5.772,4.48e-06,1.728e-05,0.00204992,0.00046648,0.00709923,0.00317856,0.00113424,0.00289777,0.0006011,0.00196368,5.2e-07,5.79e-06,0.02380679,0.05704263,2.58e-06,0.00065413,0.00100317,6.14e-05,7.09e-06,5.44e-06,0.00099803,0.00346854,0.19534563,1.31e-06,0.0164708,0.00040862,6.93e-06,3.7e-06,5.24e-06,0.05632528,7.88e-06,5.57e-05,0.00186875,2.814e-05,0.00010033,0.00141288,0.00137741,0.0090015,0.00073068,5.791e-05,1.1e-06,0.00119484,0.00036694,1.714e-05,0.05799689,0.00137068,0.22076528,0.00632158,0.00121839,0.00024549,-1739418.9999993923,-4.983303866476064,0.5779086058384061,0.773556186696911,-0.1205209485212803,0
706243,706243,Cc1ccoc1C(=O)NCN1OCCN(CCCNC(=O)C(N)=O)CC1C,2.876,3.265,3.284,3.428,3.451,3.672,3.815,3.838,3.849,3.906,4.661,4.866,4.895,4.904,5.001,5.025,5.075,5.182,5.29,5.408,5.449,5.503,5.552,5.575,5.597,5.673,5.813,5.941,6.0,6.057,6.093,6.094,6.174,6.177,6.194,6.247,6.399,6.446,6.486,6.503,6.518,6.585,6.591,6.624,6.641,6.647,6.67,6.715,6.744,6.816,1.147e-05,0.00025772,2.4e-07,1.094e-05,2.747e-05,6.264e-05,8.9e-07,4.301e-05,2.7e-07,1.32e-06,0.07112605,1e-08,0.00114049,4.24e-05,0.00119309,0.0069889,0.28997195,0.0450448,6.15e-06,1.706e-05,0.00161155,4.4e-07,3.4e-07,9.376e-05,0.02675287,0.0001903,5.093e-05,0.0737083,0.00010196,0.00019754,2.395e-05,3.54e-06,0.02024461,0.00026733,1.868e-05,0.00014949,0.00221802,0.00021539,0.00113907,6.9e-07,3.706e-05,0.04190038,2.59e-06,0.06592061,0.00140347,5.722e-05,0.00024728,0.04966461,0.00138494,0.00010801,-4539273.999998418,0.7769424702364439,1.7698595112741091,0.1461248869363446,0.5544826066378844,2
9707184,9707184,CCC(C)C(=NCCc1c[nH]c2ccc(F)cc12)N(C)C,3.267,3.4,4.002,4.444,4.703,4.842,5.243,5.247,5.463,5.481,5.583,5.599,5.625,5.698,5.723,5.757,5.841,5.943,6.129,6.141,6.199,6.284,6.415,6.459,6.537,6.561,6.679,6.685,6.761,6.836,6.96,7.002,7.02,7.028,7.136,7.154,7.28,7.318,7.33,7.361,7.383,7.439,7.492,7.545,7.573,7.604,7.618,7.644,7.657,7.673,0.00207626,0.00110221,0.03886448,0.06878884,0.00500804,0.01121674,0.00225857,0.00071612,0.01263254,0.00190393,0.0019756,0.04045025,0.01319794,0.2821606,0.00782268,0.00884363,0.00086549,0.00135514,0.0152764,0.08470711,0.28296029,0.00828676,0.01880776,0.09162528,0.13429779,0.04453451,0.00011513,0.00010611,0.00868362,8.993e-05,0.01056767,0.00068777,0.00185346,0.00019112,0.00106344,5.937e-05,0.10378762,0.00165967,0.06377121,0.00010308,0.01396117,0.00771588,0.00016368,0.03883614,0.00743219,0.00943443,0.0014947,0.00012699,0.02251643,4.669e-05,4461666.999998443,7.013527412442892,0.8449262121948734,-0.2035743742194754,-0.638372709927321,1
8452418,8452418,COCCCCOC(=O)C1(CCS(=O)(=O)c2ccc3c(c2)OCCCO3)CC1,3.949,4.01,4.247,4.258,4.318,4.554,4.57,4.828,4.938,4.965,4.994,5.052,5.253,5.282,5.329,5.347,5.36,5.374,5.383,5.423,5.456,5.477,5.573,5.613,5.67,5.753,5.78,5.846,5.872,5.888,5.934,5.954,5.987,6.062,6.102,6.152,6.155,6.194,6.23,6.26,6.263,6.285,6.409,6.436,6.468,6.529,6.543,6.58,6.667,6.693,2.927e-05,0.0013842,0.03962662,0.00012797,0.00027592,0.0128469,0.00991885,0.00160214,0.03053186,0.00337156,0.01859602,0.00038402,0.04005754,0.00469718,0.00643795,0.0108326,0.00302439,0.0001827,0.0370317,0.00131288,0.00052102,0.00119259,0.00092451,0.00261401,0.00037602,0.00021738,0.00440908,0.0026477,0.01810902,0.06865808,0.00432532,0.00017784,0.09555719,0.00016869,0.00099137,0.00163881,0.00053559,0.04939897,0.10736343,0.0087552,0.00047547,0.00236308,0.00212281,0.00153292,0.00072792,0.10092923,0.1667553,0.0519557,0.02063505,0.04113471,3206900.999998881,1.517609422544448,-1.138303999188104,0.0066482750066615,-0.1216503541718537,1
5202302,5202302,CCCOc1cccc(CN2CCN(C(C)(C)C(N)=O)N2)c1CC,3.465,3.823,3.856,4.214,4.495,4.576,4.86,4.98,5.032,5.122,5.339,5.421,5.454,5.617,5.779,5.836,5.966,6.066,6.072,6.172,6.202,6.429,6.444,6.515,6.549,6.595,6.603,6.656,6.697,6.756,6.797,6.801,6.841,6.934,6.956,6.964,7.008,7.021,7.044,7.107,7.157,7.173,7.203,7.243,7.254,7.295,7.32,7.323,7.369,7.38,0.00074167,0.00020035,0.00072564,8.878e-05,0.00552905,0.02430994,0.00108954,5.354e-05,0.00198572,0.04436651,0.00015238,0.00118284,0.00920191,0.04822755,0.0682815,1.018e-05,0.04950534,0.00079449,0.02510699,0.00276752,0.2908806,0.04534495,0.00471425,0.04990699,0.14889403,0.00018807,0.02098964,0.00847362,0.04783222,0.01603181,0.00149323,0.00041212,0.01049323,0.00793569,0.00048254,0.01167552,0.00715088,0.01149981,0.00011236,0.00042666,0.00059887,0.0002006,0.00807257,0.00500673,0.02645677,0.00506428,0.00236847,0.00251037,0.0214493,0.00353377,-43214.99999998927,5.975242686831773,0.6214508996138801,-0.476108400620446,0.3503900432431849,4
5857897,5857897,CCS(=O)(=O)CCN1CCC(CNC(=O)CCCN(C)S(=O)(=O)c2ccc(F)cc2)CC1,3.011,3.041,3.064,3.096,3.256,3.374,3.727,3.759,4.251,4.283,4.549,4.574,4.692,4.724,4.969,4.979,5.001,5.058,5.079,5.104,5.181,5.205,5.216,5.232,5.265,5.294,5.302,5.326,5.331,5.377,5.382,5.409,5.446,5.476,5.5,5.506,5.536,5.574,5.598,5.605,5.632,5.654,5.686,5.809,5.831,5.84,5.855,5.889,6.017,6.025,0.0002252,2.265e-05,0.00020367,1.743e-05,0.00070615,0.0556379,1.005e-05,1.068e-05,2.83e-06,8e-08,0.00127812,0.00798451,3e-08,1e-08,2e-06,0.00993618,3.8e-07,0.00082527,0.00019789,0.04150483,0.00060041,0.00159338,0.00099592,0.00123999,0.00066588,0.00186584,0.06111003,0.00016638,0.00066909,0.00013258,4.6e-05,0.00056443,0.00016139,0.00029851,0.00048784,0.00154325,0.0004325,0.00447268,0.00032979,0.00096422,0.00069285,0.00028795,0.00054182,0.00152379,0.06680504,0.0015196,0.00784046,0.00406154,0.00016921,0.00302676,612379.9999997873,-2.6666048292882194,0.3318535416105188,-1.0475220027110024,0.4982891806887543,4
2043496,2043496,CCC=CCNC(=O)Cn1c(C2=CC=CNC=N2)nnc1N1CCN(c2ccc(CC(N)=O)cc2)CC1,1.951,2.094,2.319,2.827,2.924,3.192,3.231,3.327,3.406,3.429,3.63,3.632,3.69,3.787,3.869,3.884,3.897,3.905,3.986,4.064,4.083,4.165,4.188,4.232,4.353,4.408,4.422,4.486,4.508,4.523,4.527,4.553,4.649,4.658,4.708,4.729,4.802,4.806,4.818,4.846,4.911,4.943,4.953,5.007,5.034,5.046,5.066,5.084,5.126,5.142,0.03561096,8.53e-06,0.01158472,6.35e-06,0.00608659,0.05230232,4.48e-06,0.00015804,0.02228607,0.02374144,0.00131478,3.843e-05,3.134e-05,6.45e-05,1.933e-05,0.00028199,0.01834255,1.85e-05,0.00628394,0.00320258,3.04e-05,0.00539646,0.00010792,1.454e-05,0.00098243,9.601e-05,4.06e-06,0.28248551,0.00567902,0.00438764,0.00025004,0.00031235,3.837e-05,0.00048041,0.17693681,0.02879117,6.876e-05,0.00031937,0.00138918,0.00017117,2.288e-05,0.00025196,4.769e-05,7.351e-05,0.02751521,0.02058995,0.05551352,0.00045836,0.00074803,0.00798356,-3202020.999998881,-8.551171568059962,0.8775017035727768,-0.363065365398582,-0.3353059831084695,2
4269603,4269603,Fc1ccc(-n2c(-c3ccccc3)cn(CN3CC(n4cncn4)C3)c2=S)c(F)c1,2.635,2.699,2.865,2.924,3.047,3.099,3.103,3.123,4.035,4.136,4.136,4.195,4.255,4.294,4.319,4.348,4.416,4.437,4.474,4.488,4.513,4.534,4.567,4.597,4.599,4.604,4.656,4.673,4.789,4.821,4.869,4.905,4.928,4.941,5.003,5.062,5.085,5.099,5.149,5.248,5.282,5.341,5.469,5.47,5.48,5.494,5.525,5.528,5.567,5.622,0.00046597,0.01296432,0.00156576,0.03817977,0.00104855,0.00804139,0.01336072,0.00045037,1.012e-05,0.0046562,3.82e-05,7.715e-05,2.167e-05,1.279e-05,3.273e-05,0.00017273,3.9e-06,1.51e-06,0.00462593,0.0320679,3.6e-07,0.00380767,0.00225895,2.282e-05,0.00016837,0.00065374,0.03604239,2.07e-06,0.07316058,0.00173115,0.17816,0.00098157,0.00902467,0.00741599,0.00044475,0.00095219,0.00064522,0.05233819,0.00410025,0.05781868,0.06248016,0.03769327,0.00066135,0.00819661,0.00105049,9.7e-07,5.67e-06,1e-05,0.00629908,0.0109872,-975913.999999654,-5.935601585272806,0.532586957506314,-0.4224185558178304,-0.0714036940893714,4
9878487,9878487,CCC(=N)CC1(C)CC1,5.155,6.101,6.493,7.03,7.15,7.199,7.257,7.748,7.842,8.004,8.339,8.508,8.804,9.096,9.221,9.608,9.738,9.77,10.84,10.874,11.35,11.468,11.613,11.644,11.79,11.811,11.929,12.35,12.566,12.687,12.851,12.854,12.963,13.282,13.329,13.608,13.784,13.822,13.954,13.994,14.035,14.184,14.242,14.278,14.718,14.739,14.881,14.913,15.044,15.077,0.00046233,0.00024544,0.00838226,0.00484628,0.04031993,0.02888785,0.00169679,0.10710403,0.04921403,0.02591375,0.00842209,0.04067582,0.04258549,0.01186628,0.00422265,0.0181183,0.00139506,0.05765533,0.00122467,0.00590707,0.32471408,0.05816834,0.00185323,0.03694335,0.00827621,0.03715377,0.04083229,0.00438662,0.01322684,0.0002434,0.00954247,0.00517488,0.02688105,0.00191107,0.00119048,0.00075321,0.00169982,0.00165379,0.02641932,0.00579306,0.045351,0.08223385,0.01164088,0.0007399,0.00156264,0.00543791,0.00111351,0.05085273,0.00554174,0.00418112,4632969.999998361,43.37074707291777,7.379580461872552,3.2627189951047524,0.6770657220596341,1
1491085,1491085,Cc1ccc(N2CCOCC2)cc1NC(=O)N1CCC=C(N)CC1,4.086,4.378,4.468,4.47,4.636,4.708,4.74,4.816,4.96,5.029,5.069,5.103,5.194,5.218,5.359,5.374,5.638,5.787,6.162,6.242,6.305,6.315,6.373,6.413,6.498,6.525,6.552,6.584,6.775,6.857,6.889,6.938,6.956,6.983,7.09,7.108,7.153,7.157,7.221,7.227,7.367,7.389,7.424,7.485,7.535,7.541,7.583,7.593,7.634,7.684,0.02845165,0.00154577,7.966e-05,0.0002351,0.01611654,0.12173457,0.02703554,0.01509678,0.0481599,0.00065313,0.05426661,0.063453,0.07814977,0.14335027,0.13041473,0.24175363,7.178e-05,0.05838503,0.07585952,0.00427114,9.427e-05,0.08466282,0.23230627,0.00183508,0.00236319,0.13769765,0.02287238,0.05751988,0.01902965,0.00736821,0.00289948,1.207e-05,0.00491902,0.10466382,0.0019391,0.00032827,0.00236299,0.00622778,0.00266979,0.00086795,0.0005827,0.00095902,0.19553159,0.0650475,0.0010073,0.00325134,0.01267905,0.00016455,9.278e-05,0.00013035,-3754431.9999986906,6.375925724564137,0.5381092603358456,1.0751898230349888,0.6054122080257058,2
4541345,4541345,CCS(=O)(=O)N1CCN(C(=NC2CCCCC2)Nc2ccc(CN3C(=O)CCC3=O)cc2)CC1,3.741,3.896,3.908,4.247,4.347,4.365,4.418,4.486,4.57,4.6,4.609,4.646,4.763,4.767,4.903,4.934,5.035,5.063,5.104,5.108,5.159,5.243,5.254,5.314,5.333,5.344,5.399,5.422,5.467,5.532,5.572,5.616,5.627,5.649,5.67,5.743,5.79,5.793,5.799,5.824,5.84,5.86,5.898,5.914,5.921,5.945,5.967,5.985,5.989,6.022,1.43e-06,7.444e-05,0.00021146,0.00327136,0.01404126,0.00146604,0.00020081,0.00023384,9.501e-05,0.011036,0.00017656,2.111e-05,0.04610365,0.02515748,3.69e-05,0.0011125,0.17517164,0.00064834,0.02840319,0.00025724,5.6e-07,0.00036146,0.00021736,2.643e-05,0.0066867,0.00089497,0.00130625,9.976e-05,0.0011929,0.00437949,0.00695642,0.00437504,0.07764699,0.00052905,0.00044586,0.0047001,5.425e-05,3.436e-05,0.00324053,0.00078964,0.0001857,0.04638461,0.00142908,0.12415253,0.08258352,0.00240115,0.00066813,5.23e-05,0.01213673,0.00156991,-704171.9999997527,-1.2282841194450482,-1.4557741626498213,-0.0181799996880786,0.1005100031297739,4
6027163,6027163,CC(C)(C=NNC(=O)c1ccoc1COC(C)(C)C)COCc1ccccc1,3.837,3.871,3.931,4.017,4.17,4.204,4.269,4.392,4.427,4.461,4.505,4.521,4.538,4.572,4.577,4.602,4.607,4.67,4.689,4.705,5.11,5.226,5.247,5.253,5.26,5.327,5.33,5.378,5.482,5.548,5.569,5.583,5.598,5.604,5.635,5.648,5.733,5.821,5.826,5.849,5.907,5.969,6.001,6.007,6.015,6.069,6.163,6.19,6.22,6.222,0.00110989,0.00024755,0.01004358,0.00309756,0.00103269,0.00030742,0.00895054,0.00057814,0.00016705,0.00770756,0.0417416,0.02178974,0.00112346,0.00120259,0.00405515,0.00698359,2.42e-06,0.00554759,0.02239953,0.00309162,0.11438665,0.00338345,0.03367278,0.00063291,0.02014149,9.797e-05,0.00043508,9.254e-05,5.239e-05,0.00133756,0.00055021,0.0010734,0.0165771,0.00105391,0.00088983,0.00145064,0.00484414,0.03668321,0.0015715,0.00380559,0.00390022,0.00054794,0.00045658,6.483e-05,0.01299803,0.00654414,1.703e-05,0.00136398,0.03997551,0.00316842,781645.9999997288,-1.5801342786822945,-0.935420933765868,0.7809592686642656,-0.0058540784676887,4
9143274,9143274,Cc1nccnc1CCNC(=O)C(=O)NC1=NN(C2CCOCC2)N=CC=C1O,1.944,2.376,2.451,2.596,2.724,2.866,2.957,3.1,3.166,3.215,3.362,3.445,3.562,3.588,3.674,3.74,3.761,3.925,3.931,3.996,4.117,4.162,4.186,4.202,4.217,4.28,4.336,4.416,4.432,4.451,4.5,4.554,4.564,4.674,4.686,4.701,4.74,4.769,4.831,4.84,4.914,4.935,4.939,4.963,4.971,5.016,5.044,5.06,5.104,5.174,0.0101032,2.703e-05,0.00011568,0.00070203,0.02746433,0.00084294,1.486e-05,0.00042481,4.54e-06,0.00017134,0.00163072,1.784e-05,0.02190657,0.00081467,0.00010816,0.00391582,0.00794351,4.535e-05,1.672e-05,0.00150489,0.01764012,4.809e-05,8.81e-06,0.00339584,0.00067921,0.0565325,0.01505326,0.00248346,0.0016963,8.955e-05,0.00799504,0.0551724,0.00042904,0.00010521,0.00018257,0.00725851,0.00673331,1.178e-05,0.01401231,0.00535404,0.00105667,0.00235868,1.316e-05,0.00018497,0.05944571,0.07524875,0.00476038,0.06042711,0.03614946,0.00057286,3897756.999998642,-9.030167798489444,1.1567215503310948,0.0071894606151354,0.0768060597925865,1
9612393,9612393,Cc1nn(C)cc1CNCc1cccc(F)c1COC(=O)c1cccn1C,3.896,4.027,4.102,4.126,4.173,4.243,4.341,4.372,4.391,4.524,4.592,4.62,4.633,4.668,4.846,4.87,4.955,5.011,5.022,5.101,5.13,5.174,5.254,5.281,5.314,5.415,5.501,5.524,5.539,5.59,5.663,5.858,5.961,6.025,6.051,6.054,6.061,6.085,6.105,6.176,6.202,6.314,6.331,6.346,6.358,6.379,6.424,6.428,6.447,6.454,0.00226132,0.00082844,0.00145131,0.00363215,0.00068618,0.00026084,0.00033661,3.076e-05,0.0032322,0.00051706,1.03e-06,7.221e-05,7.178e-05,7.804e-05,0.00727153,6.92e-06,0.05904756,0.00772029,0.00958068,0.21638866,0.00123386,0.00991472,0.01066489,0.05522641,0.00272051,0.02010462,0.00142117,0.0017645,2.46e-06,5.8e-07,0.02528603,0.00172023,0.00044885,0.14291843,0.00066586,0.00345485,0.00047289,0.00154664,8.088e-05,0.13580432,0.0001511,0.12029038,0.10822631,0.01588791,9.954e-05,0.07446043,0.04359025,0.20283647,0.0228942,2.293e-05,4366875.999998476,-0.1593733124375457,-0.6169513900376425,0.9977763739088356,0.0325318062958529,1
9787276,9787276,CN1C(F)=CC=CC=C1C(=O)NCCCNCc1nnco1,1.971,2.932,3.124,3.621,3.67,3.769,3.957,4.207,4.364,4.801,4.954,4.964,5.04,5.106,5.161,5.264,5.273,5.345,5.374,5.423,5.559,5.691,5.736,5.878,5.884,5.895,5.932,6.005,6.056,6.105,6.179,6.309,6.341,6.394,6.432,6.469,6.476,6.493,6.562,6.579,6.602,6.628,6.674,6.684,6.727,6.739,6.805,6.981,6.983,7.015,0.00673106,0.00418436,0.0001441,0.00086222,0.0012107,1.542e-05,3.84e-06,0.03079489,4.2e-07,9.8e-07,0.00076435,0.07170927,1.108e-05,0.01786981,0.00431836,0.00476803,0.03525581,0.00029716,0.00158014,0.0206705,0.00092398,0.00948115,0.00053662,0.00012091,2.345e-05,3.771e-05,0.00519974,5.048e-05,0.00754616,0.00045592,0.02712429,0.19884984,0.05140025,0.07629475,0.04283384,0.01560276,0.18247129,0.01222666,0.15133006,0.00010304,2.39e-06,1.037e-05,0.04484731,0.00512227,0.00059809,3.028e-05,0.12156664,0.00098097,0.01094776,0.02086474,4541758.999998417,1.8005407627492662,2.0237692125150515,-0.6829756848605589,-0.2719026002404275,1
4319460,4319460,Cc1cc(C)n(N)c1SCc1nc(Cc2conc2C)no1,4.011,4.315,4.322,4.676,4.846,4.932,5.172,5.264,5.318,5.392,5.489,5.52,5.573,5.639,5.803,5.877,5.935,5.943,6.014,6.026,6.044,6.159,6.239,6.249,6.325,6.366,6.392,6.433,6.447,6.476,6.479,6.486,6.57,6.615,6.63,6.653,6.662,6.739,6.746,6.814,6.825,6.85,6.885,6.975,7.002,7.02,7.031,7.037,7.069,7.135,0.06624426,0.00347051,0.02729515,0.00098713,0.00174367,0.00449487,8.741e-05,0.08828734,7.134e-05,5.972e-05,0.0148232,0.00488473,0.05050172,0.06144434,0.00028489,0.05197818,0.02099096,0.00014552,0.07377316,0.00752253,0.00746027,0.02381109,0.01107663,0.02857881,0.01368689,0.01485746,0.04017746,0.00494251,0.01979366,0.00429188,0.0097706,0.00423904,0.00507537,0.06452286,0.02262534,0.00295259,0.0364083,0.00198731,0.00033606,0.00170531,0.08964684,0.00269548,0.00588504,0.05346697,0.03660719,0.01188897,0.00437405,0.00083917,0.02613347,0.05743921,-926056.999999678,5.105716610570848,-1.1238626432624663,-0.4155926491323746,0.0080902417162894,4
6197106,6197106,COCC1(CNC(=O)N2CC(C)(C)c3ccc(N)cc32)CCOCC1,4.413,4.513,4.778,4.929,4.943,5.055,5.184,5.212,5.253,5.57,5.649,5.681,6.045,6.115,6.398,6.409,6.435,6.473,6.513,6.676,6.712,6.757,6.86,6.91,6.917,6.958,6.968,7.113,7.143,7.204,7.262,7.315,7.374,7.385,7.424,7.493,7.593,7.631,7.678,7.694,7.76,7.814,7.816,7.828,7.838,7.917,7.925,8.028,8.038,8.096,0.08997935,4.376e-05,0.00115779,0.10192563,0.00325991,0.054259,0.02543538,0.00357061,0.01311164,0.00588659,0.31842371,0.23809448,0.00790216,0.05647118,0.00861919,0.0143705,0.00345879,0.00508043,0.00404528,0.0010602,0.0001407,0.00823219,0.0078025,0.02860684,0.04500529,0.16788337,0.04285459,0.0009621,0.00027427,0.0526847,0.00856121,0.0043832,0.00209861,0.00174458,0.02006202,0.04853471,0.00065345,0.10711119,1.395e-05,0.00281545,0.00096304,0.00201976,0.00268138,0.00017138,0.0047336,0.00093868,0.00060275,0.04513086,0.00822318,0.00066782,951588.9999996604,9.604284743258118,0.0528749222473853,0.2270609638744433,0.5566369359521515,4
9656326,9656326,CCON(CC)CC(=O)N1CCN(c2nnc(-c3ccc(F)cc3OC)n2Cc2ncn(C)n2)CC1,3.34,3.391,3.676,3.726,3.778,3.894,4.041,4.043,4.089,4.156,4.216,4.26,4.408,4.449,4.527,4.587,4.666,4.768,4.813,4.84,4.908,4.93,4.955,4.966,5.003,5.089,5.135,5.148,5.149,5.217,5.237,5.264,5.286,5.29,5.327,5.352,5.42,5.442,5.505,5.515,5.54,5.563,5.607,5.616,5.638,5.655,5.687,5.791,5.801,5.805,0.00637858,0.0029038,1.46e-05,0.0138212,0.03391631,9.3e-07,0.00011868,0.00035216,0.00249978,0.00034048,0.00364855,2.95e-06,0.00060529,6.15e-06,0.00377445,0.00752547,1.2e-07,0.00068739,5.453e-05,0.01939129,0.00088627,0.00120485,0.02358872,3.387e-05,0.0021756,0.00639926,0.00257006,0.0003812,0.00106398,0.00385098,0.00292013,0.00638185,0.00214246,0.00062003,0.05163344,0.000192,7.383e-05,0.00535132,0.00040526,0.00022063,0.00464676,0.0508613,0.02708435,0.01183768,1.14e-05,0.00022312,0.08436683,0.00837957,0.00011665,7.2e-06,4410808.999998461,-3.5373027610879597,-0.7469919907138983,0.0080456833679116,0.2087964605834473,1
6146229,6146229,COc1cccc2[nH]cc(NS(=O)(=O)C3CCN(c4ccccc4C#N)C3)c12,2.436,3.052,3.446,3.573,3.672,3.851,4.163,4.186,4.241,4.284,4.305,4.529,4.73,4.84,4.915,5.131,5.146,5.162,5.197,5.203,5.284,5.345,5.387,5.396,5.446,5.473,5.488,5.581,5.644,5.75,5.773,5.781,5.783,5.821,5.885,5.955,5.964,5.996,6.003,6.074,6.104,6.11,6.122,6.142,6.153,6.203,6.204,6.214,6.26,6.284,6.899e-05,0.00017736,0.03533465,0.00066961,0.00012438,0.08273495,0.11118117,0.00071254,0.00037467,0.02091391,0.13288368,0.01308173,0.00039097,0.00304983,0.05057421,0.00106114,0.0052943,0.00084094,0.18531597,0.0120473,0.06724989,0.00148682,0.00036882,2.989e-05,0.18055008,0.06710542,0.00016082,5.71e-06,1.354e-05,0.00100977,0.01206397,0.00128029,0.00669532,0.01020024,8.235e-05,0.00333065,0.28215327,0.00375516,3.663e-05,0.01029282,0.00010632,0.06878199,0.03167602,0.01075252,0.05160006,0.00025257,0.04539217,0.13261097,2.803e-05,0.03336886,900711.9999996835,-0.8800506585167046,0.7274533540607427,-0.6112468053230575,0.0582094494171826,4
9871199,9871199,CN=S(=O)(Oc1ccc(C=O)c(F)c1F)c1ccc(NC(C)=O)cc1F,2.855,3.179,3.231,3.448,3.531,3.64,3.733,3.749,3.798,3.84,4.0,4.072,4.1,4.133,4.174,4.34,4.361,4.378,4.436,4.446,4.537,4.586,4.635,4.673,4.694,4.724,4.888,4.958,4.973,5.06,5.169,5.192,5.251,5.286,5.309,5.344,5.35,5.423,5.512,5.523,5.554,5.586,5.592,5.633,5.658,5.694,5.753,5.784,5.791,5.812,0.00639463,2.375e-05,0.01290354,0.00045514,0.00015003,0.00182016,6.691e-05,0.00438255,1.267e-05,0.00183386,0.00366445,0.00016849,0.04473558,0.02587212,8.613e-05,0.00022667,0.00208309,0.00366475,0.0519908,0.05461959,0.00331006,0.15786696,0.01607154,0.01315721,0.00526642,0.0207083,0.1600862,0.00191379,0.00277639,0.00355059,0.00425419,0.01361497,0.10124484,0.00012657,0.03953162,0.02711343,0.02990968,0.00078464,0.00074607,4.496e-05,0.00032938,0.0039559,0.00344802,0.00078753,0.00617695,0.01312329,0.0024269,0.01359062,0.00069334,0.1823967,4625681.999998387,-4.696037273222336,0.2175584432604546,0.5743018906134526,-0.1603451109924688,1
4352985,4352985,OCC1CCCC(N(CCCF)CCN2CC2)CC1,8.755,9.636,9.79,10.696,10.846,10.949,11.024,11.143,11.151,11.157,11.299,11.361,11.44,11.585,11.725,11.732,11.837,11.856,11.875,11.925,12.092,12.178,12.212,12.222,12.359,12.413,12.453,12.468,12.545,12.572,12.688,12.729,12.742,12.775,12.779,12.825,12.871,12.892,12.913,12.956,13.017,13.11,13.111,13.127,13.208,13.222,13.23,13.288,13.335,13.36,0.00428144,0.02000605,4.474e-05,0.00086813,0.005344,0.02330977,0.03820801,0.00482905,0.00051136,0.03424336,0.02212814,0.01995351,0.00643039,0.01683429,0.03241722,0.02180769,0.00222442,0.08111826,0.00071722,0.02642794,0.0165999,0.01434398,0.0886872,0.08696831,0.02187832,0.03847439,0.00533739,0.00125274,0.01324466,0.00615316,0.02406359,0.01141872,0.02168064,0.01937857,0.0190423,0.00931743,0.00810227,0.00623155,0.0005959,0.01199265,0.01181076,0.0143853,0.01925045,0.01792273,0.03742795,0.01212706,0.00245575,0.00186397,0.02739783,0.00110596,-892531.9999997164,47.32735863909476,-5.6009853741519535,-0.8900297820093647,-0.3418954794323993,4
2999483,2999483,N#CC1(CS(=O)(=O)NC(=O)C2N=C(c3cccc(OCc4ccccc4)c3)CN2)CCC1,2.877,3.22,3.607,3.647,3.671,3.804,3.877,4.024,4.238,4.244,4.265,4.275,4.332,4.458,4.463,4.619,4.681,4.686,4.721,4.744,4.809,4.868,4.989,5.045,5.085,5.099,5.133,5.141,5.178,5.208,5.22,5.252,5.264,5.266,5.31,5.335,5.37,5.375,5.386,5.396,5.421,5.456,5.495,5.567,5.576,5.591,5.612,5.615,5.628,5.651,0.07172994,0.0201957,5.57e-06,4.841e-05,0.02877802,0.00343773,0.03879392,0.00198992,0.00099529,0.00419054,0.008047,0.00108628,0.00421555,0.00010169,0.01132282,0.00041093,0.00086758,0.02230161,4.506e-05,0.00931433,0.06519727,2.1e-07,0.00570209,0.00010843,6.697e-05,0.00148842,0.01094505,0.00149482,0.00030808,0.0244783,0.04541286,0.04170826,0.08122811,0.04299626,0.27611477,0.00168266,0.00469461,6.24e-06,0.0015469,0.04900182,0.00251471,0.01355184,0.00666767,0.00462644,0.00278411,0.01354668,0.01043292,0.0038609,0.00035912,0.00192897,-2246033.9999992163,-3.9070325389600096,-0.5688689092090649,-0.3963906998942741,0.1217291570321008,0
660191,660191,CNc1c(C)cccc1C1(c2noc(CCn3ncn(C)c3=O)n2)CCOCC1,3.797,3.866,4.091,4.124,4.25,4.302,4.345,4.423,4.492,4.552,4.634,4.736,4.745,4.769,4.888,4.951,4.987,5.233,5.405,5.426,5.451,5.471,5.473,5.608,5.633,5.641,5.702,5.795,5.811,5.827,5.903,5.926,5.929,5.952,5.968,6.018,6.051,6.08,6.094,6.123,6.234,6.272,6.289,6.3,6.324,6.355,6.384,6.394,6.425,6.457,0.00408889,0.00459258,2.661e-05,0.00112216,3.79e-05,0.00109521,0.02222212,2.72e-06,0.00028393,2.36e-06,0.00117822,0.0423538,0.00030558,0.00331514,0.02221037,0.00036782,0.06789374,0.00522361,0.00167281,0.01874855,0.00244707,0.00115636,5.025e-05,0.00950836,0.01213462,0.00122412,3.999e-05,0.00783121,0.00259847,0.03723447,0.01012191,0.02111006,0.00269236,0.01979482,0.00156173,4.092e-05,0.00150834,0.00323241,0.00051586,5.489e-05,0.02306339,0.00012919,0.00182739,0.04677302,0.14592766,0.03817453,0.11873729,0.04833014,0.10403257,7.504e-05,-4585325.9999984,0.3912912799036573,-0.6270226237446684,0.3498459228219463,0.4191693711295632,2
1315165,1315165,CN(C(=O)C1CCC(O)CC1)C1CCC(NC(=O)COC(C)(C)C)CC1,5.013,5.164,5.273,5.413,5.487,6.071,6.18,6.26,6.321,6.364,6.653,6.913,6.992,7.136,7.155,7.261,7.353,7.443,7.472,7.533,7.574,7.688,7.71,7.764,7.79,7.96,8.044,8.075,8.159,8.188,8.249,8.263,8.303,8.307,8.403,8.406,8.434,8.485,8.487,8.524,8.584,8.593,8.662,8.679,8.723,8.743,8.76,8.781,8.807,8.832,1.47e-06,0.00092934,9.696e-05,0.00011074,0.00048975,0.00239012,8.405e-05,0.01421859,0.00137449,0.00043282,0.26823115,0.09817896,0.01980322,0.02052812,0.01193748,0.0088003,0.00315973,0.00427868,0.00114003,0.00083658,0.0002441,0.00836445,0.04379183,0.0160615,0.01080934,0.0139283,0.00166513,0.00077321,0.00224329,0.00472496,0.0015896,0.00197772,0.00098086,0.01582418,1.515e-05,0.00190945,0.00687493,0.00213236,0.00833358,0.00235177,0.00157169,0.00184716,0.02844114,0.00145076,0.00446531,0.00118831,0.00080507,0.01543403,0.03019876,0.00719218,-3930351.999998634,15.759577980307611,-0.5376933844635226,-0.4348020808610863,0.4776981622143629,2
585549,585549,O=C(Nc1nc(CN2CCC(O)CC2)cs1)c1cc(NCc2ccccc2)nc2ccccc12,2.115,2.665,3.069,3.101,3.118,3.211,3.303,3.36,3.593,3.605,3.61,3.626,3.727,3.807,3.823,3.836,3.949,4.053,4.064,4.07,4.095,4.154,4.167,4.202,4.241,4.257,4.346,4.347,4.363,4.547,4.558,4.573,4.578,4.606,4.621,4.624,4.638,4.714,4.727,4.731,4.8,4.802,4.819,4.819,4.851,4.87,4.896,4.914,4.916,4.984,0.00012379,0.03281379,4.983e-05,8e-08,1e-08,0.09648532,0.00071133,8.15e-06,5.108e-05,9.67e-06,9.43e-06,0.00010788,0.00030608,0.00171195,0.00039819,0.00164522,0.03372692,2.864e-05,0.00283205,7.074e-05,0.00628665,0.00551089,0.00086943,6.124e-05,0.12960044,0.01912501,0.0,1.983e-05,1.4e-07,6.037e-05,0.00011036,0.00164589,0.01653527,3.062e-05,7.055e-05,0.000128,1.437e-05,4.2e-06,0.00308773,5.78e-06,0.03948992,7.74e-06,0.00036291,0.02282747,5.62e-06,0.04752106,0.0014856,0.00067124,0.00225343,0.0098975,-4659967.999998372,-8.74770469141636,-0.1331065404644605,-0.2559894409573105,-0.1513942413904571,2
4328974,4328974,COc1ccc(N(CCO)c2nnnn2Cc2ccc(CF)cc2)cc1F,3.06,3.156,3.62,3.955,4.051,4.194,4.374,4.468,4.494,4.56,4.587,4.62,4.655,4.732,4.751,4.8,4.859,4.873,4.88,4.922,4.972,5.09,5.108,5.117,5.146,5.267,5.271,5.3,5.335,5.356,5.395,5.532,5.601,5.622,5.626,5.662,5.676,5.716,5.72,5.757,5.844,5.856,5.914,5.932,5.934,5.997,5.999,6.031,6.034,6.052,0.00021977,0.00036685,0.02554713,0.00064234,0.00063806,0.21602667,0.00052443,0.00011388,0.00191645,0.00084719,0.00115025,0.05538908,0.00033539,0.0010669,0.01752833,0.01322257,0.00133002,0.00029188,0.0027478,0.00041424,0.00022099,0.03964376,0.01727862,0.00125248,0.0046366,0.01081896,0.00523454,0.0008483,0.0039402,0.01772092,0.05276513,0.0042656,0.01149933,0.00131773,0.00185562,0.00031534,0.00682089,0.00077478,0.00625667,0.00023065,0.0018614,0.09329204,0.01159289,0.02454519,0.00012682,0.0197466,0.00911291,0.00398585,0.00698732,0.01079788,-916542.9999996796,-1.9513079216948876,-0.6006497334125239,-0.2319663245007351,-0.549344024765958,4
7769945,7769945,CCN1CCN(C2CCN(Cc3nnc(-c4cnccn4)n3CC(F)(F)F)CC2)C1=O,2.646,2.912,2.958,3.033,3.172,3.349,3.439,3.484,3.559,3.781,3.875,3.993,4.306,4.364,4.837,4.856,4.878,5.022,5.104,5.15,5.176,5.225,5.237,5.307,5.318,5.384,5.474,5.477,5.541,5.548,5.569,5.7,5.74,5.764,5.786,5.802,5.84,5.861,5.928,5.973,6.004,6.065,6.082,6.093,6.168,6.174,6.184,6.232,6.308,6.321,1.44e-06,6.25e-05,0.00012455,8.346e-05,2.7e-07,0.00015562,1.169e-05,2.14e-05,1.268e-05,0.00024186,3.385e-05,0.20464817,0.00872908,0.26997807,2.47e-06,0.00056872,0.00919218,0.00245653,6.226e-05,0.00013726,0.04361071,0.00022699,0.00073212,0.00425533,0.0049731,0.00013729,8.4e-07,7.72e-06,0.00047735,0.00069139,0.00063753,0.01879964,5.251e-05,0.00074304,0.00010908,0.00059556,0.00027351,8.232e-05,0.00088902,9.764e-05,3.26e-06,0.00022126,3.824e-05,0.00073772,0.00199776,0.02524891,0.0719016,2.226e-05,0.00355581,0.00031637,2524427.999999118,-2.1025669251594,1.8326712083649348,-0.0668468305102098,0.8920558908788964,3
402700,402700,CCCN1CCN(c2ccccc2C=CC(=O)COc2ccc(C#N)cc2F)CC1,2.273,2.574,2.782,3.097,3.332,3.393,3.491,3.674,3.788,3.808,3.911,3.958,4.066,4.075,4.116,4.123,4.229,4.379,4.528,4.579,4.633,4.719,4.75,4.78,4.828,4.88,4.938,4.956,5.037,5.11,5.115,5.188,5.226,5.23,5.292,5.356,5.365,5.392,5.402,5.43,5.481,5.527,5.551,5.561,5.607,5.696,5.702,5.713,5.715,5.728,0.00011144,0.00352884,7.74e-06,7.107e-05,0.00033781,1.988e-05,1.87e-06,0.00720417,3.555e-05,0.06006828,0.00130183,0.02452376,0.01993347,0.00115489,0.00051197,0.00801181,0.00436148,0.00233546,0.08425205,0.21554901,0.00729543,0.0020396,0.00087952,0.00079849,0.08258563,0.00073886,0.0022813,0.01604275,0.00014512,0.01804735,0.05525853,0.00101306,0.00013808,0.00036248,0.00243901,0.04163263,0.00182792,0.00281037,0.00257508,0.00028892,0.00857237,0.0004129,0.11255144,0.08193521,0.00181217,0.00186078,0.02782044,0.00051651,0.01587663,0.05372562,-4842816.99999831,-5.058806081005368,1.056853631588741,-0.0543971605253833,-0.1032538512456478,2
6207860,6207860,Cc1cn(CCc2ccccc2)nc1COC(=O)Cn1cc(C(N)=O)c2ccccc21,3.287,3.565,3.627,3.96,4.005,4.022,4.179,4.297,4.339,4.433,4.454,4.499,4.516,4.532,4.561,4.565,4.567,4.652,4.696,4.701,4.732,4.763,4.806,4.828,4.867,4.898,4.96,4.962,5.009,5.152,5.167,5.208,5.229,5.243,5.271,5.364,5.39,5.447,5.471,5.48,5.502,5.508,5.532,5.552,5.563,5.578,5.591,5.627,5.653,5.665,0.00014021,1.2e-07,3.2e-07,3.9e-06,0.0554864,0.00064267,0.00199561,0.00056239,0.00011537,0.0023524,0.00014675,8.1e-07,0.00066416,0.00679763,0.00038293,0.00223772,0.00786892,0.00066368,0.00515913,4.51e-06,0.00172565,1.48e-05,0.00037806,1.694e-05,0.00018109,0.00017093,2.836e-05,1.34e-05,4.67e-06,0.0572573,0.00159951,0.0459282,0.00053182,0.00137712,0.00123623,0.00013988,0.11099248,0.00021471,0.00041305,0.04772939,0.00157642,0.00014244,0.00058357,2.39e-06,0.00615316,0.01704343,0.0026529,0.00022548,1.992e-05,0.0850175,962342.9999996664,-3.767679926603779,-1.3267870501689374,-0.0462982440229827,-0.3620105294027095,4
3161376,3161376,Cn1cnnc1CNCC=CCNC(=O)C1=CC2=CNC2=N1,1.501,1.832,2.226,2.247,2.285,2.311,2.972,2.991,3.176,3.497,3.726,3.879,3.893,4.104,4.257,4.381,4.5,4.6,4.654,4.656,4.669,4.712,4.816,4.834,5.004,5.039,5.04,5.067,5.078,5.118,5.308,5.324,5.346,5.407,5.47,5.534,5.624,5.639,5.668,5.682,5.722,5.722,5.724,5.729,5.748,5.826,5.868,5.933,6.035,6.176,1.652e-05,0.03335098,0.00525549,1.53e-06,8.197e-05,2.44e-06,5.7e-07,0.0,1.6e-07,2.216e-05,0.02953528,0.01914806,0.00031477,0.00487827,4.436e-05,0.00783595,0.00076182,0.00021511,0.01004748,0.00551325,0.00719825,0.05402736,0.00107907,0.13445099,1.6e-07,0.00976318,0.0045879,4.32e-06,3.645e-05,8e-08,0.00116478,1.088e-05,0.00014426,0.15567972,0.11315478,0.00214485,0.02796855,0.02371016,1.638e-05,3.09e-05,1.64e-06,6e-08,0.00269015,2.274e-05,5e-08,1.076e-05,0.00046941,1.87e-06,0.00315551,4.717e-05,-2084140.9999992747,-4.945097625152483,3.4072249987303422,-0.5286882890245973,0.4411140260725696,0
3379329,3379329,COC(=O)OC(Cn1nnnc1NCCO)c1ccccc1,3.474,3.532,4.167,4.23,4.267,4.331,4.41,4.474,4.565,4.609,4.884,4.943,5.001,5.065,5.261,5.333,5.433,5.614,5.652,5.698,5.756,5.757,5.873,5.884,5.945,5.99,6.008,6.036,6.099,6.106,6.169,6.2,6.262,6.298,6.362,6.386,6.538,6.574,6.591,6.614,6.676,6.681,6.706,6.778,6.793,6.904,6.923,6.925,6.934,7.038,0.0033899,0.00013308,0.00039159,0.00014946,0.00040276,9.52e-06,0.0004285,3.469e-05,0.02505666,0.00036312,0.00473223,0.00015346,0.00022169,9.79e-06,0.00048772,0.01316278,0.00054006,0.06635392,0.01378011,0.00255085,0.00086671,0.00052659,0.00571192,0.00076587,0.00037861,0.00119649,0.00202913,0.00175984,0.00134767,0.00011374,0.00024657,0.00319736,0.00140867,0.00061286,0.0005015,0.04289395,0.20840186,0.00928484,0.00399922,0.05272595,0.12273512,0.11829778,0.21402989,0.0011005,0.17943577,0.0471891,0.00428739,0.01989273,0.07750256,0.0116709,-1866187.9999993488,2.646804677377724,0.3032772819849418,0.20001473261238,0.2206707513641996,0
3617101,3617101,CC(F)(CNC(=O)c1sccc1C(F)F)c1ccc(F)cc1F,2.984,3.572,3.651,3.934,4.08,4.114,4.479,4.576,4.601,4.648,4.869,4.938,4.94,4.969,4.987,5.119,5.252,5.331,5.376,5.475,5.572,5.595,5.711,5.831,5.899,5.916,5.942,5.995,6.018,6.062,6.067,6.162,6.172,6.195,6.204,6.22,6.263,6.392,6.431,6.444,6.486,6.49,6.511,6.533,6.547,6.565,6.607,6.618,6.628,6.652,0.00110778,0.00012822,0.01641319,0.00015776,0.0014728,0.00571388,0.01319155,0.00228093,0.00370751,0.1653737,0.05107236,0.00292135,0.00654905,0.00107658,0.04250275,4.593e-05,0.00617742,5.561e-05,0.00254423,0.0244067,0.00010128,0.01333527,0.00091202,0.00385495,0.00023216,0.00015868,0.00731675,0.00087869,0.00561869,0.01121937,0.0182696,0.0859168,0.03376653,0.02071514,0.00098659,0.00193972,0.00129785,0.03568063,0.10615788,0.00408213,0.00086985,0.00377708,0.00561403,0.00343998,0.01048895,0.02140406,0.08430555,0.0084444,0.02619472,0.17341607,-1628415.9999994328,1.4943593550588763,0.400378343797571,-0.2162840652948385,0.0705786337592627,0
9675039,9675039,CCc1nc(COc2c(F)cc(F)cc2C=O)cs1,2.959,3.039,3.614,3.64,4.002,4.126,4.171,4.375,4.439,4.464,4.77,4.798,4.811,4.918,5.035,5.085,5.179,5.249,5.321,5.43,5.445,5.457,5.464,5.527,5.632,5.692,5.741,5.761,5.867,5.95,6.057,6.067,6.107,6.126,6.151,6.249,6.345,6.359,6.455,6.475,6.496,6.504,6.522,6.581,6.597,6.609,6.617,6.664,6.684,6.732,0.00049966,0.00047089,0.00753353,0.05412102,0.00967251,0.00033817,0.01480637,0.00015787,0.0018616,0.00375873,0.00733218,0.07293436,0.04074262,0.00152525,0.00039713,9.18e-05,0.04115126,0.11065438,0.0016122,0.04192071,0.00900901,0.00763149,0.00059181,9.547e-05,0.02064359,0.04649694,0.00510003,0.04831309,0.10137612,0.00860612,0.06716975,0.05065648,0.00024727,0.00403003,0.01453288,0.00096143,0.0719545,0.03539917,0.00482463,0.00236498,0.00493864,0.00027098,0.07581688,0.07909042,0.00059054,0.00183888,0.01118758,0.15638595,0.00825774,0.01347257,4429521.999998454,0.9652145005048456,0.9117766500109076,-0.0216124038596358,-0.164699763442255,1
8152685,8152685,CCOc1ccccc1CCNCc1coc(S(C)(=O)=NC)c1,4.024,4.034,4.118,4.291,4.487,4.541,4.669,4.852,4.912,4.987,4.988,5.171,5.276,5.412,5.514,5.593,5.595,5.624,5.682,5.775,5.815,5.89,5.948,6.002,6.097,6.151,6.164,6.17,6.219,6.265,6.304,6.394,6.41,6.426,6.427,6.475,6.479,6.524,6.637,6.649,6.728,6.745,6.826,6.877,6.898,6.987,7.039,7.062,7.085,7.087,0.02687127,0.00786205,2.31e-05,0.00111363,0.02165791,1.449e-05,0.03421109,0.01424402,0.0077999,0.00011105,3.865e-05,3.539e-05,0.06102008,9.08e-06,0.08095522,0.00925208,2.412e-05,0.02446614,5.476e-05,0.00106842,0.02190352,0.00327355,0.00083676,0.0002877,0.04840126,0.10621236,0.10997226,0.0018008,1.202e-05,0.10264683,0.02161671,0.11770983,0.03644526,0.00176011,0.01004423,0.00026478,0.00807859,0.00127486,0.00026906,0.00592658,0.02934111,0.00026874,0.00474893,0.258091,0.00307158,0.00376503,0.00935124,0.00094848,0.01005616,0.02469778,2907167.999998984,3.634941194412419,-0.3762671421429571,0.155684720896247,0.1904457038647467,3
3429569,3429569,CCc1cc(CCCOC(=O)Cn2c(=O)[nH]c3ccccc32)ccc1F,3.739,4.148,4.192,4.234,4.245,4.527,4.539,4.553,4.644,4.666,4.74,4.783,4.904,4.948,5.001,5.065,5.161,5.221,5.235,5.4,5.419,5.451,5.468,5.483,5.489,5.599,5.759,5.869,5.872,5.882,5.887,5.891,5.926,6.032,6.135,6.152,6.16,6.265,6.278,6.28,6.296,6.349,6.394,6.406,6.416,6.437,6.455,6.474,6.501,6.512,1.57e-06,0.000507,0.09896473,1.74e-06,0.00029865,0.00055837,8.115e-05,0.02227419,2.22e-06,0.00015488,0.05351235,0.0002247,0.04655817,7.267e-05,0.00076242,6.099e-05,0.00048358,0.00022511,0.03489541,0.01347754,0.00930216,0.0037363,0.00069359,0.00032273,0.00324928,0.08123528,0.00017349,0.00084725,0.06082991,0.00693976,7.97e-05,0.03435371,0.00039732,0.00046352,0.00221005,0.00279206,0.00012781,0.03149599,0.00021928,0.00348906,0.00064511,0.36457099,0.00354063,0.00025793,0.03694448,0.34324624,0.00465702,0.11728788,0.12666617,0.20447166,-1815947.999999368,0.8802373832959084,-0.8054529061838098,0.4836419156229553,0.098885644820487,0
3978757,3978757,CCCCS(=O)(=O)NC1=CC=C(NC(=O)NCC(F)F)CC1,3.539,3.938,4.324,4.931,5.066,5.226,5.551,5.7,5.864,5.942,6.133,6.276,6.305,6.575,6.628,6.647,6.676,6.733,6.749,6.868,6.928,6.952,7.057,7.107,7.18,7.22,7.239,7.259,7.278,7.347,7.362,7.37,7.395,7.516,7.553,7.554,7.626,7.673,7.697,7.749,7.802,7.864,7.869,7.906,7.926,8.016,8.048,8.101,8.122,8.133,0.19112801,0.37960042,0.00172077,6.41e-06,0.00040272,0.0115393,0.02234415,0.02391456,0.0113774,0.00833178,0.08087166,0.02898415,0.00285919,0.03014351,0.00121279,0.00465565,0.01448654,0.09906046,0.0133395,0.00198458,0.01087371,0.04226753,0.01031311,0.04322066,0.00652025,0.02250297,0.00354031,0.00747808,0.00647131,0.00440989,0.00128542,6.454e-05,0.02920944,0.00684679,0.08425963,0.06343762,0.00651024,0.02205064,0.00306659,0.04741515,0.00218471,0.00089421,0.00200014,0.03571383,0.00281909,0.0137365,0.00958823,0.00011039,0.00724513,0.01136933,-1266759.9999995606,10.602091275123705,0.2792107940915432,-1.143320913015833,-0.2949610276247168,0
10087994,10087994,Cc1cc(N(C)C)ccc1NC(=O)C(=O)N(C)CCCOc1ccc(F)cn1,2.658,3.062,3.216,3.327,3.753,3.85,3.913,3.959,4.009,4.157,4.226,4.295,4.395,4.445,4.489,4.575,4.63,4.667,4.695,4.723,4.75,4.813,4.835,4.9,5.059,5.232,5.258,5.321,5.333,5.415,5.42,5.473,5.49,5.557,5.563,5.584,5.686,5.805,5.865,5.881,5.911,5.934,5.983,6.025,6.094,6.152,6.157,6.201,6.215,6.217,1.088e-05,1.006e-05,0.20449785,0.00407096,2.224e-05,0.02206017,0.00809306,0.00133252,0.00071811,6.751e-05,6.78e-06,0.04401982,3.21e-06,0.01048132,0.0003125,3.934e-05,0.02690078,0.06110186,0.01055709,0.02925902,0.03951896,0.00663318,0.16004729,0.03969359,0.0032083,0.01130854,1.5e-07,1.048e-05,0.0019576,0.00109353,1.787e-05,0.05741044,3.565e-05,0.02523063,0.02751072,0.00219531,3.237e-05,0.00199111,0.03228746,0.07246926,0.01903217,0.00125328,0.00399796,0.33363053,0.00074692,0.0013062,0.00331693,0.01359037,0.00448135,0.01924805,4842476.999998311,-2.6507059508434625,0.7493990377618659,0.3510734878706518,-0.4229464316628961,1
437651,437651,O=C(Nc1cc(C2CCOCC2)[nH]n1)c1ccccc1Nc1c[nH]c(S)n1,3.109,3.595,3.765,4.119,4.149,4.294,4.339,4.347,4.366,4.402,4.735,4.881,4.89,4.895,4.985,5.04,5.049,5.086,5.119,5.178,5.198,5.351,5.379,5.446,5.491,5.508,5.545,5.551,5.606,5.639,5.741,5.751,5.827,5.89,5.909,5.933,5.948,5.998,6.005,6.034,6.055,6.109,6.125,6.162,6.188,6.24,6.267,6.279,6.308,6.346,0.07595559,0.00089162,0.08443835,0.26549488,0.00045507,0.03017518,0.00201511,0.00850832,0.03112545,0.00543153,0.03843586,0.00533399,0.00213248,1.99e-05,4.126e-05,0.01133008,0.00101005,0.05831417,0.002052,0.02047369,0.00093839,0.0003512,0.00187179,0.27842568,0.02018733,0.01463545,0.00710788,0.00939272,1.52e-05,0.02170966,0.04011974,0.05171681,0.00012377,0.15977213,0.03308704,0.0420457,0.01152379,0.00016219,0.00086271,0.03007785,0.01309729,0.10673214,0.00073079,0.00975304,0.05463666,0.01413316,0.0046771,0.01732298,0.02625789,0.00389521,-4807865.999998321,-0.396732954007293,-0.3991534578710717,-0.1356626594127286,-0.1099859423936186,2
8820654,8820654,CC1CCC(C)(C(O)NCCN(C)CC(=O)Nc2ccccc2SCC#N)CC1,3.486,3.764,3.916,4.022,4.194,4.266,4.3,4.403,4.546,4.625,4.84,4.86,4.921,4.975,5.03,5.076,5.13,5.23,5.252,5.353,5.46,5.503,5.562,5.585,5.637,5.656,5.746,5.763,5.795,5.818,5.851,5.856,5.863,5.926,5.928,5.968,6.011,6.023,6.082,6.131,6.159,6.185,6.206,6.234,6.297,6.345,6.357,6.366,6.382,6.395,6.198e-05,0.00019768,2.008e-05,0.00021488,5.977e-05,0.00214074,0.00018772,0.05771395,0.00142866,0.00120079,0.09355317,0.07892769,0.03440277,0.00447993,1.046e-05,0.00174169,0.00099497,0.0010874,0.00067522,1.704e-05,0.00133965,0.09303527,0.0042358,0.00039763,0.05474139,0.00075136,6.968e-05,0.00080956,0.14339394,0.01848163,0.00148968,0.0029714,0.00013963,8.4e-07,0.00015845,0.0191071,0.00273309,0.00015855,0.00998601,0.00018166,0.01000165,0.01431266,0.00012374,0.01201777,0.02900597,0.00074873,1.214e-05,0.0029856,0.00254335,0.00011584,3575136.999998754,0.3131101996792132,-0.550758748644051,-0.1454057367308124,0.2309357262558008,1
9239801,9239801,CN=C(c1ccccc1S(C)(=O)=O)N1CCC(Oc2ccc(OC)cc2)c2ccccc2C1,2.962,2.987,3.291,3.318,3.47,3.492,3.514,3.543,3.611,3.755,3.943,4.091,4.138,4.181,4.185,4.36,4.503,4.51,4.537,4.573,4.589,4.732,4.743,4.756,4.814,4.865,4.887,4.918,4.927,4.989,5.008,5.01,5.036,5.055,5.059,5.073,5.097,5.121,5.155,5.178,5.189,5.233,5.25,5.258,5.33,5.337,5.344,5.352,5.36,5.379,6.658e-05,0.00013653,0.00014872,0.00079829,0.00054243,0.00074017,0.00079764,0.00372518,0.00534337,0.00011539,0.00646874,5.648e-05,8.57e-06,0.00028671,0.03659186,3.53e-06,0.00105735,0.00030589,0.00039892,5.135e-05,0.00129994,0.01758051,0.00399131,0.0024917,0.00013117,0.00012931,0.00491974,0.00063219,0.00028013,4.906e-05,0.0002827,0.00381776,1.527e-05,0.00584609,0.00252649,0.00355499,0.0006165,0.00401682,0.23137801,0.00228854,0.00496895,0.00283808,0.00147652,1.169e-05,0.00150628,0.00023446,0.01039059,0.0033834,0.0011813,6.504e-05,3994283.999998607,-5.686602399701135,-0.2558247201970319,-0.2607735652680754,0.5538960254274758,1
9285600,9285600,CC(Cc1ccccc1)NCCOc1ccc(CF)cc1,4.223,4.257,4.373,4.462,4.552,4.589,4.816,5.167,5.254,5.29,5.308,5.408,5.442,5.61,5.628,5.751,5.826,5.871,5.905,5.947,5.958,5.992,6.054,6.098,6.124,6.132,6.165,6.199,6.263,6.269,6.273,6.307,6.341,6.343,6.351,6.379,6.406,6.47,6.501,6.503,6.517,6.549,6.59,6.594,6.63,6.645,6.678,6.709,6.741,6.785,5.307e-05,0.00018082,4.191e-05,0.00381743,0.07118803,0.03649943,0.00034766,3.445e-05,0.17577175,0.000793,3.57e-06,3.72e-06,1.841e-05,0.00013034,0.01015505,1.64e-06,0.00015444,6.916e-05,0.00015132,0.00450514,0.00074242,0.0007445,3.027e-05,0.00018571,0.00013936,0.00015511,0.00569484,0.00118522,0.0240199,0.01276697,0.03054181,0.00608922,0.09497512,0.01950363,0.01225146,0.07780799,0.33402472,0.00431261,0.01061867,0.00127121,0.0560206,0.06165428,0.02109831,0.11634187,0.25051175,0.07109743,0.06880751,0.00028774,0.02040337,0.01018735,4040082.9999985895,3.604337143766258,-1.4502289162747126,-0.6224531062229324,0.3918960199806038,1
9808728,9808728,Cc1cc(N2CCNC2=O)ccc1NCC1=CC(n2ccnc2)=C1,1.492,2.27,2.32,2.966,3.072,3.087,3.181,3.431,3.941,3.988,4.035,4.201,4.305,4.314,4.35,4.513,4.645,4.709,4.8,4.871,5.008,5.018,5.023,5.093,5.212,5.214,5.376,5.433,5.478,5.493,5.511,5.551,5.566,5.606,5.618,5.69,5.694,5.717,5.728,5.779,5.921,5.956,5.969,6.004,6.019,6.029,6.062,6.085,6.095,6.108,0.00685821,2.352e-05,0.01950216,0.00080283,0.00547608,0.00579208,7.938e-05,5.123e-05,0.03367908,0.00659386,0.0095679,0.00655589,0.04957873,3.041e-05,0.01692001,0.02367033,0.40152738,0.02002907,0.00022012,7.375e-05,0.02702731,0.00047611,0.00107293,0.31467751,2.794e-05,0.00138605,0.0004106,0.00721865,0.00025784,0.00012713,0.00042653,0.00023822,0.00014462,0.00890802,8.466e-05,0.00394199,0.0011067,0.0015302,0.00131853,0.0154346,0.07560987,0.05590758,0.22338293,1.656e-05,0.02014302,0.02531514,0.03518845,0.06016329,0.00362344,0.00045423,4563210.99999841,-3.212446646270075,2.535401719573245,-0.7052631218577092,0.0130105852959954,1
4257954,4257954,COc1cccc(NC(=S)NCCc2n[nH]c(=S)o2)c1,3.058,3.199,3.414,3.535,3.677,3.678,3.821,3.84,3.86,3.909,4.004,4.024,4.093,4.19,4.223,4.231,4.455,4.479,4.621,4.749,4.771,4.834,4.941,5.0,5.133,5.26,5.283,5.49,5.657,5.744,5.794,5.905,5.966,6.141,6.239,6.282,6.3,6.378,6.386,6.418,6.514,6.564,6.591,6.594,6.626,6.773,6.792,6.858,6.896,6.905,0.00027739,9.52e-06,0.00083741,0.00012677,0.00024254,2.89e-06,3.4e-07,0.14321576,0.00020032,0.01368255,6.1e-07,0.00316878,0.03585597,0.03459853,0.08348119,0.04639302,0.00184574,0.00016235,1e-06,0.17098481,0.00150618,5.662e-05,0.00089121,0.05456418,0.29685024,0.00346757,0.13523345,0.07104946,0.01300579,0.03722473,0.03848896,0.00138678,0.00233532,0.00850195,0.00041268,0.00037959,0.02933415,0.00815428,0.00546596,2.714e-05,0.00130689,1.899e-05,0.0288275,0.00251781,0.41024824,0.05549959,0.00345696,0.00139234,0.00061953,0.01770438,-987562.9999996544,-0.9005230892730605,1.992184519265532,2.160606413410316,-0.3022789347947504,4
5676589,5676589,CN(CCCC1(C)CCCOCC1)C(=O)Nc1ccc2c(c1)COC(=O)N2,3.827,3.915,3.932,3.94,4.117,4.377,4.462,4.479,4.592,4.749,4.79,5.162,5.171,5.357,5.497,5.617,5.64,5.71,5.717,5.918,5.988,6.042,6.081,6.094,6.119,6.164,6.165,6.181,6.182,6.199,6.26,6.284,6.391,6.463,6.563,6.625,6.644,6.669,6.683,6.725,6.762,6.788,6.805,6.817,6.821,6.889,6.915,7.06,7.103,7.106,0.00012445,0.0007977,3.9e-06,0.04137784,2.583e-05,0.00033659,0.00018128,3.097e-05,0.38573882,0.12373083,0.0032247,0.01652351,0.043664,0.04308348,0.00100326,0.00010961,0.00154544,0.00481363,0.01419984,0.00050471,0.30836647,0.00319412,0.00031989,0.00341744,0.1557488,0.00069949,0.00030001,0.007307,0.00085555,0.02000775,0.02152653,0.02695416,0.03127779,0.00021588,0.00280412,0.02306255,0.00784808,0.01845387,0.01795399,0.00428444,0.01251737,1.641e-05,7.66e-06,0.00779753,0.01225554,0.0677903,0.03601549,0.00856458,0.00363703,0.00399675,431071.9999998462,3.4733332585041468,0.2931898513901342,-0.0350752213918214,0.660403391926752,4
5903677,5903677,Cc1sc(-c2ccco2)cc1NC(=O)CCc1nc(-c2ccsc2)no1,3.073,3.572,3.609,3.678,3.804,3.861,3.949,3.981,4.181,4.476,4.563,4.588,4.644,4.689,4.711,4.744,4.749,4.767,4.768,4.781,4.921,4.961,4.986,5.012,5.018,5.298,5.302,5.402,5.475,5.487,5.491,5.529,5.532,5.547,5.55,5.599,5.641,5.66,5.664,5.686,5.686,5.782,5.814,5.834,5.838,5.842,5.853,5.867,5.901,5.911,1e-07,0.30802947,0.00015346,0.00091851,7.391e-05,2.237e-05,0.09018606,0.00560878,1.99e-06,0.10363901,0.24864387,5.84e-06,8.78e-06,0.00026671,0.00027753,0.00090848,0.02494419,0.00460682,0.01095667,3.788e-05,0.00021997,9.24e-06,0.00486956,0.00802951,0.06206996,0.19583546,0.03474302,0.02527375,0.00130133,0.00078399,0.0004084,0.00024037,0.0012928,4.24e-06,8.643e-05,6.24e-06,0.00083785,2.508e-05,0.01921944,1.37e-06,9.12e-06,8.009e-05,0.17696093,0.00016345,0.05206715,0.00178917,5.12e-06,0.00015543,6.105e-05,6.068e-05,658159.999999771,-2.5274848331006585,-0.4265161747616575,-0.1267614270375884,0.0751670012606234,4
8505024,8505024,CCCCN(CC(=O)Nc1c(C)cc(C)cc1C)C(=NCC)NCc1ccnc(OC)c1,3.418,3.552,3.58,3.607,3.734,3.736,3.946,4.079,4.084,4.13,4.22,4.266,4.32,4.39,4.516,4.531,4.661,4.665,4.684,4.696,4.704,4.741,4.783,4.876,4.88,4.89,4.976,5.046,5.211,5.32,5.363,5.392,5.402,5.5,5.527,5.543,5.616,5.693,5.702,5.775,5.788,5.823,5.849,5.88,5.913,5.921,5.967,5.99,5.994,6.002,4.719e-05,8.41e-06,0.01317302,0.00605522,0.00079297,0.00016323,0.00397758,0.00048463,0.00188894,4.787e-05,0.00649576,3.91e-06,0.00035324,0.00013872,0.02214561,0.00790858,0.00544515,0.00037072,0.01995976,0.09865962,0.0295759,0.00654905,0.10576111,0.00070219,0.00279223,0.02259701,3.607e-05,4.607e-05,0.00187813,0.00011176,0.00108069,0.000584,0.08393205,0.00082272,0.01631812,0.04375285,0.05627972,0.0318942,4.1e-07,0.02532461,0.00036007,0.19389276,0.05370046,0.0013294,0.00112918,0.01514471,0.01153911,0.00678406,0.01465119,0.00035981,3259506.999998863,-3.118620555691984,-0.2440011498208483,0.7144652642526926,-0.0777395937080908,1
367768,367768,Cc1nn(-c2ccccc2)c2cc(NC(=O)C(=O)NCCCSc3nccs3)ccc12,3.098,3.262,3.365,3.499,3.642,3.703,3.754,3.848,3.956,3.977,4.011,4.033,4.249,4.325,4.358,4.363,4.369,4.402,4.477,4.565,4.568,4.602,4.623,4.744,4.754,4.771,4.771,4.789,4.849,4.862,4.875,4.906,4.928,4.932,4.952,5.042,5.076,5.079,5.114,5.14,5.155,5.171,5.228,5.229,5.273,5.293,5.301,5.314,5.331,5.393,0.00179685,7.45e-06,4.742e-05,0.14421834,0.0005538,6.24e-06,6.744e-05,3.762e-05,0.00826366,0.02850249,0.04426619,0.13494652,9.457e-05,0.14290883,0.02345504,0.02958411,0.03273768,0.00692494,0.3982996,0.0109245,1.316e-05,0.00021764,0.00025029,0.00227684,0.02117379,0.01469615,0.01203934,0.00029774,1.281e-05,7.92e-05,5.652e-05,0.00523029,0.0038994,0.01516016,1.874e-05,1.452e-05,0.00017965,5.509e-05,8.3e-07,0.00497515,0.09352438,0.02020413,8e-08,8.67e-06,0.00041197,0.03094883,0.00065309,0.00246307,4.607e-05,0.00011983,-4877748.999998298,-5.737193070369605,-0.9212161014809512,-0.2060340441337785,0.125424336639237,2
3576368,3576368,Cc1ccc(CNC(=O)C=CC(=O)Nc2cccc(CCCc3ccccc3)n2)cc1,2.901,3.51,3.551,3.595,3.79,3.798,3.825,3.841,3.98,4.069,4.101,4.129,4.159,4.162,4.2,4.277,4.468,4.494,4.57,4.571,4.604,4.624,4.654,4.658,4.661,4.672,4.682,4.705,4.719,4.727,4.761,4.803,4.823,4.864,4.867,4.872,4.9,4.908,4.91,4.915,4.954,4.959,4.979,5.005,5.025,5.043,5.05,5.067,5.072,5.072,0.00142146,0.01550188,0.02360469,0.00382589,5.52e-06,0.00479468,0.00130531,0.00250054,0.00182016,2.054e-05,0.00077686,0.00884526,0.00012004,8.196e-05,2.466e-05,0.00355041,0.00665404,0.00109198,0.01067772,0.00074516,0.00785119,7.939e-05,0.00076378,0.02676428,0.00053136,0.00364431,0.00079208,0.00247399,0.00265929,0.00229009,0.00189018,1.791e-05,0.00067216,0.01338418,0.04888341,0.00415595,0.00724275,0.0016106,0.00170643,0.00192157,0.00225791,6.291e-05,0.00036787,4.278e-05,0.00402436,0.00296856,0.05939263,0.00019265,0.03158217,0.00780679,-1669148.999999415,-6.369770905693988,-1.5481175558360645,-0.5365404333000164,0.1820210458041,0
8301534,8301534,CCc1c(C(=NC)N(C)CCC2CCOCC2)cnn1-c1ccccc1,2.955,3.275,3.502,3.538,3.81,3.854,4.0,4.172,4.192,4.386,4.478,4.53,4.706,4.726,4.855,4.887,5.023,5.058,5.199,5.239,5.241,5.249,5.298,5.422,5.428,5.487,5.582,5.592,5.621,5.737,5.773,5.779,5.84,5.903,5.918,5.957,5.971,5.996,6.053,6.115,6.147,6.212,6.221,6.25,6.267,6.276,6.292,6.317,6.333,6.389,0.00155325,6.12e-06,3.648e-05,0.03094831,0.00059926,4.73e-06,0.14334805,0.03026904,0.0013316,0.22491636,0.04159583,3.198e-05,0.002477,0.02714522,0.00261279,1.995e-05,0.09993503,2.265e-05,0.00717554,0.04051147,0.00078295,0.12559913,0.03483897,0.00016308,5.16e-05,0.02000046,0.00487866,0.00048012,0.01925228,0.00017148,0.00031021,3.885e-05,0.00164819,0.00438371,0.02308675,0.06259004,0.00373588,0.01992661,0.01606011,0.0270248,0.06608589,0.04438832,0.00956952,0.00031143,0.00444571,0.02461147,0.06887638,0.0005131,0.08340069,0.00044174,3056016.9999989336,-0.7007020374604567,0.5763539590213815,-0.0866777066876011,0.1627422344332593,3
3695319,3695319,CCOc1cc(NC(=O)OCC(=O)c2ccc3c(c2)C(C)(F)C(=O)N3)ccc1C,2.63,3.15,3.182,3.349,3.382,3.457,3.697,3.901,3.925,4.008,4.009,4.174,4.392,4.458,4.482,4.524,4.62,4.649,4.728,4.74,4.758,4.831,4.838,4.91,4.944,4.964,5.021,5.039,5.076,5.099,5.143,5.192,5.201,5.231,5.288,5.31,5.324,5.364,5.372,5.39,5.543,5.573,5.589,5.663,5.685,5.736,5.769,5.786,5.794,5.809,2.579e-05,0.00022782,3.74e-05,9.573e-05,0.00708339,0.00039807,5.707e-05,3.406e-05,0.00088487,0.00077504,0.00022107,0.21326246,0.00322003,0.02854057,0.11726256,5.258e-05,0.00056687,0.0009954,0.00020828,0.00318982,0.00351511,2.021e-05,0.00180385,0.0007181,0.00219095,0.081833,0.00011036,0.01505009,0.00210383,0.03103486,0.0001252,0.01416155,0.00418851,2.486e-05,0.00118353,0.00054315,0.08732356,0.0125863,0.06712866,0.00374481,0.00010981,1.26e-05,0.00125456,0.00301601,0.0136077,0.00650754,0.00904734,0.08015651,0.00039948,0.11035914,-1550197.999999458,-4.230573031117219,0.2313297699034133,-0.2682736054575008,0.0438454436228773,0
2592256,2592256,COC1CC(CN2CC(NC(=O)CC3CC(C)(N4CCCC4)C3)C2)C1,4.535,5.321,5.537,5.71,6.669,6.839,6.858,6.918,6.965,7.042,7.234,7.321,7.331,7.447,7.594,7.606,7.727,7.814,8.013,8.192,8.209,8.29,8.327,8.516,8.568,8.617,8.672,8.827,8.855,8.928,9.04,9.144,9.414,9.473,9.49,9.707,9.862,10.033,10.13,10.258,10.384,10.409,10.581,10.614,10.726,10.809,10.873,11.053,11.11,11.173,0.0001125,0.00186525,0.00077885,0.00015901,0.00107349,0.23665903,0.01886439,0.00135667,0.00843711,0.00481072,0.00770437,0.01121269,0.00293014,0.01158785,0.00039102,0.00083299,0.00082806,0.00979074,0.00301068,0.00614828,0.00958938,0.01437517,0.00484229,0.00046257,0.0031221,0.00065132,0.00639686,0.01938032,0.01089,0.03203817,0.01433849,0.0003013,0.04136376,0.00114118,0.00173227,0.00026938,0.0006002,0.00220049,0.00061262,0.00042236,0.0025102,0.00022887,1.23e-06,0.00235555,0.00077149,0.004609,0.00300981,0.00300072,0.0111644,0.00083004,-2653260.999999085,23.187051682313957,1.88925962749287,1.6103957436550214,-1.5429722007794924,0
9092962,9092962,COC(=O)c1ccc(C=CCNC(=O)CN2CCN(c3ccsc3C#N)CC2)o1,2.412,2.702,3.066,3.197,3.294,3.382,3.502,3.591,3.661,3.69,3.793,3.805,3.923,3.927,4.114,4.377,4.439,4.464,4.631,4.713,4.723,4.796,4.823,4.964,5.054,5.132,5.18,5.188,5.21,5.222,5.242,5.31,5.347,5.399,5.425,5.453,5.578,5.626,5.632,5.656,5.686,5.711,5.742,5.751,5.778,5.811,5.83,5.838,5.851,5.866,0.0003977,0.03731372,0.00361999,0.00792511,0.08282829,1.64e-06,0.01539688,0.00115217,0.00014421,0.00012893,0.0,3.693e-05,9.966e-05,0.02559329,0.68219951,1.057e-05,0.00030403,0.0075391,1.5e-07,0.00265722,1.4e-07,0.00248295,0.1366851,0.00017636,1.02e-06,0.02303801,0.01787408,1.11e-06,0.00673319,0.00030513,0.00011068,0.13984242,0.06503994,0.01710451,0.00099697,0.00018596,0.0001319,6.25e-06,0.00088819,0.00473895,0.00191868,0.00388226,0.00241241,7.477e-05,0.0037471,0.0002281,8.95e-06,0.0001961,0.00011202,0.00202739,3847444.999998657,-4.245035198810114,1.303458565745414,0.2834219446598107,0.3315218933082737,1
3945769,3945769,CCS(=O)(=O)c1ccc(F)c(NC(=O)COC(=O)C(C)(C)c2ccccc2OC)c1,3.689,3.754,3.855,3.92,4.124,4.188,4.32,4.327,4.406,4.409,4.421,4.554,4.717,4.738,4.749,4.783,4.792,4.803,4.844,4.909,4.917,5.004,5.03,5.109,5.171,5.199,5.242,5.243,5.264,5.278,5.317,5.353,5.396,5.402,5.41,5.424,5.457,5.521,5.578,5.59,5.621,5.628,5.659,5.679,5.728,5.773,5.818,5.831,5.836,5.838,1.458e-05,0.00059529,0.00011694,0.00013429,0.00065067,8.702e-05,0.00068541,0.00076695,0.00342973,0.02665253,0.04875428,5.7e-05,0.00141753,0.00111112,0.14291081,0.03706681,0.00010059,0.00294658,0.00039621,0.02891706,0.03649349,0.00083824,0.00253546,0.03022844,0.00396046,2.667e-05,0.00024765,0.00075033,4.51e-05,9.56e-06,0.0030859,0.0304858,0.03741464,0.00048676,6.405e-05,0.01107437,0.00015049,0.00021979,0.03527112,0.00085772,0.00036483,0.00356372,0.00266507,0.00480266,0.00053775,0.00030033,0.19992364,0.03389452,1.693e-05,0.0030056,-1299747.999999547,-2.625984968050997,-1.4647333275003864,-0.0343429583013845,0.043112800278068,0
5015047,5015047,CC(C)(C(=O)N1CCC(c2nc(-c3ccccc3)n[nH]2)CC1)c1cccc(F)c1F,3.587,3.596,3.88,3.916,3.985,4.0,4.325,4.349,4.378,4.435,4.592,4.624,4.675,4.682,4.704,4.706,4.788,4.929,4.952,5.042,5.043,5.196,5.203,5.221,5.23,5.27,5.283,5.329,5.343,5.364,5.395,5.443,5.529,5.608,5.614,5.65,5.69,5.721,5.721,5.765,5.767,5.801,5.846,5.876,5.937,5.987,5.989,6.016,6.017,6.051,0.0078515,0.01551437,0.00055638,1.74e-06,5.431e-05,0.00258895,0.00021322,1.695e-05,3.38e-06,0.00068063,5.84e-06,0.00142681,9.4e-06,0.38819689,1.465e-05,0.03581681,0.00013276,0.01735236,0.0023311,1.633e-05,0.00015721,0.00154976,4.393e-05,0.03434657,0.0030407,0.0002485,1.042e-05,0.03309529,0.00314526,4.2e-07,3.316e-05,2.395e-05,6.6e-06,4.46e-06,0.0012285,2.353e-05,9.51e-06,2.13e-05,0.00060476,0.009849,0.02592691,0.00091322,0.06147429,0.05172667,0.00375907,0.00131871,0.00028121,0.20198903,0.16005015,8.572e-05,-230469.99999991807,-1.9161480413052687,-0.9381488123699042,0.0624642280521072,0.0377994237414368,4
7571308,7571308,N#CCOCCn1c(-c2ccc3nc(O)sc3c2)csc1=Nc1ccc2c(c1)OCO2,2.77,2.952,3.06,3.243,3.788,3.881,4.024,4.171,4.335,4.365,4.489,4.497,4.513,4.574,4.603,4.622,4.762,4.784,4.818,4.824,4.898,4.921,4.942,4.966,4.976,5.061,5.105,5.106,5.119,5.119,5.151,5.16,5.175,5.241,5.256,5.346,5.383,5.41,5.459,5.469,5.473,5.511,5.548,5.553,5.603,5.639,5.66,5.67,5.673,5.682,0.00062931,0.00015003,4.947e-05,0.00129324,7.398e-05,0.00108322,0.00294708,0.00011674,0.15498657,0.01073439,0.00663886,0.00470685,0.00655558,0.06181288,0.05884599,0.22074268,0.0015575,0.00026838,0.0076284,0.09659442,0.00129886,0.00533335,0.00052,7.938e-05,0.01233885,1.477e-05,0.00271596,0.00117252,0.00060065,0.00339017,0.1026106,0.00029388,0.01162777,0.00074641,5.26e-06,0.06160313,0.0013197,0.00456148,0.12341499,0.21992831,0.02108837,0.02517488,0.14817147,0.21019342,0.00020269,0.01023842,7.142e-05,0.00306756,0.00096166,0.01953486,2325790.9999991893,-3.7955160595638833,-0.3548980462019332,-0.8716240294487968,-0.3343653790972315,3
1337260,1337260,CCOCCC(=O)N(C)CCCN(C)C(=O)CCC1N=NC(=O)NC1=O,2.223,2.573,2.76,2.843,2.875,2.918,3.185,3.772,3.975,4.19,4.341,4.678,4.776,4.866,4.902,4.929,4.956,4.98,4.994,5.03,5.058,5.13,5.134,5.188,5.281,5.296,5.323,5.378,5.384,5.438,5.449,5.498,5.509,5.539,5.554,5.565,5.674,5.734,5.764,5.853,5.933,5.94,5.983,6.102,6.113,6.154,6.194,6.236,6.295,6.319,0.000464,6.533e-05,1.311e-05,0.00202956,9.58e-06,0.00058156,0.00015865,0.00828401,0.01695856,2.98e-06,0.00325091,0.00010494,0.00475116,9.73e-06,0.00011732,0.0011711,0.00470963,1.792e-05,0.02059075,0.00363727,0.0010375,5.103e-05,0.00141599,0.00904863,0.00054842,0.00070463,0.00323037,0.00013649,0.00497696,0.00262296,0.00042964,0.01398778,0.00089806,0.00782311,0.00551396,0.0003216,0.00479722,5.236e-05,0.00661312,0.01293304,0.00066952,0.0010464,0.0038515,0.00201962,0.00074729,0.00065998,0.00204391,0.00196382,6.581e-05,0.00588756,-3908256.999998637,-2.4224803932610466,1.8338572106538225,-1.0036028700034334,0.1286451131499541,2
4450379,4450379,CC#CCNCCC(=O)N1CCC(N(C)Cc2c(C)nsc2C)c2ccccc2C1,3.164,3.377,3.546,3.606,3.615,3.716,3.75,3.823,3.989,4.059,4.098,4.122,4.17,4.327,4.34,4.41,4.416,4.564,4.591,4.601,4.674,4.71,4.739,4.8,4.926,4.943,4.979,5.016,5.052,5.073,5.099,5.122,5.155,5.175,5.194,5.207,5.39,5.418,5.517,5.528,5.545,5.559,5.564,5.695,5.697,5.731,5.732,5.758,5.767,5.851,1.046e-05,0.00058953,0.00118176,0.00013222,7.65e-06,1.058e-05,2.236e-05,0.00095642,0.00150416,0.00071296,0.00093687,1.44e-06,0.00113135,0.00088971,0.00308078,0.02037267,0.03673207,0.00018052,0.00282592,9.614e-05,2.28e-05,0.00096984,4.693e-05,8.24e-06,0.00257432,0.00011595,9.67e-06,6.449e-05,3.764e-05,0.00082147,0.00101927,0.00031598,0.00041143,0.07299116,5.393e-05,0.00103825,0.00033341,0.02417475,7.556e-05,0.00182816,0.0010232,9.06e-06,0.0011166,0.00036595,2.665e-05,0.0037807,0.00260198,6.182e-05,0.00021788,0.00151175,-795137.9999997217,-4.275958779776894,-0.3303648190703361,0.4246547963739412,0.0310343662693512,4
3334579,3334579,COC(=O)Nc1cccc(NNC(=O)c2ccc[nH]c2=S)c1C,2.116,2.248,2.289,2.383,2.593,2.75,2.788,2.975,3.012,3.035,3.111,3.323,3.535,3.745,4.023,4.045,4.085,4.185,4.254,4.265,4.287,4.372,4.406,4.418,4.545,4.581,4.595,4.657,4.672,4.711,4.713,4.791,4.848,5.023,5.078,5.137,5.238,5.27,5.308,5.316,5.353,5.392,5.437,5.463,5.48,5.511,5.521,5.568,5.64,5.65,0.01900957,0.0011389,0.00206717,0.00062567,3.22e-06,0.03330714,0.00662788,0.00035144,0.00040131,0.00090291,0.00025147,8.1e-07,1.235e-05,0.00321362,0.0600029,0.02290616,0.09486548,0.01198674,0.00283379,8.154e-05,0.00141124,0.00199445,0.00504568,0.01505462,0.00021985,0.00211456,0.00033817,0.00722722,0.02109952,0.00371234,0.00590012,0.04436222,0.01071984,0.186254,0.0001158,0.00284836,0.06320846,0.0108869,0.00133792,0.00588519,0.02849462,0.0296543,0.07500513,0.05533197,0.00794053,0.03353875,0.00165376,0.01534744,0.0087666,0.0062036,-1910937.999999335,-7.203391630111338,2.350051879749062,0.4003649031482449,0.4372890370598402,0
2113916,2113916,CCc1nnc(CN(C)Cc2nnc(CC(C)C)n2Cc2ccc3c(n2)CCCC3)o1,3.692,3.754,3.892,3.946,4.008,4.146,4.171,4.388,4.425,4.478,4.643,4.726,4.731,4.797,4.981,5.054,5.078,5.083,5.115,5.193,5.311,5.332,5.438,5.665,5.668,5.668,5.722,5.799,5.84,5.897,5.921,5.925,5.941,5.978,6.016,6.034,6.048,6.082,6.087,6.14,6.144,6.15,6.155,6.206,6.238,6.275,6.301,6.306,6.328,6.337,0.0001558,0.00059195,1.188e-05,0.00032687,0.00021322,9.428e-05,2.879e-05,0.00389819,9.9e-06,7.82e-06,0.00222776,0.00552621,5.212e-05,0.01492182,0.00349702,0.00476437,0.00052693,0.06884467,0.0015949,0.01056783,6.258e-05,1.213e-05,0.05715272,0.00273557,0.00113946,0.00047576,0.00041402,0.00031907,0.00030905,4.735e-05,0.00040953,0.01515468,0.00158742,0.00045532,0.00814202,9.9e-06,2.848e-05,0.04306062,0.00556969,0.00014059,0.02766249,0.02365945,0.00225004,0.00152867,0.15910984,0.02768975,0.00088581,0.00273604,0.00539518,0.05945564,-3131600.9999989085,0.0472667550527595,-0.3664466698787308,0.176422293348306,0.532239568299978,0
4747214,4747214,COC(=C1C=CCCSC1)c1cccc(NS(C)(=O)=O)c1,3.328,3.493,3.657,3.713,4.115,4.326,4.389,4.488,4.517,4.638,4.763,4.84,4.924,4.999,5.07,5.121,5.19,5.252,5.293,5.327,5.462,5.5,5.528,5.679,5.692,5.72,5.788,5.843,5.909,5.911,5.938,5.964,5.994,6.002,6.013,6.056,6.076,6.094,6.096,6.12,6.185,6.198,6.249,6.283,6.324,6.412,6.432,6.461,6.491,6.506,0.01568489,0.00203211,0.06033346,0.1002944,0.01324419,0.00966489,0.02344226,0.0702735,0.3686293,0.18365426,0.00677276,0.00995986,0.0040667,0.03160593,0.03348473,0.01494869,0.00216042,0.02708733,0.01199527,0.05260538,0.03817484,0.01478753,0.00136433,0.02395158,0.02927668,0.05215533,0.0041431,0.00131377,0.00257502,0.0009113,0.00145771,0.00124267,0.08009515,0.00110313,0.01354711,0.01551755,0.0232055,0.00984422,0.02267631,0.00361559,0.00587878,0.01094288,0.00750537,0.00127874,0.04095018,0.08979294,0.01062222,0.00921671,0.00063065,0.01548389,-498302.9999998266,0.531426278278066,-0.0942380136073554,-0.3285220325132554,0.1252345750903678,4
2641983,2641983,COCCCCN1C(N(C)CC(F)(F)Oc2ccccc2)=NNC1=C1N=NC(=O)c2ccccc21,1.905,2.191,2.531,2.722,2.804,2.869,2.978,3.144,3.226,3.396,3.533,3.608,3.696,3.741,3.763,3.799,4.036,4.139,4.208,4.213,4.255,4.339,4.347,4.427,4.468,4.478,4.491,4.587,4.626,4.642,4.692,4.731,4.768,4.825,4.852,4.979,4.99,5.024,5.049,5.06,5.085,5.104,5.116,5.148,5.202,5.309,5.33,5.33,5.367,5.37,0.00132593,1.93e-06,5e-08,0.00185569,3.661e-05,0.00545017,0.00070965,9.6e-07,0.16564785,0.00038825,0.00783211,0.119905,1.52e-06,0.11030136,0.13748312,9.09e-06,3.8e-07,8e-07,0.00050105,3.764e-05,0.0158584,4.073e-05,0.01992101,0.00013197,0.04885095,0.00077842,0.03435373,0.00068603,0.00291507,0.0191858,0.00151452,0.00536277,0.00014331,0.04051638,6.342e-05,0.00641027,8.801e-05,0.00113922,0.01435407,3.017e-05,0.00014449,0.00143502,0.02491364,0.00022103,0.00383074,0.00653706,0.00143577,0.00117278,0.00348647,0.00907854,-2603533.99999909,-7.795006164683579,1.4880996070758647,-0.1087509989467556,0.0682323150781436,0
4573446,4573446,C=C(NC1CC(CNC(C)C)C1)c1cccc2[nH]cnc12,3.019,3.886,3.996,4.679,4.737,4.805,4.899,4.982,5.327,5.501,5.73,5.815,5.845,5.858,5.884,5.975,6.114,6.159,6.166,6.281,6.297,6.304,6.355,6.386,6.434,6.486,6.523,6.542,6.551,6.689,6.756,6.764,6.798,6.872,6.945,6.989,7.004,7.04,7.057,7.084,7.162,7.257,7.297,7.309,7.312,7.355,7.395,7.408,7.477,7.517,0.00977673,8.021e-05,0.00180284,0.08544716,0.08113804,6.928e-05,1.519e-05,0.00339796,0.00093003,0.00330136,0.00566891,0.00143828,7.356e-05,0.00106974,0.09085949,0.00057246,0.15712774,0.03929379,0.26144043,0.06040081,0.00334323,0.09393314,0.0366476,0.00325488,0.08339388,0.01431263,0.08763749,0.12840847,0.05544046,0.08860155,0.01368749,0.00724768,0.03762324,0.00378615,0.057617,0.00504672,0.0003355,3.692e-05,0.0052022,0.00658712,0.00209259,0.00017356,0.00058826,0.00020775,0.00556816,0.00031489,0.0015746,0.01081975,0.00365375,0.01042465,-672070.9999997658,6.385537990567241,0.2377848932975724,-0.8204866549791703,-0.4223095271393122,4
6481097,6481097,CCn1cnc2c(N3CCC(NC(CC4CC4)c4ccccc4O)CC3)ncnc21,3.231,3.676,3.778,3.979,4.223,4.358,4.403,4.41,4.431,4.54,4.639,4.734,4.824,4.844,4.876,5.02,5.085,5.124,5.18,5.219,5.292,5.349,5.375,5.447,5.448,5.54,5.678,5.733,5.764,5.785,5.819,5.835,5.887,5.915,5.92,5.957,5.984,6.026,6.03,6.089,6.092,6.145,6.199,6.26,6.293,6.325,6.347,6.376,6.425,6.474,7.847e-05,0.00010887,5.414e-05,0.01016884,8.55e-06,0.00454853,0.16248886,0.08842393,7.187e-05,0.02535773,0.0001237,0.00035215,0.07006143,0.06199848,0.00014395,2.75e-06,0.00010727,3.181e-05,0.0005616,0.00067745,0.00086195,0.0143877,0.0012367,0.00016293,0.03048326,0.03048465,0.00289289,0.01054242,0.02093053,0.00010996,0.00016169,0.16238594,0.00143244,0.00129052,0.00090342,0.00323701,2.532e-05,0.03563167,0.00307169,0.05050252,0.01870245,0.02534986,0.00030428,0.00027967,0.00783041,0.05932943,0.0250302,0.02756239,0.02882658,0.0420515,1235579.9999995695,-0.0664214886654001,-0.3229120100312687,0.0513425284263592,-0.061885259539748,3
9048548,9048548,O=C(NC1CCC(F)(c2ccccc2)CC1)N(CCO)Cc1cc[nH]n1,3.091,3.162,3.411,3.482,3.843,3.913,4.34,4.512,4.583,4.656,4.684,4.713,4.755,4.784,5.084,5.187,5.234,5.305,5.445,5.53,5.651,5.715,5.765,5.847,5.851,5.887,5.944,6.01,6.021,6.086,6.146,6.216,6.234,6.242,6.272,6.274,6.306,6.346,6.377,6.4,6.414,6.469,6.476,6.491,6.543,6.546,6.552,6.614,6.666,6.729,0.00021918,3.695e-05,3.485e-05,1.077e-05,0.00250331,0.00048653,0.00260863,5.36e-06,4e-08,0.00051206,4.299e-05,5.637e-05,2.178e-05,2.742e-05,0.00047236,0.00282407,0.00010486,0.00013536,0.0787639,0.01144674,0.00278982,0.00181065,0.00507876,0.00954277,0.01640055,0.0010725,0.00413339,0.00122243,0.00707385,0.0042814,0.00107664,0.00144118,8.508e-05,0.00081071,0.0076591,0.00202866,0.00040122,0.02014843,0.03381362,0.01563662,0.01732722,0.00433635,0.01455052,0.00812979,0.00824143,0.02678941,1.2e-07,0.0217332,0.02280076,0.09803673,3803030.999998671,1.3109794306364069,0.935179373591322,-0.371370321680919,0.3333800964662549,1
1157501,1157501,COC(=O)c1cc(NC(=O)c2ccco2)n(C2CC2)n1,3.185,3.564,3.827,3.942,4.174,4.184,4.687,4.7,4.894,4.916,5.04,5.194,5.274,5.352,5.374,5.415,5.466,5.576,5.654,5.66,5.67,5.695,5.807,5.877,5.936,6.052,6.134,6.247,6.284,6.335,6.352,6.354,6.438,6.491,6.498,6.542,6.582,6.593,6.665,6.728,6.759,6.868,6.878,6.909,6.914,6.967,7.08,7.155,7.207,7.212,0.0002021,0.11237838,0.03030743,0.01847105,0.00167513,1.23e-06,0.00067084,0.03324376,0.05304014,0.34293357,0.0006746,0.01749159,0.07662203,0.00014366,0.11378123,0.00059881,0.00310214,1.8e-07,0.01602128,0.00275206,0.03055292,0.00386441,0.01076854,0.01418355,0.009226,0.00176103,0.0670664,0.00613902,0.00380639,0.10831276,0.00444853,0.00589856,0.04653468,0.02608328,0.00862347,0.00074891,0.00252216,0.06872717,0.08431616,0.0875844,0.05173117,0.00062741,0.01160875,0.05585538,0.00170628,7.539e-05,0.00200674,0.00099209,0.00017586,0.02063762,-4088015.999998574,3.349810335090764,0.6677001792677566,-0.0757577122219733,-0.2674396994520178,2
9892653,9892653,CC(C)c1ccc(CCNS(=O)(=O)c2ccc3c(c2)CC=C3O)cn1,3.105,3.258,3.497,3.575,3.892,3.923,4.021,4.279,4.284,4.349,4.359,4.391,4.543,4.611,4.623,4.642,4.656,4.722,4.747,4.811,4.838,5.046,5.067,5.127,5.137,5.16,5.161,5.184,5.279,5.326,5.345,5.397,5.454,5.51,5.513,5.529,5.54,5.579,5.585,5.625,5.631,5.636,5.844,5.848,5.865,5.885,5.898,5.911,5.925,5.949,4.015e-05,0.02361379,0.04220837,0.05896484,4.178e-05,0.00449231,0.00050944,0.00016243,0.00120353,0.00150047,0.00090917,9.939e-05,0.0062214,0.00548541,0.00076663,0.01901935,0.00021612,0.01747975,0.00319646,0.00835633,0.00039215,0.02705246,0.01253684,0.01607471,0.02712785,0.00032707,0.00051439,0.00215844,7.756e-05,0.00078569,0.01612269,0.00033335,0.0025902,0.03574347,0.0397982,0.00314678,0.01920398,0.00182265,0.01063127,9.871e-05,0.00037349,0.02532045,0.00956467,0.00164521,0.00266922,0.00021296,0.00070973,0.03577714,0.00119626,0.00033572,4647135.999998379,-2.8291941177202657,-0.3687780088126008,-0.0984971500302164,-0.1643681045849473,1
7224440,7224440,C=CCN(c1nnc(COC(C)(C)C)n1Cc1ncccc1N(C)C)C1CC1,2.756,3.019,3.634,3.7,3.726,3.91,3.97,3.99,4.233,4.288,4.475,4.522,4.552,4.569,4.651,4.739,4.765,4.834,4.89,5.029,5.062,5.104,5.194,5.206,5.221,5.339,5.371,5.4,5.477,5.597,5.672,5.692,5.766,5.807,5.849,5.91,5.955,5.994,5.998,6.008,6.097,6.112,6.145,6.218,6.259,6.36,6.391,6.401,6.409,6.483,0.00033353,1.702e-05,0.00433406,0.01459281,0.00028812,0.00881552,0.00048363,0.00035483,0.00018562,4.025e-05,0.00017638,0.0001589,0.00012431,0.00151783,0.00353998,0.00070243,0.00201809,0.00148049,0.00048549,0.00132466,0.01051279,0.0025561,0.05866653,0.02673761,0.04058922,0.00966141,0.00248212,0.00495924,0.00050265,0.05004406,0.00231682,0.00040423,0.00205799,0.00970652,0.00053892,0.09078351,0.00102856,0.04395249,0.00583821,0.00032116,0.00106105,0.00366096,0.00041454,0.01974666,0.00767255,0.00075209,0.00273573,0.00281999,0.00044605,0.00558296,1978922.9999993108,-1.28742572852262,0.7324186525312266,0.2990533902007096,-0.3024775438364248,3
3576884,3576884,Cc1cc(C(=O)NCC(C)(C)CNC(C)C(=O)c2ccsc2C)co1,2.715,2.84,3.39,3.525,3.642,3.67,3.815,3.881,4.032,4.365,4.412,4.499,4.591,4.599,4.614,4.739,4.754,4.823,4.95,5.119,5.136,5.216,5.279,5.387,5.462,5.522,5.543,5.574,5.59,5.621,5.646,5.689,5.714,5.762,5.832,5.836,5.876,5.889,5.91,5.927,6.015,6.048,6.11,6.142,6.19,6.212,6.242,6.324,6.336,6.376,0.0086884,0.00013071,0.0002296,0.00035067,0.00272098,0.00114212,1.299e-05,0.00106562,4.189e-05,0.0003012,0.03584852,0.00058628,0.00010986,1.048e-05,0.0032098,0.00299357,0.00591539,0.08545802,0.01453941,7.5e-06,0.00060861,0.0004442,0.06855495,0.1541955,0.01334636,0.00942081,0.00289258,0.00024177,0.00147101,0.00257205,0.05609661,0.00011992,0.02043118,0.03695806,0.00049384,0.00101284,4.881e-05,0.00058148,0.00027878,0.04524927,0.00072544,0.00560666,0.00014852,0.00039024,0.00010203,0.00091007,0.00142872,0.0018198,1.253e-05,0.00115506,-1668632.9999994163,-1.455662919963039,0.9763602924007764,-0.1221514169109336,0.1281765036736941,0
307421,307421,N#CCc1ccc(OCCNC(=NC2CC2)Nc2ccc3occc(=O)c3c2)cc1,2.874,3.12,3.278,3.509,3.543,3.63,3.646,3.815,3.892,3.914,3.926,3.929,4.049,4.168,4.2,4.298,4.336,4.401,4.454,4.554,4.576,4.583,4.659,4.722,4.74,4.763,4.915,4.928,4.964,4.982,5.145,5.189,5.192,5.235,5.285,5.289,5.317,5.329,5.341,5.44,5.493,5.51,5.572,5.576,5.585,5.59,5.68,5.701,5.711,5.719,9.501e-05,0.03119217,0.00185751,2.272e-05,7.671e-05,0.00012688,0.00025012,0.07267398,6.91e-06,6.076e-05,0.00392731,0.08710417,0.00064913,0.00030012,0.00047818,0.00046637,0.04547606,0.00208674,0.06914134,0.02550428,0.01115182,0.00039797,0.03103156,0.00729464,0.00590784,0.00040623,0.02011611,0.00631781,0.03459742,0.06969343,0.00199213,1.798e-05,1.825e-05,0.11114656,0.10313989,0.07516708,0.00079266,0.00753447,0.01319585,0.00017973,0.01405352,0.00358945,0.02045575,4.673e-05,0.00091792,0.12842379,1.539e-05,0.03822333,0.00116921,5.5e-07,-4938095.999998274,-4.884460615848022,0.0618004289314887,0.424125054205093,-0.0548498853737525,2
3763140,3763140,COc1cc(C)c(NC(=NOC2CCCC2)c2ncn(C)n2)s1,3.101,3.661,3.842,4.314,4.477,4.638,4.771,4.926,4.981,5.097,5.265,5.271,5.385,5.475,5.615,5.647,5.861,5.877,5.882,5.933,5.938,6.048,6.084,6.108,6.122,6.256,6.267,6.324,6.347,6.453,6.464,6.478,6.513,6.517,6.612,6.653,6.683,6.691,6.694,6.721,6.817,6.837,6.873,6.911,6.915,6.925,6.95,7.006,7.074,7.081,0.05542984,0.13624899,0.01374593,0.20796409,0.00115836,0.18202144,0.00500723,0.03897177,0.01158232,0.01342997,0.00279072,0.01003183,0.09800862,0.00528137,0.03393411,0.00568603,0.01584249,0.01329844,0.01878541,0.0152673,0.00788298,0.0191802,0.00112203,0.0089548,0.03873342,7.253e-05,0.00070391,0.00243572,0.0119381,0.02249673,0.01423251,0.01923262,0.00447566,0.00030266,0.01304669,0.00051329,0.00704144,0.01490195,0.0020135,0.01355354,0.01000895,0.02636981,0.00169528,0.01936623,0.00126721,0.00763987,0.03200597,0.21934024,0.0137331,0.00353852,-1482376.9999994836,4.137732059297355,0.1575841674359867,-0.6866649566327161,-0.125038534765079,0
7525815,7525815,CCCc1occc1C(=O)N(C)CCNc1nccc(C2CCC2)n1,3.768,4.057,4.195,4.3,4.389,4.494,4.522,4.696,4.725,4.821,4.887,4.939,4.971,5.125,5.152,5.233,5.381,5.467,5.558,5.673,5.716,5.808,5.814,5.876,5.996,6.016,6.067,6.203,6.242,6.301,6.309,6.367,6.461,6.48,6.489,6.515,6.546,6.551,6.563,6.573,6.603,6.686,6.724,6.741,6.844,6.844,6.867,6.876,6.894,6.933,0.00050659,0.00609786,0.00011607,0.00313105,4.754e-05,0.01927383,0.01254577,0.00011211,0.03903188,0.00182958,0.08257156,0.00374542,0.00169541,0.00167652,0.03182737,0.00048886,0.08079851,0.00106402,0.00168469,0.10271475,0.05901123,0.07006233,0.04067537,0.07880295,0.00160354,0.00048641,0.00017822,0.00356464,0.00329752,0.00053166,2.17e-05,0.00075162,4.187e-05,0.14412154,0.01565665,0.09333981,0.007298,0.00021896,0.05012247,0.05440434,0.00649687,0.02939988,0.12722716,0.07417122,4.852e-05,0.01300992,0.00714839,0.02498127,0.00010999,0.00794195,2280297.9999992047,2.9413592777807325,-0.1539521712157228,0.4804252326417642,0.3604475706006886,3
3343823,3343823,CNC(=O)NC(=NC1CC1)NCCCCCCNC(=O)c1cccs1,2.997,3.072,3.228,3.495,3.896,4.057,4.283,4.578,4.825,4.833,4.966,5.052,5.138,5.165,5.212,5.331,5.364,5.369,5.418,5.48,5.592,5.595,5.636,5.66,5.702,5.818,5.846,5.979,6.009,6.135,6.198,6.22,6.24,6.283,6.287,6.295,6.316,6.316,6.352,6.379,6.407,6.424,6.47,6.472,6.511,6.555,6.6,6.681,6.739,6.811,0.00010765,1.8e-07,6.38e-06,9.2e-07,0.02040845,1.62e-05,6.773e-05,0.22878389,3.32e-06,0.06473226,4.37e-06,0.00068621,0.000237,2e-07,1.8e-07,3.903e-05,0.00016176,3.6e-06,5.24e-06,0.00097489,0.0002663,4.74e-06,8e-08,0.00017956,0.11358196,0.00372422,0.00013173,0.00245968,0.01746411,1.281e-05,6.815e-05,0.0004247,0.00376189,6.83e-06,0.02035403,5.68e-06,0.00137607,4.592e-05,0.00883688,0.00609819,0.02323202,3.025e-05,0.19624233,8.567e-05,0.00045566,0.00071609,0.0006179,0.04437223,3e-07,0.0058341,-1901693.9999993364,1.5005770545805055,0.7898574110371226,-0.7480444306212322,-0.1630617905572216,0
9576601,9576601,COc1ncc(CC(=O)NCCC2(CNC(=O)OC(C)(C)C)CC2)cn1,3.537,3.625,4.052,4.123,4.172,4.34,4.401,4.647,4.687,4.828,4.902,4.956,5.064,5.381,5.423,5.444,5.497,5.559,5.599,5.648,5.841,5.924,5.985,6.002,6.046,6.065,6.133,6.167,6.22,6.262,6.278,6.317,6.336,6.37,6.377,6.488,6.505,6.52,6.667,6.761,6.778,6.837,6.845,6.849,6.88,6.896,6.924,6.944,6.971,7.004,0.00129402,7.909e-05,3.486e-05,0.00027712,0.0001233,0.02634865,6.25e-05,2.457e-05,0.03617037,5.944e-05,0.00254274,0.00147894,4.734e-05,0.00263718,3.61e-06,0.00010926,1.327e-05,0.00030488,0.00752377,0.18407605,0.00159875,8.96e-06,0.00226254,0.00110735,0.01894325,0.00185465,0.00282573,0.00013234,0.0005071,6.829e-05,0.00166045,0.00031577,0.00032135,1.286e-05,0.00082288,2.185e-05,6.242e-05,9.61e-06,0.00482608,0.000305,0.00055399,0.01501919,0.00032198,0.05624724,0.06515534,0.07616534,0.00054461,0.00880437,1.092e-05,0.00410674,4331083.999998487,3.128036035712323,0.3397819191108602,0.0237875139425654,0.274138531889167,1
9125135,9125135,COC(=O)CCCCOc1ccc(NC(=O)NC=C(N)c2cccs2)c(C)c1,3.161,3.35,3.409,3.721,4.009,4.133,4.154,4.201,4.262,4.607,4.615,4.638,4.642,4.663,4.696,4.774,4.885,4.983,5.01,5.011,5.051,5.086,5.168,5.189,5.229,5.301,5.332,5.343,5.508,5.508,5.52,5.564,5.629,5.662,5.715,5.797,5.83,5.865,5.883,5.9,5.952,5.977,6.003,6.042,6.056,6.086,6.118,6.155,6.157,6.177,0.08073592,0.01224764,0.00133408,0.0056638,0.10128952,0.00391675,0.03826725,1.22e-06,2.36e-06,0.18108882,0.00035687,0.01769143,0.00087425,0.02318697,0.08013645,0.04185249,0.02697268,0.0377689,0.00371677,2.13e-06,0.14545295,0.06497817,4.065e-05,8.29e-06,0.00371474,0.00376272,0.00954967,0.00717914,9.66e-06,3.367e-05,0.00081574,0.00727107,4.64e-06,0.05840372,0.00140044,6.42e-06,0.00367653,0.06870319,1.47e-06,0.02962071,0.01717406,0.01649487,0.10075149,0.00194744,0.00028497,0.03895778,0.0067342,0.0537545,0.1603447,0.00026247,3879617.999998648,-1.5658443217757771,-0.1753395899733927,-0.0507897117694811,-0.2357092316806626,1
9621236,9621236,CCN(CNC(=O)COc1ccsc1)C(=NC)NCc1nc(CN(C)C)cs1,3.162,3.263,3.57,3.681,3.774,3.822,3.923,4.108,4.113,4.182,4.285,4.392,4.6,4.632,4.711,4.732,4.797,4.802,4.881,4.928,5.033,5.116,5.22,5.241,5.286,5.315,5.366,5.391,5.396,5.459,5.555,5.603,5.643,5.645,5.664,5.685,5.715,5.719,5.758,5.801,5.819,5.849,5.9,5.928,5.942,5.947,5.95,6.034,6.051,6.051,9.894e-05,0.00330361,0.00075302,0.00528062,0.00017976,0.00489261,0.01103179,0.00065404,0.00453465,1.74e-06,0.00275482,0.00203034,0.00808489,0.04375749,0.00113844,0.00036409,0.07480476,0.00277291,0.00013282,0.00048185,0.00022336,0.00093638,0.00159401,6.5e-06,5.597e-05,0.00134083,1.63e-06,0.05258329,0.04712465,0.0004542,0.01001379,0.0495068,3.74e-06,0.00037831,2.746e-05,0.00097303,6.643e-05,0.01513118,0.0258343,0.00517879,0.00012269,0.00038884,8.228e-05,0.00098735,0.00151212,0.00486135,0.00141032,0.00682985,0.00040315,0.00024841,4375718.9999984745,-2.1575593305899163,-0.009602110438664,-0.0181955827705056,0.2901507083337805,1
6275748,6275748,CCc1cc(C)n(-c2ccccc2CNC(=O)NCc2cccc(O)c2O)n1,3.411,3.519,3.818,3.846,3.925,3.953,4.028,4.041,4.118,4.184,4.187,4.225,4.247,4.315,4.326,4.361,4.453,4.623,4.632,4.657,4.715,4.752,4.823,4.834,4.834,4.941,5.033,5.199,5.218,5.225,5.241,5.43,5.481,5.599,5.675,5.68,5.754,5.809,5.831,5.92,5.935,5.955,5.959,5.967,6.02,6.057,6.058,6.069,6.132,6.167,4.531e-05,0.00054845,0.01282273,4.112e-05,0.00032369,7.88e-06,0.00179846,0.0047978,0.061119,0.00024556,0.00350233,0.04049559,0.00014973,0.03474721,0.12288524,0.00557077,0.00126602,0.00575984,0.01510285,0.00345537,0.00053097,0.03239635,0.00052885,0.00249652,0.00220136,0.00189282,0.00727151,0.01007461,0.01177746,0.01842471,1.611e-05,0.00236907,0.01885452,3.91e-05,5.703e-05,1.588e-05,0.00065686,0.00029132,0.00069577,0.01616745,0.03064054,0.19243161,0.09532595,0.33665994,0.00254132,0.00534803,1.803e-05,0.00562247,0.00810108,0.0001841,1030230.999999641,-2.781757336602328,-0.2101518188359212,1.2014702877576702,-0.3021303496049153,3
10410991,10410991,CCS(=O)(=O)Nc1cccc(S(=O)(=O)Nc2cccc(Oc3ccc(CC#N)cc3)c2)c1,2.908,3.172,3.375,3.638,3.718,3.921,4.059,4.176,4.205,4.22,4.414,4.434,4.459,4.542,4.549,4.585,4.601,4.675,4.733,4.763,4.817,4.826,4.871,4.917,4.952,4.992,5.016,5.025,5.035,5.077,5.095,5.126,5.164,5.174,5.196,5.231,5.309,5.327,5.335,5.35,5.37,5.376,5.394,5.4,5.409,5.452,5.502,5.531,5.546,5.556,0.02248334,0.03466498,0.00116523,0.00049984,0.00469286,0.00860604,0.00719722,0.02457448,0.00011321,0.00025092,0.04472112,0.02161191,0.0137829,0.0646532,0.01962718,0.15164662,0.01673372,0.01170077,0.00015284,0.00691083,0.05397105,0.01552734,0.00352452,0.00553068,0.01559161,0.00044551,0.00109341,0.02920239,0.01980197,0.0471684,0.01990871,0.01330615,0.09174661,0.01137437,0.00277237,0.02807955,0.00096497,0.00146782,0.04177934,0.0081848,0.06807908,0.00852163,0.0272033,0.00188914,0.04649739,0.07275013,0.001611,0.00019732,0.00220946,0.00087288,5165473.999998199,-4.272411221632411,-0.8692063761460507,-0.6555978533149066,-0.148224264251767,1
1973527,1973527,Cc1cccc(CNCCN(CCN(C)C)Cc2ccc3occc3c2)c1,3.402,3.438,3.589,3.958,3.984,3.995,4.021,4.149,4.173,4.382,4.419,4.506,4.567,4.601,4.659,4.66,4.684,4.686,4.81,4.836,5.16,5.389,5.426,5.485,5.526,5.551,5.577,5.601,5.623,5.66,5.677,5.782,5.83,5.88,5.956,6.092,6.111,6.139,6.163,6.181,6.189,6.191,6.217,6.23,6.258,6.289,6.337,6.362,6.368,6.387,0.00085586,0.00022252,0.00032074,2.011e-05,0.00072559,0.00023122,0.00050862,0.00151838,0.00013849,0.00011348,0.00085723,0.00024135,0.00219342,0.07144034,0.0006974,0.03870629,0.00395709,0.01099088,2.78e-06,2.162e-05,0.00157645,2.261e-05,0.00016239,0.00028677,0.00888398,0.00711907,0.00044523,0.03455128,0.03069731,0.00020904,5.621e-05,0.00246614,0.00020521,0.08459756,0.04569617,0.35947119,0.00494108,0.01032655,0.00129021,0.00835499,0.00356958,0.00200001,0.00708948,0.00802557,0.01925629,0.00105945,0.01086394,0.02594504,0.00287568,0.00211815,-3271989.9999988587,-0.7234163464924052,0.2949300466988712,0.6894684990003431,0.1949026888327989,2
6932711,6932711,COc1ccc(CCC(=O)N2CCN(C(=O)c3cn4cc(C5CC5)sc4n3)CC2)cc1,3.004,3.122,3.408,3.469,3.532,3.772,3.893,4.029,4.12,4.158,4.19,4.281,4.289,4.312,4.513,4.528,4.539,4.581,4.616,4.64,4.654,4.72,4.777,4.814,4.932,4.992,5.017,5.042,5.154,5.175,5.206,5.242,5.3,5.331,5.347,5.378,5.384,5.448,5.466,5.503,5.505,5.537,5.541,5.556,5.675,5.687,5.729,5.734,5.778,5.794,0.00071274,0.00017458,0.0047353,0.00017541,0.00097869,8.65e-06,0.00018232,0.06265407,4.467e-05,0.0006724,6e-08,0.00108047,0.00015387,0.00085726,0.00506501,0.18596299,0.00019928,0.00331665,0.01031498,0.03086135,0.00167253,0.00148107,0.00582356,0.00011784,9.844e-05,0.05048808,0.00013152,0.00555936,1.293e-05,2.413e-05,0.06388602,0.02546016,0.00236085,0.00110853,0.26850413,0.00804095,0.0100681,0.00034954,0.0047027,7.6e-06,4.38e-05,0.00050051,3.84e-06,8.642e-05,0.00418708,0.00187546,0.00057398,0.00018864,0.00010451,5.515e-05,1687193.9999994114,-4.047729949197799,-0.2256348196397503,-0.0022949949302858,-0.1172276571385492,3
7500891,7500891,CCOC(=O)C1CCC(S(=O)(=O)Cc2c(C)cc(C)nc2OC)CC1,4.271,4.451,4.661,4.882,4.99,5.212,5.267,5.277,5.291,5.499,5.538,5.638,5.829,5.873,5.888,5.956,6.012,6.07,6.108,6.124,6.146,6.238,6.341,6.388,6.413,6.462,6.553,6.568,6.64,6.673,6.717,6.736,6.756,6.816,6.837,6.899,6.968,7.007,7.072,7.072,7.083,7.116,7.144,7.167,7.191,7.249,7.295,7.326,7.346,7.381,0.00024913,0.14436545,0.01528189,0.00011396,0.02722657,0.05067527,0.00604425,0.0008378,5.1e-06,0.00063461,0.00036025,0.00987968,0.10444413,1.026e-05,0.00151008,0.00138493,0.00542025,0.00513552,0.00193651,3.513e-05,0.00021598,0.01348874,0.14962668,0.09327024,0.21128921,0.00162768,9.706e-05,0.00705896,0.00260304,0.01037761,0.00826417,0.00056828,3.368e-05,0.05166889,0.26086237,0.0506775,0.00010042,0.00526478,1.047e-05,0.00038203,0.00282038,0.00085151,0.00247634,0.00056292,0.00091901,0.00624062,0.0005601,0.00467735,0.00025973,0.00094269,2255373.999999211,6.398066463573003,-1.1291657407294435,-0.024482741576554,0.0084898498790865,3
4131193,4131193,Cc1occc1CN(C)Cn1c(=O)nc(O)c2c(C(=O)Nc3cccnc3O)cc(C(C)C)nc21,2.041,2.427,2.529,2.713,2.875,3.077,3.236,3.477,3.498,3.561,3.606,3.624,3.725,3.837,3.887,3.901,3.914,3.982,3.987,4.043,4.066,4.08,4.279,4.303,4.33,4.402,4.443,4.492,4.632,4.657,4.663,4.669,4.689,4.741,4.749,4.762,4.776,4.804,4.837,4.862,4.932,4.966,4.969,5.017,5.033,5.051,5.065,5.093,5.105,5.108,0.00138875,0.00013915,0.00103592,0.03860681,0.0002603,0.05822766,0.00056511,0.00355325,0.00028011,0.00163639,0.00040595,0.00048268,0.00068102,0.00022035,0.0004019,0.00724585,4.678e-05,0.0373235,0.00140628,0.01201619,0.00613892,0.03831471,0.00054056,4.575e-05,0.00045792,0.00366169,0.17604813,0.07540925,0.0122043,0.002616,0.00877925,0.00166734,0.01836222,0.02239818,0.00275673,0.01654999,0.01490679,0.00018072,0.02539998,0.00099136,0.00296456,0.02598603,0.05501763,0.00163268,0.0013917,0.00123122,0.00697948,0.03873025,0.00284791,0.00893516,-1114323.9999996105,-8.333561109223174,0.7038478708494862,-0.2854310043856448,-0.1838610173222619,0
1857023,1857023,CCN(CCNC(=O)C1(CF)CC1)Cc1nc(-c2ccccc2)no1,3.333,3.803,4.062,4.08,4.466,4.531,4.718,4.804,4.808,4.821,4.907,4.937,5.142,5.212,5.265,5.306,5.343,5.549,5.553,5.596,5.622,5.635,5.766,5.834,5.873,5.904,5.921,5.953,5.983,5.993,6.034,6.039,6.083,6.091,6.137,6.176,6.18,6.281,6.324,6.355,6.397,6.48,6.567,6.601,6.632,6.644,6.649,6.649,6.685,6.712,1.7e-07,0.00043356,0.0,0.00015826,9.4e-07,1.8e-06,0.0014998,0.29485765,0.00383182,0.00106779,8.352e-05,0.00056869,0.00214907,3.777e-05,1.87e-05,0.04349308,0.00096657,6.41e-06,5.46e-06,0.00020192,0.05990417,7.51e-05,0.00013294,0.00358275,8.793e-05,2.133e-05,0.00050494,4.83e-06,0.10760185,8.583e-05,0.03413081,2.498e-05,0.0001655,0.00016364,0.00233654,0.09509688,1.56e-05,0.00014797,0.00062755,0.51627698,0.00048022,0.01210941,0.00086494,4.389e-05,1.239e-05,1.911e-05,6.93e-05,0.00014661,1.392e-05,0.00231084,-3388493.99999882,1.916676507304824,-0.4700017725892928,-0.2535295484808013,-0.1312891235601326,2
3952194,3952194,CCCN(CC)C(=O)c1ccc(C(=O)NC(C)(C)CCN2CCN(C)OCCO2)cc1,3.116,3.258,3.332,3.467,3.517,3.643,3.699,3.716,3.865,4.005,4.052,4.194,4.248,4.404,4.425,4.64,5.009,5.104,5.179,5.229,5.299,5.454,5.615,5.645,5.719,5.737,5.775,5.841,5.892,5.909,5.912,5.971,5.983,5.993,6.015,6.025,6.048,6.066,6.081,6.1,6.164,6.172,6.188,6.231,6.25,6.295,6.301,6.322,6.351,6.356,2.54e-06,0.00380186,0.00786224,0.00040156,4.4e-07,0.0006324,0.00403658,0.00052082,1.716e-05,7.056e-05,1.373e-05,0.01196919,0.00208841,1.97e-06,3.2e-06,1.98e-06,0.0042572,2e-06,0.19851067,0.00405064,0.00010625,0.00041217,0.00049319,0.0001551,3e-07,0.00914034,0.00021196,0.00228183,0.01121762,0.00127706,0.00140023,0.02426184,0.04145809,3.244e-05,0.00150094,0.0009455,0.01064024,0.00024457,0.02006786,0.01276323,0.01606616,0.00402011,0.04986005,0.00390482,0.00585938,0.14092085,0.264998,0.05613791,0.04808976,0.00817644,-1293322.999999548,-0.7797262648628541,1.3053402044985112,0.2996706563474425,1.2291207140794185,0
8531151,8531151,CCN(C1CC1)S(=O)(=O)c1cc(NC(=O)CNS(=O)(=O)c2cccnc2)ccc1C,2.543,2.913,3.087,3.196,3.408,3.417,3.535,3.59,3.622,3.786,3.863,3.99,4.019,4.083,4.164,4.195,4.208,4.251,4.357,4.413,4.469,4.545,4.595,4.597,4.63,4.64,4.698,4.726,4.783,4.795,4.812,4.823,4.851,4.853,4.879,4.943,4.956,4.967,5.0,5.024,5.049,5.073,5.136,5.169,5.183,5.192,5.198,5.243,5.262,5.268,3.645e-05,1.325e-05,0.03583975,0.0069921,0.00152988,0.00095769,0.00065111,0.00010275,0.00033296,6.795e-05,0.01136173,0.00018122,0.00061002,0.02347658,0.00010178,0.01381611,0.0098474,0.01794626,0.00024516,8.71e-06,0.00386418,0.00080814,4.587e-05,5.341e-05,7.67e-05,0.0152793,0.01406006,6.91e-06,6.45e-06,0.09226652,0.00242557,8.19e-06,0.00902746,0.00064331,0.13040316,0.00723556,2.176e-05,0.00037193,0.00012136,0.0009738,0.00091983,0.00685289,0.00036331,0.00830185,0.00122704,0.00015579,0.00040096,0.00919567,0.00073577,0.00669948,3285633.999998855,-6.678090649435916,-0.1933882967111774,-0.3487453095628243,0.1229210615863253,1
2320815,2320815,Cc1ncc(CNC(O)Nc2ccc(COC(C)(C)C)cc2)s1,3.374,3.895,4.326,4.343,4.554,4.732,4.768,4.77,4.829,4.946,4.975,5.023,5.124,5.177,5.287,5.386,5.469,5.501,5.506,5.625,5.633,5.65,5.702,5.712,5.848,5.876,5.88,6.024,6.087,6.128,6.145,6.172,6.191,6.215,6.305,6.34,6.357,6.412,6.42,6.476,6.484,6.486,6.628,6.649,6.664,6.716,6.743,6.753,6.768,6.807,0.00148196,0.000225,0.02202973,0.00225951,0.00893668,0.00017666,0.00974779,0.00256068,0.09916014,0.08690939,0.00011683,0.00044743,0.00148443,0.1139828,0.04345571,2.05e-05,7.622e-05,0.0030648,0.0016096,0.04893326,0.00050549,0.00014688,0.00230726,0.00016374,0.0009741,0.00108424,0.00031356,0.00014124,0.02242612,0.01591027,0.00143691,5.85e-05,0.03729124,0.00010594,0.03288793,0.04361417,0.00036738,0.32756759,0.06222921,0.00067354,0.00081197,0.00027106,0.0054442,0.00059228,0.00013673,0.06143995,0.06733176,0.00579463,0.01944227,0.0001393,-2924701.999998981,2.3928824060428258,-0.596852590296275,0.0149416308213604,-0.2331988704484296,0
841463,841463,CCN=CCCCNC(NCc1cccc2[nH]ccc12)NC(c1ccccc1)c1ccccc1C,3.436,3.706,3.754,3.862,3.924,4.02,4.046,4.096,4.097,4.179,4.27,4.304,4.356,4.361,4.374,4.382,4.428,4.428,4.511,4.515,4.525,4.531,4.599,4.619,4.639,4.673,4.687,4.69,4.698,4.719,4.749,4.787,4.861,4.863,4.872,4.904,4.929,4.958,4.972,4.984,4.991,5.019,5.031,5.062,5.118,5.147,5.171,5.188,5.257,5.275,0.00374959,0.00093066,0.00030756,0.02769248,0.00044949,0.00256749,0.00226904,0.00017225,1.14e-05,3.105e-05,0.00097204,0.00022822,0.00173553,0.00252842,0.00013532,0.02879952,0.02609688,0.00292799,0.00391396,0.00356311,0.00115212,0.00111092,6.25e-06,0.00084858,0.0006196,0.01532279,5.09e-06,0.00066642,0.00784504,0.00475001,0.0008427,0.00104681,0.00182633,0.00414369,0.00967554,0.00409405,0.00062612,0.00172345,0.01047965,0.00124395,0.00432594,0.00018551,0.00055802,0.01624436,0.00026439,0.01391951,0.0004988,6.92e-06,5.01e-06,0.02212562,-4404053.999998461,-5.873289109949339,-2.130185781919118,-0.190018448814252,-0.0963441197060512,2
797078,797078,COc1cc(-c2nnc(SCc3ncc(-n4ccnc4)nc3C)o2)ccc1OC(C)C,2.958,3.35,3.523,3.581,3.655,3.679,3.799,3.851,3.916,4.017,4.026,4.046,4.069,4.074,4.08,4.169,4.197,4.241,4.258,4.305,4.417,4.463,4.472,4.585,4.59,4.641,4.647,4.711,4.804,4.847,4.858,4.89,4.901,5.047,5.073,5.108,5.215,5.236,5.243,5.249,5.262,5.275,5.298,5.369,5.383,5.401,5.408,5.44,5.452,5.454,7.287e-05,0.00059598,0.00085095,0.01913173,0.0016531,3.837e-05,0.40197031,0.01004619,0.00110469,0.00055768,0.02102482,0.00020139,0.00051446,0.00148245,0.00023164,0.11374057,0.00015925,0.05453419,0.01444888,0.12990239,0.04204674,0.00030412,0.00027309,0.00772019,0.00221698,0.06074664,0.00015428,0.23886015,0.00122283,0.00263807,0.00026658,0.00656749,0.00668683,0.00113745,0.003815,0.00011318,0.12215779,0.0110699,0.01391135,0.08420464,0.00994062,0.02459755,0.00213765,0.00217334,0.00255348,0.00014865,0.02375711,0.00015289,5.79e-05,0.00154255,-4448438.999998447,-5.812733895358364,-0.7112157081550329,0.4555842460056943,-0.2719027424713136,2
5436770,5436770,COc1nc(C)n(CCCn2c(C3CC3)nnc2N(C)C2CCC(C)CC2)c1O,4.449,4.988,5.027,5.063,5.425,5.812,6.023,6.113,6.253,6.288,6.368,6.524,6.553,6.633,6.641,6.674,6.724,6.745,6.83,6.877,6.992,7.032,7.052,7.063,7.151,7.213,7.309,7.38,7.407,7.41,7.495,7.507,7.577,7.634,7.669,7.687,7.711,7.734,7.791,7.814,7.845,7.851,7.939,7.966,7.979,8.016,8.065,8.071,8.078,8.086,0.00161223,0.08945817,0.01155459,0.0041231,0.07620792,0.0037485,0.01080093,0.0773574,0.01219899,0.00552967,0.00047923,0.00119627,0.01231414,0.00107519,0.04697603,0.06997644,0.00694102,0.00015383,0.00550012,0.00880745,0.02244235,0.22583606,0.00488057,0.00026896,0.00094811,0.00198783,0.00052843,0.0545925,0.00283845,0.00097725,3.87e-05,0.0005246,0.00352374,0.00028596,0.00031787,0.00717867,0.30776566,0.04877478,0.00046769,0.07411957,0.00531703,0.00715786,0.02756266,0.00258444,0.10177161,0.04610667,0.07346231,3.684e-05,0.01990276,0.01522797,191252.99999992413,11.536691635421231,-1.221938904856844,-0.5681627576091743,-0.2459386072930862,4
5751863,5751863,CC1(CCOC(=O)CC2C=C(OC(F)F)C2)CCCCC1,5.055,5.494,5.857,5.897,6.152,6.295,6.366,6.492,6.626,6.661,6.722,6.809,6.924,7.035,7.116,7.144,7.216,7.296,7.333,7.385,7.41,7.478,7.6,7.615,7.667,7.69,7.788,7.799,7.814,7.841,7.889,7.942,7.994,8.098,8.124,8.13,8.236,8.266,8.379,8.41,8.495,8.557,8.571,8.636,8.747,8.796,8.83,8.938,8.958,9.012,0.00884029,0.00018404,0.00021758,0.00094524,0.00048578,5.322e-05,0.00336518,0.2269021,0.00625597,0.01957594,0.00546125,0.00152925,0.00725839,0.00298167,0.00018712,0.01658478,9.862e-05,0.02873979,0.00970171,0.00262903,0.00121273,0.0016275,0.00381921,0.00070856,0.00319766,0.0058919,0.00435439,0.01300976,0.0277202,0.03886051,0.02287783,0.00117203,0.01559944,0.00177019,0.00960316,0.00108486,0.00447002,0.00214698,0.01236088,0.0037942,0.01327275,0.02506612,0.01319705,0.00763793,0.00571344,0.03689409,0.00168478,0.01866969,0.02463989,0.00208761,506345.9999998141,15.3634328601275,-1.553926738665866,0.1137419469054289,-0.3761586085422724,4
4130906,4130906,Cc1c(C(=O)Nc2cc(OCC(F)(F)F)cc(OCC(F)(F)F)c2)nnn1-c1cccnc1,3.121,3.159,3.382,3.504,3.532,3.766,3.949,4.079,4.171,4.211,4.287,4.334,4.387,4.445,4.466,4.59,4.605,4.646,4.76,4.84,4.908,5.03,5.077,5.1,5.108,5.128,5.155,5.178,5.296,5.341,5.343,5.399,5.417,5.431,5.467,5.539,5.542,5.588,5.636,5.718,5.735,5.779,5.805,5.845,5.857,5.867,5.888,5.895,5.908,5.943,0.00244992,0.00810441,0.0002672,0.00010593,0.00038213,1.334e-05,5.424e-05,0.00188125,0.05645614,0.00333148,0.12284891,0.00456787,0.08337704,0.02140258,0.15043533,0.00129341,0.00350582,0.1947099,0.00052869,0.12585122,0.00499465,0.01416431,0.00085649,0.02881566,0.00140072,0.00947075,2.062e-05,0.00229283,0.10055689,0.0004241,0.00378027,0.05499477,0.00178992,0.0061014,0.03863073,0.00041777,0.0003139,1.402e-05,0.00493886,0.00037083,0.00552273,0.09970941,0.00221068,0.06199153,0.00051207,0.28973292,0.03641955,0.00138799,0.00099754,0.00040082,-1114610.9999996112,-3.051089530076041,0.0189621217108238,0.023261280813022,0.0576347088763569,0
10133982,10133982,N=C(NCCCC(=O)N1CCN(c2ccc(F)cc2)CC1)N1CCC(CCCO)CC1,3.423,3.702,3.772,3.915,4.142,4.318,4.473,4.6,4.81,4.857,4.907,5.013,5.026,5.104,5.316,5.368,5.48,5.521,5.562,5.751,5.783,5.8,5.861,5.865,5.879,6.066,6.077,6.123,6.157,6.192,6.233,6.324,6.353,6.44,6.458,6.583,6.591,6.695,6.705,6.75,6.759,6.822,6.824,6.864,6.906,6.931,6.947,6.962,6.964,6.982,2.4e-07,0.00152976,0.02564737,1.43e-06,0.00394351,2.42e-06,2.7e-06,0.00134386,1.1e-05,2e-08,0.18586863,0.00294537,0.00072896,0.12635195,0.00033989,1.209e-05,7.19e-06,0.00102491,0.01878059,2e-08,0.00762382,1.29e-06,0.00014896,4.435e-05,0.1165939,5.92e-05,0.00072921,2.943e-05,0.37990885,0.00088314,1.087e-05,1.28e-06,1.411e-05,1.743e-05,1.91e-06,0.02991119,8.5e-07,0.00080059,0.17308354,0.01894683,0.00047886,0.00775206,0.01562653,0.2075562,0.06750998,0.00096846,0.09400654,0.00250172,0.00832835,0.00218623,4888464.999998293,3.000341311290216,0.5562974726719523,0.1103430503945015,0.0856138648933208,1
10282638,10282638,COc1ccc(CCN=C(S)NNCNCc2cn(C)nc2C(F)F)s1,3.854,4.268,4.331,4.562,4.591,4.684,4.854,5.055,5.056,5.104,5.187,5.238,5.264,5.332,5.514,5.561,5.571,5.687,5.801,5.804,5.819,5.832,5.965,6.054,6.075,6.095,6.187,6.214,6.264,6.274,6.297,6.298,6.33,6.343,6.348,6.367,6.382,6.39,6.408,6.433,6.439,6.495,6.511,6.551,6.585,6.666,6.667,6.673,6.686,6.715,8.25e-06,0.0573447,0.00040906,6.503e-05,0.00026748,0.12460767,0.00020361,0.00452972,0.00741078,0.01467395,0.00031881,0.00565121,0.00021487,0.00137829,0.00032339,0.00022606,0.01413659,0.00256332,8.426e-05,1.25e-05,0.00027992,0.01961977,0.00031239,0.00212395,0.04844917,0.06819345,0.00325982,0.01751656,0.00129699,0.00104853,0.00312728,0.0006043,0.00038591,0.02533595,0.00381725,7.995e-05,0.04294774,0.00195126,0.00097392,0.00235579,0.00234511,0.00779783,0.0007205,0.0010258,0.00563196,0.00046922,0.00282227,0.02103576,0.00059081,0.01407131,5037120.999998243,3.125976711466067,-1.241818043755911,-0.3718821629353483,0.3010097946488781,1
9895914,9895914,Cc1ccc(OCCN(Cc2ccco2)C(=O)NCC2CCCN(CC3CC3)CC2)cc1,3.785,3.888,4.118,4.231,4.253,4.267,4.371,4.485,4.524,4.6,4.609,4.735,4.841,4.843,4.969,5.292,5.325,5.506,5.614,5.701,5.711,5.824,5.87,5.885,5.912,5.941,5.981,5.984,6.045,6.061,6.075,6.096,6.123,6.159,6.179,6.193,6.204,6.213,6.214,6.222,6.306,6.343,6.352,6.365,6.409,6.423,6.433,6.459,6.467,6.468,4e-08,2.64e-05,2.66e-06,0.00348374,0.00010738,1.6e-07,0.00045458,0.00064494,0.00052178,0.00260828,0.03595633,8.103e-05,0.00024742,0.00551954,0.00055724,0.17628086,0.00982378,2.27e-06,0.00187687,3.748e-05,4.8e-07,2.548e-05,3.7e-07,0.0010672,0.00040984,4.53e-06,0.18066414,0.00728765,7.472e-05,0.00062078,2.973e-05,0.00410067,0.00342509,0.00046544,0.00028823,2.75e-06,4.03e-06,0.00038492,8.197e-05,0.00231186,0.00046324,0.19701564,0.00170901,5.704e-05,3.027e-05,4.7e-07,9.11e-06,0.00114223,0.05191335,0.3277864,4650396.999998377,1.4006992783580776,-0.5050249084818319,-0.0486584628380376,0.9313686793825092,1
2361858,2361858,COC(O)=Nc1cccc(OCCNC(=O)N2CCC(C(=O)NCCc3ccc(F)cc3)CC2)c1,3.001,3.271,3.347,3.47,3.64,3.704,3.739,3.756,3.815,4.028,4.109,4.173,4.211,4.224,4.297,4.349,4.377,4.646,4.657,4.679,4.679,4.754,4.777,4.852,5.005,5.015,5.025,5.058,5.073,5.099,5.121,5.191,5.22,5.274,5.289,5.365,5.394,5.41,5.457,5.509,5.526,5.543,5.554,5.605,5.638,5.647,5.659,5.659,5.675,5.692,2.14e-06,1.56e-06,1e-08,3.24e-06,1.606e-05,1.26e-06,3.9e-06,2.03e-06,3e-08,2.801e-05,0.00023367,4.472e-05,2e-07,9.286e-05,5.28e-06,0.00380301,0.00017868,7.754e-05,0.01405278,0.0168797,7.32e-06,0.00024654,0.00208153,0.04256118,0.03669528,0.00035408,0.00029859,8.3e-07,0.03094812,1.61e-06,0.00729598,5.2e-07,0.0179619,5.148e-05,2.41e-06,0.04289412,0.00026778,1e-08,4.53e-05,0.0001412,2.39e-06,0.00016387,0.02186793,0.23004952,4.824e-05,3.41e-06,0.09481574,9.281e-05,3.23e-06,2.62e-06,-2883658.999998993,-4.343871962661976,-0.1251868535620735,0.1807331785912987,0.1997471592932655,0
1488667,1488667,CN(C)CCCC(C)(C)NC(=O)c1ccc(-c2ccc3c(c2)OCCO3)s1,2.824,2.884,3.252,3.722,3.896,3.897,3.954,4.195,4.206,4.268,4.473,4.522,4.642,4.796,4.806,4.921,4.97,5.058,5.145,5.264,5.267,5.31,5.335,5.438,5.497,5.499,5.588,5.626,5.66,5.686,5.709,5.766,5.797,5.845,5.869,5.918,5.981,6.029,6.039,6.059,6.143,6.202,6.206,6.215,6.245,6.253,6.275,6.304,6.344,6.353,6.926e-05,0.00064586,0.22684968,0.00924832,0.02930603,0.17712893,0.00732577,0.18314333,0.01864268,0.00797143,0.02562681,0.01009679,0.00102786,0.05381064,0.00046868,0.05183632,0.00015767,0.00566663,0.00042295,0.00261602,0.0005374,0.00606301,0.01392632,4.535e-05,0.00075403,0.0202776,0.01918616,0.00840891,0.00410763,0.14427192,0.0765243,0.00320938,0.0273349,0.00054864,0.01330901,0.0204928,0.00906044,0.00896925,0.00243682,0.0620226,0.00287357,0.02450152,0.00012041,0.00074227,0.0016272,0.00199671,0.03007061,0.00039682,0.00148934,0.00142767,-3756849.999998689,-0.8081349874383623,0.7506298347385221,-0.2865534343409288,0.0426990546251964,2
7888320,7888320,C=C(OCc1ccc(OCC2CC2)cc1)c1cc(C)nc(COC)n1,3.585,3.685,3.751,3.955,4.068,4.133,4.253,4.266,4.333,4.572,4.62,4.662,4.729,4.756,4.759,4.848,4.885,5.044,5.087,5.119,5.14,5.172,5.193,5.245,5.252,5.335,5.388,5.401,5.41,5.444,5.473,5.504,5.534,5.559,5.603,5.623,5.697,5.742,5.777,5.804,5.815,5.825,5.929,5.94,5.947,5.951,5.983,5.995,6.011,6.139,0.00174993,0.00155195,0.0014748,0.00023666,0.00239942,0.00277308,0.00162245,0.00039457,0.00067746,0.02416644,0.00045826,0.00081589,0.0008925,0.05044698,0.00049373,0.00115661,0.00342499,0.01337353,0.00013479,0.10391092,0.00747969,0.00309363,0.01703342,0.00523241,0.00635489,0.01826116,0.00452483,0.01195192,0.00039403,0.00325679,0.01004386,0.0067095,0.02066363,0.0021059,0.00405744,0.00206065,0.0268022,0.00044459,0.00052956,0.00352171,0.00184627,0.00242014,0.00901667,0.00304502,0.00114245,0.00228581,0.00306485,0.01257052,0.00534477,0.00047872,2642802.99999908,-1.649494786503777,-0.9612995328659804,-0.0792588208697806,0.1069886664953165,3
1638159,1638159,Cc1noc(C2CC2)c1C(=NOCC=O)NC1CN(C(=O)C2(C)CC2)C1,3.301,3.66,3.866,4.15,4.207,4.421,4.47,4.649,4.696,4.882,4.917,5.012,5.114,5.13,5.168,5.293,5.365,5.386,5.417,5.614,5.65,5.7,5.762,5.852,5.866,5.916,5.963,6.05,6.08,6.09,6.098,6.134,6.183,6.263,6.279,6.338,6.397,6.468,6.511,6.553,6.574,6.606,6.639,6.643,6.66,6.697,6.701,6.74,6.851,6.862,0.00101357,5.911e-05,0.0023501,3.368e-05,0.00047359,4.134e-05,0.00023489,0.00010032,0.00027201,0.00571338,0.00110231,0.00015509,0.00022516,0.07315548,0.01870148,0.0004421,0.0014949,0.00286331,7.664e-05,0.0061653,0.09715181,0.00217168,0.07783388,1.142e-05,0.00170003,0.01917222,0.00043079,0.00087539,0.00276643,0.05773902,2.471e-05,0.01397317,0.17299818,0.00036466,0.00141039,0.09550436,1.477e-05,0.00108736,0.00018724,0.02241166,0.00114275,0.00112049,0.00111777,0.00357795,0.00259492,0.07933844,0.00022557,0.00569107,0.00216862,0.23674172,-3607357.999998741,2.1990606847764207,0.0936894787216775,-0.0588398819317099,-0.0482319464603425,2
9687721,9687721,CC(C)NC(=O)C(=O)N1CCN(c2nnc(-c3noc4c3COCC4)n2CCC2(C(C)C)CC2)CC1,3.473,3.489,3.707,3.867,4.276,4.332,4.454,4.473,4.61,4.628,4.665,4.677,4.757,4.769,4.822,4.882,4.952,5.031,5.144,5.157,5.295,5.298,5.312,5.345,5.382,5.462,5.51,5.543,5.559,5.573,5.589,5.591,5.659,5.782,5.849,5.863,5.863,5.984,5.999,6.017,6.087,6.173,6.181,6.21,6.246,6.338,6.396,6.417,6.428,6.439,0.00108786,0.00049848,0.00549273,0.06666158,0.00014505,0.00214766,0.01549786,0.05808445,0.00095144,0.00107152,0.00331436,0.0065966,0.05278157,0.00747524,0.00530071,3.448e-05,0.18521262,0.06779995,0.01343577,0.0008102,0.10263707,0.00859597,0.01148167,0.0020963,0.11466435,0.0009404,0.01327501,0.00064477,0.00044608,8.12e-06,0.00016647,0.00142968,0.00866455,0.07286601,0.02295801,0.00050766,5.096e-05,0.00078493,0.00096381,0.00814078,0.00026845,0.03483018,0.02405767,0.00112424,0.00075546,0.09886331,0.00055284,0.00032732,0.00033368,0.00477421,4442203.99999845,-0.4854716324138249,-0.4685391159244798,0.168198805701868,-0.3619411808022348,1
6882070,6882070,Cc1cccc(C(=O)NNC(=O)COC(=O)c2cc(S(=O)(=O)Nc3ccccc3C)ccc2C)c1,2.835,2.972,3.132,3.139,3.17,3.292,3.327,3.438,3.453,3.584,3.593,3.623,3.646,3.819,3.875,3.898,3.91,3.957,3.959,3.966,3.985,4.074,4.232,4.24,4.245,4.26,4.277,4.325,4.401,4.415,4.459,4.565,4.585,4.624,4.636,4.657,4.67,4.681,4.688,4.696,4.703,4.774,4.797,4.827,4.851,4.859,4.878,4.902,4.96,4.963,0.02507131,0.00029159,0.00045886,0.02131221,0.00025883,0.00013254,0.00727264,0.01049201,0.00039629,0.00101984,0.00050262,0.01975636,0.00734323,0.04074467,3e-07,0.00087153,0.00028957,5.77e-06,0.01373295,3.93e-06,0.00022357,0.00209652,0.00080534,2.603e-05,2.22e-06,0.00109446,1.24e-05,1.902e-05,0.00011725,0.00023346,0.27182551,8.06e-06,0.00064648,0.01199103,4.242e-05,0.02001049,3.5e-07,0.0128111,1.431e-05,0.05241054,0.00177594,0.02651551,5.5e-07,0.00022801,0.00075485,0.00015955,0.00612404,0.00889836,0.01258355,0.0127879,1636552.9999994307,-8.7585414309766,-0.6046336760796702,0.1878668752239143,0.117124452552825,3
4109460,4109460,CON=C(Cn1cc(O)nc1O)c1csc(S(=O)(=O)NC2CCCCCCC2)c1,1.853,2.716,3.231,3.258,3.575,3.63,3.937,4.094,4.127,4.162,4.384,4.453,4.474,4.553,4.597,4.681,4.746,4.772,4.8,4.823,4.889,4.911,4.997,4.998,5.032,5.05,5.105,5.246,5.317,5.322,5.385,5.392,5.416,5.51,5.527,5.57,5.6,5.684,5.696,5.705,5.771,5.855,5.861,5.907,5.911,5.933,5.962,6.017,6.08,6.116,3.235e-05,0.00073336,0.00351416,0.00118888,0.03423949,0.01785581,0.00023681,0.00125133,0.00361439,0.00076331,0.00032963,0.00386534,0.00238055,0.00345743,0.02668033,0.00053965,0.28325833,0.1284372,0.03701474,0.00306649,0.04182587,0.00244291,0.01039439,0.00198842,0.0034388,0.00044015,0.00165982,0.00022594,0.00050069,0.00669944,0.00590202,0.00330227,0.00155547,0.06518776,0.01361179,0.00863608,0.0473662,0.00806908,0.06252491,0.00605972,0.00072796,0.00585382,0.00148586,0.00082151,0.00049957,0.10918359,0.00290766,0.00039139,0.00026758,0.0008933,-1136056.999999604,-3.0025915750444776,0.9021183714891456,-0.6055509215756832,-0.6539368616716306,0
3513690,3513690,CCOC(=O)c1cnc(NC(=O)CCNC2(CC)CCCC2)n1C,4.154,4.311,4.467,4.56,4.868,4.999,5.049,5.25,5.28,5.369,5.649,5.829,5.952,5.988,5.991,6.103,6.107,6.214,6.375,6.478,6.513,6.534,6.543,6.643,6.647,6.669,6.691,6.704,6.722,6.807,6.824,6.885,7.04,7.078,7.188,7.206,7.243,7.246,7.257,7.356,7.36,7.414,7.455,7.468,7.499,7.513,7.534,7.63,7.643,7.649,0.00021116,0.01813454,0.23307245,0.10307518,0.0010033,0.03807385,0.02276803,0.00623462,0.00205894,0.00499771,0.05538631,0.00044971,0.00085682,0.00021158,0.0005971,0.0443687,0.00452406,0.03687661,0.08410144,0.00270183,0.0009298,0.00059494,0.00071748,0.01208012,0.06209961,0.00202723,0.0307798,0.00445912,0.01357205,0.00927656,0.00141694,0.00056937,0.0148804,0.00109314,0.00261506,0.00365068,0.00302036,0.00014251,0.00479256,0.0042994,0.00032993,0.00173905,0.00428788,0.01800282,0.00949571,0.00082979,0.00058579,0.02586889,0.01295034,0.00097,-1731826.9999993974,7.595598974255625,-0.2452603088249067,-0.1746297998534176,0.221616722921037,0
9051265,9051265,Cc1ccc(OC(C)Cc2nc(-c3ccccc3F)oc2C)c(F)c1,3.075,3.696,3.909,4.131,4.162,4.236,4.45,4.502,4.539,4.703,4.814,5.038,5.07,5.083,5.165,5.274,5.297,5.42,5.452,5.467,5.491,5.557,5.593,5.676,5.75,5.763,5.81,5.826,5.832,5.848,5.892,5.959,5.968,6.012,6.039,6.063,6.074,6.091,6.22,6.254,6.299,6.314,6.316,6.408,6.414,6.415,6.431,6.459,6.533,6.555,0.00364479,0.35624695,0.00607766,0.0252931,0.00283396,0.00253793,0.00010828,0.00705081,0.05963254,0.03116152,0.04920182,0.01536897,0.17157141,0.0004437,0.03647116,0.00144119,8.746e-05,0.00023535,0.00034596,1.792e-05,0.00456861,0.00341067,0.00143638,0.00290533,0.00213222,0.00106173,0.00075926,0.08539317,0.00443869,0.08597219,0.00131519,0.0055499,0.04515814,0.0310529,0.03269905,0.00069376,0.02207905,0.00336119,0.14327142,0.10821835,0.00044259,0.08668471,0.0514909,0.0009504,0.00509269,0.01731104,0.00087516,0.0805292,0.16804007,0.13717936,3805747.999998673,0.9309333997950616,-0.2836278656099085,-0.4319280364167639,0.0213268410993695,1
3591329,3591329,O=C(NCCc1ccc(F)c(CO)c1)c1ccc2c(c1)C(=O)N(CC1CC1)C2=O,2.356,2.672,2.788,2.968,3.009,3.286,3.304,3.479,3.613,3.674,3.727,3.905,3.917,3.926,3.944,4.007,4.165,4.208,4.234,4.243,4.328,4.336,4.436,4.497,4.53,4.562,4.576,4.615,4.635,4.659,4.732,4.772,4.812,4.817,4.867,4.894,4.936,4.948,4.953,4.982,5.016,5.035,5.065,5.098,5.1,5.141,5.154,5.166,5.208,5.426,0.00156983,1.289e-05,0.00274703,0.00119386,0.00021732,0.00032051,0.00091256,0.01247302,8.412e-05,2.56e-05,0.0029434,0.00190846,3.016e-05,7.22e-06,0.00013483,0.00045885,0.00317997,0.00675869,0.00271205,8.65e-06,0.11779962,0.02579168,0.06333823,0.0040033,0.01540428,0.00780104,0.00055395,3.815e-05,0.00071127,0.00024457,0.00047115,1.865e-05,0.00024773,9.466e-05,5.28e-05,0.01394135,0.00075962,0.00391032,0.03259523,0.00570778,0.00222957,0.10914186,0.00010001,0.0021661,0.0224155,0.01359879,0.00489819,0.00608156,0.00385112,0.34053927,-1654187.999999421,-7.357331004928322,0.3346887244324789,-0.2981072912137716,0.0171053811322254,0
5593561,5593561,CCOc1cc(C)c(C)cc1OCC(=O)Nc1[nH]ncc1OC,3.776,3.976,4.3,4.338,4.456,4.571,4.635,4.693,4.824,4.966,5.026,5.158,5.218,5.226,5.352,5.457,5.534,5.585,5.589,5.673,5.732,5.787,5.81,5.875,5.928,6.233,6.351,6.378,6.386,6.431,6.519,6.532,6.534,6.572,6.579,6.636,6.648,6.694,6.751,6.766,6.806,6.817,6.858,6.863,6.896,6.912,6.939,6.99,6.991,7.006,0.00343096,0.00029538,0.16614685,0.04233247,0.0021882,0.02598176,0.00387317,0.01199539,0.00384957,0.08672365,0.00071835,0.00495977,0.06969544,0.0005214,0.00143085,0.0112046,0.00021917,0.00656008,0.10257212,0.01117176,6.32e-06,0.00020777,0.00205951,0.00547616,0.12882785,0.11004519,0.29926497,0.01612048,0.05165211,0.11114713,0.02445609,0.00961063,0.00184344,0.01688205,0.04883882,0.00322144,0.03721737,0.04649852,0.01433382,0.00015266,0.01829886,0.00268423,0.00053159,0.00277548,4.869e-05,8.542e-05,0.00873488,0.00037133,0.00059254,4.018e-05,348043.999999875,3.7052904214515823,-0.1120851774038027,0.3623491661413555,0.2548462740041272,4
9490298,9490298,Cc1cn(C)nc1C(=O)CCNCCN(CCO)C(=O)Cn1cncn1,3.489,3.57,3.653,3.876,3.962,4.031,4.57,4.703,4.922,4.926,5.004,5.087,5.132,5.22,5.29,5.311,5.317,5.366,5.372,5.396,5.433,5.466,5.511,5.556,5.611,5.673,5.756,5.827,5.912,5.913,6.004,6.033,6.095,6.154,6.192,6.228,6.265,6.309,6.338,6.352,6.361,6.501,6.518,6.549,6.55,6.579,6.63,6.652,6.688,6.713,0.00028615,1.363e-05,0.00032336,0.00013967,2.36e-05,9e-08,3.5e-07,0.08479958,0.00013287,1.46e-06,6.61e-06,0.00030468,7.855e-05,0.00266518,0.18893255,0.00355301,0.00330204,0.00010321,0.00162898,2.667e-05,5e-07,7e-08,0.02205706,0.03387554,0.00251775,4.569e-05,0.00332766,0.00083055,0.00054376,1.231e-05,6e-08,0.00248328,0.00023707,3.85e-06,0.00346443,0.00090747,0.00040866,4.874e-05,0.00625876,0.20339087,7.677e-05,0.00089557,0.07804227,0.02401022,0.02034141,0.0058286,0.19588881,0.00895791,0.01036839,0.00601263,4244780.999998518,1.4279949551931974,-0.059808360418573,-0.2395354203834373,-0.2967119999077107,1
3947715,3947715,C=CCN1C(N2CCC(N3CCN(CC4CC4)CC3)CC2)=NNC1=C1C=CN=C1N,2.263,3.05,3.229,3.36,3.492,3.691,3.744,3.94,4.222,4.279,4.309,4.338,4.461,4.569,4.896,4.937,4.95,4.96,5.383,5.638,5.654,5.772,5.82,5.894,5.93,5.998,6.075,6.161,6.212,6.242,6.25,6.383,6.408,6.44,6.499,6.517,6.551,6.566,6.59,6.608,6.629,6.678,6.752,6.788,6.805,6.818,6.858,6.882,6.896,6.947,0.00182495,0.00465368,0.04817383,0.0003633,0.00419372,7.54e-06,0.00018005,0.00314659,0.0401787,9.177e-05,0.22277997,0.04871702,0.16170432,0.00377837,8.251e-05,0.00156952,0.00720518,0.04657968,0.00119595,0.02933879,1.639e-05,0.0352877,0.00046348,0.10574695,0.01546827,0.00641529,0.00451179,0.01153916,0.00021825,6.72e-06,0.00166521,0.00465146,4.49e-06,0.0031298,0.00338205,0.01725319,0.0177066,0.00319242,0.01869362,0.00291902,0.00050865,0.00026124,0.02214533,0.00949819,0.00145145,0.01380516,9.698e-05,0.00340253,0.00163696,0.01700027,-1297801.999999548,1.479839856824609,2.587900118632476,0.1864147899913934,0.5999403967400206,0
5331113,5331113,CCCCC1CCC(CNC(=O)CCC(=O)N2CCC(c3ccccc3)=N2)(C2CC2)O1,2.745,2.995,3.02,3.497,3.557,3.763,3.901,4.016,4.04,4.515,4.613,4.653,4.754,4.76,4.786,4.817,4.826,4.963,5.076,5.101,5.107,5.118,5.189,5.31,5.363,5.406,5.441,5.447,5.477,5.547,5.566,5.578,5.629,5.631,5.65,5.715,5.737,5.777,5.793,5.801,5.836,5.87,5.874,5.888,5.919,5.929,5.982,5.997,6.047,6.126,0.0003839,0.00035319,8.877e-05,0.00037488,0.56224314,6.213e-05,0.00490475,4.936e-05,2.298e-05,8.7e-07,4.944e-05,0.01674291,0.07688573,0.01945617,0.05534268,2.233e-05,0.00217573,6e-08,0.00010852,1.605e-05,2.2e-06,4.559e-05,6.788e-05,0.00234717,0.02102699,0.00118653,0.01048589,0.03926991,0.00011302,0.00014399,0.00041739,0.00020659,0.00019798,6.19e-06,0.00037553,8e-07,0.00087765,2.438e-05,0.00038131,0.00251066,1.526e-05,0.0005709,0.00449641,0.0114623,0.01729612,0.05765867,1.17e-06,0.00208829,0.00408364,2.547e-05,85595.9999999727,-1.998997449861974,0.4374765534545597,-0.7675539467456882,0.0900722790497666,4
9862650,9862650,CN(Cc1cnn2c1C=CC=CC=C2)C(=O)Cn1nc(Cc2ccccc2C(F)(F)F)[nH]c1=O,2.191,2.498,2.591,2.691,2.753,2.857,2.896,2.989,3.004,3.123,3.151,3.206,3.245,3.379,3.462,3.567,3.604,3.823,4.051,4.083,4.271,4.418,4.452,4.526,4.535,4.543,4.552,4.57,4.584,4.698,4.708,4.786,4.798,4.853,4.868,4.905,4.941,4.97,4.973,4.978,5.002,5.023,5.054,5.072,5.079,5.136,5.15,5.171,5.217,5.229,4.055e-05,0.00518829,0.00018156,0.00015082,0.00439287,0.00791903,0.00459799,0.00025074,0.0029095,1.28e-06,0.00368186,2.11e-06,0.00038484,1.77e-06,7.8e-07,7.415e-05,0.09296175,7.38e-06,2.373e-05,0.0154987,7.66e-06,0.0306101,1.664e-05,1.942e-05,0.04036323,0.00013346,0.00015148,7.6e-05,3.825e-05,0.00053333,0.00169212,0.00606006,3.063e-05,0.01683498,2.041e-05,0.00269593,0.0057268,6.111e-05,0.0055525,0.00704505,0.0002615,0.02038175,0.04844036,0.00016208,0.00028045,0.00635998,0.00031324,0.04432908,1.21e-05,0.03030377,4617132.999998391,-8.403804430835308,1.4775610329839326,0.5329650364169887,0.7361311551380717,1
2168510,2168510,CC(=NN)C1CCN(CCNS(=O)(=O)c2cnc3[nH]cncc2-3)CC1,1.607,2.127,2.295,2.923,2.952,3.228,3.405,3.441,3.67,3.675,3.848,3.934,4.043,4.109,4.175,4.191,4.255,4.268,4.287,4.383,4.402,4.575,4.696,4.707,4.868,4.929,5.001,5.007,5.058,5.08,5.13,5.171,5.188,5.253,5.276,5.366,5.425,5.466,5.521,5.526,5.532,5.59,5.601,5.63,5.721,5.74,5.747,5.815,5.825,5.875,7.647e-05,1e-08,0.00191711,0.00088184,7.41e-06,0.01062853,0.00100443,1.2e-07,0.00190584,0.02365162,1.116e-05,4.14e-05,0.0003175,0.00024342,0.00301606,0.00979134,0.02564529,0.00231077,0.0034695,0.00117367,0.00035586,3.705e-05,4.97e-06,0.01229127,0.00081774,0.21483403,0.12836395,0.00159437,1.432e-05,0.00114702,0.03766971,0.01017971,1.037e-05,0.00598743,4.823e-05,0.00326604,0.00134606,0.10355142,0.00017842,0.00963037,0.00065411,0.00033911,0.00590106,0.00066461,0.00342906,8.671e-05,0.00546465,0.00015565,0.00028436,0.04643571,-3077006.9999989257,-5.27686162773967,2.0736724013558243,-0.2659024890355241,-0.4323135404681458,0
2523533,2523533,CCn1cc(C=Cc2nc(S)n(CN3CCN(CC4CCCCC4)CC3)n2)cn1,3.404,3.668,4.029,4.398,4.512,4.629,4.821,4.908,4.96,4.99,5.026,5.037,5.113,5.13,5.193,5.22,5.265,5.696,5.762,5.789,5.798,5.813,5.931,5.955,5.985,6.005,6.025,6.033,6.069,6.13,6.199,6.241,6.251,6.284,6.362,6.411,6.445,6.492,6.497,6.533,6.539,6.552,6.569,6.628,6.632,6.643,6.666,6.683,6.725,6.737,0.00316427,0.0514157,0.63198559,0.18580103,6.656e-05,0.01891281,0.00418156,0.00093939,0.04349105,0.00205521,9.481e-05,0.09719223,4.591e-05,0.01315789,0.0005489,0.00246507,0.00927751,0.00153104,0.00514443,0.00230872,0.00626413,0.01434996,0.000254,0.00023916,0.00670298,0.00024485,0.00043431,9e-05,0.00017468,0.0118632,0.05816388,0.00554502,0.01117612,0.0002457,0.10236742,0.0119557,1.38e-05,9.372e-05,0.00441466,0.00023415,5.024e-05,0.00027196,0.02059515,9.784e-05,0.00563489,0.0023662,0.0094619,0.00350934,0.0025737,0.00651479,-2721983.9999990496,2.6251959342255784,-0.444616346173701,-0.283844388942549,-0.0691747007305608,0
5125673,5125673,COc1cc(NC(=O)N2CCC3(CC3)C2)ccc1OC1CCCC1,4.262,4.359,4.654,4.697,4.709,4.873,5.139,5.257,5.361,5.856,5.929,6.181,6.217,6.247,6.351,6.374,6.377,6.509,6.578,6.656,6.674,6.685,6.731,6.806,6.836,6.871,6.96,7.001,7.039,7.104,7.239,7.267,7.285,7.293,7.306,7.354,7.378,7.388,7.47,7.533,7.577,7.591,7.73,7.75,7.792,7.823,7.862,7.949,7.983,7.996,0.0155821,0.11755975,0.0123805,0.0006583,0.01579344,0.18672865,0.0494036,0.01046751,0.02376918,0.59923773,0.03494694,0.05264931,0.00010625,5.735e-05,0.04894205,0.03999429,0.02296475,0.00062002,0.00594119,0.00023924,0.00994764,3.476e-05,0.01245141,0.00215475,0.00239552,0.01508918,0.02051998,0.08412468,0.01637552,0.01737255,0.00165505,0.01557804,0.02910105,0.01504782,0.01180183,0.02004654,0.00724387,0.00136834,0.00871497,0.01149068,0.13628366,0.00557441,0.0118953,0.00364255,0.00891181,0.00250279,0.00786484,0.0001539,0.00281812,0.00028871,-119843.999999963,9.181220914732886,-0.0557266997787502,-0.3649698665620536,0.2726078307715108,4
441361,441361,CCC(C#N)(CC)c1nnc(N2CC3(CCCCC3)C2)n1Cc1cccs1,3.224,3.987,4.605,4.742,4.919,5.097,5.21,5.289,5.309,5.349,5.4,5.443,5.716,5.805,5.838,5.855,5.963,6.025,6.025,6.071,6.098,6.17,6.203,6.317,6.32,6.357,6.391,6.443,6.538,6.54,6.598,6.611,6.628,6.649,6.736,6.757,6.778,6.788,6.805,6.814,6.837,6.844,6.879,6.897,6.908,6.955,6.982,7.007,7.017,7.047,0.00070773,5.164e-05,0.01534605,0.00271407,0.03060975,0.07646831,0.00950405,0.01585978,0.14492699,0.00131005,0.0010339,0.00749061,0.00106395,8.751e-05,0.02492647,0.01026773,0.00023044,0.00040532,0.00028459,2.958e-05,0.00013603,0.10926225,0.00523298,0.01252351,0.00736633,3.494e-05,0.00012582,0.00011253,0.00247452,0.00013288,0.00069976,0.00461231,0.01396256,0.00427312,0.07609046,0.00602731,0.00250969,0.00404159,0.00204988,0.01338244,0.00190192,0.0059953,0.00073022,0.0004884,0.00063319,0.00281773,0.00120406,0.00270016,0.00368486,0.03036192,-4804155.999998326,5.1878703319871375,-0.8678193630728318,-0.8179259955964537,-0.2472155049444021,2
3138226,3138226,CC(F)(C(=O)N1CC(CNC(=O)Cc2cscn2)C1)C1CC1,3.009,3.432,3.61,4.113,4.788,4.814,4.919,4.991,5.095,5.147,5.203,5.278,5.415,5.419,5.427,5.592,5.663,5.687,5.719,5.827,5.871,5.879,6.017,6.02,6.105,6.134,6.177,6.288,6.301,6.329,6.431,6.483,6.569,6.595,6.652,6.719,6.723,6.751,6.78,6.856,6.87,6.937,6.951,6.955,6.98,7.012,7.056,7.058,7.085,7.124,2.204e-05,0.02035605,2.06e-05,0.00406961,0.00014618,4.158e-05,1.752e-05,0.06063486,0.00120755,1.48e-06,0.02552118,0.0001352,5.43e-06,0.00038156,4.9e-06,1.856e-05,0.03341081,1.735e-05,0.0755601,6.12e-06,0.0005445,6.878e-05,0.00014966,0.00450503,0.00018498,0.01781355,3.139e-05,5.31e-06,9.026e-05,0.03753094,0.00014144,0.00010055,3.468e-05,0.00316513,0.00120938,0.02854685,0.00153575,0.2437916,6.845e-05,0.00013976,0.00016073,0.00348762,0.00020921,0.00734109,0.00013426,0.02933573,0.00815153,0.01115148,0.00307379,0.04573782,-2107290.999999265,4.09621127594641,0.3698578096810714,-0.4670088672213655,-0.6386697268090445,0
7600022,7600022,CCCOc1ccc(NC(=O)c2cc(OC)c(OC)cc2NC(=O)CC(C)(C)C)nc1,3.333,3.39,3.465,3.567,3.612,3.725,3.775,4.067,4.087,4.089,4.213,4.244,4.297,4.324,4.372,4.444,4.517,4.575,4.62,4.868,4.897,4.934,4.999,5.008,5.116,5.182,5.34,5.369,5.443,5.495,5.523,5.529,5.539,5.544,5.61,5.619,5.661,5.674,5.719,5.745,5.752,5.754,5.792,5.821,5.824,5.843,5.858,5.887,5.924,5.935,0.00790662,0.00244505,0.25203641,0.01931146,0.00063034,0.03134742,0.00039883,0.02744297,0.0137368,0.01768759,0.00058397,0.033626,0.00845893,0.00252643,0.0545807,0.00341677,0.00569592,0.21221496,0.09276341,0.04655785,0.03055123,0.19017933,0.03090011,0.00272219,0.00211421,0.01289693,0.17598902,0.16491063,0.01043647,0.00834109,0.00530778,0.00316867,0.00010705,0.00055288,5.903e-05,0.00029326,0.01273436,0.00064815,0.00204375,0.00023038,0.00276108,2.964e-05,0.0125096,3.33e-05,0.00397091,0.0037469,0.00014428,0.02080266,0.0091034,0.00141926,2354504.9999991795,-2.9387482268388125,0.0298625779488574,0.4433026559483634,0.4090899101612452,3
8163204,8163204,CCOCCCC#CCN(C)CC(=O)Nc1ccc(S(C)(=O)=O)cc1,3.721,3.803,4.012,4.094,4.273,4.445,4.56,4.632,4.721,4.731,4.941,4.943,5.067,5.158,5.189,5.225,5.233,5.357,5.38,5.419,5.43,5.461,5.48,5.653,5.705,5.875,5.877,5.935,6.019,6.096,6.114,6.167,6.183,6.31,6.353,6.372,6.405,6.431,6.435,6.444,6.458,6.592,6.601,6.623,6.647,6.703,6.72,6.725,6.734,6.74,3.807e-05,2.72e-06,8.39e-06,4.1e-07,0.00053257,0.00551651,0.00047882,0.02096076,0.00601117,0.45169432,0.00215584,0.00071442,2.533e-05,0.00726186,9.42e-06,4.313e-05,1.08e-06,3.02e-06,0.00011632,0.00046538,0.00057088,3.28e-06,4.1e-06,0.04341682,0.00841896,0.01142856,0.0039521,0.00128158,0.00083801,0.00141873,1.674e-05,2.046e-05,0.32630281,0.00040537,0.0080414,0.00029875,0.00017085,0.01271708,0.09438049,0.00066567,0.00842036,0.02983915,0.00055273,0.11345661,0.0022555,2.51e-05,2e-06,0.00010421,2.57e-06,3.784e-05,2917686.99999898,1.9234507279231037,-0.2295432462228775,0.3564753608977058,-0.0463021755200941,3
5173782,5173782,CCOc1cc(C(O)=CCC(=O)Nc2cc(SC#N)c(F)cc2C)ccc1CC,3.239,3.55,3.781,3.847,3.961,3.995,4.018,4.087,4.287,4.291,4.317,4.478,4.502,4.556,4.586,4.608,4.62,4.776,4.856,4.889,4.911,4.918,4.99,5.112,5.145,5.191,5.284,5.389,5.397,5.407,5.439,5.442,5.46,5.506,5.58,5.595,5.644,5.689,5.714,5.749,5.759,5.772,5.795,5.862,5.91,5.94,5.997,6.017,6.021,6.025,8.823e-05,0.00034572,0.00264895,0.00014922,0.00051144,0.00121767,0.00106994,0.05079091,0.00082595,0.00055231,0.00145491,0.01043203,0.00178886,0.00372268,0.00079212,0.00018597,1.401e-05,0.1850714,0.01948756,0.02713151,0.0001451,8.867e-05,0.00209926,0.04162744,0.00662013,0.04643576,0.00010533,0.02862223,0.00958106,0.00965848,0.00993212,0.00034829,0.0267732,0.00022933,0.00114526,0.03067553,0.00018071,0.00067624,0.02294664,0.33232179,0.01145112,0.00992468,0.01868816,0.00883767,0.00040155,0.00031097,0.00194032,0.02037853,0.00022845,0.00142778,-71734.99999997304,-2.445869607480329,-0.5084194508992628,0.2899487313076375,0.0150423333439986,4
3847016,3847016,Cc1ccc(N2CCOCC2)cc1NC(=O)N1CCC(C(=O)c2ccco2)CC1,2.185,2.796,2.809,3.039,3.207,3.381,3.904,4.045,4.322,4.398,4.46,4.5,4.659,4.691,4.727,4.768,4.778,4.823,4.933,4.947,4.961,5.024,5.044,5.081,5.176,5.222,5.233,5.28,5.307,5.332,5.344,5.406,5.486,5.517,5.563,5.575,5.691,5.729,5.744,5.75,5.796,5.905,6.006,6.042,6.043,6.089,6.107,6.207,6.24,6.252,3.35e-05,0.00029012,0.00015417,0.00031226,2.12e-05,0.00036175,1.312e-05,0.02444892,2.954e-05,3.1e-07,0.09206296,0.04022619,0.00861367,0.01805093,0.31368729,0.05114408,0.00956964,3.705e-05,8.361e-05,0.00261365,0.10030823,0.03757104,0.01106164,0.00721719,5.53e-05,0.00018574,0.00827063,0.35546404,0.00597987,0.01409789,0.00028906,0.00320016,0.00034805,0.00010869,2.978e-05,0.00520666,0.02592117,2.633e-05,0.00993536,2.635e-05,0.00051603,0.00020604,0.09192722,0.00082927,0.00064456,0.00363659,0.00075545,0.00563582,0.26730376,0.00430876,-1398500.9999995125,-2.550071152789602,1.1706184522608858,-0.7469606064092057,-0.5145244272137128,0
5764984,5764984,CC(C)(C)n1nnnc1C(=O)N1CCc2ccc(CNC3CCN(Cc4ccncc4)CC3)cc2N1,3.121,3.396,3.525,3.549,3.565,3.742,3.759,3.784,3.899,3.944,3.974,4.067,4.139,4.169,4.185,4.311,4.339,4.409,4.423,4.493,4.505,4.547,4.549,4.602,4.636,4.687,4.7,4.727,4.729,4.808,4.83,4.863,4.922,4.942,4.97,5.115,5.118,5.164,5.174,5.178,5.258,5.269,5.335,5.355,5.357,5.362,5.425,5.453,5.479,5.484,2.111e-05,0.10830034,0.00583666,0.00040566,2.749e-05,0.00074831,3.794e-05,0.00027428,0.00787072,1.608e-05,0.01636368,1.192e-05,9.9e-07,5.939e-05,0.00018104,3e-08,0.02750185,0.00368937,0.0703277,3.478e-05,0.0,0.02813976,0.00400478,0.07644447,2.53e-06,3.28e-06,9e-08,0.00340388,0.00046504,0.00018678,3.6e-07,0.00394056,2.5e-07,0.0009143,3.9e-07,0.00921321,0.04815079,2e-07,0.00010908,0.00079689,4.5e-07,0.00012358,0.00664178,8.21e-06,1.6e-07,1.94e-06,0.08087342,2.3e-07,0.08824734,0.00115816,519466.99999982247,-5.7146524510638645,-0.8317564076065519,0.2568069196817938,-0.0413387178024263,4
5211221,5211221,COc1ccc2nc(NC(=O)c3cnc(SC)nc3O)c(C)cnc1-2,1.393,1.983,2.118,2.416,2.669,2.796,2.889,2.933,3.193,3.229,3.312,3.326,3.518,3.529,3.75,3.752,3.786,3.886,3.962,3.986,4.029,4.045,4.14,4.298,4.329,4.332,4.372,4.4,4.528,4.539,4.573,4.642,4.696,4.706,4.742,4.852,4.859,4.86,4.91,5.027,5.038,5.062,5.092,5.114,5.218,5.239,5.25,5.266,5.3,5.368,0.0125187,3.65e-06,0.07913031,2.201e-05,0.01741623,6.588e-05,0.03272048,0.00238569,8.391e-05,7.671e-05,0.0053723,0.00418173,1.981e-05,1.623e-05,0.02108461,0.00677108,0.23373436,0.22169096,0.00071848,0.03178163,0.05886797,5.57e-06,0.00371656,0.00689009,3.587e-05,0.25011798,0.13777817,0.02096318,0.00786702,0.00211738,0.09143629,0.01018252,0.09740101,0.10651411,0.00562776,0.00967715,0.00095406,0.10788155,0.14280231,0.00096607,0.01491926,1.384e-05,0.00264888,0.00043443,0.00503993,0.00412481,0.02149108,0.00144958,0.00082627,0.00026917,-34295.99999998261,-8.740788232613722,2.0886923519647573,-0.0536189904791288,-0.2628890427800009,4
2065081,2065081,FCCCCCNC1CC(CNC(OF)C2CCCCC2)C1,5.186,5.671,6.302,6.778,6.882,7.019,7.026,7.049,7.093,7.166,7.201,7.273,7.54,7.7,7.781,7.972,7.98,7.999,8.086,8.204,8.355,8.364,8.468,8.561,8.729,8.752,8.856,8.877,9.173,9.29,9.595,9.645,9.724,9.961,10.107,10.169,10.223,10.431,10.464,10.535,10.629,10.767,10.82,11.349,11.469,11.589,11.698,11.863,11.989,12.089,6.45e-06,0.00201943,0.0040372,0.00041244,0.00019951,0.00063653,0.00093736,0.00067949,0.00287867,0.00032652,0.0006088,3.162e-05,4.65e-06,0.00083497,6.076e-05,0.00068039,0.0032026,0.00023809,0.01477912,0.00140313,0.00012552,0.00029227,0.00553715,0.00268037,0.00205473,0.00015583,0.00255013,0.00265924,0.00029827,0.00112156,0.00399143,0.00014725,0.00137903,0.00236321,0.00483384,0.00083707,0.00114686,0.00205678,0.00064376,1.197e-05,0.0073303,0.00189258,3.79e-05,0.00044813,0.05319336,0.00022595,0.00021685,0.02227228,0.03178429,0.00694299,-3180435.9999988987,25.72483070161326,1.859372182276395,2.9600592293928565,-1.728201172433273,2
867771,867771,COc1ccc(F)cc1CC(=O)NCC(=O)Nc1cc(F)ccc1F,3.79,3.815,3.842,3.89,4.055,4.14,4.316,4.359,4.556,4.587,4.63,4.694,4.751,4.877,4.944,4.961,5.04,5.051,5.08,5.092,5.24,5.282,5.317,5.333,5.403,5.491,5.555,5.639,5.645,5.676,5.826,5.831,5.847,5.855,5.877,5.879,5.886,5.941,5.952,5.967,5.983,6.048,6.215,6.238,6.3,6.318,6.416,6.456,6.471,6.519,4.309e-05,0.00026901,0.00011478,0.00083102,0.03001795,0.00254319,0.02962089,0.16965615,0.00026316,0.00015817,0.00075201,0.00011843,0.00037839,0.00368446,0.02040023,0.07731126,1.445e-05,0.00089388,0.00505697,0.01267706,0.00025632,0.00754687,0.08314349,0.0539665,0.00761699,0.00050582,0.00054309,0.00252213,0.00094394,0.0001144,0.0020773,4.1e-06,0.00068497,0.03217369,5.296e-05,0.00237825,4.644e-05,0.00158069,0.02369598,0.0038703,0.00119795,0.24456873,0.04650093,0.23954097,0.17898102,0.00757094,0.00124778,0.02522141,0.00124751,3.48e-06,-4377745.999998472,-0.3117186099780574,-0.5475399296059283,0.3587606604087682,0.0856520375373914,2
2753226,2753226,CC(C)(F)CC(=O)Nc1cc(=O)nc(CNC(=O)CCCCCc2cccs2)[nH]1,2.683,2.96,3.365,3.475,3.785,4.064,4.169,4.296,4.446,4.495,4.53,4.552,4.58,4.641,4.676,4.827,4.838,4.85,4.921,4.956,4.985,4.993,4.997,5.099,5.206,5.256,5.264,5.315,5.33,5.368,5.396,5.503,5.562,5.63,5.639,5.668,5.701,5.716,5.796,5.907,5.917,5.951,5.986,5.998,6.016,6.02,6.07,6.122,6.15,6.158,2.8e-07,2.344e-05,0.00041233,1e-08,0.00459179,0.01226771,2.31e-06,5.316e-05,9.017e-05,0.02416374,1.333e-05,0.0001371,0.00061647,6.101e-05,0.04028305,9.11e-06,6e-08,0.00028289,0.00079132,9.716e-05,0.00134687,0.00664688,0.1079821,1.315e-05,1.2e-07,0.00275735,0.00131411,0.05198602,0.00380082,0.0002149,0.00013926,0.00016739,0.0236171,1.83e-06,0.17458604,1.4e-07,0.07467468,2.8e-07,0.02285871,0.01031733,0.00635411,0.0003039,0.00060649,3e-08,0.00015291,0.00075994,1.193e-05,0.00044791,0.00236147,0.00047271,-2492290.999999131,-2.07503343163286,0.1826395753304537,-0.3340944619445722,-0.6143116211006504,0
879865,879865,COCCOc1cc2c(cc1OC)C(CC(=NCc1ccccc1)NCC(C)(C)CN1CCCC1)CC2,3.864,3.957,4.065,4.152,4.163,4.226,4.243,4.314,4.325,4.359,4.434,4.451,4.559,4.638,4.686,4.766,4.817,4.895,4.904,4.962,4.997,5.039,5.074,5.122,5.14,5.172,5.202,5.25,5.254,5.279,5.308,5.318,5.496,5.542,5.607,5.61,5.669,5.718,5.746,5.84,6.033,6.055,6.069,6.107,6.111,6.115,6.131,6.155,6.176,6.182,0.00300261,0.00089416,9.628e-05,0.00163354,2.781e-05,0.00425977,0.00036489,0.00020881,0.02368505,0.00019114,0.00656469,0.04437302,0.00148997,0.00307663,0.01760993,0.00221783,0.0171683,0.01332168,0.0385451,2.009e-05,1.728e-05,0.0002064,2.624e-05,0.00499229,5.33e-06,0.00745086,2.237e-05,0.00119104,0.00229728,0.00011106,0.00107523,0.05211208,1.52e-05,0.01210734,0.084022,0.01231084,2.214e-05,0.0048948,0.00062189,0.00424102,0.00238145,0.01043467,0.00185516,0.00349126,0.03900145,0.04673714,0.01572196,0.0919773,0.16806149,0.11719549,-4365651.999998476,-1.7578080307640525,-1.1263842924787562,0.8066240655261067,-0.1040737639573914,2
9450370,9450370,CC1=C(C(=O)NCCOCC2CCCC2)C(=N)N1CCCc1c[nH]nc1C,2.577,3.133,3.439,3.525,3.649,3.757,4.028,4.398,4.565,4.761,4.957,5.078,5.231,5.32,5.325,5.427,5.517,5.641,5.646,5.702,5.708,5.757,5.789,5.817,5.826,5.869,5.904,5.918,5.982,5.993,6.019,6.087,6.1,6.143,6.164,6.241,6.254,6.364,6.392,6.411,6.463,6.548,6.584,6.632,6.707,6.725,6.784,6.798,6.863,6.895,0.00054308,0.06698889,0.00854935,0.00029773,2.65e-05,0.00043858,0.00096617,4.925e-05,5.671e-05,2.785e-05,0.00025377,0.00275911,3.698e-05,8.08e-06,2.188e-05,0.14306537,0.00871127,5.01e-06,0.00037472,0.00616229,2.03e-05,0.08034699,0.08662197,0.13794855,0.09788358,0.01497918,0.00110189,0.00723968,0.01490112,0.0004161,0.00773894,0.04347722,0.0044015,0.00123592,0.00751525,0.00326435,0.00232347,0.0005211,0.00020509,0.08750936,0.00010513,0.02262717,0.00114593,0.00159676,0.02744328,0.00407024,7.95e-06,0.00255553,0.00539143,2.847e-05,4204852.999998532,1.7188128200814468,1.176396060639962,-1.0050160675651467,-0.0049885569605832,1
8481024,8481024,COc1ccc(C(=O)N(C)CCN(C)C2CCCCC2)c(N)n1,3.635,3.898,4.212,4.385,4.437,4.498,4.881,5.005,5.073,5.394,5.462,5.498,5.522,5.729,5.774,5.922,6.032,6.076,6.185,6.352,6.424,6.5,6.51,6.519,6.573,6.591,6.666,6.719,6.766,6.872,6.94,6.98,6.993,7.019,7.077,7.088,7.106,7.146,7.168,7.187,7.215,7.285,7.314,7.36,7.413,7.479,7.499,7.556,7.579,7.632,0.00245597,0.00422624,0.00144131,0.01944116,0.08900365,0.05607665,0.00317501,0.02700664,0.11426834,0.02872609,0.00299359,0.00015221,0.00117996,0.00831371,0.00010251,3.543e-05,0.01306146,0.00158041,0.24611446,5.93e-05,0.00134355,0.00047782,0.00110665,0.01086005,0.0215718,0.00413946,0.03461699,0.01025605,0.08201287,0.0911109,0.05139098,0.0101717,0.007282,0.00354801,0.05333168,0.00753129,0.01080913,0.01254916,0.02516549,0.01989838,0.19035101,0.00572295,0.08084028,0.00278423,0.00261323,0.00201052,0.00403092,0.00229898,0.00790453,0.00879236,3235506.9999988712,6.74195619260321,0.5937445948071727,-0.2824370589571401,0.3595932955189498,1
1152091,1152091,CC1=CC1(C)CNC(=O)Cn1cnc(-c2ccccc2)cc1=NOCc1nc(C(C)C)cs1,2.463,2.868,3.193,3.309,3.392,3.49,3.5,3.732,3.779,4.024,4.045,4.161,4.331,4.347,4.355,4.364,4.373,4.427,4.464,4.49,4.494,4.508,4.527,4.537,4.55,4.558,4.639,4.666,4.669,4.713,4.742,4.76,4.788,4.802,4.832,4.856,4.95,4.958,4.961,5.032,5.037,5.043,5.08,5.083,5.151,5.154,5.166,5.224,5.23,5.259,0.02988713,2.149e-05,0.00031602,1.792e-05,0.01471713,0.00217161,0.07626681,0.00449828,0.00552061,5.455e-05,7.69e-06,0.0029609,0.00025052,0.00023895,0.04107447,0.00287443,0.02934528,1.262e-05,0.00838625,7.258e-05,0.00086448,0.00150795,0.08575787,0.00784278,9.71e-06,0.00918934,0.00016975,0.00624457,0.188133,0.00343368,0.0331385,0.03788294,0.03630871,0.01583922,5.19e-05,0.08328341,6.83e-05,6.997e-05,0.00470574,3.758e-05,0.00017156,0.00158482,2.12e-06,1.497e-05,2.426e-05,9.943e-05,0.00042796,4.248e-05,0.01187654,0.00604407,-4093425.99999857,-6.577362809928856,-0.5376388159719031,-0.7865562066893684,-0.1647327325626255,2
53260,53260,CCOCCN(C)c1ccc(NC(=O)c2ccc(CC(NO)Nc3ccc(N(C)C)cc3)s2)cc1,1.909,2.522,2.99,3.151,3.364,3.38,3.627,3.631,3.656,3.756,3.807,3.819,3.981,4.11,4.194,4.248,4.279,4.35,4.383,4.474,4.493,4.628,4.642,4.699,4.715,4.737,4.775,4.801,4.843,4.85,4.879,4.892,4.945,4.971,5.002,5.026,5.037,5.05,5.083,5.09,5.105,5.116,5.23,5.235,5.263,5.344,5.4,5.437,5.444,5.45,0.02905189,0.09590311,3.354e-05,0.00016657,0.03129303,0.05731999,0.00445872,0.01054396,0.03523519,0.00031957,0.01014179,0.02472362,0.00058653,0.02701396,0.41493593,8.658e-05,0.00280612,0.00047545,0.00018539,6.39e-06,0.15324977,0.00066179,8.748e-05,0.00726495,6.82e-06,0.00079768,0.05504932,0.00065709,0.04882628,0.05192145,0.0902715,0.22583897,9.9e-07,0.02463147,0.00205463,0.00415051,0.00015674,1.55e-05,1.2e-06,0.00328623,0.00326266,0.00265853,0.00044744,0.00080061,0.00018393,0.00254503,0.01150876,0.00054389,1.63e-06,0.00401939,-5192256.999998188,-6.325457299989642,0.4922125217601916,-0.5869103404690184,-0.1686641270518938,2
8518581,8518581,Cc1nocc1C(=O)NC1CCC(N(C)C(=O)C(=O)NCC2CCC2)CC1,3.369,3.638,3.885,4.015,4.146,4.166,4.511,4.528,4.686,4.748,4.789,4.815,4.95,5.048,5.157,5.346,5.37,5.39,5.599,5.701,5.704,5.76,5.813,5.851,5.901,5.943,5.947,5.978,6.007,6.08,6.146,6.182,6.249,6.266,6.339,6.347,6.447,6.46,6.511,6.528,6.531,6.568,6.593,6.608,6.655,6.703,6.786,6.842,6.891,6.898,3.2e-06,0.00075592,0.00017605,6.26e-06,4.02e-05,0.00052725,9.67e-06,6.882e-05,0.00729805,0.00020173,0.00950406,0.0013503,0.01074663,0.07127289,4.031e-05,0.10264256,0.00351746,0.00036387,0.09124156,6.917e-05,0.0053168,2.974e-05,0.00014025,0.03313054,0.00739386,0.04509901,6.218e-05,0.0015263,0.00175817,9.162e-05,6.85e-05,0.00091635,0.00896961,0.00739035,0.00867214,7.82e-06,0.20964599,0.00900669,6.9e-07,0.00470496,0.00784703,0.01475747,0.00011154,0.00095779,9.51e-06,0.00967171,0.00663294,0.00379733,0.00162432,0.00197635,3273063.9999988577,2.166316408440964,0.2982717033599121,0.0075652377294473,0.2123984410741602,1
4749126,4749126,CCOC(=O)Nc1cccc(NC(=O)CSc2nc3cnccc3n2C)c1,3.335,3.579,3.738,3.826,4.15,4.178,4.228,4.265,4.369,4.453,4.484,4.548,4.62,4.652,4.658,4.679,4.736,4.741,4.782,4.787,4.985,5.022,5.063,5.068,5.084,5.116,5.137,5.153,5.233,5.255,5.272,5.383,5.418,5.426,5.448,5.498,5.505,5.539,5.554,5.561,5.6,5.613,5.693,5.732,5.735,5.744,5.771,5.821,5.843,5.94,0.00021947,0.01572765,0.00200783,6.136e-05,7.539e-05,0.01419452,0.02226361,0.01650602,0.0006566,0.06637793,0.02823877,0.00018347,4.6e-07,8.983e-05,0.00123494,0.03267313,0.00041696,0.00189725,0.02014942,0.00528603,0.21801767,0.01599486,0.00151139,0.00023273,0.00257229,0.00748408,0.00065921,2.798e-05,0.1439245,0.04599311,0.0341408,0.00141802,0.1088281,0.00047341,0.10922698,0.03297869,0.02489619,0.00010561,1.412e-05,0.00056743,0.00805637,0.04850748,0.00332766,0.00722111,0.00152183,0.00264329,0.25709851,0.00092466,0.00095546,0.09314398,-496390.999999824,-2.8062965221971394,-1.131927000804719,-0.087814142650788,-0.184839376907562,4
1764926,1764926,COc1ccccc1COc1cccc(NCC(=O)CNS(=O)(=O)c2cn(C)c(C)n2)c1C,3.513,3.714,3.916,3.966,4.022,4.068,4.158,4.325,4.359,4.375,4.415,4.436,4.455,4.541,4.585,4.646,4.668,4.746,4.769,4.801,4.86,4.868,4.887,4.961,4.988,5.036,5.043,5.074,5.142,5.156,5.217,5.239,5.244,5.267,5.291,5.298,5.351,5.392,5.417,5.425,5.444,5.446,5.447,5.496,5.523,5.555,5.594,5.628,5.652,5.66,0.00108506,0.0108958,0.00114117,7.953e-05,0.03931621,0.01691152,0.00110618,0.00191065,0.01551413,0.00057387,0.00413656,0.00211999,0.00585558,0.01075705,0.06233271,0.0242788,0.0012206,7.08e-05,0.00297772,0.00910971,0.00135917,0.00850013,0.0009452,1.337e-05,0.0062763,0.00154082,0.00652997,0.00194177,4.117e-05,0.00033775,0.00526151,0.04440418,0.00293107,0.0431686,0.00042387,0.00049236,0.04276268,0.04915518,0.00018063,0.00359564,0.00063814,0.00353726,0.00072306,0.00115583,0.00024256,0.01990589,0.00054857,0.02483701,2.452e-05,0.00868214,-3480590.999998784,-3.582080294704663,-1.604372580974212,-0.0695742132176565,0.0300989217028507,2
3393315,3393315,C=C(Cc1ccc(OC)cc1)C(=O)OCCC(=O)NCCS(=O)(=O)N1CCCC1,3.567,3.662,3.681,3.759,4.258,4.287,4.331,4.421,4.631,4.75,4.763,4.777,4.826,4.993,5.033,5.044,5.078,5.158,5.192,5.246,5.258,5.269,5.316,5.374,5.385,5.449,5.462,5.478,5.51,5.513,5.523,5.566,5.674,5.69,5.721,5.778,5.788,5.891,5.911,5.915,5.962,6.017,6.064,6.118,6.126,6.131,6.156,6.178,6.179,6.184,0.00556979,0.00056099,0.00032644,0.00059993,0.00061193,0.00016239,0.00122628,2.75e-05,0.03072881,0.00226702,0.00395854,0.00099599,0.00649672,0.02218755,1.921e-05,1.07e-06,5.131e-05,3.584e-05,0.00037181,1.426e-05,0.00389904,0.00386858,0.13683205,0.00045016,0.00054794,0.03365465,0.00080717,0.00626824,0.00485243,9.18e-06,9.886e-05,1.629e-05,0.02099704,1.047e-05,0.01991588,0.05638663,0.06973515,0.00026481,0.01148826,0.00174143,1.265e-05,0.02462881,1.885e-05,0.00503235,0.00028158,2.078e-05,2.159e-05,8.931e-05,6.56e-05,0.01603222,-1852201.9999993537,-0.7682289175752216,-0.8798151831381116,-0.3087430859981079,-0.1124233819143416,0
3918317,3918317,CCCCN(Cc1c(SCC)oc(C)c1C)C(=O)c1cn(CCC(C)C)nn1,4.107,4.21,4.217,4.32,4.381,4.521,4.704,5.038,5.114,5.465,5.549,5.567,5.596,5.64,5.712,5.746,5.839,5.862,5.886,5.906,5.962,5.973,6.034,6.133,6.225,6.241,6.486,6.523,6.582,6.627,6.653,6.679,6.741,6.755,6.761,6.776,6.805,6.831,6.887,6.899,6.909,6.915,6.935,6.954,7.002,7.009,7.013,7.089,7.092,7.094,0.00120263,0.00143235,0.00065213,0.00052507,0.00082471,0.00114964,0.00282601,0.07464479,0.15863067,0.00497141,0.00275467,0.00484686,0.00178382,0.00261093,0.00272762,0.00491996,0.00397871,0.01916964,0.0643523,0.00587551,0.08655122,0.00646383,0.00541904,0.00046359,0.00802699,0.00091056,0.07606297,0.00019212,0.03030033,0.00134512,0.00127873,0.0191434,0.01410267,0.05014183,0.01365603,0.00433974,0.09336916,0.00478151,0.00567015,0.04800956,0.00508406,0.0122341,0.01539971,0.1997724,0.03564703,0.01779951,0.00655898,0.0004169,0.00049266,0.01532244,-1327199.9999995383,4.992941417200599,-0.4561729512664484,-0.2278909884669547,0.3202565100487455,0
1114631,1114631,COc1cc(N)[nH]c(=NNC(=O)Nc2cccc(C(=O)NC3CC3)c2C)n1,2.779,3.183,3.711,3.741,3.987,4.11,4.311,4.376,4.392,4.419,4.508,4.513,4.531,4.598,4.63,4.679,4.774,4.78,4.92,5.003,5.079,5.102,5.132,5.133,5.138,5.146,5.418,5.535,5.538,5.605,5.63,5.651,5.754,5.79,5.808,5.832,5.861,5.883,5.934,5.943,5.992,6.064,6.089,6.102,6.13,6.158,6.189,6.195,6.233,6.266,0.00054836,0.14646148,0.001697,0.00763378,0.00019966,0.00165623,0.00069097,0.00272058,8.381e-05,0.0111198,0.07872267,0.01597371,0.11181865,0.01080159,0.00142622,0.05094329,0.38946869,0.03893875,0.01216898,0.00696451,0.00508188,0.00809304,0.00033364,3.09e-05,0.00107473,3.019e-05,0.00027666,0.01017435,0.00188782,0.07669798,0.14420057,0.18671441,0.0006963,0.00675086,0.01353086,0.00878124,0.12276589,0.11517903,0.02459245,0.00207638,0.01683693,0.00797893,0.00226621,0.03692901,0.07318364,0.01128774,0.02895635,0.00064079,0.06918031,0.02885614,-4130885.999998559,-1.4497250856118369,0.1049320315374734,0.1452665244364916,-0.4768223476861802,2
2625039,2625039,FC(F)(F)CNC(=NC1CC1)Nc1cnc2c(c1)CSCC2,3.849,4.029,4.322,4.392,4.398,4.472,4.674,4.81,4.86,5.113,5.5,5.508,5.554,5.709,5.745,5.822,5.891,5.95,5.993,6.033,6.108,6.133,6.23,6.286,6.334,6.477,6.48,6.551,6.573,6.584,6.67,6.713,6.827,6.922,6.951,6.967,7.055,7.081,7.137,7.158,7.163,7.249,7.291,7.319,7.403,7.433,7.483,7.531,7.575,7.587,0.00823275,0.00038961,0.01730009,0.06223475,0.0098034,0.00219021,0.01646881,0.03813777,0.12102935,0.04702789,0.05505817,0.02704466,0.00250217,0.01963587,0.01276534,0.02922967,0.02582911,0.00445966,0.09413598,0.10835029,0.02881404,0.00171577,0.01356291,0.00305346,0.09146241,0.10703599,0.15859154,0.06156646,0.00168362,0.01490555,0.00192164,0.01225949,0.08510193,0.00675164,0.03850938,0.05539827,0.01413705,0.01148293,0.0062353,0.00550004,0.0068333,0.05686951,0.00951206,0.01643961,0.01276906,0.04666104,0.04253824,0.02959202,0.00372745,0.01296607,-2620477.999999088,5.975462696301888,0.4455806473332833,0.2208447780527319,0.2057797564484955,0
2619605,2619605,CC=C(COC(=O)c1cccc(C)c1O)NCCN1C(=O)SC(=Cc2ccc(OCC)cc2)C1=O,2.141,2.785,2.952,2.987,3.269,3.292,3.404,3.52,3.789,3.837,3.882,3.911,3.912,3.931,4.009,4.044,4.061,4.132,4.251,4.263,4.332,4.365,4.389,4.424,4.48,4.554,4.65,4.658,4.676,4.694,4.702,4.752,4.761,4.787,4.878,4.898,4.929,4.982,5.0,5.012,5.019,5.038,5.06,5.062,5.094,5.129,5.168,5.176,5.189,5.192,0.00088665,0.00278068,1.29e-06,0.14059255,1.36e-06,0.02148009,9e-08,3.5e-07,2.858e-05,1.07e-06,0.00010437,0.0007797,9.66e-06,8.633e-05,0.08939684,0.13620469,0.00327108,0.00143333,0.00014124,1.48e-06,9e-08,0.00497636,0.12578512,8.9e-06,0.02555093,2e-08,4.3e-07,2.449e-05,0.00275906,0.0,3.611e-05,0.0344726,0.00362272,9.19e-06,2.75e-06,0.01534374,0.07415963,0.00030433,6.851e-05,4.33e-06,0.00131823,0.00206361,0.00052263,3.41e-06,0.01502016,0.00080595,0.00367093,3.03e-06,0.00872546,0.05229275,-2625911.999999082,-7.2886774620887795,0.1221945838812453,-0.3801814822651999,-0.1937641451778961,0
7504099,7504099,CCOc1ccc(S(=O)(=O)N2CCC(NCCc3nc(-c4ccco4)no3)CC2)cc1,3.414,3.439,3.51,3.777,3.863,3.884,3.954,3.971,4.325,4.453,4.602,4.654,4.696,4.714,4.725,4.797,4.989,5.052,5.086,5.137,5.15,5.163,5.169,5.175,5.202,5.254,5.266,5.277,5.303,5.363,5.364,5.382,5.398,5.419,5.473,5.595,5.621,5.677,5.68,5.684,5.69,5.729,5.755,5.758,5.77,5.783,5.794,5.82,5.921,5.925,7.55e-05,0.00159287,0.05120488,0.00012496,0.00016009,0.00033489,6.151e-05,1.935e-05,0.00053711,3.44e-06,0.13397238,0.03446583,0.02797442,0.001891,0.00277499,0.22005556,0.03279003,0.00013497,4.181e-05,0.01420367,0.1879921,0.00088573,8.921e-05,0.0007568,0.00104941,3.692e-05,2.394e-05,2.766e-05,0.00308209,0.00038737,0.00050975,0.0008983,0.00025906,1.09e-06,0.00993435,0.002251,0.06171087,0.01776286,0.00271359,0.02981666,0.00219951,0.01583914,0.00013347,0.0007663,0.00057667,0.00227646,0.00241771,0.03866322,2.267e-05,0.00154953,2258581.999999213,-2.3812945818269777,-0.715751716317175,-0.4874485335041971,0.3049857105327238,3
9480401,9480401,CC(C)(C)Cc1nnc(N2CCN(C(=O)CN3CCOCC3)CC2)n1Cc1cccnc1Oc1cccc(F)c1F,2.716,2.847,2.916,2.978,3.048,3.18,3.267,3.299,3.386,3.399,3.431,3.531,3.543,3.562,3.587,3.674,3.696,3.806,3.828,3.938,3.959,3.97,4.159,4.213,4.248,4.275,4.367,4.368,4.382,4.394,4.438,4.492,4.524,4.543,4.631,4.644,4.737,4.759,4.789,4.818,4.833,4.905,4.921,4.923,5.002,5.004,5.052,5.068,5.092,5.189,0.00024035,0.00027223,1.686e-05,1.727e-05,1.93e-06,3.33e-06,3.1e-07,0.00024349,9.9e-06,1e-08,1.346e-05,6e-08,0.00026474,9.73e-06,3.08e-06,1.235e-05,3e-07,1.34e-06,9e-08,1.7e-07,7e-08,1.826e-05,0.00792498,2.437e-05,0.00149191,0.01355319,2.81e-06,0.00868851,0.01120654,0.01232806,0.03248314,0.00171784,0.00124752,0.00090422,0.00616757,0.00855293,0.00841398,0.01765039,1.41e-06,0.00896664,0.0016263,0.00515265,6.6e-07,0.00049684,0.01563135,0.01010404,2.89e-06,0.01363311,0.03010998,0.00013266,4234883.999998524,-8.870959455078006,0.0518508522349099,0.6375056606256869,-0.0084760415104721,1
6748418,6748418,CCC(=O)c1cccc(CC(=O)Nc2cnc(OC)c(C(=O)OC)c2)c1,2.958,3.109,3.156,3.305,3.496,3.544,3.671,3.813,3.889,4.029,4.08,4.104,4.158,4.249,4.298,4.339,4.472,4.475,4.502,4.621,4.673,4.729,4.731,4.777,4.951,4.968,5.026,5.042,5.08,5.247,5.287,5.294,5.295,5.36,5.374,5.397,5.415,5.421,5.45,5.472,5.483,5.512,5.527,5.553,5.563,5.563,5.602,5.603,5.675,5.687,5.13e-06,0.00014299,0.00157696,0.00586365,5.075e-05,0.00097414,0.00076085,0.06880837,0.00465294,0.00164652,0.00893757,0.00023671,4.357e-05,0.06378841,0.00017914,0.00092756,0.01029421,0.00170681,0.00114859,0.06590309,0.01594789,0.35468693,0.01859957,0.00071841,0.07407075,0.06040436,0.00950175,0.02867626,0.00113467,0.00051571,1.474e-05,8.333e-05,0.00050685,0.00231231,0.001019,0.00025094,0.00112531,0.00028571,0.00029072,0.00300686,1.775e-05,0.00252847,0.00968906,0.00582994,0.00290131,0.00079206,0.00278225,0.00252409,0.00265828,0.00329124,1502900.9999994768,-4.482535522135146,0.1357108672676807,0.0859189950873677,0.2283742893734922,3
283274,283274,COc1cc2c(cc1F)CN(C(=O)COC(=O)c1ccc(N)c(SC)c1)CC2,3.341,3.548,3.575,3.711,3.802,3.845,3.941,3.991,4.014,4.033,4.06,4.075,4.093,4.098,4.314,4.367,4.418,4.427,4.475,4.509,4.519,4.563,4.782,4.799,5.03,5.073,5.106,5.164,5.198,5.283,5.306,5.413,5.577,5.579,5.598,5.618,5.624,5.636,5.67,5.698,5.711,5.811,5.849,5.878,5.88,5.891,5.912,5.991,5.998,6.01,0.01557735,0.00206353,3.675e-05,0.00015496,0.00012747,2.241e-05,0.00012959,4.355e-05,0.00062962,9.491e-05,9.631e-05,8.35e-06,0.00213712,6.61e-06,0.00889381,0.00012016,0.03260342,0.00655865,0.00462889,0.08652391,0.11023293,0.15009998,5.173e-05,0.00013006,0.00011854,0.11830864,0.00080428,0.00010581,0.00563237,0.00011922,0.01062248,0.16214263,0.00409939,0.00027198,0.00471416,4.941e-05,0.00132526,0.00703528,0.03759609,0.00399978,0.05346195,0.05242977,1.11e-05,0.00013083,0.00013086,0.00073365,0.00015733,0.13475144,0.01059401,0.13027072,-4962242.999998267,-3.3954228816985563,-0.0885138823106935,1.1464493369028756,-0.0381440445951439,2
8264950,8264950,COc1ccccc1OCc1nnc(N(C)c2ccccc2C(=O)Nc2ccc(C)cc2)n1CCCc1nc(C)no1,3.399,3.651,3.661,3.821,3.844,3.911,3.912,3.945,3.992,4.063,4.064,4.077,4.106,4.144,4.205,4.227,4.262,4.314,4.32,4.363,4.392,4.406,4.418,4.453,4.507,4.536,4.556,4.57,4.571,4.592,4.607,4.623,4.631,4.652,4.661,4.734,4.739,4.765,4.787,4.809,4.819,4.863,4.874,4.889,4.896,4.96,4.981,4.99,5.018,5.031,0.00054355,0.00081229,0.00017916,0.00593394,2.244e-05,0.00014875,0.02279249,0.00238046,0.00026079,0.00010265,0.00049147,0.00077725,1.02e-05,0.0004047,9.86e-05,0.00074565,2.709e-05,0.00020545,3.799e-05,0.00013559,0.00395337,3.199e-05,0.00032403,0.02316347,0.00032475,0.00025425,2.49e-06,9.51e-06,1.31e-06,0.01763797,0.00132098,8.746e-05,0.00114587,9.383e-05,0.00085515,0.02381478,0.00406534,2.102e-05,8.123e-05,8.074e-05,0.00018582,0.01446545,0.00012729,0.29847035,0.02488958,0.00015069,6.779e-05,0.00067454,0.00452059,0.00932497,3019432.999998949,-7.016993245166166,-2.1980205536416544,-0.1085664136617166,0.0041253612691752,3
5371836,5371836,COc1cc(CSc2nnc(C(C)(C)C)[nH]2)cc(SC)n1,3.892,4.263,4.482,4.576,4.655,4.898,5.077,5.176,5.29,5.34,5.354,5.367,5.483,5.645,5.719,5.817,5.946,5.969,5.989,6.059,6.087,6.108,6.133,6.175,6.184,6.218,6.393,6.396,6.451,6.494,6.496,6.513,6.523,6.549,6.576,6.589,6.609,6.626,6.668,6.739,6.74,6.778,6.879,6.991,7.006,7.018,7.048,7.088,7.157,7.162,0.02702065,0.07680993,0.00746902,0.00095677,0.00014195,0.00075236,0.1111798,0.00075069,8.573e-05,0.00179823,0.00011004,0.00570735,0.00030912,0.17785894,0.10353994,0.00434898,0.05921111,0.0002588,0.00060327,0.00216821,0.08412201,0.00046305,0.0396027,0.01695247,0.16958893,0.05397824,0.00127146,0.01451894,0.07708354,0.0001811,0.00612429,0.02843352,0.00372012,0.00033515,0.00352603,0.00653695,0.01208461,0.00031361,0.00148862,0.06950783,0.05316172,0.07769433,0.01168355,0.0259413,0.00111808,0.00010408,0.00969359,0.00119736,0.00312751,0.02803621,126318.99999995295,4.839509415796063,-0.9697829226942984,-0.3513979403143048,0.0323378396168532,4
10216220,10216220,Cc1ccc(NC2CCN(C(=CO)C(=O)Nc3ccc(C#N)c(C)c3)CC2)c(C)c1,2.687,2.852,3.331,3.383,3.529,3.65,3.838,3.936,4.014,4.118,4.293,4.303,4.411,4.421,4.478,4.657,4.66,4.768,4.819,4.831,4.856,4.913,4.917,5.018,5.02,5.03,5.294,5.311,5.391,5.411,5.436,5.474,5.512,5.594,5.612,5.635,5.637,5.666,5.672,5.806,5.807,5.861,5.91,5.918,5.95,5.951,5.956,5.962,5.992,6.012,8.083e-05,0.0214821,7.31e-06,3.751e-05,5.379e-05,0.01648502,0.03091538,0.00023058,0.00070697,0.4229908,0.04647862,0.00043717,0.0003217,0.00803054,0.00403563,0.02809807,0.0097828,0.00105478,0.00010848,0.10698359,9.408e-05,0.00132807,2.228e-05,0.13050673,0.03704082,0.10398548,2.85e-05,0.00012765,2.994e-05,0.00118643,0.09807392,0.00043806,1.426e-05,0.02426517,0.00859572,0.00399381,0.01654652,0.00082274,0.00014677,3.45e-06,0.00031733,0.00032716,0.12720856,0.0171338,0.00341622,0.0079618,4.017e-05,8.47e-05,0.01146168,0.00077334,4970702.999998267,-2.910719992474351,0.6422632740646392,-0.060472220243856,-0.0732783877727671,1
2682577,2682577,CC(O)=C(OC(=O)c1ccc2c(c1O)CCC2)c1ccccc1,3.777,3.829,3.874,4.073,4.121,4.163,4.273,4.391,4.44,4.564,4.658,4.832,4.878,5.023,5.098,5.136,5.168,5.185,5.253,5.279,5.482,5.488,5.604,5.618,5.653,5.758,5.763,5.859,5.884,5.944,6.037,6.085,6.118,6.199,6.228,6.257,6.282,6.3,6.301,6.334,6.341,6.363,6.379,6.381,6.392,6.442,6.482,6.522,6.529,6.539,0.00547003,0.00120911,4.057e-05,0.00354907,0.00705382,0.00016146,0.00014931,0.00314099,0.00014558,0.00281772,0.06128005,0.00670527,0.00041894,0.00661786,0.00223294,0.00023629,0.01077818,0.01771494,1.752e-05,0.00055542,0.01008785,0.01000513,0.02721177,0.0029363,0.00043045,0.00216608,0.06092956,0.17888842,0.14505426,0.20875863,0.02572022,0.01959115,0.00584242,0.00126825,0.00720848,0.00067345,0.01749154,0.01467531,0.01743489,0.00340115,0.06308956,0.19922198,0.02570187,0.00182651,0.00019614,0.00671664,0.02266783,0.14191255,0.13141006,0.02192467,-2562939.999999106,0.9773953497330836,-0.1981782993379431,0.3246680879958926,0.4713164165267632,0
2077449,2077449,Cc1ccc(C)c(CN(C)c2ccccc2CNC(=O)c2cnc(=O)n(C)c2O)c1,3.427,3.594,3.805,3.886,3.901,3.932,3.954,3.983,4.076,4.094,4.109,4.158,4.211,4.226,4.26,4.261,4.301,4.335,4.351,4.431,4.466,4.468,4.491,4.571,4.621,4.65,4.656,4.689,4.762,4.767,4.792,4.816,4.867,4.939,4.961,4.967,5.015,5.075,5.082,5.105,5.121,5.134,5.135,5.258,5.271,5.287,5.358,5.397,5.434,5.451,0.00055894,1.275e-05,0.00968263,0.05298965,0.00098655,0.00424242,2.41e-06,0.00046869,0.00044487,4.698e-05,0.00034114,0.00037363,0.02001538,1.895e-05,0.00022552,0.00021441,0.01003932,0.05956983,0.00086673,1.519e-05,0.00011372,0.00911209,0.00216092,0.00044361,3.127e-05,0.00022072,0.00020542,0.0098828,0.00461956,0.00082627,0.02969241,0.00726277,0.33323279,0.00291539,0.00024154,0.0015096,0.00217554,0.00151184,0.00064158,0.00118632,0.01382246,0.00299821,0.00310359,0.02087254,0.00217865,0.00081439,0.00963832,0.00266508,0.00562347,0.00393965,-3168067.999998892,-5.754358561160413,-1.674757903896695,0.3582782524205863,-0.2080936585607871,2
7170664,7170664,COc1ccc(OC(F)F)c(NCc2nnc(-c3ccccc3O)o2)c1,3.201,3.797,4.056,4.165,4.288,4.356,4.436,4.526,4.759,4.817,4.935,4.947,4.981,4.982,5.04,5.068,5.152,5.233,5.276,5.323,5.431,5.543,5.551,5.567,5.596,5.666,5.671,5.778,5.829,5.849,5.904,5.915,5.948,5.952,5.971,6.0,6.007,6.043,6.074,6.1,6.24,6.282,6.298,6.393,6.419,6.429,6.433,6.463,6.483,6.491,0.00335275,0.01909758,0.33460737,0.00876662,0.00904323,4.441e-05,0.06857719,0.07057967,0.00502672,0.00437804,0.0060234,0.08365329,0.00082584,0.0005394,7.035e-05,0.00693139,0.00108636,0.10776633,0.00467523,9.1e-07,0.01206989,0.0072919,0.02687985,0.00444861,0.05031236,0.00065858,0.00068853,0.00853319,0.17574254,0.30914404,0.02046626,0.09320742,0.00248548,0.02348358,0.06323012,0.00352376,0.00016643,0.07891642,1.938e-05,0.00022854,0.00169618,0.0232569,0.00057837,0.02163175,0.00336928,0.00765026,0.07053905,1.635e-05,0.00050236,0.05859987,1925146.9999993292,0.6501019650740094,-0.5867758458390451,-0.1434380928809767,-0.188477733931258,3
524814,524814,CN(C)Cc1ccc(C(=N)Nc2nc(-c3cccnc3)no2)cn1,3.335,3.445,3.637,3.901,3.914,3.926,4.032,4.064,4.092,4.161,4.206,4.227,4.388,4.399,4.402,4.426,4.507,4.534,4.677,4.7,4.735,4.769,4.863,4.874,4.908,4.978,4.982,5.026,5.077,5.092,5.109,5.127,5.166,5.298,5.328,5.349,5.427,5.461,5.55,5.59,5.633,5.637,5.688,5.705,5.724,5.79,5.811,5.832,5.923,5.973,0.00045663,0.00272476,0.00019558,0.01673299,1.21e-06,0.00049137,0.00013766,0.01123647,0.00185334,0.0221403,0.00141696,0.00036498,0.00011287,0.00018916,0.0018007,0.00403649,4.858e-05,0.01842711,0.00019288,0.02957362,0.02522263,0.00350635,0.04136222,0.16355925,0.02188022,0.00149621,0.00597854,0.00237787,0.0633949,0.07063005,0.05243739,0.00229569,0.00475218,0.08727522,0.01493906,0.00013313,0.00429217,0.00567463,0.02169294,0.01084529,0.00321227,0.03903035,0.00108935,0.01602282,0.0444415,0.01889714,0.04083736,0.00744219,0.1122954,0.00614237,-4720702.999998351,-3.6872273932971975,-0.7103937588215943,0.5049022628682037,-0.2148988374033919,2
4751832,4751832,CC(=O)CON(Cc1ccccc1)C(=O)c1cccc(F)c1N,3.715,3.777,3.935,3.954,4.001,4.008,4.054,4.069,4.071,4.137,4.204,4.284,4.294,4.32,4.352,4.427,4.566,4.632,4.675,4.878,4.929,5.155,5.182,5.192,5.245,5.271,5.276,5.354,5.409,5.504,5.527,5.548,5.549,5.553,5.63,5.632,5.695,5.8,5.891,5.975,6.172,6.185,6.241,6.252,6.314,6.333,6.368,6.401,6.412,6.436,0.00409048,0.00096473,0.00077076,0.00309712,0.00012154,0.00300324,0.00037809,0.00037367,5.74e-05,0.00083245,0.00189532,0.00543626,0.00042272,0.00012346,0.0002205,0.00619678,0.0049358,0.02590324,0.01531759,0.01143248,0.00050394,0.01868412,0.00593422,0.00073996,3.679e-05,0.0007584,0.00011242,0.03814898,0.00508267,0.00032996,0.00061757,0.00678702,4.218e-05,0.00702126,0.00931851,0.00303032,0.0108522,0.00129864,0.00014281,0.1733458,0.00435338,0.00482257,0.00093597,0.00546349,0.07949993,0.00182626,0.11020869,0.0022964,0.00328042,0.00081518,-493684.999999826,-1.682775266427463,-0.1279467884478889,1.4369576696152164,0.07350152284949,4
10324613,10324613,Cc1ccc(F)cc1CNCC1CC(NC(=O)c2cn(C)nn2)N1,2.906,3.361,3.528,3.861,3.983,3.984,4.168,4.241,4.261,4.32,4.438,4.622,4.638,4.696,4.776,4.875,4.899,4.932,5.12,5.217,5.274,5.335,5.425,5.442,5.45,5.454,5.489,5.563,5.673,5.807,5.851,5.853,5.865,5.894,5.896,5.942,6.134,6.248,6.264,6.296,6.313,6.401,6.431,6.481,6.496,6.535,6.591,6.599,6.656,6.672,1.284e-05,8.53e-06,3.777e-05,9.378e-05,0.0001203,3.7e-05,0.0003397,8.625e-05,4.817e-05,1.914e-05,9.317e-05,1.421e-05,0.00891664,8.64e-06,2.578e-05,0.0086615,0.02654424,0.00708813,0.0114257,0.02332252,0.00057047,0.00023841,0.01048157,0.02385646,0.00647759,0.00114932,0.0014634,0.00581814,0.00025058,0.0016988,0.01509811,0.00506054,0.12873887,0.03276362,0.00348868,0.0002348,0.00132873,0.04714547,0.05187694,0.02387475,0.0110147,0.00044465,0.19818581,0.05323999,0.22507191,0.00132082,0.02926141,0.00159156,0.15189584,0.13037607,5079095.999998228,-0.0819459174678441,0.7471315327484611,0.4585579706015616,-0.2318025075319187,1
9880029,9880029,Cc1n[nH]c(NC(=O)C2=NN(c3ccc(F)cc3)CC2=O)c1CN,1.856,2.245,2.296,2.681,2.779,2.83,3.225,3.241,3.257,3.317,3.7,3.732,3.761,3.854,4.11,4.191,4.242,4.261,4.262,4.398,4.42,4.438,4.51,4.524,4.631,4.739,4.777,4.864,4.877,4.926,5.05,5.057,5.08,5.083,5.18,5.19,5.336,5.42,5.44,5.469,5.62,5.76,5.865,5.895,5.911,5.947,5.972,6.006,6.037,6.05,0.04638464,0.00220175,1.568e-05,0.00014003,0.00013266,0.00033231,0.48320642,0.01868635,7.612e-05,2.353e-05,1.2e-07,0.0224147,0.0191357,0.00032319,0.04943453,0.0022136,0.00630899,0.1056531,0.00145984,0.05400373,0.05278013,0.01868524,0.00483036,0.00031428,0.00139201,9.852e-05,0.00091355,0.04055484,0.01618755,0.00458011,6.377e-05,0.0018422,0.00788647,0.0002791,0.02162451,0.00206071,0.00405194,0.0188706,0.01503572,0.00030643,0.00045659,1.8e-06,5.43e-05,9.94e-06,0.02211487,0.10105703,0.00051033,0.009509,3.052e-05,0.00213577,4634511.999998384,-5.657477947391056,2.5437502202075057,0.417863524362181,-0.3154945913772837,1
3745375,3745375,COc1cc(CN(C)C(=O)CCC(=O)Nc2ccc(NC(=O)C3CC3)o2)ccc1SC,3.284,3.736,3.916,4.087,4.161,4.221,4.23,4.234,4.259,4.298,4.366,4.432,4.527,4.594,4.602,4.627,4.631,4.673,4.682,4.703,4.711,4.761,4.778,4.841,5.139,5.147,5.181,5.182,5.244,5.249,5.305,5.369,5.481,5.598,5.668,5.673,5.695,5.701,5.767,5.871,5.904,5.985,6.007,6.019,6.025,6.039,6.089,6.113,6.154,6.163,8.518e-05,1.515e-05,0.00102786,0.0103383,0.48233312,8.148e-05,5.705e-05,0.00373573,0.00158104,0.00687642,0.00013186,0.00561242,0.00480091,0.00031931,3.256e-05,0.00103599,0.05487209,5.483e-05,4.552e-05,8.509e-05,0.00033385,0.00866607,0.00031634,0.00031669,0.00020827,0.00028406,0.00237084,0.03039452,0.0013768,0.00028847,7.43e-05,5.448e-05,0.00010805,0.02846677,0.00134788,0.00044276,3.333e-05,0.00014069,0.00012594,0.04414251,0.00133561,0.06505561,0.00134684,0.01202818,0.00803094,0.32879855,0.00561822,0.00024226,0.00056636,5.137e-05,-1500141.9999994764,-2.2932290072416825,-0.7126617020831902,0.843894844604781,-0.5448035098203936,0
10368214,10368214,CCC(C)CN(OC(=O)CCc1ccc(=O)[nH]c1)C1CC1,2.989,3.069,3.806,4.172,4.418,4.498,4.674,4.794,4.872,4.941,4.983,5.113,5.178,5.435,5.493,5.499,5.609,5.769,5.877,5.969,5.986,6.05,6.071,6.135,6.165,6.166,6.395,6.413,6.503,6.542,6.59,6.618,6.747,6.776,6.791,6.848,6.882,6.92,6.926,6.957,7.051,7.131,7.16,7.202,7.267,7.291,7.311,7.32,7.36,7.372,0.00092862,1.9e-07,0.04893382,0.00252451,0.0005948,6.22e-06,0.00016445,0.00116002,5.69e-06,0.0329634,1.949e-05,1.724e-05,0.000179,0.06026788,0.00208421,0.00772853,0.00064638,0.00085669,0.00057188,0.00162517,0.00128897,0.02072208,0.00183982,0.02950031,0.00060632,0.01001137,0.01556149,0.00030399,0.00283934,0.00043962,0.15540778,0.07937295,0.0002014,0.01712242,0.18380565,0.08315321,0.00978385,0.0039692,0.00668404,0.01035684,0.00041904,7.83e-05,0.02027525,0.0064671,0.01844641,0.00053196,0.00227194,0.00803331,0.00123485,0.00281211,5122696.999998212,4.693224534054548,1.26645298417526,-0.1255463481258962,-0.2644306118934628,1
570596,570596,CCc1cc(NCC(=O)NCCCN(C)NC(=O)c2ccnc(C)c2)[nH]n1,2.357,2.719,2.994,3.119,3.232,3.265,3.375,3.713,3.756,3.842,3.982,4.013,4.138,4.349,4.619,4.675,4.723,4.774,4.901,4.91,4.958,5.017,5.03,5.111,5.254,5.36,5.434,5.444,5.477,5.518,5.546,5.575,5.595,5.641,5.667,5.69,5.737,5.748,5.78,5.856,5.902,5.965,6.024,6.034,6.118,6.14,6.221,6.241,6.252,6.288,1.14e-05,0.02112168,4.883e-05,0.00029742,0.00012684,0.01739723,0.00066165,8.057e-05,3.62e-06,0.00012539,0.00018063,0.00178976,7.754e-05,3.85e-06,3.178e-05,0.00027982,0.03387674,0.00019597,0.02506405,6.63e-05,0.00049663,0.00010521,0.00035839,0.00021868,0.01004653,0.00091298,0.00018165,0.02262131,0.00127056,9.639e-05,0.00197574,0.0549282,0.00099038,0.00321606,0.00113657,0.00013543,0.00394762,0.00042879,8.447e-05,0.00111003,0.00114382,0.00379837,0.09527469,0.00184745,0.00242457,0.03413113,0.00029933,0.01293019,0.01107111,0.00795163,-4674920.999998369,-2.666346792681111,1.809508241616564,0.0045444219352796,0.3768119057974336,2
3234821,3234821,Cc1ccc2c(c1)C(CN=Nc1ccc(CC(O)NO)cc1)CC2,2.525,2.801,3.464,3.492,3.73,3.792,3.9,3.934,3.991,4.02,4.048,4.132,4.325,4.428,4.535,4.611,4.769,4.873,4.947,4.99,5.115,5.135,5.155,5.175,5.209,5.243,5.258,5.311,5.343,5.397,5.444,5.513,5.554,5.602,5.686,5.737,5.782,5.837,5.848,5.865,5.891,5.982,5.996,6.006,6.013,6.081,6.1,6.102,6.116,6.173,3.79e-06,0.01131722,0.00044582,0.00265976,0.00232513,1.4e-07,3.59e-06,0.00698056,0.00014555,0.00105789,0.05857486,0.00332331,0.07138587,1.692e-05,0.00559227,0.06310312,0.0060078,0.00023768,0.00287487,0.01690323,0.01061444,0.01975768,0.00012819,0.00458281,0.02069864,0.00213567,0.00402123,0.05488039,0.03142666,0.00487736,0.00183264,0.00660998,0.01192101,0.03672273,0.0017067,0.00016708,7.234e-05,0.00016838,0.00079656,0.05535372,0.00182357,0.0420835,0.00302603,0.03726708,0.01877069,0.0039868,0.00011649,0.01398145,0.00010263,0.01455584,-2010695.9999992987,-2.390411676714153,0.8331575210298469,0.0110244633819514,0.0063793578731912,0
9384898,9384898,Cc1cccc(-c2noc(SCC(=O)Nc3n[nH]c4c(C)cccc34)n2)c1,3.221,3.652,3.665,3.703,4.036,4.08,4.261,4.331,4.436,4.45,4.529,4.54,4.602,4.622,4.645,4.704,4.732,4.815,4.86,4.893,4.952,4.965,5.083,5.121,5.143,5.148,5.151,5.215,5.293,5.357,5.358,5.373,5.441,5.458,5.499,5.528,5.537,5.566,5.595,5.601,5.659,5.681,5.692,5.705,5.729,5.768,5.781,5.794,5.808,5.835,0.00022428,0.00411931,0.07347796,0.00343386,2.36e-06,7.247e-05,0.00346484,2.57e-06,0.00013025,0.0008084,0.02413042,0.02705757,0.06649587,0.1021455,0.0186856,0.00884045,0.00083882,0.01028302,0.11494055,0.01607861,0.00012115,0.00277979,0.0154778,0.02165467,0.01490348,0.0001026,0.00098499,4.437e-05,0.06939301,0.12726059,0.02100033,0.18263229,0.00838448,0.00360088,9.275e-05,0.05954111,0.0015202,0.00047059,4.754e-05,0.02960673,2.058e-05,0.00271301,0.00391984,0.00016618,0.00477994,0.02291276,7.308e-05,0.11296835,0.05589085,0.12981963,4139380.999998556,-2.703588046794158,-1.003918203329041,-0.2111289210486514,-0.1157394430052337,1
7749565,7749565,COc1cc(OC2CC2)ccc1C(=N)NOCCCC(C)(C)CCCC(OC)OC,3.86,3.929,4.186,4.198,4.364,4.402,4.487,4.673,4.729,4.776,4.839,5.118,5.152,5.244,5.428,5.517,5.538,5.6,5.702,5.778,5.812,5.888,5.91,5.999,6.028,6.111,6.145,6.184,6.22,6.233,6.278,6.283,6.299,6.307,6.367,6.486,6.491,6.566,6.582,6.615,6.628,6.688,6.717,6.728,6.76,6.775,6.782,6.801,6.879,6.903,0.00717393,0.00065086,0.00530546,0.00720505,0.02245122,0.000419,0.12714793,0.00114216,0.10679277,0.05713528,0.01271659,0.00022306,0.10117645,0.01370798,0.00013366,0.00064089,0.0066999,2.045e-05,0.00038503,0.25117995,0.01315872,0.09420264,0.0046545,0.00106522,0.03188889,0.02267255,5.21e-05,0.00104075,0.00114712,0.02830473,0.00016448,0.00062003,0.00194691,0.00082298,0.00840415,0.00346607,0.07862388,0.0075162,0.00611822,0.0407766,0.00475737,0.01720985,0.02667796,0.00026684,0.00048419,0.02419958,0.00294414,0.01449031,0.00178678,0.04558807,2504047.999999125,3.028942666346549,-0.2470312245773756,0.026724935166698,0.5303175359855238,3
4781720,4781720,CN(CCc1ccc(CNC(=O)c2ccc(N3CCC(N)CC3)nc2)cc1)C1CCCCC1,3.641,3.676,3.698,3.73,3.733,3.784,3.838,3.887,3.918,3.963,4.13,4.393,4.425,4.467,4.557,4.644,4.699,4.705,4.746,4.863,4.919,4.981,5.013,5.026,5.066,5.142,5.18,5.287,5.344,5.542,5.554,5.617,5.652,5.662,5.692,5.717,5.722,5.778,5.778,5.78,5.825,5.829,5.854,5.89,5.916,5.929,5.941,5.959,5.962,5.992,0.00706169,0.00683008,0.00743347,0.00024414,0.00076395,0.00150549,0.00336905,0.00229015,0.05548491,0.05355385,0.02217424,0.00197338,0.34787272,0.0043363,0.09254966,0.02052461,0.00532099,0.01046213,0.00021045,0.00243088,0.00255214,0.00020956,0.00124033,2.273e-05,0.00262005,0.00045456,0.00132124,0.00057923,0.00251274,0.0349266,0.00026789,8.138e-05,0.00038078,3.77e-06,0.00035203,0.00341534,0.00770337,2.337e-05,0.00033219,7.633e-05,0.00019981,0.0049684,0.0004643,0.00361798,0.00011068,0.00135523,0.00165797,0.00168242,0.00411074,8.737e-05,-463796.99999983725,-2.5287464460875717,-0.2334454685278696,0.6797278204375459,0.6034532692280346,4
2760265,2760265,CCOc1ccc(CC(=O)N2CCC(OC)(C(=O)OC)CC2)nc1,3.672,4.048,4.265,4.303,4.403,4.461,4.558,4.641,4.71,4.843,5.001,5.041,5.134,5.215,5.224,5.305,5.374,5.394,5.549,5.588,5.603,5.775,5.912,5.918,5.973,6.07,6.087,6.12,6.182,6.225,6.373,6.474,6.547,6.601,6.626,6.713,6.719,6.794,6.812,6.821,6.846,6.948,6.961,6.988,7.048,7.059,7.066,7.101,7.144,7.188,0.00440284,0.00094313,2.805e-05,0.05713357,0.01073307,0.00058774,0.03477459,0.00822362,0.00060412,0.00013593,0.01254773,0.00155415,0.00030082,0.02863713,0.05127731,0.09161441,0.00097662,2.052e-05,0.00087757,0.00829654,2.78e-05,0.00271672,0.02111258,7.644e-05,5.88e-06,0.00403612,0.0106735,0.00328999,0.00123756,0.0134343,0.00807006,0.1440845,0.00155238,0.16705677,0.00022228,0.04721397,0.10815361,0.00093072,0.05363406,0.09540975,0.00058632,0.01175677,0.00224524,0.01095496,0.01858956,0.03651442,0.13645845,0.00090833,0.03784953,0.00047992,-2485251.999999134,3.594254631380485,0.2267681764023619,0.8008762602115296,0.0296003761629676,0
9443891,9443891,Cc1ccc(CCCC(=O)N2CCCc3cc(OCc4ccccc4)ccc32)s1,3.432,3.474,3.642,3.908,3.945,3.952,3.989,4.067,4.134,4.209,4.251,4.382,4.446,4.531,4.685,4.729,4.858,4.867,4.908,4.956,4.971,4.999,5.073,5.166,5.197,5.228,5.304,5.317,5.349,5.351,5.383,5.527,5.534,5.565,5.574,5.601,5.608,5.611,5.643,5.673,5.731,5.733,5.827,5.841,5.861,5.882,5.925,6.007,6.03,6.05,0.00052872,0.00012493,0.00011189,2.069e-05,1.236e-05,8.24e-06,5.11e-06,0.02549418,0.00128333,0.00265392,0.00959592,0.10098274,0.0146667,0.29695348,1.01e-06,9e-08,0.18337504,0.00798076,0.00010027,0.00035347,6.18e-06,8.869e-05,3.248e-05,3.853e-05,0.00029308,0.00132747,0.00060296,2.34e-06,0.04066088,0.01891428,0.00826493,0.00401201,1.06e-06,0.00087641,0.02625883,0.01064218,0.00112633,0.00485698,0.00021913,0.03230039,0.00016628,8.82e-06,0.08415925,0.07167116,0.03189522,0.00014529,3.803e-05,0.00048985,0.02462395,0.00069065,4198373.999998537,-2.443574380550511,-0.5157906167749667,0.1742151838626023,0.2875326981156093,1
8145794,8145794,CCCCNC(=O)c1ccc(CCONC(=N)c2cccc(N3CCCC3)c2)cc1,3.104,3.196,3.442,3.493,3.585,3.709,3.794,3.822,3.833,3.852,4.097,4.162,4.343,4.351,4.42,4.516,4.535,4.538,4.612,4.753,4.8,4.83,4.901,4.996,5.022,5.071,5.169,5.193,5.221,5.419,5.465,5.508,5.557,5.581,5.64,5.659,5.662,5.7,5.755,5.766,5.796,5.816,5.932,5.937,5.993,6.019,6.049,6.052,6.06,6.069,1.864e-05,0.00024846,0.00077457,3.1e-07,8.51e-06,0.00181528,0.01293731,0.00019447,0.02942342,5.847e-05,0.00048135,0.00366623,0.01440274,0.00487253,0.00815655,0.00159674,3.52e-06,2.07e-06,0.00030742,0.05848692,0.00194764,0.00197814,0.09198852,0.00353093,0.01679981,0.00084689,0.17225795,0.01126613,1.28e-06,3.133e-05,9.96e-06,0.0010559,1.326e-05,2.205e-05,8.94e-05,0.02388252,0.00018766,0.35494065,0.0019497,0.00249169,0.00053018,0.00180159,0.10060667,0.01489741,0.0043065,0.01551584,0.00584576,0.00258615,3.23e-05,0.00093126,2900276.9999989886,-3.027355513647172,0.5016892308214075,0.6605838101672457,0.1554988790731242,3
1498781,1498781,Cc1ccccc1CN(C)C(=O)CS(=N)(=O)Cc1cnn(C)n1,3.925,3.972,4.014,4.063,4.297,4.328,4.388,4.42,4.84,4.842,4.934,4.949,5.099,5.115,5.137,5.205,5.21,5.298,5.302,5.384,5.395,5.465,5.474,5.482,5.518,5.717,5.809,5.874,5.952,5.979,5.997,6.064,6.071,6.104,6.107,6.123,6.216,6.219,6.237,6.284,6.31,6.319,6.322,6.328,6.342,6.372,6.435,6.45,6.522,6.593,0.0023459,0.00053493,0.00012158,0.00014156,0.00062334,0.00030303,0.00022104,9.013e-05,0.00049115,2.559e-05,1.652e-05,0.00909062,0.005272,0.00297526,0.01055341,0.00014701,0.0001505,3.673e-05,1.8e-05,0.00244059,5.21e-06,0.0182616,0.00652042,0.00118653,0.04240605,9.1e-07,8.4e-06,1.426e-05,0.00050124,0.00018284,0.01544805,0.05851098,9.103e-05,0.00266508,0.00163344,0.08411647,0.00115812,0.00481225,0.06818438,0.19152141,0.0174597,0.01389053,0.02318402,0.01978189,0.05358661,0.08098015,0.21640018,0.00647787,0.3321992,0.03225016,-3746735.999998693,1.0704072729236938,-0.7696013463167722,0.1338457277185917,0.2036539457245214,2
8254430,8254430,CCCc1ccc(-c2cnc(CNC(=O)NN(CCOC)CC(C)C)nc2)nc1,2.53,3.058,3.079,3.097,3.221,3.375,3.518,3.608,3.625,3.745,3.772,3.788,3.845,3.902,4.034,4.065,4.139,4.206,4.268,4.291,4.374,4.431,4.529,4.535,4.617,4.689,4.706,4.71,4.861,4.917,4.983,5.107,5.131,5.144,5.145,5.195,5.309,5.315,5.354,5.388,5.415,5.426,5.432,5.452,5.455,5.529,5.554,5.567,5.611,5.633,0.00179978,1.402e-05,0.0001259,0.00103726,2.623e-05,0.00193492,0.0050459,4.82e-06,0.00011069,0.0053823,3.24e-06,3.397e-05,7.757e-05,0.00025696,2.736e-05,8.087e-05,0.00259194,0.00040654,0.02373184,0.50256735,0.01824636,0.00026992,0.00696873,0.00034788,5.1e-07,1.444e-05,0.00117726,0.02169738,0.00013978,0.00036866,0.00044571,0.0738767,0.00164483,0.00573059,2.72e-06,0.00014808,3.462e-05,0.01936946,0.00266155,0.00017703,0.00285622,4.78e-06,0.00015749,0.00021303,0.00041571,0.00151749,0.0002734,0.00120492,0.00033188,2.657e-05,3008912.999998952,-5.887488119747313,0.600743026446249,0.556155857902206,-0.0648512679455711,3
9365902,9365902,COCCn1c(O)nc(=O)c(N(Cc2ccccc2)Cc2c(C)noc2COC)c1N,3.168,3.204,3.417,3.584,3.736,3.762,3.797,3.976,4.39,4.462,4.606,4.644,4.804,4.855,4.857,5.041,5.086,5.095,5.12,5.126,5.135,5.184,5.208,5.246,5.273,5.322,5.342,5.376,5.395,5.405,5.418,5.432,5.462,5.489,5.529,5.549,5.552,5.599,5.6,5.605,5.62,5.654,5.657,5.668,5.735,5.787,5.828,5.848,5.859,5.875,0.00697938,0.00062914,0.00029575,0.0064954,0.0132253,0.00024072,0.02730272,0.00125734,0.06490958,0.05410378,0.00183881,0.00037114,0.00011897,0.00046885,2.868e-05,0.00011463,0.0001725,0.00517592,6.732e-05,0.00031346,1.357e-05,0.00567383,0.00091444,0.00066509,0.00020271,0.00024003,0.00064492,0.00083943,0.00564629,0.00151695,0.01211819,0.0009412,2.45e-05,0.03813501,0.00222414,0.00027134,0.01062849,0.00199453,4.904e-05,0.00224399,0.01307561,0.00105254,0.00090531,0.00308377,0.00362141,0.00640432,0.06446911,0.01977781,0.0028483,0.02016576,4120384.999998563,-2.3805732227281315,-0.4625690497225153,-0.9804261804703538,0.3816029104379818,1
6311454,6311454,CCOc1cc(CCO)cc(NCc2cc(C)cc(OC)c2)c1,3.455,3.911,3.995,4.452,4.551,4.563,4.682,5.02,5.098,5.156,5.23,5.323,5.378,5.421,5.525,5.555,5.688,5.747,5.773,5.825,5.911,5.954,6.029,6.054,6.095,6.204,6.234,6.244,6.284,6.304,6.355,6.432,6.49,6.535,6.554,6.584,6.598,6.676,6.743,6.76,6.778,6.807,6.838,6.843,6.899,6.909,6.919,6.942,6.985,7.023,0.00208049,0.00011344,5.675e-05,0.00013768,0.03260634,0.00229951,0.0351534,8.76e-06,2.308e-05,0.00735386,0.00013673,0.02118626,0.00942103,0.27064679,0.01478169,0.00516317,0.00160857,0.00294842,0.05268879,0.02197066,0.13557797,0.14011345,0.01452268,0.02493872,0.00497827,0.01120802,0.26243694,0.30449585,0.00320286,0.00146107,0.03500601,0.12791539,0.00264426,0.0408257,0.0007075,0.0281405,0.00370869,0.24604083,0.1527933,0.00832995,0.02456861,0.04419522,0.00469665,0.02586021,0.00893804,0.02455022,0.02688382,0.03282836,0.005108,0.00070728,1065936.9999996282,3.933715746445254,-0.2474706286152093,-0.331188566558188,-0.0806351840205098,3
2952864,2952864,CCN(Cc1nc2ccccc2c(=O)[nH]1)C(=O)NCc1cc(N)n[nH]1,2.475,2.493,3.021,3.039,3.362,3.378,3.444,3.463,3.617,3.634,3.929,3.947,4.203,4.238,4.244,4.262,4.28,4.573,4.592,4.748,4.93,5.086,5.147,5.172,5.248,5.257,5.279,5.344,5.43,5.448,5.533,5.607,5.66,5.686,5.692,5.701,5.716,5.79,5.832,5.879,5.897,5.99,5.997,6.013,6.017,6.023,6.029,6.041,6.056,6.116,0.000276,0.0004191,0.00078966,0.00089061,0.00336863,0.00472455,0.0002469,0.00051086,0.00072307,0.0004785,0.00067706,0.00084711,0.00080273,0.09445856,0.04261187,7.303e-05,5.412e-05,0.00012668,7.283e-05,0.00010017,0.03493673,0.00098921,6.656e-05,0.00014132,0.0326796,0.06408351,0.04663998,0.00129163,0.00165064,0.00165962,0.11848945,0.00163306,0.00273607,0.00475287,9.154e-05,0.00931373,0.0039998,0.13984888,0.00435441,0.0005149,0.00031051,5.6e-07,0.00071224,0.0178361,0.00468272,0.00360904,0.00121824,0.00064224,0.01826781,0.00180418,-2292652.999999201,-3.159580999553258,1.87151990984771,0.3328928925714675,0.4602470466038115,0
2214570,2214570,CC(C)(C)OC(=O)NCC1(C(=O)NCC2(CCO)CC2)CN(O)C1,5.133,5.508,5.573,6.026,6.039,6.233,6.353,6.403,6.475,6.583,6.703,6.89,7.131,7.272,7.284,7.313,7.496,7.542,7.684,7.798,7.881,7.945,7.974,8.095,8.142,8.18,8.202,8.228,8.312,8.386,8.419,8.441,8.578,8.67,8.688,8.726,8.746,8.817,8.849,8.859,8.981,8.994,9.018,9.044,9.046,9.049,9.118,9.143,9.208,9.253,0.00272213,0.0058573,0.00074234,0.00019267,0.01724376,0.00047827,0.00702433,0.00131262,0.00025059,0.00760229,0.04534063,0.00269447,0.00011358,0.03388338,0.00324067,0.08068297,0.01040922,0.00342259,0.25528735,0.03760312,0.01725112,0.01126639,0.00262675,6.657e-05,0.00286174,0.00153761,0.00143968,0.06003154,0.00232616,0.00061401,8.668e-05,0.00102162,0.00081361,0.00194126,0.02097688,0.00711922,0.00543774,0.01144841,0.00496695,0.00086337,0.00546578,0.01547934,0.02181455,0.00192023,0.00233504,0.01426666,6.27e-06,0.02215466,0.00673175,0.01956618,-3030946.9999989467,17.61085268588719,-0.6092258906022514,0.0765770148992127,0.4106327905360807,0
2203012,2203012,CSc1ccc(NC(=O)c2c[nH]cc2C2CC2)cc1NS(=O)(=O)N1CCCCC1,3.561,3.634,3.716,3.819,4.096,4.221,4.224,4.37,4.416,4.433,4.485,4.499,4.553,4.626,4.735,4.829,4.863,4.934,4.981,5.069,5.164,5.17,5.214,5.239,5.315,5.396,5.418,5.439,5.465,5.494,5.546,5.562,5.612,5.655,5.662,5.676,5.709,5.714,5.745,5.772,5.81,5.818,5.849,5.876,5.93,5.976,5.983,6.009,6.022,6.029,0.00181982,0.04969627,0.00054955,0.16588939,0.00672016,8.159e-05,0.001344,0.13176756,0.00319085,0.02093537,0.01570761,0.00835113,0.00082369,0.24745428,0.23390804,0.0351115,0.00860479,0.00120919,0.01343571,0.00514021,0.02146917,0.00016006,0.0175635,0.00021602,0.00641556,0.00056388,0.0059175,0.00786018,0.00086593,0.02018118,0.0800017,0.02255509,0.00699832,0.01009134,0.00566147,0.00654808,0.01047764,0.01552999,0.02177925,0.01874142,0.02098344,0.00986121,0.03907721,0.00093439,0.03728491,0.02339985,0.00125319,0.01185526,0.0037247,0.01899162,-3042504.9999989374,-1.721374796206836,-0.8343805646914879,0.0104954780026918,0.1946734560476858,0
9995360,9995360,CCCCCN(Cc1ccc(OCC)cc1)C(=O)Nc1ccc2c(c1C)S(=O)(=O)CC2,3.732,3.872,4.051,4.074,4.124,4.184,4.224,4.289,4.313,4.519,4.532,4.6,4.619,4.643,4.768,4.815,4.917,4.988,5.037,5.132,5.252,5.292,5.365,5.368,5.432,5.471,5.515,5.529,5.605,5.648,5.669,5.701,5.737,5.806,5.852,5.919,5.956,5.968,5.973,6.007,6.039,6.067,6.078,6.117,6.124,6.139,6.19,6.223,6.236,6.28,0.00060617,0.00065572,1.754e-05,0.00039878,0.00018164,0.00080725,0.03384254,0.01997668,0.00273168,0.01155852,0.04470658,0.00043868,0.05279119,0.02459466,0.09176626,0.17909676,1.81e-06,0.00148849,2.86e-05,0.05096788,1.259e-05,0.15482406,0.0044594,0.00613717,0.00046056,0.01766257,4.807e-05,0.00023046,0.18323164,0.02730283,1.314e-05,0.00418419,0.00244967,0.00207658,0.00011256,0.00871679,0.18203606,0.21262043,0.01201408,0.00278196,0.0232978,0.01811617,0.00010411,0.00096179,0.00354856,0.00157731,0.0149301,0.00370135,0.05426771,0.01212316,4749842.999998342,-0.7483943092567588,-0.7272311275693396,0.4859128536891098,0.3436461458174419,1
9734066,9734066,O=C(NCCCNCCCCNC(=O)C(F)(F)F)c1nnc[nH]1,4.033,4.12,4.344,4.436,4.642,4.698,4.96,5.004,5.016,5.183,5.221,5.276,5.52,5.555,5.612,5.719,6.032,6.094,6.134,6.19,6.248,6.251,6.294,6.391,6.396,6.436,6.446,6.631,6.756,6.766,6.837,6.963,7.039,7.042,7.095,7.179,7.185,7.212,7.277,7.31,7.401,7.407,7.564,7.585,7.629,7.706,7.714,7.718,7.764,7.782,0.00033044,0.0007026,8.229e-05,0.00096664,1.72e-06,0.00014127,0.00027989,2.061e-05,8.69e-06,1.49e-05,0.06684559,0.0026047,0.01957179,0.24858533,0.00281401,0.00060599,2.7e-07,0.00010131,1.33e-06,0.00106636,0.02154401,4.647e-05,0.00157964,0.03578858,0.00016553,0.065579,0.00041032,0.00072105,0.00020801,1e-06,0.02343859,0.00018798,0.02969243,0.00903948,0.00094411,0.06956253,0.00048823,0.00312683,0.00050629,0.04185283,0.00188597,0.00665228,0.00692959,0.00045356,0.01311306,1.3e-06,0.00045676,0.05692888,0.00230314,0.00049911,4488548.999998433,6.844895158561681,0.5675940524722507,0.6924063706036707,0.1298566857421832,1
2574424,2574424,CSc1cccc(N2CCCCC2NC(C)=O)n1,4.104,4.321,4.721,4.74,4.76,4.909,5.012,5.026,5.275,5.363,5.405,5.447,5.723,5.92,6.124,6.21,6.324,6.426,6.524,6.61,6.713,6.744,6.845,6.914,6.953,7.012,7.028,7.054,7.072,7.107,7.125,7.159,7.201,7.253,7.275,7.385,7.39,7.4,7.418,7.542,7.605,7.623,7.691,7.698,7.712,7.763,7.838,7.951,7.98,7.997,0.03230763,0.04217039,0.04115875,0.00011797,0.0162853,0.00123673,0.03589442,0.0646946,0.00114087,0.25522278,0.0001467,0.04966178,0.00022032,2.004e-05,0.00615947,0.00020904,0.00054414,0.00984467,0.14436135,0.00316039,5.055e-05,0.00270909,0.00620944,0.10147625,0.02711295,0.06273491,0.00035006,0.0639856,0.03266347,0.12228587,0.01180339,0.01938919,0.01340748,0.09541444,0.11774562,0.00255447,0.00119946,0.00390542,0.00068227,0.01219562,0.00116093,0.00039845,0.00550867,0.00089024,0.00258284,0.0018352,0.00067284,0.00543207,0.02309909,0.00056111,-2671092.999999071,8.742854496599591,0.3538954990856813,0.1059724895204056,0.7474208217262597,0
9891251,9891251,CSc1ccc(C(C)N=NCc2cccc(OC3CC3)c2F)cc1F,3.101,3.55,3.568,3.658,3.731,3.916,3.955,4.045,4.263,4.28,4.323,4.407,4.464,4.469,4.584,4.595,4.677,4.795,4.948,4.961,5.082,5.085,5.163,5.189,5.29,5.345,5.353,5.413,5.451,5.544,5.557,5.59,5.667,5.712,5.761,5.794,5.87,5.888,5.908,5.95,5.994,6.032,6.035,6.06,6.109,6.128,6.145,6.149,6.169,6.182,0.00774938,0.00341558,0.03110542,0.00834064,0.00869364,0.02304927,0.00051666,0.00109527,0.00193834,0.06323617,0.00044573,0.00893729,0.034312,0.00528625,0.0149614,0.00519447,0.00119276,0.0007445,0.04436492,0.07307078,0.0011774,8.575e-05,8.238e-05,0.03813255,0.0141916,0.01888677,0.00182766,1.699e-05,0.0002051,0.00233403,0.00253589,0.07605658,0.03337124,0.00309967,0.00026687,0.00260671,0.01062472,0.02823202,0.03933936,0.04564763,0.05117302,0.00789041,0.09709009,0.08186832,0.01986749,0.0010248,0.03256887,0.00250322,0.00451655,0.01278305,4645733.99999838,-1.7730552185707562,0.1865755027155202,0.3985341899800753,0.1294748450352005,1
1288453,1288453,Cn1nc(CNC(=O)OC(C)(C)C)c(CN2CCCC2)n1,4.223,4.269,4.743,5.364,5.609,5.653,5.775,6.139,6.186,6.314,6.366,6.416,6.454,6.458,6.744,6.781,6.815,6.929,6.961,7.015,7.099,7.246,7.321,7.355,7.483,7.569,7.574,7.615,7.66,7.698,7.746,7.75,7.833,7.878,7.898,7.97,8.055,8.179,8.184,8.238,8.297,8.349,8.358,8.379,8.406,8.497,8.499,8.505,8.55,8.572,7.917e-05,0.00049204,0.00055784,0.0031205,0.00165483,0.00248542,0.18335227,0.00178464,1.65e-06,0.00037943,0.00039141,0.00065087,0.00029718,9.188e-05,0.00371582,0.00132863,0.0026306,0.0017349,0.00110074,0.0040465,0.00610146,0.00953276,0.00026763,0.0615516,0.11302413,0.01280715,0.21323107,0.00035049,0.00823641,0.01195566,0.00339305,0.00559344,0.00809532,0.30737669,0.0238369,0.02421605,0.18130108,0.00286717,0.00764468,0.06775317,0.03797362,0.01071029,0.0376154,0.00364715,0.01209945,0.01254151,0.0006865,9.572e-05,0.00183329,0.00237443,-3957063.9999986216,13.068408944134578,0.049390177156418,-0.3202574157283476,-0.3632743374101048,2
8597638,8597638,CN(CCCNC(=O)c1cn[nH]c1C1CC1)C(=O)Cc1cn[nH]n1,4.01,4.024,4.394,4.58,4.611,4.782,4.797,4.807,4.959,5.074,5.182,5.27,5.289,5.357,5.502,5.581,5.621,5.655,5.676,5.741,5.929,5.968,5.976,5.981,6.016,6.05,6.06,6.088,6.135,6.229,6.276,6.35,6.418,6.429,6.509,6.546,6.605,6.666,6.708,6.748,6.764,6.766,6.821,6.872,6.89,6.921,6.926,7.022,7.086,7.114,0.00041151,1.12e-06,0.00222899,1.17e-06,0.00138444,4.068e-05,3.17e-06,8.34e-06,0.00026015,0.00819739,0.00655923,3.34e-06,8.189e-05,6.96e-06,6.13e-06,0.00010924,0.06525135,0.00018247,5.71e-06,0.13449371,0.02027801,0.04801426,0.01414609,4.73e-06,0.01290519,0.03148225,1.922e-05,0.01007558,0.11630315,0.00167755,2.68e-06,0.0098591,0.00290992,5.427e-05,1.96e-06,0.00076938,0.28621906,0.00147028,0.00738999,0.00120253,0.02075689,0.00183013,0.06865106,0.1646241,0.00087647,0.01789593,0.00159322,0.16588457,0.01737372,0.00929274,3352120.999998829,3.7994893580939992,-0.6872450825213977,0.234339765308798,-0.0089534225850146,1
9196130,9196130,Cc1cnc(CNCCCNC(O)c2cnc(C)nc2C2CC2)nn1,3.03,3.133,3.278,3.397,3.721,3.74,3.842,3.964,3.99,4.067,4.122,4.133,4.186,4.217,4.291,4.327,4.43,4.451,4.52,4.554,4.644,4.812,4.842,4.938,4.95,5.065,5.103,5.229,5.269,5.286,5.327,5.335,5.353,5.458,5.473,5.484,5.531,5.595,5.61,5.647,5.657,5.661,5.681,5.698,5.79,5.831,5.849,5.885,5.978,6.017,1.8e-07,3.9e-06,5.136e-05,0.00024735,2e-06,7.263e-05,4.195e-05,1.6e-07,0.00106642,3.73e-05,0.00723915,1.744e-05,5.68e-06,0.00023971,0.00040701,8.416e-05,3.848e-05,0.00540639,7.46e-06,0.00255138,1.288e-05,0.01142497,0.00031671,1.514e-05,0.00023689,0.03217644,0.04997709,0.00012308,3.55e-05,0.03510258,0.00030308,6.004e-05,1.278e-05,0.0007582,0.00133785,0.00129823,7.801e-05,2.532e-05,0.04570695,6.792e-05,2.596e-05,0.00386978,0.0010115,0.00140014,0.07647182,0.04914989,0.02696487,0.00016531,7.516e-05,0.04420566,3950612.999998623,-3.695502224333184,0.2344804552770053,0.4860271015164427,-0.0630906225143472,1
6023393,6023393,Cc1ccc2c(CCC(=O)OCc3cccc(OCC(=O)NN(C)C)c3)coc2c1C,3.686,3.833,4.001,4.139,4.241,4.331,4.388,4.393,4.498,4.514,4.631,4.644,4.658,4.66,4.759,4.79,4.887,4.908,4.973,5.012,5.016,5.038,5.102,5.112,5.144,5.205,5.215,5.225,5.287,5.307,5.334,5.347,5.406,5.443,5.505,5.531,5.572,5.593,5.617,5.658,5.66,5.68,5.721,5.724,5.732,5.804,5.824,5.863,5.93,5.975,8.96e-06,8.394e-05,0.00022397,0.00019595,0.0010848,0.00034141,0.02808485,0.0403665,0.00062467,0.0003515,0.00805939,7.576e-05,0.02652233,0.01496357,4.958e-05,3.887e-05,0.00095077,0.00070351,1.535e-05,9.292e-05,0.0001598,0.00040621,0.00083721,0.00017069,0.00064358,0.00013814,0.00109427,0.00181671,7.004e-05,0.01722591,0.00394525,0.04825146,0.00037584,0.00476282,0.00173696,0.00681178,0.19091586,0.00038076,2.179e-05,1.5e-06,0.00033196,0.03361282,0.00083671,0.00656412,0.00028862,3.249e-05,0.00166555,0.00027611,1.579e-05,0.00584499,777875.9999997304,-2.237048307406092,-1.652764064047053,0.0080383821486725,-0.0886331859281974,4
2235227,2235227,CCN(CC)S(=O)(=O)c1cnc(N)c(NC(=O)N2CC(=O)N(CCC(F)(F)F)C2)c1,2.987,3.258,3.978,3.986,4.268,4.31,4.355,4.418,4.468,4.623,4.678,4.703,4.781,4.798,4.834,4.926,5.014,5.047,5.058,5.065,5.137,5.287,5.314,5.409,5.474,5.483,5.558,5.598,5.625,5.672,5.752,5.81,5.821,5.842,5.886,5.975,6.046,6.048,6.099,6.118,6.158,6.192,6.219,6.329,6.428,6.439,6.473,6.475,6.537,6.547,0.02286383,0.02233855,6.16e-05,0.00118274,0.00326849,0.09324186,0.01587729,0.00126089,0.00192532,0.02405513,0.15773023,0.01765556,0.00723313,0.0041074,0.00910393,0.00128419,0.00442598,0.00128894,0.00015644,0.0193676,0.00545594,0.00726143,0.01212237,0.0001335,0.00135735,0.00044704,0.00397698,0.05577045,0.01772377,0.04894281,0.02894974,0.01044652,0.12497634,0.02990968,0.02042374,0.18558665,0.00120286,0.0005658,0.00537516,0.01281262,0.00161973,0.00113269,0.0336673,0.00242019,0.0055999,0.04353353,0.00112823,0.001284,0.00013204,0.0026629,-3010289.999998949,-0.1782457375485168,-0.0453433005636267,0.186013651625988,-0.5268611419572843,0
665333,665333,NCCN(c1ccc(OC(=O)C(F)(F)c2ccc(N)cc2)cc1)S(=O)(=O)c1ccc(F)cc1,2.918,2.965,3.015,3.194,3.282,3.456,3.558,3.742,3.868,3.892,3.963,3.978,4.063,4.075,4.179,4.244,4.315,4.328,4.362,4.38,4.399,4.432,4.499,4.501,4.521,4.556,4.56,4.615,4.658,4.71,4.733,4.752,4.786,4.856,4.87,4.989,4.992,5.009,5.043,5.085,5.094,5.113,5.153,5.166,5.204,5.235,5.268,5.272,5.302,5.306,0.07140477,0.00101141,0.00748421,2.027e-05,0.00805756,9.15e-06,0.00071147,8.56e-05,0.00026746,3.879e-05,0.01676634,0.01828021,5.813e-05,0.0005763,0.07410903,0.07504068,1.201e-05,0.00460114,0.00327498,0.00764542,0.01504035,0.02955243,0.00335429,1.55e-06,0.00264142,0.02767402,0.10104387,0.00073933,4.423e-05,0.00505606,0.00659929,0.00437255,0.01357906,0.00014778,0.00155335,0.00031417,0.01251416,0.03937979,0.02249791,0.01494215,0.00671325,0.01144067,4.13e-06,0.0416331,0.00059315,0.00791869,0.0001348,0.07582093,0.01428045,0.0238309,-4580183.9999984,-6.642965369485808,-0.4103410520857667,-0.1969361538467673,-0.0686702295281962,2
2376620,2376620,CCCOc1ccc(OCC(=O)OC2(c3ccn(C(F)F)n3)CCC2)cc1,4.0,4.018,4.483,4.632,4.676,4.928,5.075,5.194,5.274,5.295,5.362,5.382,5.401,5.461,5.571,5.641,5.655,5.886,5.906,5.958,5.982,5.986,5.992,6.039,6.049,6.099,6.11,6.149,6.211,6.269,6.292,6.296,6.301,6.339,6.36,6.378,6.384,6.462,6.55,6.554,6.563,6.589,6.611,6.654,6.685,6.767,6.807,6.812,6.838,6.859,0.010765,0.00768053,0.02292356,0.00021291,0.00054537,0.09068899,0.0001387,0.00124093,0.00010949,0.00084086,6.339e-05,0.01170439,0.04730253,0.0008616,0.00576708,0.00052554,0.00270817,0.03122971,0.00164409,0.02728391,0.00037028,0.00816407,0.00036147,0.00434926,0.00077606,1.685e-05,0.00035733,0.00318528,0.00059262,0.00053381,0.03262,0.00046436,0.00128377,0.2633601,0.00158038,0.01955273,0.03661679,0.05220907,0.01554778,0.04460606,0.05467566,0.00057033,0.01113158,0.00931174,0.00088473,0.01499492,0.00263742,0.00310543,0.01326515,0.09301491,-2868896.9999990007,3.686293585457437,-1.4188044912383873,-0.4782513084151669,-0.0735756709584789,0
6295216,6295216,COc1cc(CNC(O)c2cccc(F)n2)ccc1OCCC(C)C,2.882,3.549,3.666,3.929,4.323,4.332,4.447,4.576,4.596,4.722,4.782,4.885,4.983,5.072,5.097,5.144,5.198,5.243,5.252,5.334,5.387,5.403,5.43,5.525,5.628,5.683,5.74,5.742,5.755,5.768,5.8,5.827,5.865,5.88,5.918,6.0,6.027,6.085,6.125,6.164,6.176,6.192,6.269,6.273,6.296,6.343,6.37,6.409,6.417,6.472,4.435e-05,5.27e-06,0.00061492,3.811e-05,0.0010885,0.00031008,0.09230188,7.096e-05,1.831e-05,0.00094376,0.00553148,0.13034241,0.00091889,0.01080496,0.06371023,0.01477804,2.58e-05,8.32e-06,8.79e-06,3.904e-05,0.00045488,0.00605367,0.00675519,2.62e-05,2.541e-05,2.355e-05,0.00196315,0.00019526,0.0156271,0.02710626,0.07495324,0.00043288,2.34e-05,0.00125702,4.94e-06,0.0001347,0.00019771,0.09309666,0.00111297,0.02303338,0.00735936,0.00018927,0.00510806,0.17893267,0.00152316,0.01544575,0.00033566,0.00065629,0.04940148,8.296e-05,1049698.9999996333,0.3122522544717506,-0.2458986054388157,-0.4780467908313823,-0.3224355313265173,3
7696034,7696034,Cc1cccc(OCCCCC(O)Nc2noc(C)n2)c1,4.293,4.535,4.693,4.746,4.98,5.28,5.36,5.421,5.519,5.634,5.734,5.859,5.919,5.959,6.044,6.087,6.185,6.287,6.373,6.374,6.413,6.439,6.477,6.484,6.599,6.608,6.665,6.693,6.735,6.813,6.825,6.831,6.891,6.937,6.974,6.976,7.014,7.026,7.062,7.176,7.183,7.255,7.261,7.287,7.296,7.363,7.423,7.443,7.481,7.561,8.88e-06,1.184e-05,0.03545594,7.745e-05,0.0352671,3.623e-05,0.06651935,4.48e-06,0.00318843,3e-07,0.00029145,0.00147011,0.00011332,0.00859208,0.0368865,0.00010628,6.21e-05,0.50402525,0.00118957,0.00195184,2.37e-06,0.02924605,5.59e-05,0.00023671,0.01653925,0.00045527,0.09925343,0.0213003,0.01184978,0.04850405,0.00307196,0.05363872,0.09303436,0.00031132,0.00224734,0.06832973,0.00818049,0.10348791,0.00039654,0.02721735,0.0010377,0.02233246,0.0001758,0.02397721,0.21179987,0.00028499,0.00333932,0.00222739,0.0175029,0.00429302,2450516.9999991446,7.258916152119682,-1.1251836550956134,-0.3320342728164049,0.0435709894379503,3
4451970,4451970,CC(N)=CCN(Cc1ccc(OCc2ccccc2)cc1)Cc1nc2ccccc2c(=O)[nH]1,3.227,3.334,3.552,3.628,3.657,3.659,3.66,3.715,3.738,3.77,3.798,3.982,4.04,4.056,4.09,4.115,4.123,4.146,4.175,4.189,4.198,4.215,4.233,4.264,4.309,4.522,4.54,4.593,4.619,4.629,4.649,4.729,4.757,4.797,4.884,4.906,4.951,4.991,5.004,5.01,5.015,5.022,5.09,5.092,5.127,5.148,5.192,5.206,5.228,5.231,0.00020154,0.00039335,3.219e-05,0.00011217,4.89e-06,0.00019437,0.00055862,2.55e-06,0.00193325,0.00611055,6.041e-05,2.26e-06,2.8e-07,2.624e-05,0.00162838,6.23e-06,6.154e-05,0.00093277,0.00029402,0.04728796,0.00168003,0.00041253,0.00061701,0.15126567,0.00027237,4.643e-05,7.62e-05,0.02513232,0.00267402,7.301e-05,3.62e-06,0.00193338,1.265e-05,2.809e-05,1.44e-06,0.00031821,4.68e-06,6.303e-05,0.0008894,5.23e-06,0.01571154,0.01727679,3.944e-05,4.07e-06,0.00143074,3.61e-06,0.16495064,0.0146838,0.02227226,1.586e-05,-793546.9999997186,-6.979469499286025,-1.1619304297080806,0.5084502618847513,-0.1121916883591219,4
3425141,3425141,C=C(CCSCc1ccccn1)NCCN1CCC(N(CCOC)C(=O)OC(C)(C)C)CC1,3.298,3.486,3.506,3.615,3.694,3.804,3.823,4.012,4.02,4.225,4.249,4.457,4.508,4.635,4.716,4.843,5.18,5.218,5.347,5.438,5.536,5.54,5.572,5.646,5.669,5.687,5.75,5.779,5.833,5.842,5.877,5.898,5.926,5.981,6.004,6.021,6.052,6.137,6.141,6.15,6.15,6.176,6.212,6.235,6.279,6.332,6.339,6.342,6.349,6.368,4.236e-05,3.027e-05,2.035e-05,2.321e-05,2.528e-05,3.64e-06,1.991e-05,5.18e-06,0.00729834,0.00571275,6.809e-05,2.228e-05,0.00045307,5.4e-07,0.00016735,3.05e-06,0.04432034,1.28e-06,1.327e-05,0.00033602,0.00307332,0.10251317,0.00205182,0.00022775,0.00010081,0.0053937,0.01045484,0.00021537,6.139e-05,0.00020965,9.377e-05,0.00295648,0.00279402,0.00014292,0.00014918,1.89e-06,0.0012815,0.0067551,1.52e-05,3.38e-06,0.00010342,1.617e-05,0.00056485,0.03926028,0.26802199,0.00098906,7.742e-05,0.00104213,1.862e-05,9.232e-05,-1820375.9999993648,-0.2848303955807851,0.6837638713903179,0.0368069627706083,1.0252786287103006,0
8463902,8463902,CCN(C1CCCCC1)S(=O)(=O)NC(C)(C)c1ccc(OCC(F)(F)F)nn1,3.058,3.406,3.84,4.063,4.249,4.411,4.518,4.524,4.694,4.846,4.882,5.03,5.181,5.221,5.252,5.261,5.332,5.471,5.514,5.531,5.592,5.624,5.679,5.699,5.803,5.82,5.881,5.932,5.947,6.023,6.027,6.039,6.055,6.073,6.098,6.101,6.226,6.265,6.308,6.342,6.395,6.442,6.475,6.558,6.583,6.596,6.624,6.628,6.66,6.675,4.255e-05,6.182e-05,0.00033001,0.00022917,0.00263698,0.00047577,0.00116676,0.02490432,0.00095253,0.00043299,0.0006651,0.00046062,0.00687217,0.00010049,0.00376736,0.00082153,0.00011608,0.00037535,0.04619866,0.02918164,0.00062372,0.01072521,0.00067759,0.00052588,0.01023136,0.00051837,0.00954171,0.01011665,0.02886592,0.01358292,0.00915034,0.00172445,0.00672169,0.01283255,0.00297761,0.00491447,0.00022994,0.0122935,0.00700519,0.00826287,0.0216195,0.16170419,0.01121165,0.04912704,0.09241891,8.85e-05,0.0010333,0.01295186,0.0309978,0.00265376,3218384.9999988764,1.555802135222561,-0.0211283497250159,-0.4896449960678452,-0.2065618816745053,1
2006804,2006804,CCC(CC)NC(=O)Nc1ccc(S(=O)(=O)C(F)(F)F)cc1,3.722,3.966,4.349,4.493,4.515,4.575,4.725,4.793,5.431,5.513,5.636,5.665,5.676,5.77,5.838,5.883,5.963,6.028,6.06,6.142,6.171,6.183,6.291,6.307,6.331,6.362,6.478,6.604,6.667,6.761,6.86,6.913,6.963,6.982,7.092,7.113,7.192,7.23,7.278,7.355,7.374,7.451,7.457,7.525,7.535,7.645,7.729,7.733,7.804,7.813,0.00043473,2.58e-06,0.01450669,0.04296731,0.09471201,0.0142405,0.33932943,0.00941258,0.0002687,0.00108525,0.00017009,0.00913032,0.02137387,0.01414221,0.00497739,0.0002493,0.00203369,0.01901351,0.00096617,0.01956038,0.00591958,0.03581281,0.18913701,0.03929374,0.03712345,0.02792913,0.32174732,0.00086049,0.00141872,0.06257674,0.00169759,0.01918335,0.03541121,0.00510693,0.0045672,0.00251592,0.01177589,0.01508119,0.00041081,0.07325621,0.01446632,0.00037256,0.01295313,0.00031045,0.00232171,0.00026818,0.00120454,0.00036521,0.00025543,3.03e-05,-3238712.99999887,6.859501466476722,0.5682297888848864,0.2203663015144693,-0.2761466157068963,2
627980,627980,CCN(CCNC(=O)C1CCN(c2ccncc2C)CC1)c1ccccn1,3.491,3.891,4.01,4.07,4.106,4.12,4.124,4.138,4.293,4.345,4.393,4.568,4.643,4.655,4.72,4.791,4.801,4.835,4.848,4.867,5.015,5.025,5.037,5.103,5.165,5.261,5.363,5.386,5.418,5.447,5.48,5.715,5.735,5.795,5.861,5.884,5.913,6.051,6.09,6.101,6.167,6.19,6.295,6.353,6.384,6.4,6.416,6.535,6.546,6.577,5.2e-06,0.0062192,9.699e-05,0.00588911,0.07256028,0.03497571,0.0019511,0.00205836,0.01521847,0.00580564,6.5e-07,0.00337719,7.355e-05,0.00027023,0.0001548,0.0010872,5.4e-07,0.00051127,1.11e-06,1.7e-07,0.13009906,0.00131219,1.828e-05,1.62e-06,0.00419063,0.0825304,0.00237975,0.02032989,8.41e-06,0.03293683,8.692e-05,0.04292143,8.07e-06,7.178e-05,1.911e-05,1.726e-05,0.01485827,1.634e-05,5.6e-06,0.00010803,0.00013458,0.00014035,0.00223595,0.00515406,0.00014448,0.26005793,0.00725421,0.10878591,0.00078936,0.1827869,-4617536.999998388,-0.8949956679124685,-0.2333833662283326,1.141271245473059,-0.3106643589212749,2
902815,902815,COc1cccc(CC2(C(=O)NCCCCOC(C)c3ccccc3)CC2)c1,3.308,3.337,3.812,3.841,3.862,4.005,4.034,4.27,4.558,4.569,4.588,4.684,4.713,4.715,4.969,5.096,5.097,5.126,5.251,5.347,5.38,5.453,5.482,5.508,5.585,5.633,5.65,5.674,5.701,5.77,5.784,5.822,5.851,5.873,5.879,5.919,5.945,5.947,6.037,6.083,6.106,6.114,6.125,6.167,6.195,6.212,6.235,6.248,6.263,6.277,2.66e-05,3e-06,4e-08,6e-08,0.00591772,7.348e-05,2.231e-05,0.00173404,0.00072293,0.00375857,0.00145842,7.24e-06,6.6e-07,0.04959725,0.00048656,6.83e-06,1.4e-07,1.65e-06,0.00073009,0.0426064,0.00101352,0.00014231,8.53e-06,1.343e-05,0.02034323,0.01451187,0.00049593,5.122e-05,1.934e-05,0.00238791,0.00081059,0.00010325,3.921e-05,4.249e-05,0.00111512,0.00013704,0.0099682,1.453e-05,0.0728414,0.01504032,0.00688203,0.00029019,0.15209835,0.00604584,0.01130982,0.15903252,0.00121728,0.00031114,0.00151976,0.00222675,-4342701.999998486,-0.3657658324254693,-0.0831998092640654,-0.2922954637747512,0.3746572890017981,2
7430375,7430375,CCCNC(C)CNC(=O)c1ccc(NC(=O)N(C)C2CCC(C)CC2)cc1,3.479,3.72,3.76,3.838,3.979,4.08,4.288,4.429,4.467,4.475,4.542,4.617,5.459,5.572,5.647,5.747,5.761,5.806,5.838,5.905,5.919,5.959,6.013,6.023,6.047,6.054,6.136,6.183,6.198,6.211,6.264,6.279,6.307,6.349,6.378,6.389,6.405,6.437,6.481,6.527,6.539,6.542,6.632,6.647,6.672,6.696,6.715,6.72,6.768,6.874,0.00137373,0.00019661,0.01101701,0.00571606,0.00024884,9.623e-05,0.01844244,0.02457267,0.00260596,0.01470798,0.20138743,0.29631615,0.00147424,0.06178827,0.00246976,0.00875648,0.00156267,0.00541935,0.00453173,0.00138214,0.00872764,0.00200396,0.00742767,0.00736387,0.00047343,0.00365481,0.02404881,0.46073156,0.00985518,0.00641247,0.00069141,0.10491817,0.0079649,0.02540111,0.02698272,0.00844354,0.0184586,0.02083178,0.0096252,0.001207,0.02874998,0.02774766,0.00357023,0.00950112,0.01046537,0.00099009,0.00662732,0.0008991,0.01505938,0.00111616,2184857.9999992345,2.6561750661823846,0.4066348158491457,-0.6651747831148287,0.991960855561374,3
4001071,4001071,C=C(O)c1ccc(C(=NC)NOCc2ccc(C(=O)OC)c(F)c2)s1,2.825,2.957,3.207,3.257,3.276,3.458,3.496,3.541,3.748,3.837,4.005,4.033,4.071,4.239,4.246,4.257,4.292,4.432,4.537,4.558,4.64,4.673,4.724,4.769,4.88,5.02,5.034,5.045,5.091,5.138,5.148,5.226,5.257,5.299,5.348,5.357,5.395,5.417,5.437,5.553,5.565,5.614,5.631,5.648,5.673,5.753,5.79,5.791,5.843,5.861,0.01185256,0.00860879,0.00234516,0.01767004,1.25e-05,0.00064025,0.00073728,0.18659019,0.00088553,0.00074835,9.44e-05,0.00034845,0.00942244,6.79e-05,0.00229873,4.38e-06,7.707e-05,0.17451384,0.01043124,0.00023112,0.03765955,0.05566098,0.03042289,0.02955401,0.02115154,0.00914996,4.063e-05,0.00088509,0.00759187,0.06624417,0.04863315,0.0008143,0.00264506,0.00802905,3.64e-06,4.361e-05,0.00010117,0.00185803,5.788e-05,0.02183782,0.00018259,0.00128304,0.02411986,0.00218243,0.00033511,0.00023935,0.00116559,0.0019472,0.00087455,0.00038864,-1244445.9999995648,-4.568111213398861,0.6466372482618646,0.3594356086835837,0.1897381688630857,0
10143494,10143494,Cc1c[nH]nc1C(=O)NC1(CCO)CN(C(=O)CSC(C)C)C1,3.33,3.725,3.95,4.075,4.433,4.829,4.86,5.049,5.054,5.122,5.179,5.259,5.461,5.555,5.703,5.752,5.775,5.9,5.99,6.207,6.223,6.231,6.233,6.298,6.317,6.38,6.527,6.546,6.564,6.652,6.71,6.784,6.805,6.807,6.834,6.856,6.89,6.931,6.934,6.945,6.994,7.004,7.072,7.138,7.201,7.211,7.224,7.288,7.325,7.376,0.00026358,1.464e-05,9.96e-06,4.3e-06,6.409e-05,6.639e-05,0.03799409,0.0039078,4.372e-05,4.988e-05,4.61e-06,0.12008874,0.00011293,0.00740527,0.00086853,0.11024556,0.00056091,2.218e-05,0.09108079,0.00514064,0.00066564,0.00164321,0.00066408,0.07201821,0.00736826,8.36e-06,0.01676386,1.252e-05,0.00018251,0.13110338,0.03412953,0.00016667,0.00040282,0.00033372,0.00043149,0.00112244,5.662e-05,0.03646897,0.00785219,0.00764837,0.2761447,0.00013179,0.06939583,0.00020254,1.908e-05,0.01142367,0.00699901,0.00554405,0.00381041,0.00467569,4897976.999998289,5.352919522233187,0.5118897772925929,-0.4292393471400043,0.0687509962659827,1
5161878,5161878,CC=C(C)CCn1nnnc1N(CCCCO)Cc1ccoc1C,4.223,4.381,4.918,5.09,5.199,5.345,5.361,5.473,5.498,5.53,5.555,5.579,5.609,5.63,5.767,5.834,5.856,5.898,5.984,5.996,6.026,6.042,6.079,6.165,6.28,6.381,6.494,6.518,6.548,6.572,6.62,6.647,6.719,6.736,6.756,6.763,6.77,6.875,6.888,6.904,6.909,6.938,6.994,6.996,7.045,7.061,7.071,7.103,7.136,7.147,3.064e-05,7.019e-05,6.54e-06,0.03907458,0.00024855,0.00308294,0.00056761,1.229e-05,0.00094084,0.00692706,0.00440109,9.923e-05,0.000387,1.476e-05,0.00028449,5.65e-05,0.00195773,0.11074771,1.85e-06,0.00567882,0.01249386,0.00036477,0.00010828,0.06751886,0.01153852,0.00017411,0.01907495,0.00383202,0.00305288,0.00208565,0.27048134,0.07892258,0.00120454,0.00105929,0.0214113,0.01686781,0.00075145,0.01002464,0.02208576,0.03788387,0.0039927,0.01327741,0.00024192,0.00952422,0.00090359,0.01152181,0.02267486,0.02490962,0.00043567,0.00501867,-83638.9999999748,5.671341157823667,-1.6796660458818562,0.0626357001891876,-0.2613231731666806,4
3866771,3866771,CC1CCN(C(=O)N(O)c2ccc(NC(=O)NCc3cccnn3)cc2)CC1,2.562,3.08,3.232,3.326,3.527,3.65,3.748,3.843,3.919,3.938,4.042,4.043,4.166,4.25,4.304,4.35,4.364,4.45,4.477,4.55,4.551,4.566,4.675,4.737,4.881,4.948,4.999,5.096,5.17,5.194,5.244,5.266,5.333,5.376,5.417,5.506,5.584,5.614,5.719,5.76,5.777,5.826,5.857,5.883,5.91,5.913,5.931,5.953,6.009,6.02,0.00013761,0.00305734,1.883e-05,8.142e-05,6.17e-06,5.8e-07,0.00036913,0.00191809,0.00068332,0.02446547,0.00134394,1.201e-05,0.00016415,0.08154085,0.66676629,0.00762625,2.19e-06,0.00195456,0.03664762,2.248e-05,0.00195377,0.00200829,0.00126777,3.836e-05,0.00010529,0.00067916,0.01194311,0.0006676,0.00460374,0.00283541,0.00050819,0.00722707,0.01259836,0.00548158,0.00087143,0.00037692,2.742e-05,0.00243783,0.00798908,0.00165584,0.00089289,0.00816948,0.00820051,3.905e-05,0.02653151,2.422e-05,0.00012787,0.00028351,0.09422542,0.00875485,-1378745.9999995197,-3.8868408652966497,0.741454718929388,0.6063813098766653,-0.3990271274515399,0
5212172,5212172,Cc1[nH]c2ccccc2c1C(O)=COCCOC(=O)c1csc(-n2cccn2)n1,1.817,2.85,2.891,2.937,3.148,3.288,3.936,3.959,3.97,4.063,4.153,4.156,4.181,4.321,4.326,4.344,4.373,4.388,4.434,4.517,4.518,4.591,4.626,4.653,4.776,4.833,4.842,4.93,4.988,5.015,5.14,5.163,5.231,5.243,5.263,5.301,5.331,5.361,5.394,5.41,5.419,5.421,5.457,5.496,5.523,5.554,5.557,5.598,5.624,5.633,2.29e-06,1.138e-05,0.01782554,8.34e-06,2.252e-05,7.2e-07,0.01315384,0.1813225,0.00010617,0.04781717,0.00011318,0.00486196,0.00013545,8.1e-06,8.214e-05,3.57e-06,0.06456087,1.955e-05,0.00011379,0.04416928,0.01933354,0.00054214,0.00077587,0.09288316,0.00012536,0.20206756,0.00067062,2.19e-06,4.554e-05,1.13e-06,0.26924035,0.04619792,0.00020753,0.01220376,0.02253506,0.00820579,0.0005167,0.0844278,8.48e-06,0.03832019,0.00435283,1.631e-05,0.00365579,0.0108762,0.00433716,3.19e-06,0.00049053,0.0030201,0.00045305,0.12322909,-33344.9999999877,-5.125044901798765,0.7399413838159917,-0.5591455716593465,-0.5522059774068407,4
8641825,8641825,Cn1ncc2c(=O)nc(CN3CCN(C(=O)CCCc4ccccc4)CC3)nnc21,1.606,1.642,1.884,2.137,2.275,2.447,2.703,3.114,3.141,3.181,3.422,3.496,3.527,3.586,3.688,3.764,3.802,3.899,3.988,4.004,4.067,4.227,4.244,4.272,4.28,4.286,4.326,4.351,4.402,4.513,4.532,4.548,4.567,4.577,4.581,4.695,4.74,4.788,4.793,4.817,4.868,4.873,4.907,4.927,4.987,5.001,5.068,5.093,5.107,5.127,0.00162988,0.00071289,0.00247656,0.00054182,0.01063669,3.8e-07,2.5e-07,0.00380998,0.0006855,0.00033644,0.00355232,0.07574768,3.06e-05,4.08e-06,0.00770095,0.00163094,0.01016924,0.00042445,1.19e-06,0.01358877,0.00027703,3.506e-05,8e-08,0.00013372,4.442e-05,0.021418,0.00019723,0.00838641,0.00079429,1.907e-05,9.611e-05,0.00089576,1.008e-05,2.25e-06,0.00057112,0.00100864,6e-08,0.0030649,1e-08,0.00171715,0.03604899,6.05e-06,0.01455444,1.3e-07,5.561e-05,0.00116239,9.7e-06,0.01510349,0.0082463,2.006e-05,3396307.9999988177,-9.37117695458554,2.0887234491744917,-0.6381700807055116,0.0383712854823081,1
9738697,9738697,Cc1ccnn1CC(=O)NC1CCN(CNC(=O)c2cccn(C)c2=O)C1,2.358,2.701,2.741,3.086,3.103,3.22,3.423,3.612,3.646,3.907,4.141,4.249,4.288,4.485,4.644,4.651,4.766,4.768,4.971,5.002,5.022,5.025,5.105,5.16,5.202,5.329,5.377,5.384,5.415,5.42,5.421,5.425,5.472,5.478,5.559,5.58,5.668,5.689,5.713,5.742,5.762,5.781,5.803,5.808,5.85,5.946,5.961,5.972,6.079,6.091,1.949e-05,5.21e-06,0.00010303,0.00904659,8.906e-05,3.5e-07,0.00013605,0.00023995,0.12926852,1.767e-05,5.3e-07,2.5e-07,7.53e-06,0.00157411,5.142e-05,3.291e-05,0.00032705,6e-08,4.968e-05,8.488e-05,0.00114547,0.02186569,0.04128687,4.34e-06,0.00026785,0.00659133,0.00444705,2.97e-06,0.01511505,0.00012736,0.01438235,0.01357602,0.0281417,3.608e-05,0.00017152,0.00821632,0.0069845,1e-08,0.00493154,1.07e-06,4.19e-06,1.645e-05,6.279e-05,0.00308543,0.01079947,0.07797876,0.00086902,2.6e-07,0.02290982,3.682e-05,4493179.999998432,-3.1474681218632226,1.532561718692736,-0.5745140610817766,0.5157990599302253,1
5507,5507,COc1ccccc1CNC(=NCc1ccc(CN2CCCC2=O)cc1O)N1CCCC1,3.254,3.672,3.714,3.784,3.889,3.913,4.069,4.127,4.134,4.136,4.219,4.306,4.333,4.399,4.488,4.54,4.545,4.586,4.591,4.674,4.712,4.764,4.814,4.854,4.924,4.957,4.968,5.094,5.211,5.337,5.343,5.438,5.594,5.633,5.673,5.781,5.81,5.855,5.862,5.933,5.95,6.049,6.076,6.09,6.133,6.148,6.154,6.169,6.172,6.189,0.00114968,0.00014232,1.718e-05,0.01486567,0.00340178,0.00044419,0.00069515,0.00790185,1.233e-05,0.00101898,0.00168323,0.000161,0.00086736,0.00179035,0.00022907,0.02327087,0.01863375,0.00058463,0.00503045,0.00164299,0.06618071,9.82e-05,0.02706079,0.00116544,0.01221022,0.00140622,0.04557161,0.0001967,0.00134807,0.03692135,0.05771233,0.00334579,0.00017567,0.0004635,0.00029998,0.00015153,0.00042648,0.0029872,0.00052749,0.08498224,0.00254254,0.00035055,0.00252681,0.00430843,0.06425315,0.02345354,0.11919219,0.12841725,0.00278132,0.24362855,-5240009.999998173,-2.495631131432791,-0.0700207148861391,1.1448652774353585,-0.4189943309370365,2
192825,192825,CC(=O)c1cc(COC(=O)CC2CCOCC2)on1,3.207,3.384,3.698,4.442,4.507,4.681,4.685,4.938,5.0,5.013,5.082,5.175,5.193,5.432,5.481,5.724,5.742,5.751,5.887,5.937,6.076,6.132,6.188,6.24,6.303,6.381,6.425,6.454,6.492,6.55,6.662,6.717,6.734,6.738,6.814,6.863,6.867,6.905,6.966,6.98,7.026,7.047,7.083,7.183,7.227,7.243,7.262,7.396,7.433,7.52,8e-08,4.056e-05,0.00341853,2.121e-05,1.81e-05,0.01544316,7.774e-05,0.00876973,0.00420494,0.0213381,0.00012192,4.07e-06,9.025e-05,0.00010083,0.00189664,0.00375905,0.00041744,0.11302772,0.03452625,0.00253213,0.04590592,2.261e-05,0.00070997,0.00529573,0.00228153,0.00435071,0.18051981,0.02080462,0.00357122,0.19534897,0.00182433,0.00046431,0.00083565,0.00100642,0.00022864,0.00063056,0.00058671,7e-08,6.926e-05,0.00019907,0.00031251,0.00032947,0.00012219,0.00410499,0.00017892,0.00251977,8.8e-06,0.00082829,3.934e-05,0.037523,-5052691.999998235,5.028952296868915,0.8855225778268871,-0.1314095776569007,-0.165483433604183,2
9357396,9357396,CCC1=C(NCCNC(=O)C2CCC=CCCC2)CCCC1=O,3.397,3.846,4.235,4.521,4.671,4.689,4.746,4.8,4.885,5.172,5.34,5.529,5.576,5.854,5.869,5.937,6.147,6.151,6.204,6.255,6.281,6.386,6.41,6.415,6.579,6.6,6.605,6.613,6.641,6.65,6.723,6.726,6.752,6.915,6.929,6.979,6.997,7.045,7.058,7.084,7.087,7.191,7.226,7.256,7.274,7.287,7.3,7.356,7.402,7.405,0.00013239,8.034e-05,0.0,7.54e-06,0.09435632,0.00123928,0.29834361,0.00080353,0.00016832,0.00037225,0.00099957,0.00015755,1.588e-05,3.964e-05,0.00205122,0.00160991,6.4e-06,8.327e-05,0.00030947,0.02861473,0.00214802,0.00548863,0.00703408,0.01148637,0.03924489,0.00029966,0.04273734,0.01282711,0.13001655,0.00204642,0.04660943,0.00039147,0.00241507,0.00859705,9.84e-06,0.01619038,0.01195367,0.03602797,0.00146545,0.00977147,0.00849543,0.00371622,4.255e-05,0.03069101,0.12148695,0.02030992,0.00133878,0.00890437,0.000145,0.00334843,4111878.999998565,6.110746038278018,0.339223471659098,-0.5373217325777349,0.3327634733493048,1
4610348,4610348,CN=C(CCn1ccnn1)Nc1ncccc1C1=CC=C(OC)CC1,3.633,3.713,3.791,4.123,4.146,4.253,4.261,4.382,4.53,4.548,4.577,4.714,4.723,4.734,4.781,4.889,4.925,4.934,4.989,4.992,5.029,5.052,5.082,5.106,5.145,5.252,5.26,5.293,5.334,5.466,5.492,5.516,5.519,5.601,5.652,5.695,5.736,5.798,5.813,5.815,5.839,5.899,5.973,6.024,6.045,6.052,6.064,6.156,6.19,6.199,0.00676516,0.01441798,0.00664918,0.0150068,0.20946603,0.0004189,0.08780964,0.04919325,0.03810162,0.01508349,0.01940838,0.00366212,0.04164026,0.10579373,6.863e-05,0.02436746,0.00173412,0.00215067,0.00026994,0.00085342,0.00377338,0.00464641,0.002513,9.891e-05,0.00047378,0.00192492,0.00140618,0.01364729,0.00012581,0.00076943,0.0109719,0.00208404,0.0127947,0.00021341,0.00924648,0.00189516,0.01348946,0.00342557,0.00066269,0.00436343,3.113e-05,0.0004454,0.08073837,0.00983043,0.00200609,0.00245242,0.00065713,0.01961711,0.02339308,0.01263007,-635168.9999997762,-1.5413681795640586,-1.0279220472265536,0.2413388659102147,-0.2722030780623862,4
3802095,3802095,COc1ccc(-c2noc(=NCCc3ccccn3)n2Cc2nccc(SC)n2)cc1,2.916,3.025,3.112,3.252,3.523,3.782,3.824,3.859,3.92,3.965,3.987,3.998,4.067,4.104,4.125,4.184,4.206,4.234,4.262,4.283,4.331,4.338,4.352,4.39,4.439,4.444,4.45,4.466,4.536,4.561,4.619,4.673,4.692,4.703,4.749,4.837,4.868,4.974,4.976,5.004,5.039,5.055,5.159,5.169,5.18,5.21,5.23,5.256,5.323,5.343,4.255e-05,0.00180631,0.00053473,0.01961184,0.00089665,5.304e-05,0.0006439,9.645e-05,2.436e-05,4.516e-05,4.108e-05,0.00010993,0.00011974,0.00013788,0.00010177,0.00121455,0.00416727,0.00219771,1.508e-05,0.00011771,0.00104689,0.00028346,0.00678795,0.00039452,0.00917036,0.00154124,0.00306813,0.00148453,0.00283953,0.03078534,0.06639647,2.614e-05,0.00018799,0.0001869,0.36366739,0.00075122,3.295e-05,0.00020697,8.602e-05,0.00015685,0.0171696,0.00397223,0.00018984,4.927e-05,8.351e-05,9.654e-05,0.02941087,0.00035663,0.00501925,0.00249788,-1443421.9999994948,-6.906524426294619,-0.8302193002690352,-0.051784336207991,-0.5430612128574359,0
9962014,9962014,COCCOc1ccc(CC(=O)NCc2ccc(OC3CCCC3)cc2F)cc1,3.743,3.934,4.128,4.277,4.362,4.435,4.57,4.641,4.648,4.662,4.726,4.79,4.876,4.973,4.999,5.122,5.157,5.173,5.238,5.261,5.28,5.388,5.397,5.431,5.507,5.601,5.621,5.665,5.719,5.72,5.928,5.935,5.95,5.98,6.006,6.064,6.096,6.119,6.139,6.161,6.291,6.316,6.343,6.41,6.427,6.446,6.453,6.474,6.486,6.523,0.00029752,0.00518958,0.00024281,1.064e-05,3.786e-05,0.05940617,0.03043909,0.01185819,0.02003936,0.00063183,0.00528761,0.00060132,1.03e-05,0.00076849,0.01105074,0.06671655,0.02443471,2.209e-05,0.07586155,0.00089452,0.00024203,0.03746849,0.00061466,0.01765415,4.394e-05,5.074e-05,6.182e-05,7.422e-05,0.01248073,0.00563293,0.00160186,0.00062546,0.0071681,0.01804587,0.00060744,0.00095662,0.00045957,0.00758349,0.02811588,0.0636965,0.07764285,0.00055883,0.04477073,0.1121857,0.00115939,0.01453403,0.03769827,0.07754095,0.04171652,0.13709813,4716496.999998353,0.6082395209320057,-0.8487718825222244,0.4404568520372151,-0.1254207868233863,1
7270896,7270896,O=C(Cc1ccoc1)c1ccc(C(F)F)c(F)c1,2.551,2.922,3.652,3.731,4.102,4.295,4.602,4.818,4.832,4.98,5.001,5.292,5.349,5.393,5.436,5.437,5.675,5.781,5.829,5.888,5.949,5.99,6.009,6.081,6.156,6.24,6.34,6.385,6.451,6.457,6.473,6.51,6.571,6.578,6.617,6.69,6.72,6.796,6.851,7.028,7.049,7.068,7.093,7.099,7.128,7.203,7.228,7.268,7.274,7.406,0.00012947,4.901e-05,8.184e-05,2.195e-05,8.56e-06,0.08392843,0.00019276,0.01971632,2.416e-05,0.00423157,0.11085642,0.00132819,0.00079233,0.00032201,0.00882191,0.00740142,0.00081208,0.00071034,0.21317169,0.00121201,0.0018594,0.01123244,0.0245182,0.0002268,0.12243754,0.14421357,0.09209782,0.01311182,0.00084148,0.00167759,0.00247778,0.11732633,0.00025834,0.00108652,5.784e-05,0.06998262,0.00111628,0.04693033,0.00170994,0.00024324,0.05310843,0.00181053,0.00140783,0.05281926,0.00819734,0.00061159,0.06047801,0.02256579,0.00749948,0.00047553,2025378.9999992896,4.190047090592724,1.599696620960246,-0.6101264490487807,-0.4372982544624502,3
5524891,5524891,CN(Cc1ccccc1N(Cc1ccncc1)C(=O)c1c[nH]cnc1=O)Cc1cnnn1C,3.034,3.088,3.278,3.373,3.432,3.463,3.531,3.543,3.56,3.59,3.619,3.621,3.647,3.698,3.708,3.709,3.766,3.781,3.806,3.809,3.825,3.838,3.895,3.957,3.965,3.994,3.999,4.034,4.037,4.08,4.089,4.112,4.142,4.169,4.173,4.194,4.222,4.252,4.327,4.329,4.346,4.356,4.381,4.44,4.443,4.457,4.504,4.522,4.589,4.608,0.00020003,0.000543,0.0002256,0.00014398,0.0015493,6.646e-05,4.996e-05,0.00402146,0.00017062,0.00050223,0.00011549,0.00029377,0.00031446,0.01358979,0.00074578,0.00266782,2.76e-05,0.00151483,0.00016859,0.00057081,0.00030735,5.421e-05,0.00090051,7.278e-05,0.00046387,0.00015517,0.00020805,0.00034068,0.02506653,0.00016026,0.00331125,0.00110991,2.388e-05,0.00044858,0.00103099,0.00734506,0.00462449,0.03076348,0.00022569,0.00013107,0.00664921,0.00020583,0.01039969,0.00160354,0.00021544,0.01650555,1.327e-05,0.01149259,0.00053319,0.00174947,279373.99999990995,-10.43484975412991,-1.8592908657609837,0.0399378810364198,-0.2101395057859135,4
6375904,6375904,CCCc1c(-c2ccccc2C)n[nH]c1NC(=O)c1cc2ncccn2n1,2.341,2.712,2.806,3.062,3.268,3.44,3.681,3.701,3.824,3.916,3.917,4.098,4.172,4.232,4.273,4.297,4.301,4.377,4.393,4.422,4.5,4.517,4.739,4.758,4.79,4.805,4.81,4.831,4.846,4.91,4.931,4.958,5.026,5.073,5.108,5.17,5.23,5.269,5.341,5.361,5.384,5.386,5.39,5.414,5.461,5.527,5.577,5.605,5.621,5.627,0.0570612,0.00056342,0.00023955,0.0003502,5.966e-05,0.05468655,0.02845295,0.00040065,0.00067497,0.00011124,1.3e-07,0.28472337,0.00663157,0.00084077,0.00227818,0.00142165,0.01322259,0.00034324,0.00764004,0.00382353,0.0009031,0.0010141,0.00305562,0.00361593,0.01175486,0.00385709,0.0015804,0.05568333,0.0024504,0.00043829,3.697e-05,0.0009258,2.4e-07,0.14358447,0.00025213,0.00606295,0.00011002,2.322e-05,7.633e-05,0.00088518,0.03383788,0.0023571,0.00963299,2.87e-06,0.006003,0.00732674,0.00045016,9.71e-06,0.05602908,0.0015833,1130386.9999996058,-5.539430405367969,0.5588736341376848,-0.2973433190963737,-0.2987078950937638,3
8639660,8639660,COc1ccc(C(C)(C)NC(=O)c2cc(F)c(N3CCCCC3)s2)cc1OC,3.091,3.439,3.486,3.531,3.827,3.889,3.934,4.069,4.187,4.334,4.5,4.611,4.782,4.808,4.885,4.945,5.048,5.194,5.218,5.219,5.411,5.458,5.493,5.579,5.607,5.658,5.683,5.788,5.792,5.833,5.849,5.864,5.901,5.916,5.973,6.069,6.096,6.142,6.201,6.227,6.246,6.253,6.307,6.36,6.371,6.386,6.451,6.471,6.476,6.534,0.00042682,0.35647094,0.02714395,0.01624715,0.00090067,0.00231882,0.00061125,0.0083579,0.00223797,0.00069285,0.02629041,0.00041018,0.01653967,0.01182365,0.01599586,0.02641229,0.00126792,0.00044566,0.02097242,0.02602588,0.0032342,0.0337563,0.00119297,0.00042884,8.282e-05,0.0266432,0.00164889,0.0100533,0.00179225,0.0020859,0.00217288,0.05314497,0.00447391,0.19376318,0.04755345,0.00087962,0.00709728,0.00034633,0.0037485,0.07453925,0.04883985,0.00010199,0.01347587,0.01216617,0.02071688,0.00175503,0.06574623,0.00298361,0.00144454,0.07948245,3394142.999998816,-0.0604022433173449,0.7163886798993535,-0.0033927490323043,0.4243603213928487,1
6270707,6270707,COc1ccccc1C=CCNc1cc(N2CCOCC2)ccc1NC(=O)O,2.264,3.127,3.145,3.451,3.656,3.939,3.971,3.988,4.005,4.298,4.332,4.438,4.531,4.536,4.694,4.709,4.748,4.781,4.868,4.926,4.979,5.023,5.043,5.082,5.137,5.156,5.199,5.215,5.294,5.374,5.407,5.449,5.484,5.485,5.563,5.577,5.61,5.64,5.69,5.74,5.78,5.794,5.801,5.859,5.909,5.935,5.991,6.003,6.022,6.042,6.973e-05,0.00198979,3.5e-06,1.057e-05,0.00013656,0.06441892,0.02405213,0.00097778,0.00041272,0.00038814,4.27e-06,0.2093884,0.30972694,0.00890284,0.03704276,0.11697087,0.04914421,0.0193292,0.00015938,0.06118858,4.97e-06,0.00817251,2.195e-05,0.00028722,0.00289814,0.00638114,0.05638358,0.1170993,0.00588217,0.00386586,0.06521131,0.00716577,0.02999826,0.01263764,0.02531768,0.00044447,3.978e-05,0.02211063,0.00081872,0.00708489,0.00561545,0.00298861,0.1375514,0.00078876,0.11000469,0.07760203,0.01640422,0.10293546,0.00072766,0.00105205,1025189.9999996434,-2.7704195912829657,0.4650495153723075,-0.4634545491378672,-0.3181073672933238,3
6875431,6875431,COc1ccc(-c2nnc(SC=C(O)N=c3cc[nH]n3Cc3ccc(C(C)C)s3)[nH]2)c(OC)c1,2.453,2.649,2.809,3.02,3.056,3.272,3.444,3.487,3.5,3.675,3.742,3.786,3.823,3.896,3.939,4.015,4.104,4.11,4.154,4.181,4.189,4.249,4.327,4.422,4.445,4.459,4.466,4.492,4.545,4.593,4.702,4.784,4.811,4.813,4.86,4.9,4.942,4.972,4.992,5.035,5.075,5.093,5.135,5.162,5.186,5.193,5.215,5.222,5.247,5.285,5.055e-05,0.00429627,8.293e-05,0.00312496,0.01698093,0.00433862,0.00258995,0.02262259,0.01224373,0.0845476,0.01193708,0.04692011,1.109e-05,0.02041546,0.00145517,0.16271642,0.08592657,0.00826422,0.00411085,0.00277172,8.01e-06,0.01877656,0.02282496,0.01076982,0.01410145,0.08442222,0.00502205,0.01091246,3.83e-05,2.547e-05,0.02356499,0.00325674,0.01257337,0.01310994,0.00015371,0.16290661,0.02139822,0.0013103,0.00654165,0.00189209,0.00790516,0.01271005,0.01002945,0.00065205,1.235e-05,0.00133162,2.467e-05,0.00015841,0.00356288,0.01142495,1629913.9999994326,-7.466679417485394,0.3280576812802712,0.0005187843537598,-0.1612333397291827,3
5309,5309,COC(=O)c1cc(C)cc(NC2CCCCC(CC(F)(F)F)CC2)c1,3.669,3.703,4.783,4.793,5.039,5.275,5.541,5.652,5.676,5.761,5.821,5.895,6.008,6.034,6.161,6.283,6.393,6.424,6.471,6.478,6.534,6.627,6.696,6.742,6.755,6.784,6.852,6.878,6.986,6.996,7.01,7.102,7.128,7.17,7.244,7.36,7.369,7.475,7.516,7.563,7.627,7.645,7.694,7.705,7.749,7.765,7.792,7.829,7.842,7.91,0.03585347,0.00094368,0.00658012,0.00093416,0.02051409,0.23927977,0.32648398,0.0024623,0.00252501,0.0001853,0.00651001,1.135e-05,0.00396445,0.02414492,0.26089783,0.02646959,0.01592647,0.00187864,0.04422803,0.26255069,0.00027384,0.03653005,0.02662749,9.423e-05,0.01809625,0.02096872,0.00010095,0.00069117,0.00033424,4.619e-05,0.00620745,0.00121983,5.87e-05,0.02710984,0.00314476,0.00154225,0.00400443,5.449e-05,0.02302853,4.908e-05,0.00148045,0.00128648,0.00659067,0.00188413,0.00238812,0.00116983,0.0073847,0.00354965,0.00333993,0.00822544,-5240207.999998177,8.803060142397202,-0.0359227262257376,-0.4603565793734492,-0.5763771912322343,2
5583040,5583040,O=C(Cn1ncc2cccnc21)NCCNc1nc(C2CCC2)no1,2.392,3.427,3.457,3.776,3.831,4.144,4.146,4.202,4.254,4.296,4.309,4.471,4.525,4.599,4.693,4.843,4.866,4.882,4.961,5.164,5.179,5.217,5.504,5.527,5.604,5.672,5.675,5.687,5.708,5.72,5.747,5.832,5.861,5.878,5.909,5.935,5.961,5.997,6.005,6.032,6.059,6.107,6.115,6.132,6.17,6.216,6.222,6.227,6.275,6.319,2.22e-06,0.00023343,0.0201739,6.371e-05,0.00035581,0.00161899,0.00685045,0.0006656,0.00069629,0.01621356,0.0016266,0.00012299,0.00013021,0.04177822,5.964e-05,3.48e-05,0.00022018,6.409e-05,0.06833853,0.04919583,0.00060056,0.00229861,4.382e-05,0.00019723,0.0160636,0.0134905,0.02153351,4.794e-05,0.00526886,0.00638397,8.686e-05,0.0349013,3.96e-06,2.234e-05,0.00163389,0.03970213,0.0019829,0.13360281,0.09151285,0.00234399,0.0005853,0.00533899,0.21906413,0.00621344,0.00077251,0.00089577,0.00117485,0.00043069,0.00096375,0.00856017,337522.9999998812,-0.8926092436179563,0.587613304337877,-0.1350273436983934,0.0746217468530589,4
9187307,9187307,CC(=O)NCc1ccc(S(=O)(=O)NCC(=O)NCC2CC=CC2)o1,3.293,3.869,4.084,4.253,4.483,4.546,4.588,4.626,4.661,4.805,5.045,5.063,5.091,5.286,5.371,5.381,5.395,5.413,5.532,5.559,5.573,5.602,5.749,5.761,5.763,5.768,5.81,5.862,5.904,5.942,5.976,5.986,6.01,6.052,6.093,6.13,6.175,6.264,6.269,6.331,6.37,6.475,6.496,6.523,6.529,6.584,6.603,6.653,6.682,6.683,0.00012783,1.01e-06,9.055e-05,4.58e-06,0.00134659,0.05065967,0.00352298,0.00344738,9.106e-05,0.00200002,0.00016803,0.00028814,0.00381378,0.03740789,0.00012701,0.00012892,0.00023534,0.00024388,0.06280626,0.00721093,0.00915329,0.00442065,0.00450751,0.03725963,0.00386001,0.00564639,0.00028734,3.374e-05,0.00204305,0.01108882,0.03583721,0.00132054,0.00581341,0.00043875,0.00028697,0.00132602,0.00123272,0.11761946,0.00113289,0.00130709,0.002796,0.00399011,0.00471355,0.00016995,0.00383668,5.813e-05,0.00030719,0.00011429,0.0005439,0.00012696,3941789.999998625,1.6911202169568278,-0.6008543297232595,-0.2669677704878587,-0.1701692484187407,1
2995324,2995324,COc1ccc(NC(=O)NCc2cc(C)nc(N3CCCC3)n2)c(OCc2ccccc2)c1OC,3.462,3.523,3.564,3.769,3.848,3.89,3.969,4.015,4.156,4.193,4.235,4.235,4.249,4.268,4.284,4.294,4.331,4.361,4.362,4.396,4.397,4.437,4.507,4.583,4.585,4.622,4.645,4.689,4.719,4.765,4.791,4.956,4.969,4.988,5.025,5.08,5.086,5.103,5.112,5.124,5.16,5.23,5.234,5.264,5.272,5.293,5.298,5.349,5.404,5.411,0.00713588,0.00012654,0.00035298,0.0,1e-08,0.00020966,4.78e-06,0.00759725,9.779e-05,0.03618213,2.91e-06,0.00037023,0.00066407,0.02750393,0.00982351,0.0187115,0.01164907,0.00105116,0.00149041,0.00016214,6.028e-05,1.225e-05,0.00131862,0.00015702,1.154e-05,0.00018602,0.0190838,0.01111763,0.00137332,0.01384967,0.17730225,0.00365585,0.00499017,0.00049124,0.01346543,0.00034857,0.00131067,0.00534612,8.15e-06,0.00195511,0.01356092,0.13257764,0.06086706,0.00057688,0.00050362,0.00663117,0.10960763,0.20759714,9.89e-06,0.10554998,-2250192.999999212,-5.652139330064315,-1.5554532618693642,0.2396686488012137,-0.2904612526953219,0
3125768,3125768,Cc1ccc(OCCC(=O)N(C)CCNC(=O)c2cc[nH]c2)cc1,4.067,4.122,4.197,4.438,4.457,4.626,4.684,4.713,4.725,4.911,4.967,4.968,5.005,5.089,5.142,5.196,5.198,5.275,5.297,5.315,5.329,5.451,5.483,5.488,5.507,5.667,5.713,5.755,5.781,5.791,5.865,5.933,6.024,6.096,6.116,6.163,6.238,6.292,6.301,6.38,6.418,6.426,6.497,6.626,6.633,6.701,6.745,6.82,6.836,6.859,4.154e-05,0.00039136,4.66e-06,0.00088385,0.00810022,0.0285904,0.00298278,4.31e-06,0.01307247,0.00539345,0.0002859,4.033e-05,0.01214037,0.00016204,9.267e-05,0.00010068,0.00154571,0.00078793,0.00206489,0.11426141,0.00801392,0.00438248,0.00420142,0.01271002,0.00040337,0.02825808,0.00088873,0.01525494,0.01198138,0.00422333,0.00071771,0.12439799,0.00157443,0.00017039,0.00524119,0.0123484,0.02311956,0.00807323,0.00489505,0.01637151,0.01362094,0.3960934,0.01421574,0.00253584,0.00419595,0.00441781,0.30375689,0.1187902,0.15254037,0.19936161,-2119748.999999259,1.5575542877050812,-0.9635593937250888,0.7577804067104325,-0.377473347907944,0
7448328,7448328,CC(C)(F)c1ccc(CNC(=O)c2cnc3[nH]nnc3c2)cc1,2.77,3.505,3.701,3.725,3.739,3.789,4.06,4.379,4.398,4.4,4.48,4.603,4.65,4.66,4.687,4.73,4.753,4.774,4.823,4.903,4.945,5.021,5.061,5.108,5.14,5.17,5.203,5.348,5.45,5.491,5.528,5.531,5.554,5.616,5.619,5.655,5.668,5.7,5.722,5.774,5.79,5.915,6.004,6.047,6.053,6.1,6.118,6.127,6.146,6.158,9.176e-05,0.00163288,0.01064056,0.00220117,0.00020901,0.01198246,0.00288447,0.0675216,0.04255056,0.00107172,0.0022826,0.00153954,0.02369841,0.0001076,0.00099073,0.03524586,0.00517478,6.007e-05,0.00133674,0.00344519,3.709e-05,0.00261461,0.00014187,6.24e-06,0.00064528,0.00438417,5.839e-05,0.00054069,0.1685615,0.10368793,0.00329295,0.00309587,6.274e-05,0.00406237,0.0001051,0.0025081,0.07129638,0.00247521,0.00195732,0.62022206,0.00282376,0.00311128,0.01195221,0.0275017,0.00996027,0.04225601,0.00267351,0.00061014,0.00674504,0.00268365,2202810.999999232,-2.047418065740553,-0.1125607187933339,0.0045183244390267,-0.3646956525187101,3
2378958,2378958,Cc1occ(C(=O)N2CCN(c3ccc(F)cn3)CC2)c1C(F)(F)F,3.669,3.765,3.905,4.209,4.211,4.217,4.412,4.542,4.707,4.723,4.746,4.931,5.092,5.229,5.277,5.357,5.449,5.501,5.509,5.633,5.646,5.762,5.799,5.877,5.94,6.058,6.167,6.358,6.424,6.454,6.521,6.608,6.658,6.682,6.701,6.753,6.815,6.83,6.885,6.931,6.97,6.987,7.005,7.169,7.186,7.224,7.243,7.253,7.294,7.315,0.00066679,0.02784575,0.00152523,0.002593,0.00301717,0.0005897,2.274e-05,0.00463307,0.00018515,1.781e-05,0.00395142,0.01384385,0.28668158,0.00258145,0.09894178,0.01397269,0.00096584,0.03394343,0.00056145,0.00821478,0.03389526,0.00096213,0.00017563,0.00012151,0.11667355,9.39e-05,0.00227141,0.2978356,6.246e-05,0.00016537,9.727e-05,0.22947581,0.00993694,0.00112833,0.00078195,0.0002432,0.00046491,0.02355158,0.26937535,0.02771053,0.0007868,0.01983812,0.00305222,0.00097447,0.06364541,0.05660136,0.00608822,0.10317588,0.00016636,0.00121887,-2866558.999999,3.86460617779106,0.9413827650279044,0.8586594720184993,0.1774298744117583,0
10131003,10131003,Cc1ccccc1N(CCNC(=O)c1cnn2c(-c3ccccc3)ccnc12)CCN(C)C,1.93,2.102,2.234,2.759,2.936,3.064,3.108,3.111,3.211,3.23,3.241,3.293,3.362,3.449,3.463,3.596,3.749,3.757,3.832,3.887,3.913,3.925,3.98,4.035,4.046,4.126,4.135,4.164,4.187,4.26,4.319,4.346,4.363,4.432,4.455,4.466,4.503,4.539,4.575,4.582,4.6,4.631,4.675,4.713,4.756,4.763,4.791,4.806,4.839,4.903,0.00051769,0.00015229,0.00028102,0.00063295,1.393e-05,0.00156156,0.00248553,0.03499851,0.02596359,0.00276652,6.1e-07,0.00060889,0.00010064,0.00119895,0.00011693,2.93e-06,0.00075384,3.071e-05,0.00102771,0.0075999,3.529e-05,0.00137472,0.0006122,0.00052414,0.00019954,9.743e-05,0.00477219,0.00015317,1.176e-05,0.03737251,0.00765364,0.00452491,0.01568095,0.00708193,0.00216619,0.13813811,0.00060297,0.00370768,0.00129123,0.00151039,0.0001872,0.00016697,0.00052386,0.01021653,0.00012757,9.197e-05,0.00135258,0.00572002,0.0014372,0.11482961,4885485.999998299,-10.242560222219629,0.6859731690180676,-0.1354585032239229,-0.2271521987996971,1
8721961,8721961,CCCCN(CCNC(=O)NC)C(=O)CCc1c(C)nc(C2CC2)[nH]c1=S,2.402,2.45,2.555,2.729,2.922,2.966,2.984,3.075,3.228,3.249,3.54,3.748,4.023,4.064,4.418,4.823,4.937,4.974,4.993,5.096,5.174,5.226,5.247,5.251,5.293,5.337,5.373,5.476,5.495,5.517,5.582,5.616,5.683,5.702,5.745,5.812,5.829,5.868,5.891,5.961,5.974,6.008,6.022,6.054,6.057,6.086,6.107,6.123,6.131,6.162,0.00010593,7.967e-05,8.99e-05,0.00065968,6.945e-05,0.00501933,0.02300234,0.00015131,2.58e-05,8.38e-05,7.976e-05,0.00019852,0.18740631,0.01565727,0.0002531,0.06796622,0.00086076,0.00010997,0.0292723,0.00076486,0.00030917,0.00021171,0.01511782,0.07407101,0.00028082,0.00074238,0.0196954,0.00872925,0.00034708,0.00246443,0.03176823,0.0005708,0.00146504,0.00918574,0.01828039,0.00088452,0.01394715,0.00363376,0.020637,0.08733476,0.00530909,0.01065839,0.00032829,0.00499287,5.24e-06,0.00265845,0.0004157,0.00184776,0.06291632,0.03088325,3476443.999998786,-2.9722761309186123,2.787312601339522,-0.0753780738002984,1.3899443362499817,1
7560489,7560489,NS(=O)(=O)Cc1ccc(C2CCC2)c(C(=O)N2CCC3(CCNC(=O)O3)CC2)c1,3.655,3.724,3.863,3.915,4.074,4.126,4.394,4.447,4.849,4.941,5.084,5.146,5.16,5.184,5.236,5.326,5.379,5.493,5.539,5.544,5.55,5.589,5.592,5.63,5.666,5.775,5.865,5.905,5.911,5.943,6.014,6.067,6.074,6.121,6.19,6.211,6.261,6.293,6.302,6.344,6.345,6.364,6.369,6.414,6.436,6.466,6.486,6.552,6.596,6.631,0.00132663,0.00595056,5.487e-05,0.00010256,0.0001126,4.263e-05,1.11e-06,2.73e-06,0.01028199,0.0750977,0.00182055,0.10909613,0.01439146,0.00186016,0.00022,0.00056911,5.45e-06,0.00215113,9.032e-05,0.00023615,0.00500267,0.00342571,0.00012306,0.01329089,0.01404598,0.04313672,0.06345923,0.05564223,6.73e-06,0.00789556,0.00018585,0.00014283,0.00014287,0.00026305,0.02156892,0.0024476,6.379e-05,0.00318916,0.01989193,0.00351459,0.00745404,0.25858777,0.09846547,0.0805953,0.03578244,0.15308535,0.02748019,8.283e-05,0.02488065,0.00523335,2314971.9999991925,1.4470387915281997,-0.3677669437615216,-0.3797495502929763,0.1703889648900469,3
3085920,3085920,Cn1cc(NC(=O)NC2(CNCC(=O)Nc3ccccc3)CCCCC2)nn1,3.7,3.799,3.858,3.957,4.066,4.164,4.423,4.521,4.657,4.721,4.73,4.761,4.915,4.939,5.009,5.014,5.029,5.128,5.148,5.151,5.236,5.305,5.306,5.497,5.515,5.554,5.597,5.653,5.665,5.731,5.742,5.765,5.793,5.812,5.84,5.857,5.871,5.911,5.976,5.991,6.107,6.139,6.142,6.144,6.202,6.225,6.238,6.301,6.301,6.363,9.368e-05,1.176e-05,0.00021698,2.686e-05,0.00020217,2.824e-05,0.00076131,0.00011545,0.00033473,0.01501459,0.00016039,0.00229421,7.49e-06,0.00064496,0.32032287,0.00023803,0.00165603,3.46e-06,0.00115229,0.03772855,2.6e-07,0.00138223,0.00030128,9.1e-06,0.00081662,0.002799,3.36e-06,0.01548734,0.00025074,0.03923289,0.00904989,0.00129991,1.976e-05,9.12e-06,0.00079904,0.12249702,0.00188055,2.04e-06,0.11377176,0.17287341,0.00354385,1.607e-05,0.00045712,9e-08,0.00013084,0.31517028,0.00047965,0.00145171,0.00014997,5.6e-07,-2159596.9999992466,-0.2655848948129132,-0.7942126536455222,-0.0001738401332032,0.0563963872233399,0
3000169,3000169,CCC(CC)NCCNC(=O)Nc1cccc(-c2nnc(C)[nH]2)c1C,4.139,4.278,4.355,4.36,4.465,4.495,4.533,4.585,4.72,4.826,5.022,5.16,5.353,5.562,5.564,5.582,5.674,5.724,5.767,5.83,5.897,5.982,6.158,6.26,6.264,6.294,6.3,6.324,6.341,6.398,6.412,6.433,6.453,6.47,6.476,6.493,6.501,6.543,6.585,6.606,6.629,6.646,6.685,6.69,6.713,6.775,6.809,6.832,6.853,6.987,0.00030238,1.292e-05,0.00258267,0.01636185,0.01668612,0.00208033,0.00628581,0.01123366,0.01843149,0.00266946,0.26287478,0.02872206,0.00669761,0.00053565,0.00532597,4.685e-05,0.01099126,0.00031068,0.00101308,0.11264995,0.04397441,0.56751084,0.0040363,0.00826024,0.00059596,0.00262543,0.00067954,0.00804803,0.02308498,0.04996208,0.03004888,0.01250528,0.08007919,6.968e-05,0.01354788,0.03952696,0.01157736,4.332e-05,0.01352213,0.00728106,0.02402997,0.07333588,0.00048124,0.03792674,0.00034102,0.00228542,0.00245363,0.00621289,0.00069689,0.00040845,-2245347.999999218,3.655304916163445,-0.6441299468185516,-0.0837011596832099,0.9613501021877836,0
4160545,4160545,CCc1cc(C)c(C(=NC)NCC(=O)c2ccnn2C)o1,2.867,3.167,3.462,3.991,4.217,4.239,4.279,4.476,4.529,4.913,4.936,4.991,5.089,5.11,5.114,5.156,5.336,5.406,5.434,5.693,5.704,5.713,5.793,5.843,5.99,5.997,6.056,6.172,6.204,6.218,6.272,6.327,6.452,6.493,6.501,6.524,6.527,6.579,6.588,6.631,6.743,6.749,6.778,6.794,6.845,6.857,6.88,6.901,6.902,6.981,0.00283904,0.00279731,0.0008715,0.0207321,0.01113416,0.00575573,0.00178089,0.09275559,0.2726662,0.03818199,0.00062333,0.08946787,0.02899409,0.02018423,0.05360755,0.00574205,0.03618261,0.00034825,0.00042651,0.00058437,0.00039193,5.976e-05,0.00141367,0.00044607,0.08081622,0.00082698,0.00028819,0.00503851,0.01298133,0.00029038,0.00282699,0.0277275,0.00131844,0.00013853,0.00194555,0.00054131,0.00048335,0.00436133,0.00076672,0.00420097,0.00135242,0.00081787,0.00096541,0.00127337,0.00617293,0.00121827,0.00082619,0.06947161,0.02399705,0.0003529,-1084971.9999996198,2.56655998540463,1.094815602156334,-0.1809048710396127,-0.1257643982028868,0
3621991,3621991,Cc1cnccc1C(=O)NCCN(C)C(CCO)c1cnc(C(C)C)nc1,3.317,3.466,3.614,3.768,3.801,3.905,3.944,4.016,4.065,4.101,4.152,4.244,4.312,4.325,4.331,4.4,4.628,4.663,4.714,4.722,4.75,4.809,4.818,4.875,4.876,4.961,5.038,5.055,5.129,5.172,5.209,5.234,5.376,5.423,5.437,5.467,5.485,5.521,5.547,5.61,5.617,5.674,5.776,5.797,5.86,5.898,5.922,5.925,5.955,5.965,0.00097404,0.00188111,6.868e-05,0.00080211,2.05e-06,6.5e-06,0.00026841,0.00056437,2.21e-05,1.15e-06,0.00018278,0.00163974,3.18e-05,0.00525453,0.00015752,0.00164516,2.855e-05,7.497e-05,3.04e-06,0.00018997,1.402e-05,0.00155658,2.3e-06,9.52e-06,0.00095618,2.176e-05,0.03756254,0.00045747,1.447e-05,0.00033739,0.00018276,0.02573844,5.184e-05,0.00331927,0.00083638,4.502e-05,0.00484176,7.81e-06,0.02998054,0.20292326,0.0050313,7.182e-05,0.00037749,0.00060491,6.696e-05,0.00019311,0.00039693,0.00017504,9.54e-06,0.00204762,-1623525.9999994312,-3.4629564180533445,-0.4205575003258161,0.6054445664466771,-0.0930492393429002,0
2164039,2164039,C#CCC1(C(=O)NC2CCN(C(=O)c3cccn3C)CC2)C=CCCCC1,4.274,4.276,4.287,4.462,4.566,4.637,4.954,5.037,5.067,5.12,5.197,5.225,5.239,5.436,5.487,5.562,5.627,5.816,5.852,5.88,5.886,5.89,5.922,6.032,6.105,6.133,6.164,6.178,6.179,6.197,6.217,6.252,6.256,6.274,6.299,6.359,6.478,6.501,6.539,6.592,6.615,6.635,6.642,6.662,6.681,6.725,6.75,6.767,6.811,6.822,5.13e-06,0.00168337,0.00134798,0.05192171,0.00218346,3.698e-05,0.17344131,0.00523795,0.00031313,8.491e-05,2.041e-05,0.11584357,0.00109689,0.04863883,9.26e-06,0.00028284,2.839e-05,5.787e-05,0.00090449,0.00437921,0.00102071,0.00067501,0.0004442,0.00036728,0.0002061,7.591e-05,0.0002421,0.00045204,5.607e-05,0.05364321,4.566e-05,0.00019553,0.02332,0.02252463,4.689e-05,0.02436769,4.472e-05,0.01949382,0.01910063,0.00455932,0.00103045,0.00017877,0.00664275,0.00040698,0.00466318,0.00094614,0.00017607,0.07098407,0.00124863,0.0045019,-3081477.9999989257,3.395755137369438,-1.2413735354692086,-0.1467770630412557,0.3259814886158353,0
4110231,4110231,Cc1cc(N2CCN(C(=O)Cn3nnnc3CNC3CCCCCC3)CC2)nc(C(C)C)n1,4.396,4.522,4.564,4.688,4.706,4.746,4.775,4.792,4.89,4.995,5.05,5.078,5.09,5.165,5.173,5.263,5.298,5.313,5.342,5.386,5.427,5.478,5.48,5.614,5.615,5.619,5.661,5.702,5.704,5.776,5.8,5.817,5.842,5.871,5.887,5.907,5.91,5.914,5.935,5.992,6.005,6.051,6.101,6.167,6.253,6.258,6.271,6.277,6.328,6.366,0.00123301,0.02202469,4.79e-06,1.01e-06,1.41e-06,0.00557075,1.062e-05,0.00042594,8.791e-05,0.00234386,0.00083725,3.875e-05,0.00740662,0.00036576,0.00187817,0.00057257,0.21090471,0.00154466,1.896e-05,0.00146306,5.9e-07,5.312e-05,0.04297711,0.00026705,6.39e-06,1.3e-07,1.116e-05,1.07e-06,0.00031067,0.00091037,0.00350494,1.822e-05,0.00028569,0.00208979,0.0001099,0.0008991,0.00017262,0.00033612,0.05045764,0.0002017,0.00081095,1.15e-06,0.02290448,0.39360469,0.00093504,0.01712281,3.33e-05,0.00055522,0.008394,7.68e-06,-1135285.9999996023,0.7611151041656112,-2.409323369297909,0.1500955795643208,0.1302905276801053,0
6773159,6773159,CCc1ccc(CN2CCC(C(CSc3ccc(OC)cc3)=NCc3ccccc3)C2)cc1,3.757,3.865,3.874,3.943,3.97,4.013,4.031,4.076,4.087,4.151,4.198,4.256,4.306,4.377,4.421,4.43,4.471,4.616,4.655,4.681,4.711,4.785,4.794,4.803,4.823,4.83,4.833,4.841,4.847,4.94,4.973,5.003,5.027,5.071,5.11,5.12,5.142,5.161,5.166,5.171,5.229,5.241,5.247,5.35,5.361,5.377,5.401,5.437,5.451,5.481,0.00178834,0.00421443,0.0050804,0.01146202,0.00050134,0.0105146,0.01886519,0.02906116,0.00854722,0.00013946,0.00848851,0.00091373,0.00212894,0.00694019,0.00169993,0.0010066,9.198e-05,0.04838299,0.0144223,0.00042949,0.0029929,0.00130158,0.00019345,0.01911951,0.00393167,0.00198262,0.00321141,0.00638801,0.00383114,0.00012607,0.02594089,2.481e-05,0.02322335,5.475e-05,0.00051399,0.00023635,0.00564937,0.00074536,6.991e-05,0.00268425,7.454e-05,2.458e-05,0.00207418,0.00010988,0.00446004,0.00076275,0.06807697,0.06313205,0.00099748,0.02321306,1527641.9999994696,-4.787024424497316,-1.8924167635549147,0.1928868818751041,0.265814198898088,3
1443026,1443026,NC(F)c1cc(C(=O)NNc2ccc(C(=O)F)cc2F)co1,3.356,3.744,3.935,3.971,3.98,4.04,4.092,4.231,4.58,4.581,4.687,4.716,4.717,4.872,4.906,5.005,5.011,5.074,5.187,5.299,5.367,5.428,5.432,5.478,5.606,5.625,5.737,5.907,5.938,5.966,6.042,6.089,6.095,6.118,6.174,6.209,6.234,6.244,6.323,6.328,6.339,6.361,6.371,6.378,6.463,6.546,6.553,6.575,6.615,6.701,0.00443703,0.29847256,0.0011367,7.98e-05,0.0005363,0.00446904,0.00166894,0.00938452,0.02160302,0.0521591,2.717e-05,0.00011351,1.738e-05,0.0134774,0.01054729,0.01207451,0.00920433,0.01616515,0.02083389,0.00025042,0.03311904,0.00162204,0.00033319,0.06576757,2.896e-05,6.067e-05,0.05745058,0.02170212,0.04121189,0.01123464,0.02649211,0.00055155,0.01120601,0.04246527,0.00407803,0.38915217,0.02771845,0.14601303,0.01538199,0.02732426,0.0180465,0.00461019,6.936e-05,0.0075049,0.16592934,0.11733736,0.05554696,0.00521324,0.04587701,0.00067136,-3802490.999998672,0.7044908129021387,0.229950837366836,0.4614230636606493,0.2343169188660616,2
3428974,3428974,NC(=O)CC1CCN(c2nnc(-c3cccc4cccnc34)n2CC(=O)C(F)(F)F)CC1,2.242,2.342,2.4,2.5,2.768,2.986,3.222,3.365,3.403,3.417,3.428,3.51,3.525,3.562,3.599,3.667,3.81,3.87,3.931,3.992,4.116,4.125,4.179,4.219,4.276,4.294,4.305,4.374,4.433,4.455,4.467,4.532,4.587,4.597,4.684,4.783,4.816,4.879,4.973,4.981,5.03,5.061,5.084,5.119,5.146,5.172,5.264,5.273,5.279,5.292,0.00161042,0.00318369,0.0018905,0.00472436,0.01395198,0.07415554,0.0205652,0.00447868,0.00045775,0.00169264,9.156e-05,0.00202355,0.00026073,0.00024604,0.0206654,0.00218578,0.015223,0.00149044,0.00145695,0.00033046,0.0031812,0.01179287,0.01289031,0.01410574,0.00016753,0.03704431,0.00113579,0.00043169,0.00057976,0.02496138,0.01982546,0.00194233,0.001968,0.00371826,0.0004428,0.15454259,0.00809446,0.00290978,0.0002791,6.575e-05,0.00044318,0.002346,0.00495334,0.00090749,0.00156598,0.00474584,0.00528449,0.00026425,0.00015544,0.00245989,-1816542.9999993648,-8.57883663961271,1.1148403951007102,0.2919400803265979,-0.305002042693897,0
1155459,1155459,CCc1ccccc1-n1ccnc1SCc1cc(C)co1,3.499,3.698,3.75,3.865,4.332,4.481,4.492,4.505,4.671,4.685,4.77,4.793,5.071,5.117,5.354,5.562,5.589,5.727,5.781,5.802,5.891,5.918,5.935,5.975,5.979,6.01,6.05,6.06,6.084,6.103,6.11,6.171,6.217,6.231,6.244,6.278,6.324,6.358,6.429,6.445,6.464,6.505,6.53,6.571,6.628,6.643,6.674,6.724,6.792,6.8,0.0001219,2.826e-05,0.02202446,0.00114546,0.01401278,0.00046534,0.00201485,0.00504363,0.00219208,0.00019118,0.01396403,0.15347372,0.0090397,0.00343878,0.02126049,0.00865921,0.1055804,0.00964678,0.00072464,0.13585172,0.00506426,0.00841074,0.03002489,0.00896077,0.00152502,0.00965766,0.00890595,0.01074967,0.03470704,0.00990555,0.00802656,0.05610805,0.15140908,0.02116671,0.00028984,0.02332919,0.09149172,0.00675942,0.02872088,8.41e-05,0.0489096,0.01405022,0.04066137,0.00046008,0.00858047,0.00111074,0.01154151,0.00678633,0.02686614,0.04277289,-4090057.999998574,2.3023033991589776,0.0111822572318224,-0.4634973734906071,0.5125485153425469,2
2167204,2167204,O=C(NCc1ccc(O)cc1)NNC(=O)C(=O)Nc1cncc(-c2nccs2)c1,2.939,3.111,3.149,3.293,3.35,3.437,3.544,3.558,3.673,3.753,3.809,3.827,3.938,3.951,4.005,4.028,4.045,4.069,4.104,4.159,4.271,4.291,4.3,4.327,4.33,4.393,4.408,4.467,4.48,4.537,4.577,4.579,4.592,4.607,4.67,4.676,4.703,4.761,4.77,4.783,4.819,4.883,4.907,4.94,4.953,4.965,4.982,4.991,5.058,5.084,7.926e-05,0.0020981,0.00051626,2.105e-05,6.533e-05,0.01806426,0.01327071,0.00014973,0.11019258,0.12604692,0.00388732,0.00615689,1.015e-05,0.05586468,0.11299823,0.04286319,0.05409028,0.00522242,0.00022378,0.02428303,0.17632964,1.821e-05,7.483e-05,0.00265942,1.757e-05,0.0002856,8e-06,0.01560078,0.00268758,2.054e-05,0.01017621,0.01191345,0.01181653,0.00478643,1.093e-05,0.00281357,0.02008298,0.00140071,0.0004273,0.03640482,0.00025864,0.01930254,0.03233555,0.00571641,0.00233975,4.3e-06,0.01350402,3e-07,0.0401859,0.00278568,-3078312.9999989243,-7.940294643600465,-0.889092245551974,-0.0291555677230504,0.0129627317825528,0
4803503,4803503,CCCC(O)(CCC)CCCN=C(N)NCC1CCC1,6.372,6.692,6.916,7.602,7.761,7.956,8.058,8.115,8.155,8.324,8.335,8.488,8.545,8.609,8.646,8.867,9.0,9.067,9.102,9.445,9.472,9.515,9.603,9.65,9.757,10.073,10.14,10.308,10.406,10.499,10.528,10.786,10.924,11.025,11.091,11.1,11.291,11.518,11.526,11.613,11.861,11.866,11.933,12.05,12.087,12.137,12.35,12.39,12.393,12.407,0.00321055,0.00185342,0.35365002,0.00041995,0.08915429,0.00679399,0.0001104,0.00815665,0.00813584,0.00049394,0.02634739,0.00372604,0.02549272,0.01055104,0.00237213,0.01205677,0.00339634,0.00384707,0.00227791,0.00555661,0.00050325,0.00173092,0.00504389,0.00099471,0.00091283,0.00079144,0.00132426,0.00253453,0.00315086,0.00079446,0.00220538,0.00017368,0.00288749,0.0001755,0.00061996,0.00553408,0.00076983,0.00104219,0.00106113,0.0003948,0.00056613,0.00277705,1.707e-05,0.00211005,0.00048619,0.00300986,0.00320213,0.01784958,0.00406343,0.04390846,-442013.9999998637,32.67063828963601,0.6680800075369113,2.266771663147256,-1.011449792770213,4
7204304,7204304,CCOC(CCOCCOCC#CCOC)C(C)C,5.808,5.965,6.347,6.504,6.543,6.689,6.693,6.839,7.125,7.272,7.282,7.484,7.514,7.64,7.682,7.725,7.839,7.875,8.01,8.052,8.105,8.146,8.208,8.274,8.295,8.366,8.453,8.53,8.583,8.673,8.688,8.74,8.829,8.838,8.968,8.986,9.043,9.142,9.175,9.201,9.216,9.316,9.46,9.473,9.598,9.616,9.74,9.765,9.848,9.894,5.8e-06,2.3e-06,1.024e-05,7.145e-05,0.00245432,0.0028675,0.00251954,0.00308737,8.772e-05,0.00479209,0.00021648,0.00134093,0.0098351,0.0011954,8.954e-05,0.0063129,0.00010798,0.00307463,0.01777164,0.00169297,0.06749701,0.00713991,0.000674,0.01848475,0.00025664,0.0004962,0.0081212,0.00061203,0.00129538,0.01172687,0.00610685,0.00135664,0.00245605,0.00540465,0.02188091,0.00061107,4.511e-05,0.04744225,0.00759715,0.00075512,0.16462836,0.00015686,0.0004383,0.00018197,0.02771138,7.385e-05,0.01447937,0.0286311,0.09032559,0.01015138,1958786.999999304,20.310019768220933,-1.423574135146043,0.4519313888105405,-0.138672606620429,3
9287646,9287646,CN=CCCCCN(C(=O)c1ccc2c(c1)N(C)CCO2)C(C)C,3.907,4.084,4.196,4.251,4.28,4.399,4.665,4.681,4.688,4.829,5.101,5.122,5.155,5.243,5.354,5.413,5.738,5.747,6.009,6.188,6.265,6.354,6.379,6.394,6.407,6.476,6.517,6.576,6.657,6.675,6.688,6.747,6.76,6.769,6.834,6.851,6.883,6.933,6.963,6.966,7.001,7.03,7.107,7.118,7.135,7.141,7.168,7.174,7.229,7.237,0.00817119,1.18e-06,0.00347256,3.011e-05,0.07772186,0.00039146,0.07731666,0.00057855,0.01520539,1.12e-06,8.09e-06,0.00037656,3.85e-06,0.00154435,0.03499464,0.01305786,0.00080441,0.43913608,7.3e-06,0.01436846,2.866e-05,0.04862552,0.01931976,0.0013575,3.65e-05,1.329e-05,0.02426341,0.02924692,0.01191705,0.00697434,0.13047186,0.00561204,0.00057052,0.03259882,0.00258631,0.00189405,0.01330853,0.07759072,0.00879417,0.19479541,0.06045268,0.01022333,0.08679313,0.09241968,0.01346961,0.04792634,0.00133425,0.00026996,0.02218609,0.00654784,4042128.9999985895,5.056607745564783,0.4589122326757214,0.2435611309451013,1.007316179145803,1
8191292,8191292,Fc1ccccc1C1(C2CCN(c3nc4cccc(F)c4s3)CC2)OCCO1,3.157,3.577,3.746,4.163,4.166,4.208,4.409,4.411,4.522,4.578,4.735,4.803,4.831,4.863,4.938,5.007,5.059,5.133,5.157,5.165,5.174,5.276,5.313,5.39,5.471,5.492,5.495,5.501,5.548,5.595,5.631,5.706,5.792,5.832,5.883,5.907,5.952,5.977,6.003,6.029,6.12,6.126,6.134,6.158,6.165,6.188,6.205,6.297,6.301,6.308,0.00075157,0.00080308,7.98e-06,0.01010708,0.00010147,0.05250719,0.21567585,0.04004764,0.00060953,0.00036013,0.00175295,3.836e-05,4.614e-05,0.11380675,0.00048096,0.04149779,0.00034858,0.00058535,0.00169813,0.00042638,0.00029144,0.2591858,0.1527579,0.00061548,0.01120077,0.00307431,0.00083551,0.00274544,0.00657339,0.00056186,0.00205811,0.00043522,0.00062746,0.00011359,0.00119054,0.0001496,0.05742242,0.01208839,0.030088,0.00290761,0.00583467,0.00375735,0.00015804,0.01409594,0.01154941,0.03948626,0.00837654,0.02750382,0.00425377,0.06111448,2945774.9999989728,-0.490337536652927,-0.5070366818627297,-0.121726214699232,-0.2463889623962082,3
1294599,1294599,CCc1ccc(CNC(C)=O)cc1S(=O)(=O)NC1(CO)CCCCCC1,3.252,3.466,3.713,3.878,3.915,3.944,4.336,4.422,4.424,4.591,4.74,4.812,4.874,4.948,4.977,5.008,5.043,5.061,5.201,5.252,5.317,5.35,5.383,5.437,5.46,5.511,5.527,5.576,5.592,5.659,5.695,5.71,5.785,5.855,5.926,5.982,6.0,6.008,6.079,6.144,6.152,6.16,6.164,6.173,6.188,6.216,6.245,6.31,6.348,6.41,0.00120061,0.00107011,0.00462149,0.0005679,3.796e-05,0.00261972,3.07e-06,0.04613943,0.00836474,0.00183637,0.00495073,0.00031765,0.00377122,0.02016795,0.00165935,0.00152425,8.499e-05,0.00807813,0.00545165,0.01072646,0.00520927,0.01269567,0.00021469,0.00050958,0.00034462,0.004812,0.00126087,0.00303918,0.00029827,0.00096932,0.00299654,0.00085891,0.00155591,0.00792411,0.04461948,0.02732612,0.01196899,0.00066203,0.20917264,0.1482939,0.05982511,0.01840679,0.00818157,0.08692499,0.06388252,0.03190666,0.07906815,0.00203626,0.01707537,0.02951876,-3950917.999998622,-0.3585057718638979,-0.1792504375916403,-0.1997773587093284,-0.0391667598060194,2
8467332,8467332,CCc1cc(N(CCO)OCC(F)(F)F)nc(CC)n1,4.389,4.409,4.882,5.299,5.457,5.605,5.938,5.982,6.039,6.293,6.342,6.532,6.581,6.634,6.705,6.828,6.884,6.949,7.027,7.07,7.104,7.16,7.329,7.373,7.481,7.547,7.557,7.71,7.899,7.996,8.022,8.033,8.188,8.245,8.247,8.379,8.391,8.442,8.503,8.577,8.603,8.625,8.644,8.726,8.732,8.734,8.852,8.904,8.973,9.049,0.01311543,0.01067419,0.00012854,0.20176481,0.00062413,0.02584445,0.00226121,0.13069506,0.02490758,0.20324942,0.00160725,0.03846913,0.02393924,0.04940363,0.11749743,0.03647503,0.01097691,0.01152041,0.02064766,0.05118991,0.04069026,0.04405683,0.13531657,0.05586419,0.02065749,0.00198814,0.01001829,0.03157902,0.00230208,0.00434587,0.00839842,0.00045231,8.051e-05,0.00132441,0.00026028,0.00015523,0.00446271,0.0005289,0.00816832,1.334e-05,0.00167298,0.00149041,0.00202557,0.00600246,0.00148118,0.00761394,0.00157095,0.0027136,0.00065463,0.00070133,3221814.9999988726,14.291677877781169,0.6489040423445437,0.3318004203050987,-0.3906516679052128,1
9495991,9495991,COc1cc(C#N)ccc1OCC(=O)Nc1nc(-c2cc(C)ccc2C)co1,3.279,3.725,3.878,3.907,4.129,4.232,4.249,4.304,4.308,4.337,4.361,4.419,4.441,4.624,4.67,4.691,4.721,4.749,4.799,4.871,4.914,5.062,5.167,5.186,5.22,5.254,5.258,5.299,5.33,5.481,5.521,5.524,5.604,5.662,5.699,5.739,5.779,5.798,5.81,5.822,5.868,5.875,5.901,5.916,5.957,5.963,5.971,5.991,6.039,6.053,2.19e-06,0.00199719,0.01448324,0.08984945,0.00098156,0.02427192,0.138789,0.00297405,0.02153839,0.01964638,0.04976649,0.00273367,0.01930118,0.00348723,0.0593281,2.66e-06,0.00288142,0.00539348,0.04296222,0.03513441,0.00895003,0.11138338,0.00080538,0.0030194,0.00011055,0.0096938,0.00025846,0.07767002,0.00128981,0.15254753,0.00080135,0.02505297,0.03602691,0.0027601,0.00384721,0.15296433,0.0067209,0.19281918,0.00459352,0.1256815,0.05122057,0.02033987,0.10104305,0.05604737,0.01480983,0.00791343,0.00156084,0.00325168,0.15321531,0.00074743,4250473.999998516,-1.9780523737187368,-0.7000085334167356,0.406935134773992,-0.0653668056085134,1
3477519,3477519,C=C(CCc1ccccc1)CNc1ccc(C(=N)OC)c(C)c1,3.496,3.523,3.974,4.33,4.466,4.493,4.501,4.504,4.531,4.731,4.758,4.863,4.943,4.978,4.996,5.025,5.111,5.207,5.226,5.251,5.358,5.393,5.465,5.475,5.506,5.528,5.555,5.69,5.705,5.754,5.773,5.774,5.793,5.85,5.898,5.923,5.958,5.985,6.007,6.146,6.159,6.185,6.222,6.225,6.239,6.248,6.273,6.298,6.381,6.407,4.545e-05,1.596e-05,0.00072912,0.05105744,7.06e-06,0.00019688,0.29424184,0.00034641,0.00015111,7.637e-05,5.587e-05,0.00026936,0.00013269,4.378e-05,0.00237938,0.00069833,0.00331984,0.00035209,0.01942375,0.05626189,0.00089211,0.00070074,0.01540605,0.05081092,0.0074578,0.00026688,2.942e-05,0.00448629,0.0001591,0.00272508,0.00065636,0.00104364,0.0007856,2.062e-05,0.0624204,0.02288939,0.00018002,0.0001748,0.00189561,5.434e-05,0.00117294,0.00273914,0.00178738,0.11151057,0.00021512,0.0003891,0.13638694,0.05095064,0.00655183,0.07514406,-1767997.9999993818,0.0984014735039882,-0.857623632739349,-0.0558690702282476,-0.1924939270583932,0
902547,902547,CN=C(NCc1cc(F)cc(NC(=O)OC(C)(C)C)c1)N1CCOC(F)(F)C1,3.823,3.925,4.14,4.228,4.326,4.537,4.646,4.676,4.859,5.137,5.272,5.337,5.474,5.594,5.68,5.795,5.799,5.828,5.993,5.999,6.024,6.047,6.06,6.143,6.185,6.334,6.367,6.428,6.46,6.504,6.511,6.549,6.569,6.629,6.693,6.706,6.757,6.768,6.806,6.827,6.855,6.954,6.963,7.004,7.014,7.072,7.087,7.138,7.177,7.182,0.00056149,0.01652309,0.0001176,0.00252755,6.835e-05,0.0130549,0.00052625,0.03231065,0.00720713,0.16431042,0.01879586,0.00499978,0.00110365,0.0766751,0.14250176,0.00078684,0.00109769,0.01363346,0.14476205,0.06974712,0.08956459,0.00215319,0.009815,0.01702313,0.00290897,0.00286228,0.00022466,0.08084939,0.26004683,0.00378023,0.00489819,0.16738717,0.00525817,0.04700002,0.00029527,0.00281928,0.01773378,0.00270695,0.0384753,0.00197723,0.04624341,0.00081502,0.00160469,0.0042989,3.93e-05,0.00111474,0.00048208,0.00034713,0.00032239,0.0004081,-4342969.999998487,4.621422988878715,0.0288836175161191,-0.2469494852541675,0.3931879147477399,2
8023950,8023950,C#CCN(C(=O)C=C(C)C)C1CCC(NCC(=O)CCC(C)F)CC1,3.603,4.076,4.1,4.301,4.53,4.657,4.737,4.936,4.983,5.515,5.53,5.735,5.889,5.918,5.936,5.971,5.976,6.053,6.092,6.178,6.185,6.249,6.279,6.35,6.377,6.392,6.394,6.427,6.428,6.512,6.546,6.581,6.608,6.629,6.724,6.745,6.846,6.847,6.855,6.876,6.884,6.955,6.987,7.059,7.08,7.137,7.186,7.23,7.233,7.25,2.5e-07,5.49e-06,0.00676266,0.00301897,0.0019229,0.01654462,8.564e-05,3.108e-05,7.9e-07,0.0010893,4.707e-05,0.00012469,1.382e-05,0.00110689,4.138e-05,0.01609889,0.01223656,0.00038237,0.00204529,0.02913527,0.05464082,0.21899876,0.00222599,0.0007869,0.00028063,0.00378539,0.02224344,5.269e-05,0.00024752,7.138e-05,0.00112153,0.00065888,0.00015279,5.667e-05,7.149e-05,0.00299645,0.01312442,0.00611196,3.21e-05,5.664e-05,0.01391323,0.00159587,0.11617377,0.00204081,0.07481878,0.09349233,0.00444053,0.00016114,0.00030416,0.00724167,2778432.9999990305,5.392723269485684,-0.2563324349422581,-0.8489741824055779,0.1046313986354646,3
696710,696710,Cn1nc(-c2cccnc2)cc1C(=O)Oc1ccc2c(=O)[nH]ccc2c1,3.358,3.567,3.641,3.65,3.732,3.743,3.75,3.869,3.886,3.917,3.96,4.028,4.033,4.124,4.133,4.141,4.167,4.227,4.279,4.299,4.377,4.488,4.533,4.55,4.681,4.711,4.727,4.73,4.767,4.786,4.799,4.942,4.98,5.029,5.071,5.08,5.122,5.199,5.209,5.261,5.277,5.279,5.28,5.299,5.335,5.349,5.367,5.442,5.47,5.506,7e-08,5.917e-05,6.086e-05,1.39e-06,1.192e-05,0.00046755,6.81e-06,5.133e-05,0.00299518,0.10495467,1.61e-05,0.01609006,6.418e-05,0.00010362,0.0372486,1.09e-06,0.05421762,0.0113759,4.54e-06,0.01913444,0.00015998,2.714e-05,0.00775333,0.3084563,0.04119887,0.22476578,0.00349067,0.02271955,0.00019093,4.77e-06,0.00033361,0.00249992,0.00081515,0.0009608,0.00933924,0.13871762,0.00527426,0.01233116,1.962e-05,4.63e-06,0.03505953,6.785e-05,0.00163968,0.03288899,0.0874169,0.11823648,0.20981969,0.00114042,0.00028539,0.04319781,-4548806.999998411,-5.768982822686815,-1.0285521844715344,0.691326141777166,0.0032678480762398,2
3335373,3335373,CC(NCNC1CC1)NC1CCN(Cc2ccccc2)CC1,3.381,3.401,4.028,4.045,4.127,4.145,4.33,4.347,5.242,5.564,5.664,5.681,5.813,5.829,5.887,5.904,6.072,6.084,6.158,6.175,6.226,6.242,6.429,6.439,6.532,6.549,6.625,6.638,6.706,6.718,6.751,6.766,6.869,6.883,6.989,7.005,7.07,7.084,7.098,7.115,7.156,7.224,7.238,7.407,7.424,7.451,7.469,7.589,7.606,7.672,0.00018224,0.01449754,0.00047804,4.538e-05,8.12e-06,0.00033556,0.00012609,7.42e-06,0.00114041,0.0167729,5.43e-06,3.751e-05,0.0080328,0.0048261,0.00022517,0.00035826,0.00430845,0.00181198,0.00043168,0.00153597,0.00467404,0.00164266,0.01703459,0.01272695,0.00486659,0.01032133,0.16073369,0.21901533,0.11528252,0.05939535,0.05536065,0.02687328,0.00880658,0.00137844,0.00229099,0.00445275,0.00374579,0.00520771,0.0070197,0.02156319,0.01363438,0.00273124,0.00249307,0.00047901,0.00047693,5.814e-05,0.00012499,0.0017221,0.00520282,0.00063874,-1910143.999999333,6.208656311354612,1.1752101596572233,-0.7258351699504849,0.2041953500251707,0
4654735,4654735,CC(C)(C)c1ccc(CCNC(=O)c2ccccn2)o1,2.962,3.006,3.478,3.526,4.031,4.236,4.325,4.386,4.763,4.906,4.939,5.032,5.215,5.355,5.471,5.517,5.552,5.584,5.743,5.786,5.819,5.881,5.901,5.967,5.993,6.078,6.085,6.103,6.177,6.2,6.256,6.258,6.336,6.401,6.408,6.409,6.429,6.462,6.52,6.583,6.611,6.62,6.709,6.749,6.767,6.786,6.819,6.914,6.984,6.996,0.00315999,0.0043673,0.00067623,0.00036165,0.01430378,4.92e-05,0.00607306,0.00063816,3.38e-06,6.56e-05,0.00195052,0.10558636,0.00017875,0.07494667,0.00468312,0.15107195,0.00028976,0.00023364,3.559e-05,0.00382954,0.00518331,2.011e-05,2.78e-05,0.08598417,0.00113254,0.00109782,0.00090807,0.0029247,0.00789697,4.89e-06,0.00445999,0.05974935,0.084018,0.0505685,0.00711915,0.00012939,3.665e-05,0.02146111,0.02523197,0.03775356,0.03023766,0.0742815,0.00784385,0.05361862,0.12377095,0.01967035,0.05132534,0.00870477,0.00091236,0.03366696,-590781.9999997951,2.640989281789822,1.0288336309736192,-0.8523747306021225,0.0487188577520489,4
741782,741782,CN(C)CCOc1cc(N2CCCc3ccccc3CC2)cc(F)c1O,3.358,3.455,4.032,4.167,4.261,4.269,4.36,4.497,4.601,4.693,4.713,4.876,4.911,5.084,5.142,5.376,5.426,5.554,5.655,5.828,5.86,5.925,5.957,6.015,6.041,6.115,6.133,6.19,6.208,6.233,6.263,6.297,6.361,6.368,6.391,6.447,6.515,6.557,6.57,6.633,6.642,6.701,6.72,6.728,6.733,6.808,6.81,6.812,6.851,6.875,0.00125544,0.00584662,0.02148797,0.00046852,0.00823993,0.00013364,0.00225657,0.17072291,0.00016332,0.00073032,0.00304833,0.00512634,0.01883806,0.00684331,0.02486661,3.166e-05,0.01615027,0.00123756,0.00405528,0.02046382,0.22118391,0.00032986,0.18547605,0.01326262,0.00328647,0.04070238,0.00394487,0.04140668,0.00345984,0.0514359,0.15305853,0.00094543,0.01273198,0.20031933,0.00034046,0.15104743,0.0544307,0.00756393,0.0041261,0.00446562,0.01215416,0.00414642,0.00106832,0.00036168,0.0111353,0.00591486,0.0019464,0.01039376,0.0427482,0.00733211,-4503734.999998429,2.700969756186528,0.459960893733759,-0.0432607773581289,0.5061415283661931,2
993984,993984,CN(C)CC#Cc1cc(OC2CCN(C(=O)c3ccsc3)CC2)ccn1,3.321,3.436,3.534,3.668,3.72,3.891,3.994,4.061,4.156,4.286,4.288,4.3,4.512,4.55,4.56,4.623,4.74,4.848,4.91,4.995,5.027,5.038,5.071,5.181,5.226,5.289,5.362,5.378,5.404,5.414,5.469,5.482,5.604,5.642,5.704,5.849,5.931,5.993,6.031,6.087,6.123,6.132,6.144,6.182,6.191,6.212,6.227,6.244,6.254,6.3,0.00049455,5e-08,4.309e-05,0.00078262,0.00853173,7.235e-05,2.646e-05,1.07e-06,8.832e-05,1.71e-05,6.088e-05,4.53e-06,0.00061931,0.02953332,0.00298488,0.00062344,5e-08,4.512e-05,6.409e-05,0.00055931,0.30554881,0.08021107,0.06448013,1.619e-05,0.00296979,0.00652236,0.02529048,0.13413499,0.012213,0.03531322,0.00115108,9.13e-05,0.00863741,0.40051684,0.00573388,0.00506102,0.00587159,0.00022678,0.0604711,0.09371188,0.07019862,0.07979384,0.03977242,3e-08,0.0770675,2.64e-06,0.02212863,0.00185648,0.0241212,4.587e-05,-4251532.999998518,-1.660940949408262,0.2878229983223789,0.63395826885327,0.0143887787962875,2
1789122,1789122,COc1cc(CNC(=O)c2cc(C)c(C)cc2N)ccc1C(=O)NC(C)C,3.161,3.297,3.396,3.495,3.737,3.76,3.893,3.993,3.997,4.033,4.106,4.113,4.357,4.368,4.429,4.457,4.561,4.591,4.611,4.675,4.924,4.96,4.973,5.022,5.042,5.066,5.186,5.27,5.289,5.445,5.455,5.545,5.609,5.645,5.747,5.779,5.804,5.843,5.853,5.863,5.902,5.929,5.947,5.955,5.961,6.016,6.038,6.046,6.054,6.066,0.00090013,0.00036928,0.00561688,2.259e-05,0.00056986,0.00012148,0.00052373,0.00065691,0.0097227,0.11453198,0.01203739,0.00116035,5.6e-07,0.00230747,0.01033896,0.02154702,0.02057719,0.00053934,0.00954136,0.00152229,0.01066678,6.137e-05,0.03627074,0.03241701,0.01163471,0.02153258,0.00172707,0.07533329,0.06662073,0.00014792,3.796e-05,0.00024039,0.00271944,0.12925288,0.00597289,0.00555337,0.00163604,0.05590352,0.11911035,0.31297275,0.01631727,0.02842439,0.00068549,0.0871716,0.13715784,0.07856767,0.00851727,0.00274016,0.00163324,0.0004661,-3456394.9999987944,-2.691592252831108,0.4048672827650008,0.6959651342825275,0.0908206322093152,2
180349,180349,CC(C)(C)OC(=O)Nc1cc(F)ccc1C(=O)NCC1CC(NCC(F)(F)F)C1,3.644,3.84,4.087,4.138,4.177,4.277,4.58,4.608,4.624,4.778,4.858,5.167,5.333,5.468,5.502,5.528,5.77,5.854,5.89,5.912,5.915,5.948,6.049,6.07,6.159,6.21,6.292,6.325,6.339,6.352,6.391,6.486,6.495,6.516,6.618,6.666,6.679,6.689,6.704,6.72,6.744,6.787,6.818,6.846,6.873,6.918,6.989,7.018,7.032,7.049,2.876e-05,0.00063906,0.00028279,0.06119918,0.00045875,0.00016773,0.01872575,0.00217383,0.00256647,0.14444582,0.00701123,0.00146969,0.19589031,0.00337539,0.00816964,0.38514849,0.00206875,0.0008926,0.03511662,0.00855157,0.00892294,0.00073387,0.00225368,9e-06,0.01178901,0.00035969,0.01531437,0.02265995,0.03723709,0.00154974,0.00029097,0.01734503,0.0502518,0.00035672,0.00033861,0.02015573,0.00070479,0.00947556,0.00134159,0.00070718,0.01293121,0.00547904,0.0012356,0.0374845,0.00663049,0.01239423,0.02411259,0.0014859,0.00487284,0.10384296,-5065167.999998234,3.7749744091846185,0.2645056293458645,-0.1844751393282598,0.62726217429956,2
4622230,4622230,COc1coc(CN(C)CCNC(COc2ccsc2)OO)cc1=O,3.197,3.371,3.536,3.76,3.894,3.91,3.94,4.228,4.314,4.402,4.408,4.434,4.464,4.591,4.648,4.765,4.773,4.9,4.927,5.288,5.317,5.41,5.423,5.537,5.703,5.712,5.724,5.783,5.843,5.877,5.911,5.956,6.027,6.063,6.079,6.085,6.116,6.182,6.235,6.241,6.25,6.287,6.322,6.339,6.379,6.398,6.401,6.41,6.451,6.459,6.7e-07,5.85e-06,7.8e-07,4.237e-05,7.92e-06,0.00014398,0.00019541,1.84e-06,0.06070949,0.01304566,0.0528576,0.00103658,0.00132963,0.0002773,7.56e-05,0.00010258,0.07313763,1.992e-05,0.00097283,0.00038589,0.07268904,0.09842806,0.00076219,9.265e-05,3.31e-06,0.00011361,4.9e-07,8.738e-05,3e-08,7.09e-05,1.4e-07,0.00013288,0.00084573,6.11e-06,0.03668154,0.02072912,0.38274145,6e-08,0.00175727,4.29e-05,1e-07,4.844e-05,0.00034348,0.00628857,0.00030746,0.02467163,0.00028609,6.885e-05,9.81e-05,0.00645815,-623286.9999997827,-0.1647540137329151,0.7110614834103064,0.4534538566073772,0.3977845830773958,4
7339268,7339268,CCOc1cc(NNC(=O)c2cccc(S(=O)(=O)N(C)CC(C)C)c2)cc(OCC)n1,2.653,2.903,2.947,2.968,3.209,3.253,3.3,3.457,3.608,3.737,3.771,4.043,4.188,4.233,4.484,4.537,4.614,4.635,4.719,4.806,4.833,4.841,4.905,4.927,4.95,4.964,5.003,5.015,5.054,5.066,5.156,5.166,5.171,5.182,5.222,5.243,5.249,5.309,5.318,5.326,5.369,5.37,5.388,5.431,5.475,5.514,5.537,5.543,5.564,5.589,0.00090199,0.00651043,0.00928063,0.00263386,0.00509532,0.00762599,0.01401944,0.00071059,0.00377363,0.00441729,0.00066196,0.00316254,0.01345072,0.00355708,0.00216451,0.00228498,0.00482563,5.09e-06,0.00383274,0.00051661,0.02174948,0.00223938,0.00734706,0.03219329,1.146e-05,0.00986984,0.00101121,0.05979646,1.285e-05,0.00622513,0.00796324,0.00704455,0.00067532,0.00318034,0.02179782,0.02223891,6.347e-05,0.05069964,0.01216278,0.0108423,2.046e-05,0.00279198,0.00153091,0.00992874,0.00181858,0.01059375,0.01489307,0.00266722,2.172e-05,0.01286126,2093750.9999992696,-5.030111762521215,0.6252635121270845,-0.5427911026405008,0.7600290248187741,3
4675156,4675156,CCCOC(=O)CCCNC(=S)N1CCN(C(O)C(C)(C)n2ccc(N)n2)CC1,3.826,4.185,4.268,4.324,4.575,4.663,4.685,4.738,4.946,5.096,5.099,5.147,5.393,5.469,5.497,5.535,5.553,5.619,5.754,5.808,5.922,5.933,6.102,6.103,6.283,6.329,6.377,6.463,6.534,6.546,6.619,6.806,6.855,7.016,7.036,7.161,7.192,7.213,7.216,7.218,7.284,7.3,7.311,7.329,7.347,7.378,7.416,7.434,7.448,7.467,0.00015045,0.00193792,2.9e-07,0.00110167,0.00078197,0.0008564,5.013e-05,0.00244177,0.17555769,0.00027115,0.07312251,0.0057478,5.758e-05,0.002301,0.11372879,0.00872223,0.00077181,0.0004164,3.962e-05,0.30240165,3.114e-05,1.607e-05,2.816e-05,0.00012488,2.43e-06,9.25e-06,0.00445243,2.55e-06,0.00297034,5.5e-07,0.00862145,0.03463392,0.00073006,0.00127808,0.05305275,0.0288668,0.0440364,0.00152195,0.01017802,0.00034706,0.00092566,0.0061891,0.22081906,0.00476866,0.00629901,0.00078087,0.00409282,0.0014671,0.05417564,0.05226887,-570360.9999998058,5.55624938076618,0.5583556375482139,0.924552470449756,0.0681982344859176,4
6417757,6417757,COC(=O)c1sccc1CNCC1=CC=C(CN)CC1,3.04,3.278,3.483,3.736,3.769,3.977,4.185,4.313,4.411,4.589,4.61,4.677,4.736,4.986,5.04,5.124,5.2,5.344,5.366,5.447,5.512,5.549,5.552,5.568,5.786,5.822,5.836,5.907,5.969,5.991,6.053,6.078,6.109,6.139,6.173,6.228,6.283,6.315,6.391,6.466,6.488,6.548,6.637,6.639,6.671,6.68,6.688,6.725,6.733,6.751,0.00308457,0.00012643,0.00045942,0.00012489,0.01954088,3.638e-05,0.10923087,0.01032355,0.09830359,0.19659456,0.04053987,0.00505151,0.04312585,0.00026177,0.00044345,0.00044282,0.00034215,0.00016592,0.0022233,0.00043675,0.00025352,0.00016631,3.359e-05,0.00135477,0.00429183,0.00036171,0.0025748,0.00658349,0.00085159,0.01249465,0.00163955,0.00582943,0.01188949,0.00336521,0.01365201,0.00375712,0.00373381,0.02582275,0.00120162,0.00211353,0.01674906,0.00470809,0.0112009,0.00582946,0.01980522,0.00722435,0.01030612,0.01791628,0.05508709,0.0405615,1172239.99999959,1.1532759595049615,1.0008945697566605,0.0097127977328342,0.1178444674276851,3
6695768,6695768,Cn1ccnc1CN1CC(C(=O)CCC(C)(C)O)C1,4.03,4.391,4.649,4.955,5.193,5.399,5.443,5.501,5.928,6.105,6.196,6.314,6.327,6.368,6.385,6.657,6.699,7.04,7.051,7.088,7.093,7.105,7.247,7.26,7.296,7.417,7.44,7.562,7.575,7.718,7.726,7.783,7.838,7.96,8.012,8.031,8.06,8.122,8.123,8.225,8.225,8.246,8.304,8.309,8.342,8.358,8.427,8.48,8.556,8.652,0.00012666,1.157e-05,7.828e-05,0.00500432,0.00021956,0.01421298,0.01335164,3.798e-05,0.00251751,0.00130291,0.12217431,2.179e-05,0.03615264,0.00746907,0.00939208,0.00750253,0.0096165,0.00536826,9.425e-05,0.00016646,0.03504008,0.00062538,0.00021129,0.00790093,2.84e-06,0.00173275,0.0009093,0.01959026,0.01573151,0.04268133,0.14675938,0.12427075,0.02608956,0.01093406,0.01214732,0.00106837,0.00056964,0.00362987,0.00382185,0.02955786,0.00365536,0.01926314,0.140983,0.00098643,0.00507049,0.02193303,0.00426014,0.00022904,0.01634357,0.00081735,1450250.9999994885,12.478416157462076,0.6747137081183049,-0.1945777579117666,0.0852270697129952,3
5344969,5344969,CC(C)(C)CC(=O)NCCNCCN(CCO)Cc1cnc(N2CCCC2=O)cn1,3.186,3.502,3.59,3.723,3.906,3.978,4.074,4.127,4.298,4.381,4.48,4.604,4.626,4.795,4.807,4.933,4.953,5.03,5.144,5.205,5.237,5.269,5.4,5.474,5.492,5.5,5.564,5.594,5.745,5.805,5.833,5.849,5.918,5.982,6.003,6.042,6.073,6.114,6.206,6.217,6.237,6.3,6.355,6.39,6.394,6.446,6.459,6.482,6.519,6.522,0.00062676,9.6e-05,0.00075226,4.335e-05,0.00024457,0.00010689,0.00159777,0.00013885,0.09792544,0.00032484,0.00455401,8.847e-05,2.49e-06,0.15232744,0.19503089,0.00067673,0.00013292,1.99e-06,9.95e-06,0.00100222,1.265e-05,7.296e-05,0.00011654,0.00103317,6.237e-05,2.3e-06,0.00147712,0.00093504,0.00011053,0.01363862,5.746e-05,0.00074656,0.00229498,8.21e-05,0.00781983,8.7e-07,0.00030869,9.347e-05,0.0004535,0.00014178,9.05e-05,0.03512936,0.00263309,0.01928179,1.751e-05,1.533e-05,0.04532326,0.01660785,0.00145189,0.00640268,99451.99999996556,-0.1776183861978907,0.5043606197792158,0.351201697880414,0.1275704106780196,4
5946545,5946545,COC(=O)Nc1cccc(NC(=c2cnn3ccnc23)N2CCCC2(C)C)c1,2.515,2.528,3.178,3.208,3.278,3.489,3.512,3.517,3.62,3.811,3.846,3.943,4.247,4.258,4.384,4.431,4.541,4.561,4.714,4.842,4.875,4.91,5.076,5.085,5.169,5.286,5.33,5.376,5.39,5.43,5.443,5.492,5.522,5.56,5.588,5.613,5.702,5.714,5.724,5.767,5.807,5.834,5.898,5.913,5.934,5.971,6.005,6.122,6.149,6.205,0.0613822,0.01680443,0.21026008,0.00064137,0.05990737,0.00039249,1.433e-05,0.00355434,0.01848949,0.00652753,0.00643934,0.05178475,0.0178543,0.0001796,0.00219878,0.00017851,3.139e-05,0.0001394,0.02376077,0.00435513,0.05654982,0.00998352,0.06849436,0.00603105,0.07427292,0.01360203,0.03609474,0.01702251,0.0108234,3.89e-05,0.01288753,0.01808843,0.00555639,0.05622613,0.28217976,0.02022152,0.01798094,0.00167372,0.06500147,0.02907113,0.03273077,0.03985287,0.04184597,0.00541014,0.00339754,0.01602378,0.00716436,0.03587714,0.0068226,0.10542137,701027.9999997552,-3.239193254968181,1.5441984040553962,0.1938102514543248,0.3743386380251454,4
10023131,10023131,Cc1nc(CN(C)CCCNC(=O)Cn2ccc(=O)[nH]2)sc1C,3.197,3.292,3.499,3.878,4.049,4.301,4.371,4.395,4.539,4.562,4.575,4.598,4.74,4.826,5.038,5.075,5.261,5.324,5.356,5.412,5.453,5.482,5.503,5.56,5.591,5.678,5.686,5.84,5.881,6.085,6.158,6.187,6.299,6.366,6.415,6.435,6.511,6.547,6.554,6.56,6.667,6.712,6.729,6.731,6.753,6.765,6.766,6.802,6.816,6.888,0.0001109,2.204e-05,0.01018933,1.399e-05,0.00042582,0.00042146,2.384e-05,7.521e-05,0.08834192,0.01089349,0.02840768,0.16594284,0.00054655,0.00054095,0.0033927,0.0002143,0.00019248,7.73e-06,7.535e-05,0.00030925,0.00029185,0.00045063,0.032809,0.01824525,0.00010004,3.508e-05,7.7e-07,1.123e-05,0.0069171,0.00033163,0.00321597,0.00119064,0.00045017,0.00078868,0.0012896,4.636e-05,0.00236496,0.05137787,0.00088871,2.96e-06,0.00684348,0.04100243,0.00194973,2.67e-06,0.00906218,0.03065406,0.00725837,0.00361725,0.06067943,0.00698081,4777613.999998332,1.5968420230593223,0.954230406530742,0.4919949662466705,-0.1848635996692265,1
7955146,7955146,CCCCN=CCN(c1cccc(C(=O)OC)n1)N1CCN(c2ccc(OCC)nn2)CC1,2.294,2.824,3.033,3.194,3.266,3.357,3.402,3.469,3.527,3.563,3.617,3.79,3.887,3.918,3.97,4.123,4.123,4.214,4.262,4.296,4.359,4.553,4.615,4.657,4.668,4.729,4.744,4.828,4.842,4.887,4.896,4.925,4.959,4.981,4.996,5.027,5.054,5.093,5.142,5.202,5.261,5.299,5.329,5.348,5.35,5.356,5.474,5.483,5.489,5.518,0.00088125,1.41e-06,3.176e-05,0.01522466,0.01311376,0.0001003,0.00515352,0.00665811,0.00127537,2.498e-05,0.00173751,0.01759715,7.316e-05,0.00024185,0.00157145,0.01134721,0.00141258,0.00925521,0.00223308,0.01798155,0.04058092,0.05245027,0.06190961,0.00026116,0.00968513,0.00095743,9.156e-05,0.00029973,0.00709746,0.06164728,0.00220296,0.02560509,4.341e-05,2.829e-05,0.00515295,0.00023339,0.19723459,1.43e-06,0.14388821,0.00039147,0.00571155,0.00712758,0.01398614,0.00292382,0.00037963,0.00122739,0.011608,0.00015593,6.239e-05,0.02158088,2709628.999999056,-6.39188655977582,0.5880483696947538,0.1594052434587014,0.0952136272972111,3
351739,351739,COc1ccccc1NC(=O)Cc1nc(COc2ccc3c(c2F)CCC3=O)cs1,3.18,3.242,3.285,3.322,3.486,3.605,3.719,3.888,3.991,4.079,4.081,4.114,4.128,4.193,4.28,4.281,4.363,4.389,4.412,4.453,4.479,4.675,4.763,4.764,4.784,4.789,4.803,4.872,4.963,5.084,5.11,5.12,5.145,5.17,5.222,5.353,5.391,5.393,5.419,5.424,5.438,5.446,5.464,5.471,5.477,5.489,5.51,5.546,5.564,5.602,3.903e-05,0.01516841,6.134e-05,0.00011676,0.0001868,0.00057487,0.13096606,6.229e-05,2.506e-05,2.985e-05,0.00242267,0.20983291,0.00151812,0.00032389,0.00474161,0.00737039,3.245e-05,0.00110084,0.13169309,0.01658276,9.3e-07,0.00416426,0.00028703,0.00058634,0.07550355,0.00147839,0.02385097,0.06347974,0.02270631,0.12287026,0.01063957,0.02785591,8.958e-05,0.00855791,9.6e-06,1.73e-05,0.00112658,0.00017916,0.04591373,0.00017211,0.00269722,0.03272594,0.00217062,0.00089987,0.00369391,0.01172231,0.00106797,3.74e-05,0.00907105,0.0004262,-4893777.999998291,-4.9426262314805545,-0.285272383086111,0.2703968408624413,0.0605720405010379,2
9528543,9528543,CCc1cc(C(=O)N(C)CCNCC(=O)NCc2ccco2)[nH]n1,3.958,4.143,4.482,4.485,4.652,4.735,4.783,4.934,5.089,5.122,5.335,5.351,5.399,5.454,5.481,5.513,5.583,5.602,5.619,5.633,5.693,5.844,5.861,6.032,6.037,6.05,6.089,6.175,6.189,6.203,6.219,6.316,6.326,6.337,6.439,6.459,6.527,6.605,6.714,6.743,6.782,6.821,6.872,6.887,6.905,6.976,6.981,7.004,7.012,7.013,0.00037721,0.00042991,0.04669832,0.00013091,0.00920118,0.00262663,3.86e-06,1.311e-05,0.02520916,0.07062038,0.00028577,4.22e-05,0.00163838,0.06723306,6.916e-05,0.00052121,0.12752275,6.938e-05,0.00011461,6.56e-05,0.00015273,0.0190581,0.00283969,0.17456648,0.00762358,8.207e-05,0.01145618,3.27e-06,2.39e-06,3.103e-05,1.31e-06,4.046e-05,8.24e-06,0.0002809,0.0030365,0.00064122,0.00086751,0.00685545,0.00010104,6.239e-05,0.00163895,0.00028014,0.00036846,2.969e-05,0.00019955,0.00049815,0.00283561,0.01941212,4.388e-05,1.66e-06,4283025.999998503,3.735896018335717,-0.8265708983671971,0.2342198148278427,-0.209402344699348,1
5090707,5090707,COCCC1(CC(=O)N2CC(NC(=O)c3ccc(F)c(F)c3)c3ccccc32)CCC1,3.147,3.206,3.254,3.429,3.492,3.552,3.596,3.77,3.967,4.047,4.059,4.14,4.186,4.269,4.301,4.379,4.416,4.448,4.517,4.571,4.726,4.73,4.761,4.776,4.819,4.834,4.914,4.927,5.001,5.007,5.068,5.071,5.101,5.179,5.18,5.237,5.317,5.373,5.389,5.411,5.439,5.472,5.487,5.543,5.544,5.58,5.605,5.628,5.686,5.695,0.00013371,0.00036667,0.00102501,0.00016134,4.38e-06,0.00014657,1.084e-05,0.00018478,6.21e-06,9.497e-05,0.00029004,0.00043135,0.02513498,0.00611103,0.03411775,0.01575361,5.65e-06,0.00600504,0.00639919,0.00044813,0.00034456,0.05405597,0.00019624,0.26773298,0.01306648,0.00016585,0.00035091,0.0045958,0.02784738,0.05107626,0.00033612,1.842e-05,0.00348728,0.00089612,5.64e-06,6.49e-06,2.523e-05,0.0002371,2.379e-05,0.00016623,1.596e-05,0.0002312,2.599e-05,0.00025127,0.00104422,0.00028484,0.01650581,0.00032015,0.01645656,0.00037428,-154809.99999994205,-4.780427389304211,-0.1895742935308265,0.1666776484488782,0.1383630531688775,4
6800236,6800236,CCc1noc2ncc(C(=O)NCCc3cccc(O)n3)cc12,2.813,3.436,3.538,3.634,3.72,3.959,4.019,4.16,4.263,4.361,4.446,4.485,4.644,4.675,4.703,4.748,4.757,4.801,4.83,4.851,4.869,4.895,4.93,5.098,5.356,5.398,5.42,5.468,5.474,5.482,5.533,5.54,5.634,5.678,5.695,5.712,5.723,5.735,5.748,5.884,5.92,5.925,6.012,6.128,6.132,6.16,6.248,6.259,6.265,6.309,0.00134514,0.00208416,0.00042528,0.00020078,0.00035755,0.00012452,2.129e-05,0.00951619,0.0001472,0.04220752,0.06222509,0.01639072,0.02459181,0.00013635,0.00112658,0.000775,0.00075323,5.821e-05,0.0003225,0.037609,9.543e-05,0.04603215,7.265e-05,9.603e-05,0.05998197,0.01335648,0.03823,0.12960315,0.03854972,0.02523901,0.10532854,0.00034211,0.00047051,0.04952543,0.01020737,0.00352697,0.00422047,0.0178292,0.01766832,8.247e-05,0.07639035,0.03352216,0.05292949,0.0068784,0.02646606,0.00240936,0.00019921,0.0037796,0.00027039,2.25e-06,1554718.999999458,-1.8314804195938783,0.2089936017987407,0.1599343244932743,-0.2990382884064002,3
2151340,2151340,COc1cc(C)c(CN2CCN(C(=S)NCCCc3nnc(-c4ccncc4)n3C)CC2)cc1OC,2.313,2.673,2.858,2.872,3.216,3.218,3.371,3.417,3.667,3.731,3.761,3.781,3.837,3.96,4.028,4.034,4.142,4.201,4.265,4.274,4.326,4.393,4.418,4.46,4.505,4.561,4.576,4.578,4.701,4.747,4.76,4.799,4.834,4.845,4.928,4.954,5.005,5.063,5.09,5.099,5.104,5.137,5.156,5.159,5.208,5.212,5.224,5.248,5.357,5.386,2.706e-05,4.1e-07,2.4e-07,0.0,2.1e-07,0.0,5.31e-05,0.0,0.00015911,8.672e-05,0.0,1.217e-05,8.623e-05,5.4e-07,0.00026907,0.00023868,0.01808889,0.00021774,0.22235774,0.00120674,4.84e-06,0.00357021,0.09780214,0.00282838,5.2e-07,0.00016768,0.0059492,0.00026227,1.557e-05,0.01808644,2.41e-06,7.9e-07,0.07924273,0.06948972,3.1e-07,0.16452774,0.00406698,6.91e-06,1.83e-06,0.00849302,3.099e-05,0.00063071,6.8e-07,0.00011915,0.03303051,1.2e-07,6.3e-07,1e-07,3e-08,1.35e-06,-3094176.999998919,-7.090765006973488,0.4624455356540836,-0.1598367221094973,-0.071780292671132,0
7899480,7899480,CC#CCN1CCC(C(=O)Cn2ccc3ccccc3c2=O)CC1,3.317,3.367,3.456,3.502,3.565,3.621,3.896,3.91,4.06,4.061,4.094,4.439,4.565,4.612,4.696,4.742,4.859,5.08,5.158,5.183,5.214,5.29,5.319,5.324,5.364,5.39,5.475,5.502,5.544,5.591,5.624,5.69,5.751,5.779,5.839,5.876,5.923,6.004,6.016,6.081,6.087,6.112,6.129,6.138,6.155,6.242,6.25,6.284,6.288,6.303,0.00055573,0.00183478,0.00387354,0.00192376,0.03527377,0.05133429,0.00020049,1.156e-05,0.05857183,0.00468537,0.03529675,0.00029018,5.53e-05,2.166e-05,0.00038709,0.00018656,0.02251716,0.01556314,8.018e-05,0.00019348,0.00029915,0.00010404,0.00080646,0.00660599,0.00561953,0.05659612,0.00347681,0.05049246,2.287e-05,0.0002725,0.05045872,0.00194078,0.25270599,0.01644873,0.03580881,0.00102147,0.00023112,0.00492577,0.03368412,0.00031137,0.00698626,0.12394467,0.00300576,0.00018417,0.03264421,0.00852832,0.05667729,5.384e-05,0.01453803,0.00066867,2653962.9999990733,-1.3030333628584558,0.6329980617915826,0.260660609435863,0.616818672558628,3
823138,823138,Cc1nn(C(C)C)c(C)c1CN(Cc1ccco1)Cc1ccc(Cn2ccnn2)o1,4.383,4.455,4.587,4.718,4.828,4.902,4.928,5.052,5.068,5.169,5.193,5.244,5.284,5.294,5.331,5.49,5.5,5.531,5.717,5.753,5.763,5.776,5.833,5.855,5.88,5.919,5.932,5.954,5.976,5.988,6.026,6.049,6.061,6.072,6.167,6.192,6.198,6.224,6.231,6.238,6.279,6.297,6.319,6.371,6.372,6.374,6.397,6.416,6.452,6.488,0.01983292,0.00037636,0.00100564,0.00239796,0.00460132,0.0002834,0.00032859,0.0014497,0.00385344,0.00167508,0.00240997,0.01994221,0.03047459,0.00044623,0.01680714,0.00393751,0.00559239,0.00460838,0.06515468,0.01871155,0.00050626,0.00014192,0.00325687,0.01605391,0.02140845,0.11281315,0.00538731,0.00019547,0.0414714,0.07247866,0.09915191,0.00509537,4.97e-05,0.01607561,9.97e-06,1.588e-05,0.00079213,7.723e-05,0.00037363,0.00010966,0.00015019,0.00251108,7.13e-05,0.00143976,0.00530214,0.00291093,0.03736672,0.02102972,0.01868035,0.00225161,-4422378.999998458,2.243642648709786,-2.253491432559004,-0.1952691086076365,0.2676306445575134,2
1317166,1317166,Cc1sc(-c2ccccc2)nc1COC(=O)Cc1cc(-c2cccs2)[nH]n1,3.014,3.333,3.407,3.561,3.766,3.807,3.983,4.022,4.033,4.212,4.218,4.219,4.231,4.28,4.363,4.501,4.507,4.585,4.6,4.629,4.648,4.655,4.692,4.752,4.817,4.828,4.829,4.833,4.97,4.993,5.136,5.192,5.218,5.223,5.283,5.294,5.341,5.377,5.393,5.418,5.419,5.43,5.44,5.44,5.518,5.523,5.538,5.573,5.584,5.596,0.00017921,0.0028794,0.00269468,0.02220016,0.37364208,0.00021888,0.00091392,8.793e-05,0.38037153,1.57e-06,0.00575877,0.00499342,0.00090026,0.00924073,1.294e-05,1.668e-05,1.659e-05,0.00020391,9.4e-07,0.03707586,0.00100277,5e-08,0.04091821,0.00014311,1.13e-06,0.03282417,0.01356472,0.00085825,0.00524665,0.00131261,0.02942165,0.00055224,0.00091077,1.3e-07,0.00083796,0.00251311,0.00887209,0.00333909,0.01793683,0.00028216,0.00175292,2.779e-05,0.00308345,0.00256895,5.6e-07,0.00456059,2.741e-05,0.00010856,0.00282674,3.15e-06,-3928350.999998628,-4.5687165210079765,-0.6661239565382103,0.0006232161408695,-0.1756247928223024,2
9963470,9963470,CCSc1ccc(CC(=O)Nc2ccc(F)cc2)nn1,3.537,3.551,3.643,3.935,3.973,3.986,4.089,4.157,4.197,4.282,4.384,4.407,4.419,4.574,4.843,4.917,4.973,4.979,5.296,5.402,5.476,5.508,5.518,5.528,5.569,5.675,5.718,5.767,5.797,5.823,5.833,5.854,5.897,5.924,5.941,5.969,5.984,6.047,6.065,6.076,6.101,6.201,6.245,6.249,6.321,6.342,6.365,6.384,6.415,6.536,0.00019786,0.00013202,0.00413663,4.929e-05,0.00644095,4.589e-05,0.00526952,0.06148988,0.06404856,0.00025246,0.03214568,0.03394754,0.01803187,0.08331071,0.08220477,0.00010991,0.00375733,0.27011618,0.00091927,0.00034054,0.005804,0.00256367,0.0016911,0.00108763,0.02662339,0.00035697,0.00075764,1.351e-05,0.00023854,0.00133182,0.00797887,0.00372852,0.00010593,0.00044806,0.00125188,0.00153395,0.05026177,0.00011714,0.00087502,0.00540018,0.02224364,0.24072967,0.00397142,0.03495789,0.18264872,0.0255125,0.00520406,0.00901652,0.00020784,0.00041224,4717952.999998356,-0.2363499042682348,0.1944354401556011,0.3446751162270723,0.6884257836369041,1
5252337,5252337,Nc1ccc(NC(=O)NCC2(c3ccccc3)CCOCC2)c(C(F)(F)F)c1,3.731,3.755,3.863,3.96,4.026,4.274,4.353,4.367,4.418,4.434,4.553,4.613,4.635,4.701,4.831,4.906,4.963,4.972,5.24,5.261,5.266,5.437,5.448,5.565,5.577,5.598,5.618,5.637,5.688,5.754,5.803,5.831,5.846,5.894,5.898,5.99,6.042,6.104,6.108,6.154,6.215,6.282,6.298,6.318,6.379,6.395,6.395,6.4,6.46,6.496,0.00099824,0.00014987,0.07296673,0.00173453,0.00138932,0.00165674,0.00578385,0.00034666,0.00544086,0.00031689,0.00015349,0.00576924,6.938e-05,2.988e-05,0.40138432,0.00124745,0.00281672,0.00161565,0.0562082,0.00118394,0.00058347,0.00317597,0.00260655,0.00211842,0.00035193,0.01740368,0.00188347,0.00217635,0.00161211,0.0010971,5.521e-05,0.00042574,0.00159942,0.00274591,0.00022988,0.35099915,0.00188017,0.11709555,0.00838849,0.00106928,0.00871163,0.03307419,0.03052509,0.02760517,0.00835954,0.0012629,0.05488935,0.0378969,0.04765114,0.0098544,6819.9999999972,-0.0064152778468989,-0.2918761051368161,0.5217535670437848,0.2565193718932707,4
7887220,7887220,Cc1cccnc1NC(=O)CCNc1cc(C)c2c(=O)[nH]c(O)nc2n1,3.757,3.82,3.826,3.903,3.914,3.996,3.997,4.073,4.089,4.096,4.148,4.163,4.311,4.418,4.443,4.465,4.488,4.537,4.581,4.616,4.645,4.662,4.671,4.797,4.891,4.966,5.008,5.167,5.261,5.355,5.374,5.38,5.401,5.435,5.478,5.488,5.526,5.53,5.579,5.62,5.634,5.686,5.695,5.708,5.829,5.877,5.922,5.938,5.987,6.027,0.00013001,0.00229788,0.00680742,4.254e-05,0.00022115,6.741e-05,0.00023588,0.00077373,0.00699394,0.03283942,0.0023822,0.03810655,0.00224326,0.09953224,0.00066343,0.00092198,2.553e-05,0.00265498,0.00052852,0.00820349,0.01052645,0.03381715,0.03705288,3.487e-05,0.00048914,0.00746223,0.31257164,0.37362673,0.00036196,0.00180535,0.0013279,9.058e-05,0.00116886,0.00046035,0.0324619,0.00023387,0.00527817,0.03924763,0.00102818,0.00052355,0.14171909,0.02011652,0.00078699,0.01914165,4.84e-05,0.005817,0.00274661,0.00059151,0.01073524,0.00426832,2641702.9999990803,-3.3040491898320745,-0.8488893389174061,1.051165675718425,0.0627218050052619,3
3014266,3014266,CC(=O)N1CCN(CCNC(=O)NCc2cc(=O)[nH]c3c2CCCC3)CC1,2.906,3.049,3.065,3.152,3.334,3.712,3.757,3.982,4.372,4.511,4.531,4.607,4.8,5.177,5.263,5.291,5.434,5.436,5.446,5.453,5.559,5.602,5.632,5.678,5.706,5.85,5.883,5.885,6.062,6.09,6.091,6.181,6.216,6.244,6.254,6.258,6.323,6.355,6.406,6.444,6.48,6.526,6.574,6.585,6.696,6.718,6.846,6.869,6.901,6.918,8.07e-06,0.00239628,0.00011138,0.00895461,0.00040193,0.00092608,0.06644082,0.00287094,3.75e-06,0.00118141,1.796e-05,0.00292227,0.00013558,0.0006275,0.05132279,0.00037058,0.00013147,0.00037444,0.00062211,0.00091424,0.00295199,0.00015827,0.00456295,0.0028231,0.01096071,0.10291257,0.06448001,0.00076036,0.00823431,7.566e-05,0.00020248,0.00325473,0.00761811,0.00124705,0.00224481,0.01630404,0.00816537,0.0005282,0.00026146,0.1125777,0.22699351,0.00097176,0.18421049,0.02297494,0.21601868,0.00210152,0.00037219,0.00086314,9.881e-05,0.02679127,-2231250.9999992223,1.201671781210267,1.8578200655261583,-0.3952193068744804,0.4380538369546849,0
9029188,9029188,C=C(CCC(NO)N(CCO)CCNC(=O)c1cc(C)n(C2CCCC2)n1)NC,3.579,3.859,3.901,4.326,4.548,4.783,4.861,4.943,5.08,5.294,5.386,5.454,5.519,5.524,5.654,5.847,5.944,5.95,5.959,5.991,6.013,6.117,6.278,6.349,6.373,6.483,6.598,6.657,6.667,6.69,6.706,6.769,6.81,6.864,6.909,6.927,6.962,7.013,7.02,7.086,7.112,7.159,7.179,7.2,7.233,7.303,7.329,7.341,7.392,7.398,1.663e-05,0.00565445,0.00353977,0.0004282,8.31e-06,0.00174948,0.00017956,0.012446,0.00714874,0.00136477,0.00512965,0.00130675,0.04717778,9.728e-05,0.22690239,0.03743559,0.00146037,0.00125268,0.00075302,0.00023486,0.00460963,8.038e-05,0.00076095,0.0008044,4.939e-05,0.22984536,1.359e-05,0.21314952,0.0001044,0.00364914,0.00756993,4.877e-05,0.00202684,0.36846612,0.00268251,0.00179507,0.00107578,0.00637026,0.0051392,0.00016848,1.561e-05,0.00113637,8.486e-05,0.00240227,0.00042376,0.00106741,0.00123687,7.598e-05,0.00409952,0.00573155,3783670.999998679,5.741598945083872,0.3872424888251123,-0.2074680036394665,0.029714022057655,1
1303753,1303753,CCOC(CCC(=O)NC(C)(C)CC)OCC,5.381,5.719,6.014,6.921,7.085,7.212,7.741,7.875,8.044,8.102,8.267,8.355,8.467,8.64,8.721,8.776,8.903,8.925,8.991,9.067,9.19,9.281,9.34,9.587,9.645,9.959,10.027,10.173,10.311,10.634,10.685,10.874,11.007,11.245,12.188,12.318,12.369,12.472,12.522,12.562,12.598,12.694,12.71,12.763,12.885,12.89,12.927,12.97,12.986,13.0,0.00028404,0.00040762,0.00068426,0.00069037,0.1565235,0.00066733,0.00174805,0.00437342,0.02795851,0.00197131,0.00347,0.01221599,0.01717426,0.00090721,0.02131894,0.00183604,0.00305824,0.02575319,0.01316878,0.00395052,0.0085129,0.00871937,0.00075131,0.0347224,0.00291788,0.00063361,0.00248987,0.00853561,0.0045458,0.00331592,0.00507393,0.0018482,0.00157877,0.00174252,0.10061046,0.0018411,0.00470773,0.00581743,0.01297397,0.00094854,0.00735578,0.00150942,0.00034335,0.00203414,0.00402749,0.03500972,0.00085081,0.00080448,0.00027031,0.00136679,-3941763.999998648,33.9469388126465,3.862342380866145,3.0758770423561845,-2.027214425594757,2
7790143,7790143,C=Cc1ccc(OC(=O)c2cccc(CS(C)(=O)=O)c2)c(OCc2ccccc2)c1,3.167,3.561,3.751,3.935,3.954,3.963,4.016,4.105,4.148,4.258,4.341,4.353,4.412,4.5,4.519,4.604,4.652,4.698,4.719,4.767,4.778,4.784,4.803,4.851,4.858,4.884,4.925,4.956,4.958,4.972,5.0,5.047,5.081,5.09,5.117,5.183,5.207,5.224,5.239,5.247,5.268,5.291,5.314,5.315,5.321,5.334,5.369,5.375,5.389,5.431,0.00160547,0.00041551,5.265e-05,0.01005816,0.02140871,0.08523617,0.00023662,0.01883614,4.532e-05,0.01665777,0.00046713,0.00164062,2.189e-05,3.887e-05,9.67e-06,0.00011522,0.04821505,0.0153759,0.0007891,0.00138752,0.03431372,0.00012249,0.00515401,0.00410157,0.01645978,2.048e-05,0.0007572,0.01339975,0.0316318,0.01358174,0.00117373,0.01942317,0.02336476,0.0013417,0.26886531,0.010247,0.01277926,0.00450776,0.03879585,0.17141367,0.04099019,0.02346011,0.00550315,0.0006993,7.317e-05,0.00034952,0.00204375,0.00766551,0.00149713,0.08813534,2544625.9999991143,-4.584127282591028,-1.5659944186273724,-0.4124199724833809,0.054719157659363,3
1195322,1195322,CCn1c(CNCCC(=O)N2C=CN(c3ccccc3)CC2)nc2ccccc21,2.938,3.323,3.782,3.831,3.989,4.121,4.166,4.456,4.484,4.495,4.529,4.581,4.624,4.64,4.667,4.718,4.882,4.887,4.907,4.932,4.939,4.949,4.986,5.047,5.177,5.222,5.297,5.31,5.402,5.406,5.545,5.56,5.665,5.694,5.759,5.789,5.8,5.803,5.938,5.954,5.988,6.003,6.041,6.058,6.097,6.099,6.102,6.156,6.178,6.195,0.00010601,0.00477617,0.44625942,0.01069746,9.57e-06,0.00057288,0.00171819,0.12894935,3.628e-05,0.00311163,0.0009848,1.445e-05,0.0038617,0.01326209,0.04074148,0.12240794,0.00034055,0.00016371,0.00099051,0.00685805,0.00137382,0.00217657,0.00132961,1.196e-05,3.03e-06,0.00022662,0.00163086,0.00031986,6.496e-05,0.00046035,0.00010041,0.00686182,0.06099267,0.0033126,0.05327547,0.03926912,0.11542722,0.01409377,0.00021234,0.00048267,0.01844852,0.00373921,0.00769179,3.239e-05,0.01053488,6.553e-05,0.00303125,0.36890156,0.4171448,0.01815731,-4050194.9999985863,-1.6639016355187362,-0.2420683508415762,0.1541775482446389,-0.5674330480044462,2
9076186,9076186,Cc1ccccc1CCc1cc(NC(=Nc2ccccc2)c2ccc(N3CCOCC3)c(F)c2)n[nH]1,3.384,3.503,3.518,3.624,3.694,3.709,3.757,3.884,3.899,3.941,4.005,4.092,4.202,4.324,4.483,4.498,4.523,4.576,4.633,4.638,4.652,4.656,4.671,4.716,4.725,4.74,4.742,4.757,4.758,4.817,4.832,4.837,4.957,5.027,5.067,5.079,5.083,5.091,5.096,5.119,5.194,5.229,5.242,5.247,5.259,5.276,5.28,5.295,5.311,5.33,0.0204336,0.00079812,0.00010712,0.01344163,3.735e-05,7.31e-06,0.00805727,0.00050254,0.00011309,0.11000005,0.03477072,0.16197175,0.00551413,0.00498403,0.00271921,0.02819066,0.16489663,0.00767191,0.06081125,0.00094207,9.845e-05,0.0001759,1.582e-05,0.01557597,0.01225593,0.00848238,1.001e-05,1.7e-07,0.00780907,6.859e-05,0.00195627,0.01724786,0.01077433,0.0939071,0.00020346,0.000366,0.00091961,0.00343401,0.00108113,0.00405894,0.02073714,0.01260629,0.04532712,0.00534374,0.00535673,7.223e-05,8.92e-06,3.9e-06,0.0462169,0.00080667,3830668.999998665,-5.545597293085857,-1.2558724788051097,-0.1373199184032687,0.3527971809870464,1
5974805,5974805,COc1cc(C)ccc1CNCc1cccc(CN2C=C(CCCCN)CC2)c1,2.796,2.819,2.99,3.356,4.079,4.102,4.268,4.293,4.419,4.463,4.487,4.659,4.678,4.795,4.95,4.973,5.025,5.155,5.244,5.266,5.297,5.417,5.508,5.624,5.646,5.713,5.738,5.782,5.811,5.831,5.836,5.842,5.859,5.914,5.981,6.016,6.032,6.043,6.071,6.094,6.142,6.153,6.163,6.171,6.178,6.192,6.22,6.269,6.271,6.28,0.00073654,0.00028561,4.29e-06,6.6e-07,0.00168185,0.00172793,0.00017256,0.00163526,0.0094797,5e-07,4.3e-07,0.0,0.0443817,0.02160815,0.0023312,0.00032294,0.0,0.00112204,0.04326772,0.03989479,0.37629426,0.00066326,0.00856751,0.00045922,9.904e-05,0.00409639,0.00476027,0.00184947,0.00826315,0.00157308,0.00029882,0.0028043,0.00220039,0.00078824,0.06810749,0.0153541,7.796e-05,0.02300442,0.00147271,0.00246988,0.00132262,0.0016333,0.00029069,0.00515993,0.00101917,0.01936626,0.40274175,0.00151088,0.01756128,0.00191615,729287.9999997442,-0.422823873027715,0.7200428016815934,-0.7304532833519956,0.057251996883339,4
8717317,8717317,CCCN1CC(CNC(=Nc2ccc(C)cc2)NC)CC1=O,4.492,4.574,4.773,4.838,4.891,5.064,5.143,5.174,5.233,5.323,5.417,5.567,5.611,5.712,5.85,5.887,5.965,6.206,6.24,6.29,6.468,6.574,6.64,6.691,6.717,6.731,6.77,6.846,6.894,7.019,7.128,7.222,7.238,7.304,7.321,7.356,7.367,7.513,7.522,7.55,7.615,7.692,7.699,7.707,7.762,7.806,7.857,7.858,7.894,7.895,0.00069731,0.02954751,4.851e-05,7.3e-06,0.00392551,0.00407827,0.20516754,0.01170958,0.00023229,0.01754148,0.00046557,6.174e-05,0.00019785,0.0013305,0.00320105,0.00172495,0.00139241,0.32455332,0.00062648,0.05912264,0.00186844,0.007552,0.0578286,0.09553556,0.39582347,0.18412598,0.02025709,0.00014617,0.11106088,0.06928624,0.00046845,0.17253069,0.06010079,0.00336979,0.01680456,0.00021202,9.112e-05,0.00037938,0.00014437,0.01403022,0.00040804,0.00081801,9.344e-05,0.00019215,3.979e-05,0.01558512,0.00487907,0.00052657,0.00087243,0.00205574,3471799.999998787,8.349712083196431,0.0149231240533325,0.9393443640211848,0.4152606376228317,1
8387559,8387559,CCCNC(=O)c1ccc(CNc2nc3ccccc3n(C)c2=O)o1,3.214,3.26,3.484,3.671,3.732,3.778,3.794,3.855,4.126,4.248,4.295,4.351,4.454,4.575,4.754,4.756,4.797,4.805,4.821,4.891,4.99,5.022,5.104,5.175,5.212,5.31,5.358,5.396,5.429,5.434,5.484,5.583,5.599,5.674,5.714,5.766,5.812,5.83,5.855,5.867,5.985,6.042,6.054,6.103,6.119,6.185,6.186,6.232,6.32,6.331,0.0009467,4.787e-05,0.05267665,0.21071705,0.00068026,0.01141314,0.01388855,0.00417515,0.0309086,0.00025185,8.791e-05,0.00251777,0.08146542,0.00221472,0.08573796,0.00095571,0.01437044,0.00513729,0.01341739,0.00429255,0.18802355,0.11623684,0.09937718,0.04902516,0.00114989,0.00812814,0.14718401,0.01637661,0.00592634,0.00023827,0.00303209,5.014e-05,0.01757249,0.16779968,0.00064902,0.00553178,0.0087073,0.00257564,0.04159466,0.18612577,3.333e-05,0.00058896,0.00584447,6.023e-05,0.00181444,0.0065354,0.00941672,0.00018172,0.01515734,0.00022611,3142041.999998904,-1.894703221921257,0.393220136916029,0.3993049622658057,0.1091186512443287,1
1252437,1252437,CN(CC1=NC(CCNCCO)=CCC1)C(C)(C)C,2.973,3.766,4.087,4.118,4.364,5.241,5.452,5.593,5.647,5.758,5.806,5.905,6.056,6.123,6.206,6.267,6.427,6.488,6.582,6.587,6.668,6.743,6.876,6.926,6.933,6.949,6.998,7.142,7.39,7.465,7.591,7.745,7.895,7.969,8.059,8.117,8.269,8.271,8.328,8.412,8.466,8.501,8.58,8.638,8.649,8.724,8.899,8.924,8.971,9.032,0.0111925,0.00048182,0.01471092,0.0020645,0.09540627,0.00193035,0.01312456,0.0003938,0.00133633,0.0011118,0.00621132,0.00688979,0.02833691,0.00339983,0.00155742,0.00753955,0.000802,0.00407906,0.00779261,0.00364458,0.00172499,0.03185807,0.02080296,0.00367342,0.00065483,0.00106848,0.03208703,0.0119405,0.00167942,0.0116608,0.02286926,0.33046728,0.00871347,0.00818864,0.0002937,0.02399061,0.00483496,0.00067495,0.02416086,0.0045908,0.00306723,0.00864,0.00827003,0.00193138,0.00449071,0.00215216,0.00642399,0.00350144,0.00227682,0.00050573,-3993079.999998612,11.69182920725278,2.717804989735802,0.5468673323197655,-1.164584890412088,2
2731097,2731097,CCc1ccc(O)c(NC(=O)C2(CCc3cc(C)cc(OC)c3)CCCC2)c1,3.942,3.977,3.981,4.373,4.376,4.406,4.408,4.416,4.699,4.807,4.815,4.867,5.043,5.247,5.316,5.358,5.474,5.593,5.857,5.867,5.908,5.917,5.935,5.969,5.99,5.996,6.0,6.045,6.099,6.183,6.188,6.225,6.268,6.274,6.312,6.325,6.338,6.364,6.365,6.378,6.425,6.43,6.432,6.438,6.449,6.456,6.461,6.471,6.517,6.541,6.269e-05,0.00068745,0.00015449,0.00560828,0.00617944,0.07257673,0.0017586,0.06275013,0.02464989,0.00243397,3.734e-05,0.12758022,6.519e-05,0.00014517,0.02550125,0.05921692,0.00025459,0.00062231,0.34294122,0.02709042,0.21581425,0.02365185,0.0036735,0.04213725,0.00037999,0.00203338,0.00466313,0.01218008,0.27657962,0.00319224,0.00116126,0.01651244,0.00277594,0.00023982,0.05457155,0.00187155,0.00038414,0.01844113,0.10726289,0.00031242,0.00096926,0.00445386,0.00338168,0.01415683,9.29e-05,0.00502661,0.00055284,0.00360869,0.01265829,0.00389243,-2514419.9999991218,2.1803600041648314,-0.6619178888536162,-0.3096282948747593,0.9515304476258044,0
2635079,2635079,Cc1cccc(F)c1NS(=O)(=O)Oc1ccccc1-c1ccccc1,3.931,4.105,4.344,4.408,4.447,4.537,4.636,4.786,4.81,4.835,4.864,4.935,4.952,5.013,5.04,5.044,5.086,5.136,5.192,5.205,5.267,5.295,5.351,5.365,5.422,5.43,5.464,5.478,5.49,5.51,5.571,5.576,5.605,5.613,5.625,5.654,5.691,5.796,5.837,5.848,5.874,5.903,5.905,5.915,5.92,5.971,5.986,5.993,6.002,6.04,0.0002366,0.03951747,0.0010187,0.01084283,8.41e-06,0.02842323,0.10253493,0.01405483,0.06046881,0.01535577,0.00375559,0.00299348,0.0005243,0.00132628,0.00619651,0.01256952,0.00621906,0.0304525,0.01174443,0.00255744,0.00439737,0.00277775,0.06799814,0.00103886,0.00020291,0.00807684,0.01754267,0.01356903,0.00265278,0.0086445,0.00158822,0.0033175,0.00664151,0.00481919,0.01845767,6.931e-05,0.01197276,0.00191771,0.00154932,0.00260906,0.01096905,0.03273935,0.1280016,0.0009377,0.01016339,0.31554724,0.01092808,0.04852479,0.03253405,0.00291374,-2610437.999999089,-0.7145144334523,-2.1564409433719214,-0.1926874754174992,-0.0680160527413974,0
1472020,1472020,COc1ccc(OC)c(CNc2cccc(-c3nn(-c4ccccc4)cc3CNCc3ccc(C)c(C)n3)c2)c1,3.048,3.23,3.416,3.424,3.514,3.62,3.633,3.698,3.711,3.895,3.957,4.013,4.019,4.023,4.055,4.065,4.099,4.129,4.133,4.162,4.204,4.25,4.296,4.314,4.38,4.389,4.402,4.416,4.505,4.509,4.522,4.539,4.571,4.609,4.625,4.641,4.669,4.676,4.694,4.737,4.742,4.777,4.826,4.846,4.857,4.921,4.972,4.987,4.996,5.03,0.00358464,5.19e-05,0.0003289,4.028e-05,2.146e-05,8.9e-07,0.00162355,2.054e-05,4.1e-07,1.37e-06,0.00111223,0.00042202,0.14314776,0.0089322,0.22995889,0.07998286,0.07682259,0.00241674,0.01350991,0.0020954,0.00142608,0.00609462,0.08460553,0.00054537,0.00438418,0.0600708,1.41e-06,0.00055879,0.03856016,0.00108884,1.263e-05,0.00638172,0.03088602,1.281e-05,0.00175467,0.0038975,0.00478365,0.05712284,0.00076102,0.00024133,5.002e-05,0.00566311,0.00284837,9.823e-05,0.00179046,2.79e-06,0.00118369,0.00016586,4.402e-05,0.00247285,-3773496.999998681,-7.88986122129729,-1.4318827335062645,-0.124294525562635,-0.0898335142603686,2
1423660,1423660,CCn1c(-c2cn[nH]n2)nnc1N1CCOCCN(c2ccccc2C#N)CC1,2.576,3.064,3.176,3.323,3.453,3.671,3.81,3.826,4.025,4.046,4.091,4.403,4.513,4.553,4.562,4.617,4.645,4.781,4.792,4.858,4.888,5.034,5.102,5.144,5.228,5.238,5.257,5.27,5.295,5.339,5.375,5.445,5.45,5.475,5.523,5.548,5.55,5.6,5.62,5.626,5.671,5.743,5.766,5.783,5.829,5.849,5.868,5.898,5.968,5.988,0.00053936,0.00527073,0.00231299,0.0105688,0.00068935,0.01149901,0.00040461,0.0135301,0.00016877,0.00106039,0.00438362,0.00088285,0.03510135,9.35e-06,0.00978636,0.00889731,0.11174604,0.00182462,0.04614305,0.00053393,0.02380868,0.00065602,0.01301455,0.00015423,0.08434576,0.00111067,0.00037766,0.14973685,0.00145333,0.08997743,0.00041826,0.00519053,3.114e-05,0.00031641,0.00042263,0.02443573,0.00011276,0.00297633,0.00355324,0.00152441,0.00204956,0.00549438,0.00053038,0.00228448,2.792e-05,0.00010487,0.00106702,0.01381478,0.00045136,0.02121767,-3821856.999998667,-3.125390064117465,0.5392582001115973,-0.3737979264330041,0.1647831965370482,2
9925505,9925505,COc1ccccc1C1=C(c2nc(-c3cnc(OCCC(F)F)cn3)no2)S1,2.196,2.775,2.835,2.869,3.225,3.269,3.623,3.739,3.745,3.777,3.923,3.951,4.077,4.132,4.217,4.295,4.42,4.453,4.486,4.516,4.527,4.631,4.644,4.662,4.692,4.707,4.722,4.738,4.773,4.79,4.851,4.915,4.964,4.977,4.994,5.024,5.084,5.088,5.133,5.241,5.257,5.272,5.332,5.39,5.412,5.452,5.469,5.475,5.48,5.511,0.08911838,0.00425608,0.00811844,0.00268436,0.0090818,0.07346603,0.00713878,0.02960859,0.01058582,0.06990711,0.04208267,0.00245698,0.00028847,0.05168705,0.07309179,0.01139819,0.00345867,0.06512827,0.02591915,0.08886049,0.01902061,0.04962105,0.07487458,0.07602335,0.00855435,0.05582608,0.00278638,0.00286684,0.03325402,0.0779054,0.00030908,0.00137652,0.00269448,0.00714156,0.00417551,0.0020731,0.02786804,0.00142637,0.00332441,0.02043673,0.03539341,0.00622489,0.00884101,0.0201257,0.02924746,0.01579828,0.00257538,0.00734326,0.0018094,0.00055461,4679987.999998367,-6.041585504447048,0.5156746660943718,-0.5090396826987517,-0.1660031194112622,1
2768766,2768766,CN=C(CN1CCN(C(NCCn2cncn2)OO)CC1)N1CCc2ccccc21,3.599,3.669,3.9,4.205,4.276,4.313,4.522,4.566,4.604,4.61,4.638,4.675,4.844,4.851,4.913,4.972,5.041,5.152,5.179,5.338,5.343,5.414,5.425,5.462,5.494,5.509,5.549,5.626,5.712,5.715,5.817,5.848,5.859,5.915,5.923,5.992,6.086,6.096,6.116,6.174,6.213,6.226,6.234,6.256,6.287,6.304,6.312,6.35,6.376,6.386,0.00143748,0.00096675,0.01959151,0.00530726,0.01538147,0.34663425,1.912e-05,0.00071522,0.00052966,2.694e-05,0.00626297,0.00480974,6.73e-06,0.00059351,2.5e-07,3.728e-05,0.00021185,3.226e-05,0.01642239,0.00549098,0.00134674,0.00032229,3.304e-05,0.0003362,0.00010953,0.00023726,0.00059314,1.2e-06,0.17052786,0.00011182,0.01030591,0.05041876,0.02180295,7.604e-05,0.00035836,6.949e-05,0.0010668,2.2e-06,1.415e-05,0.00016138,0.01154356,0.00083768,0.00641062,5.7e-07,0.0011277,0.00261383,0.00380472,0.00034173,0.00122314,0.0149363,-2476750.999999136,0.1015411484727504,-0.6493089538036921,0.2124268422661347,-0.0471649611616431,0
2491673,2491673,CC(CCCn1ccnc1)c1nn(C)cc1NC(=O)NCC1CC(NCc2nnnn2C)C1,4.4,4.71,4.799,4.968,5.06,5.162,5.169,5.217,5.244,5.342,5.397,5.406,5.426,5.527,5.553,5.617,5.623,5.656,5.666,5.686,5.71,5.746,5.81,5.92,5.953,5.962,5.972,5.989,6.086,6.111,6.159,6.164,6.182,6.219,6.223,6.243,6.247,6.248,6.27,6.364,6.373,6.409,6.432,6.474,6.484,6.5,6.521,6.524,6.539,6.607,4.28e-06,5.2e-07,0.00068212,0.00296688,7.489e-05,0.00416,0.08117513,0.0002442,0.00121075,0.00065445,0.00017312,3.274e-05,1.27e-06,6.9e-07,2.288e-05,3.067e-05,0.0216552,0.02364986,3.272e-05,2.494e-05,0.00019387,3.807e-05,0.23563989,0.00245677,0.00020172,0.00021091,0.00246217,0.00645522,0.00018959,0.00016748,0.00116648,2.48e-06,0.00011624,1.577e-05,0.00013996,1.4e-07,1.348e-05,0.00165536,0.00015765,0.03826422,0.00037903,2.444e-05,0.04081744,9e-08,3.532e-05,0.03763234,0.0084455,0.00112013,0.0017513,0.01488556,-2753843.9999990384,2.9827555618726347,-2.6410346790765304,-0.131879680452913,-0.0441556214670964,0
5230611,5230611,CN(C)CCCNC(=O)CSCC(=O)Nc1csc2ccccc12,3.372,3.531,3.666,3.682,4.01,4.053,4.17,4.235,4.311,4.494,4.534,4.581,4.652,4.695,4.705,4.758,4.82,4.837,4.874,4.952,5.079,5.219,5.399,5.429,5.503,5.555,5.586,5.645,5.711,5.732,5.824,5.867,5.916,5.937,5.953,5.978,6.023,6.028,6.05,6.078,6.156,6.174,6.193,6.199,6.242,6.243,6.286,6.3,6.328,6.35,4.2e-07,3.041e-05,0.0201574,0.03093781,7.7e-07,0.01982818,4.258e-05,6.032e-05,1.491e-05,0.00131515,0.00079696,0.00036313,0.00189223,0.11961336,0.01220203,0.05558145,0.00189375,0.00089013,1.53e-06,0.00374646,0.13186905,5.95e-06,0.00418408,0.00062215,0.01757407,0.00010605,0.03784682,0.26730781,5.007e-05,0.00666264,0.00309818,0.00023403,0.07881989,0.00094084,0.00999737,0.00061741,0.00136123,0.0013174,0.00462242,0.0461051,0.00065232,0.00709589,0.00038876,0.00719848,0.00037313,0.00010124,6.319e-05,6.565e-05,0.0800732,0.00021383,-14905.999999995356,-0.6438685647088724,0.0985846517270113,0.4110448860981948,0.143241575462563,4
6338595,6338595,Cc1cc(NC(=O)c2cn(-c3ccccc3)nc2C2CC2)n(CCO)n1,2.748,3.143,3.226,3.279,3.659,3.79,4.036,4.074,4.211,4.216,4.244,4.386,4.459,4.578,4.592,4.593,4.713,4.751,4.806,4.903,5.009,5.028,5.04,5.115,5.125,5.313,5.322,5.328,5.362,5.454,5.46,5.465,5.503,5.54,5.599,5.629,5.692,5.752,5.776,5.78,5.81,5.865,5.894,5.996,6.018,6.022,6.048,6.073,6.126,6.142,0.02408322,0.00234336,1.937e-05,0.0009053,1.698e-05,5.53e-06,0.51276381,0.00323928,0.06395418,0.00238084,0.01558626,0.01492153,0.06416225,0.0045137,0.00723552,0.01202279,0.00107515,0.00063801,0.05225268,0.00493523,0.02870649,0.01055864,0.00143462,0.00553628,0.06018934,0.00169706,0.00162202,0.00115816,0.02250278,0.00016654,0.00116515,0.00447159,0.00021335,5.809e-05,0.02398874,0.01014632,0.07700923,0.00061153,0.01703717,0.00368022,0.02922358,0.00031283,0.00519719,0.23308041,0.05948104,0.01271342,0.09048851,0.00047952,0.00160537,0.04468595,1093077.9999996182,-2.478673426900422,0.4827058744816261,-0.0945433310455149,-0.1521867560399802,3
5207683,5207683,CCCc1nc(Cn2c(N3CCn4c(c(NCC)n(CC)c4=O)C3)nnc2C(C)(C)OCC)cs1,1.993,2.596,2.85,3.549,3.909,3.956,3.965,4.281,4.382,4.445,4.509,4.515,4.591,4.702,4.782,4.824,4.846,5.043,5.061,5.093,5.109,5.185,5.226,5.299,5.356,5.518,5.524,5.638,5.688,5.781,5.884,5.93,5.936,5.996,6.003,6.008,6.025,6.04,6.073,6.107,6.121,6.134,6.228,6.256,6.278,6.283,6.302,6.346,6.351,6.385,0.00068496,0.000622,3.211e-05,4.501e-05,0.00061896,4.485e-05,2.271e-05,0.00161076,6.142e-05,0.00309496,0.00016088,0.00135954,0.00434271,0.00138054,0.00013552,0.00023213,0.08536523,0.00136623,0.01443129,0.00321686,0.12982684,0.03120477,0.00369437,0.00083813,0.0114444,0.12865798,0.00872868,0.07790984,0.00054989,0.00198799,0.00208692,2.73e-05,0.00015024,0.00034151,0.00039426,0.00765859,0.00183446,0.00144817,4.968e-05,0.00209557,0.10595748,0.00062249,7.057e-05,0.02239034,1.244e-05,0.00018568,0.00901722,0.00014785,0.00025772,0.02324551,-37833.999999984575,-0.8958201891093301,1.392552334118773,-0.556552724255379,-0.5770206914197971,4
361946,361946,O=C(NCCc1ccncc1)c1ccccc1C(=O)NCc1ccccc1-c1ccccc1,3.122,3.336,3.44,3.544,3.624,3.839,3.854,3.945,3.949,3.973,4.046,4.087,4.099,4.138,4.152,4.155,4.181,4.2,4.212,4.226,4.285,4.318,4.326,4.376,4.388,4.393,4.427,4.437,4.478,4.53,4.54,4.541,4.568,4.583,4.601,4.633,4.64,4.643,4.643,4.701,4.71,4.723,4.749,4.759,4.765,4.815,4.828,4.892,4.942,4.95,0.00195137,8.62e-06,0.00023133,3.73e-06,0.00109386,0.00056245,0.00783587,2.86e-06,0.00189566,0.00099671,3.262e-05,0.00469146,3.859e-05,0.00016944,1.203e-05,0.00083644,0.0002587,0.00028811,0.00011621,0.00114714,0.0001295,8.594e-05,2.744e-05,0.00054129,1.132e-05,0.00211339,0.0004686,0.00049122,5.645e-05,0.00024494,0.00016591,3.115e-05,0.00581047,0.00010072,5.063e-05,1.388e-05,2e-06,2.72e-06,3.339e-05,2.004e-05,0.00468078,0.00611292,3.97e-06,0.00094504,0.00023066,0.00037691,4.25e-06,0.00024492,0.00045858,0.01042103,-4883570.999998294,-7.742794223324412,-1.9393318739362635,-0.4078122474759202,-0.1802051805459203,2
8065690,8065690,Cc1cc(F)c(NC2CCC(N(C)c3ccccc3)CC2)nn1,3.2,3.672,3.872,4.037,4.062,4.101,4.175,4.315,4.328,4.468,4.512,4.538,4.746,5.021,5.153,5.312,5.365,5.375,5.583,5.591,5.66,5.732,5.775,5.824,5.868,5.914,5.919,5.982,5.992,6.008,6.061,6.068,6.083,6.195,6.21,6.347,6.351,6.353,6.389,6.426,6.442,6.495,6.562,6.571,6.575,6.656,6.666,6.673,6.689,6.704,1.52e-06,0.00062423,0.00278148,0.00011586,0.02936465,0.03731564,0.0001712,1.322e-05,3.62e-06,0.0001139,0.0026504,0.00022187,3.443e-05,0.2056238,0.00046963,0.00442177,0.01652764,0.0007764,6.58e-06,0.00103457,0.00787915,6.048e-05,0.00038094,0.00131604,0.00012983,0.00035412,0.00020682,0.01262579,2.048e-05,0.00034835,0.00415951,0.01345668,0.12131835,0.00568489,0.00220035,0.07677979,0.10320806,0.00127574,0.00288709,0.00235197,0.03126616,0.01080185,0.01723727,0.00176261,0.03023798,0.00209353,0.35918901,0.09852288,0.03155037,0.15059759,2820172.999999014,1.5075377043764853,0.4798949477046547,0.0538010752582409,0.6030605221923705,3
7739563,7739563,CC(=CC(=O)NCCNC(=O)c1ccc2c(c1)C=CNC=NC2=O)c1cccs1,2.454,2.522,2.927,2.995,3.064,3.168,3.204,3.339,3.409,3.61,3.664,3.747,3.756,3.853,3.884,3.922,3.975,4.019,4.027,4.049,4.063,4.107,4.121,4.229,4.253,4.303,4.384,4.425,4.446,4.464,4.571,4.578,4.582,4.625,4.71,4.725,4.733,4.809,4.822,4.845,4.899,4.917,4.927,5.005,5.034,5.069,5.073,5.096,5.124,5.159,7.839e-05,0.00014373,0.00096977,0.00072013,0.00011193,0.0004188,0.0139176,0.00066979,0.0014614,0.00012366,0.0031819,0.01714079,0.00031645,9.493e-05,0.00600776,0.00010752,7.168e-05,0.00075048,0.00034019,0.00079072,0.04441285,0.28856208,0.00253314,2.19e-05,0.01555375,0.00277464,0.00012379,0.04868977,0.03061447,7.835e-05,0.00078681,0.01780513,0.0092305,3.96e-06,0.00520044,0.00126086,0.00033397,0.0083551,0.00039589,0.00013034,0.07399666,0.05133566,0.04444372,2.197e-05,3.002e-05,9.767e-05,2.551e-05,4.538e-05,0.03560003,0.00031744,2494045.999999132,-8.380941081903847,0.1610202051685685,0.0051557401452388,-0.16587296306518,3
1661632,1661632,CC(C)(Oc1ccccc1)C(=O)OCOc1cc(C=NNCc2cnc3ccccc3c2)ccc1OCCC#N,2.227,3.058,3.256,3.309,3.33,3.484,3.567,3.578,3.723,3.828,3.848,3.93,3.951,3.96,3.98,3.99,4.051,4.149,4.172,4.214,4.22,4.292,4.317,4.375,4.423,4.43,4.443,4.452,4.474,4.506,4.545,4.615,4.627,4.655,4.67,4.684,4.694,4.775,4.793,4.813,4.82,4.843,4.844,4.882,4.883,4.885,4.941,4.949,4.951,5.013,0.01098104,2.374e-05,0.00179975,0.03902139,3.295e-05,0.00164154,0.00031306,2e-08,0.00680268,0.19808438,0.00919557,0.11813353,0.01745618,0.16614253,0.14595503,0.00011339,0.0552999,9.259e-05,4.902e-05,0.05134126,0.00064064,0.0159068,0.00763854,0.01313486,6.772e-05,0.00016071,0.00133565,0.00722566,0.0112974,0.00071835,0.02800189,1.096e-05,0.01640336,0.00079858,0.00085422,0.00094457,0.0017617,0.00055634,0.00734708,0.00260304,0.01675827,0.0012832,0.00071424,4e-07,0.00117578,0.00028919,4.732e-05,0.0026029,6.177e-05,0.00136631,-3583884.999998749,-7.983668136087598,-0.7334589130079785,-0.4341119032760523,-0.2137981202137538,2
640750,640750,Cc1nc(C(=O)NCCCn2nc3n(c2=O)CCCCC3)nn1-c1ccccc1F,1.989,2.336,2.571,2.581,2.928,3.163,3.249,3.459,3.804,3.811,3.97,4.04,4.053,4.108,4.262,4.363,4.556,4.608,4.637,4.689,4.7,4.721,4.804,4.843,4.886,4.914,4.955,5.099,5.102,5.171,5.211,5.275,5.281,5.361,5.375,5.396,5.438,5.511,5.561,5.578,5.602,5.621,5.693,5.722,5.752,5.803,5.842,5.855,5.931,5.962,0.00028452,1.033e-05,0.00066656,3.299e-05,1.82e-06,7.13e-06,0.00174532,0.00138897,9.983e-05,0.00051962,0.15726755,0.00050176,0.01981368,7.217e-05,0.000164,0.01809392,0.20935447,1.016e-05,0.00200032,4.406e-05,4.674e-05,0.00057501,0.00022117,0.00038247,0.14172735,0.01978843,0.00110532,0.02091289,0.02565159,0.01605116,0.00037856,0.00259912,9.237e-05,0.00026457,4.892e-05,0.00198511,0.0933292,0.00013679,0.02315051,0.00295103,0.00108552,0.05210363,0.04237507,0.00647306,0.01052128,0.00023823,0.02112257,0.00122935,0.07932561,0.0391354,-4604766.999998393,-4.6423079869034805,1.9238112977879804,-0.4097136374683564,-0.0205870165499125,2
6957033,6957033,CCN(Cc1cccc(C2CC2)c1)S(=O)(=O)c1cccc(NC(=O)OCC(F)(F)F)c1,3.193,3.515,3.813,3.978,4.254,4.26,4.288,4.309,4.382,4.442,4.452,4.547,4.731,4.865,4.896,4.927,4.992,5.016,5.058,5.101,5.132,5.166,5.258,5.265,5.302,5.327,5.341,5.394,5.412,5.467,5.48,5.493,5.496,5.505,5.52,5.578,5.64,5.683,5.715,5.736,5.761,5.778,5.805,5.84,5.873,5.909,5.934,5.953,5.973,5.975,0.08566261,0.00235205,0.00092327,0.00079682,0.00084251,0.00081359,2.306e-05,0.01869348,0.02945582,0.00828031,0.00040781,0.00185293,0.00114924,4.028e-05,6.879e-05,0.00132614,0.03939549,0.00046782,0.15189168,0.00081063,0.00305867,0.00140062,0.00092078,0.00354031,0.00364042,0.02741611,2.315e-05,4.006e-05,0.02014907,0.01535669,0.00106034,0.00778186,0.0001378,0.00455224,0.001085,0.00032436,0.01875341,0.05789199,0.05471121,0.00903426,0.01206029,0.31975395,0.02391018,0.00059459,0.03069522,0.04822461,0.05058553,0.0638378,0.02837202,0.0429643,1711515.9999994033,-1.827699172488925,-0.9710941108881403,-0.3872714519217949,-0.0062435749511655,3
2393453,2393453,Cc1cccc(Cc2noc(-c3cncc(-c4ccc5c(c4)CCO5)c3)n2)c1,3.095,3.747,3.763,3.829,3.969,4.236,4.267,4.286,4.301,4.305,4.324,4.338,4.346,4.366,4.498,4.626,4.705,4.775,4.779,4.814,4.921,4.924,4.951,4.969,4.979,4.992,5.033,5.059,5.102,5.113,5.137,5.196,5.233,5.24,5.297,5.328,5.346,5.386,5.416,5.447,5.453,5.467,5.497,5.526,5.535,5.546,5.567,5.589,5.599,5.631,0.00779928,0.00107746,0.16726661,0.0018804,0.00575538,0.00223314,0.26483814,0.01304652,0.00957722,0.03647371,0.04510888,4.675e-05,0.00527439,0.02820706,0.00076158,0.00197538,0.0001038,0.03761639,0.00224464,7.717e-05,0.00132303,0.15189436,0.01380528,0.04379218,0.05059984,0.01373049,0.01778472,0.00236984,0.00073699,8.087e-05,0.00327631,0.04368961,0.02489662,1.768e-05,0.01277419,0.00851721,0.04863478,0.00213598,0.02150406,0.02663089,0.01461375,0.01645992,0.01625269,0.00080542,0.00017705,0.00073013,0.01716992,0.00013586,3.574e-05,0.00149306,-2852063.9999990035,-3.722279823479816,-1.3478163847224534,-0.1793393086588073,-0.0858172705717662,0
8328942,8328942,CCOC(=O)CNC(CSc1nnc(-c2ccccc2)n1C)=NC1CC1,3.85,3.93,3.963,4.123,4.143,4.341,4.363,4.39,4.542,4.666,4.681,4.879,4.89,4.898,4.988,5.016,5.113,5.115,5.141,5.223,5.272,5.292,5.337,5.339,5.346,5.472,5.474,5.498,5.51,5.567,5.599,5.61,5.611,5.634,5.733,5.755,5.819,5.837,5.858,5.889,5.941,6.017,6.046,6.081,6.086,6.092,6.094,6.118,6.127,6.129,0.06669285,0.05628277,0.0169286,0.00034233,0.00230445,0.02809955,6.497e-05,0.00073934,0.00091693,0.00243672,0.02315141,0.02271006,5.375e-05,0.00087953,0.00683205,0.0244535,0.01044003,0.00264173,0.00025696,0.02503645,0.00102126,5.554e-05,0.00294654,0.02857263,0.00449705,0.00140594,0.01634658,0.00038307,0.00073343,3.229e-05,0.03725576,0.01352834,0.0087546,0.01108858,4.861e-05,0.000182,0.00366834,0.20210996,0.00833219,0.16815337,0.00084068,0.06404001,0.01137534,0.00256009,0.00207862,0.01440303,0.00189394,0.0038499,0.0071487,0.00137019,3083424.9999989253,-0.7673221378257026,-1.28752501122616,-0.0420328249435566,0.1524434001375763,3
8338475,8338475,Cc1occc1Cc1sc(N)nc1CCCC(=O)NCCCc1cnn(C)n1,4.268,4.37,4.523,4.673,4.694,4.781,4.794,4.9,4.926,4.961,5.14,5.301,5.335,5.386,5.429,5.504,5.524,5.543,5.562,5.599,5.701,5.788,5.795,5.797,5.808,5.811,5.919,5.928,5.964,5.987,6.01,6.039,6.053,6.066,6.127,6.165,6.172,6.199,6.21,6.245,6.267,6.28,6.342,6.364,6.379,6.401,6.409,6.43,6.462,6.468,0.00790594,0.01731033,1.975e-05,0.02069494,0.00012063,0.00056354,0.15073615,1.104e-05,0.00132391,0.00015728,0.01259602,6.045e-05,9.3e-07,0.00136465,0.00382807,0.00043148,6.95e-06,0.000384,0.00084054,1.96e-06,7.62e-06,0.00532238,0.0263534,3.938e-05,0.05632108,0.01277905,0.17245662,0.00179751,2.6e-07,4.661e-05,0.02319202,0.02870446,7.25e-06,0.01274303,5.826e-05,2.4e-06,0.00962788,4.414e-05,1.09e-06,0.00019253,0.00180065,0.00584377,7.1e-07,3.34e-06,0.01090161,0.00034302,0.00188669,0.04203298,0.0002032,0.00048513,3092957.999998921,2.036203990653306,-2.002845922847813,-0.2169531617985617,0.2929016942438263,3
634938,634938,Cc1ccc(Cc2cnc(NC(=O)N(Cc3cccnc3)Cc3ccccc3C)s2)c(C)c1,3.239,3.296,3.381,3.452,3.935,3.989,4.03,4.049,4.066,4.073,4.087,4.138,4.149,4.172,4.194,4.242,4.276,4.352,4.395,4.446,4.452,4.482,4.501,4.505,4.531,4.538,4.562,4.585,4.602,4.607,4.647,4.658,4.66,4.693,4.717,4.742,4.743,4.808,4.814,4.847,4.932,4.941,4.968,5.044,5.05,5.063,5.108,5.123,5.135,5.137,0.00076477,0.00040508,0.00068598,0.00151617,0.00334576,0.00045531,5.429e-05,0.01107608,0.05922707,0.00065296,1.433e-05,0.00207367,0.00619075,6.86e-06,0.00210526,8.985e-05,0.00068724,0.01551325,2.1e-07,0.01659719,7.366e-05,0.28259377,0.00515054,0.00178266,4.721e-05,3.74e-06,0.00127556,0.00013569,0.00021187,2.05e-06,1.4e-07,0.00015261,0.00120652,0.01706479,5.981e-05,0.00043938,4.76e-05,0.00088043,0.00030996,0.00041732,1.07e-05,6.796e-05,0.00143478,0.00053883,0.00020752,0.00459117,0.00478537,0.00107562,0.00013698,0.00447133,-4610578.999998389,-6.736740228806155,-1.762544054298787,-0.3238810159454693,-0.2936156339311455,2
4806885,4806885,CN(C)Cc1scnc1CCC(=O)NC1CN(CC2CC(C)(C)C2)C1,2.86,3.105,3.467,3.789,4.569,4.662,4.67,4.694,4.818,4.923,5.166,5.173,5.201,5.355,5.361,5.459,5.52,5.546,5.577,5.605,5.648,5.74,5.777,5.865,5.9,5.954,6.01,6.055,6.12,6.198,6.234,6.298,6.351,6.386,6.396,6.492,6.529,6.615,6.629,6.675,6.71,6.729,6.744,6.758,6.866,6.871,6.879,6.907,6.967,7.015,5.305e-05,0.00021194,0.00097544,0.0001916,0.00015975,0.0428819,0.00468212,0.04911196,0.00049564,0.00031512,0.00086232,0.00286407,0.00565986,0.00120974,0.00059235,0.0071238,0.022539,0.04792006,0.00024928,0.00295036,0.00051432,0.00121921,0.00045861,0.00119458,0.00013872,0.00113387,4.299e-05,0.00014247,0.00531121,0.00274087,0.00122517,0.0002263,0.00849339,0.00070955,0.00302533,0.00037215,0.0093601,0.00011946,0.00015945,0.00945931,0.05487739,0.00203282,0.01020527,0.00135737,0.00031785,0.00452373,0.00021706,0.00605455,0.01221473,0.00217082,-438631.9999998489,2.849391467524068,0.6512829588557676,-0.5453039066750606,-0.6565263562453059,4
9109152,9109152,CC1(C)N=C(O)C(CCCN(Cc2cccc3ccccc23)C2CCCC2)C1=O,2.722,3.046,3.698,3.75,3.888,4.001,4.025,4.081,4.228,4.38,4.433,4.658,4.672,4.722,4.729,4.826,4.948,4.98,5.0,5.048,5.055,5.075,5.104,5.123,5.277,5.307,5.355,5.358,5.373,5.418,5.435,5.466,5.559,5.644,5.651,5.692,5.71,5.712,5.735,5.751,5.782,5.795,5.829,5.843,5.888,5.9,5.923,5.962,6.01,6.017,0.00148366,3.755e-05,0.00017525,0.00068397,0.08551544,2.66e-06,2.992e-05,0.00025628,0.00732872,2.022e-05,2.9e-07,0.00147104,0.00082802,0.00202087,0.00134464,8.973e-05,0.00027695,6.23e-06,0.00032964,8.509e-05,2.92e-05,0.00098788,0.00304349,7.06e-06,0.00119942,0.00063594,2.214e-05,0.00440857,0.00087756,0.00239093,0.00674357,0.47011483,0.00075653,0.03425477,0.00011129,0.00620338,0.00036902,0.13410967,0.17013272,4.178e-05,0.00016677,0.03050159,1.795e-05,0.00444569,0.01908897,0.00053812,0.00399265,0.03354301,3.387e-05,0.00096467,3863634.999998653,-2.1590755951989915,-0.1445229110034939,-0.5110046955903587,-0.1091804058716709,1
8808001,8808001,O=C(CC=C(O)Cc1nc(-c2cc3ccccc3o2)cs1)c1ccccc1,2.889,2.969,3.063,3.356,3.44,3.469,3.668,3.738,3.76,3.864,3.961,4.067,4.221,4.243,4.267,4.307,4.333,4.387,4.398,4.541,4.567,4.597,4.608,4.695,4.839,4.857,4.886,4.936,4.954,4.97,4.994,5.031,5.072,5.105,5.113,5.138,5.142,5.154,5.17,5.21,5.245,5.259,5.285,5.292,5.297,5.387,5.426,5.44,5.456,5.494,0.00027393,0.00123382,1.065e-05,0.00211211,0.00578748,0.17372206,0.00010881,0.00596746,0.06958617,0.00013079,0.00010388,0.30229768,0.01075207,4.273e-05,2.38e-06,0.00030677,0.00013399,2.109e-05,5.09e-06,0.12117861,0.00015584,0.00884111,0.00222282,0.01463382,0.00013205,0.00012595,0.01899188,2.6e-07,0.09814717,0.11512843,0.14793687,3.466e-05,0.00042678,0.03382755,0.00022267,0.00922534,0.00036055,0.00013153,0.02487361,0.00211317,6.361e-05,0.07511732,7.08e-06,0.00015565,0.00140897,0.00048818,0.0272103,0.03093646,0.00369442,0.00016436,3562483.9999987585,-5.591275916395718,-0.1572400839018359,-0.1938549197816343,0.198814253034383,1
5970643,5970643,CCNC(=O)N(C)c1cccc(NC(O)NCCc2ccc(C(C)(C)OC)cc2)c1,3.76,3.794,3.877,3.911,4.04,4.074,4.125,4.268,4.303,4.311,4.44,4.474,4.516,4.532,4.593,4.659,4.694,4.74,4.893,4.922,4.931,5.11,5.154,5.163,5.238,5.286,5.321,5.352,5.4,5.433,5.481,5.499,5.532,5.56,5.571,5.592,5.665,5.96,5.997,6.071,6.079,6.1,6.114,6.134,6.159,6.235,6.251,6.285,6.29,6.301,4.87e-05,5.585e-05,1.02e-05,5.93e-06,3.757e-05,0.00012924,0.00169861,0.0001148,0.00063154,0.04173219,1.85e-06,1e-07,5.71e-06,0.00313425,0.02648639,5.201e-05,0.00037514,0.00461546,0.10655005,1.198e-05,0.06536969,0.00413082,0.01512117,0.00128478,0.16476649,0.00034014,0.00064515,0.05550727,0.05890852,0.03299424,0.03287897,0.00083081,8.707e-05,0.01610029,0.0033726,0.00031832,9.882e-05,0.00023031,0.00015858,1.006e-05,0.00065252,0.00355538,0.00092173,0.00085147,0.00524143,0.00811138,0.00798115,0.04306461,0.00099185,0.02137566,725125.9999997471,-1.5424561524539266,-0.5283221041382888,0.9082458699310914,-0.0479525066354432,4
6364652,6364652,COc1cc(OC)c(CNC(=O)NNC(=O)N(C)CCOCc2ccc(C#N)cc2)c(OC)c1,2.968,3.15,3.181,3.424,3.46,3.507,3.632,3.641,3.672,3.775,3.915,3.984,3.996,4.123,4.126,4.264,4.364,4.475,4.482,4.564,4.618,4.682,4.732,4.74,4.896,4.941,4.945,4.991,5.014,5.08,5.118,5.161,5.175,5.177,5.193,5.226,5.279,5.34,5.374,5.484,5.492,5.565,5.613,5.622,5.669,5.671,5.696,5.731,5.745,5.804,6.935e-05,3.445e-05,5.694e-05,6.6e-07,1.14e-05,0.00233986,5.39e-06,1.602e-05,1.757e-05,0.0005631,3.5e-07,4.72e-05,0.00027236,6.47e-06,1.3e-07,0.00088519,0.00019302,1.025e-05,0.00115724,0.00013303,3e-08,0.00014526,0.00181539,0.01233518,4.28e-06,0.0014348,0.00082635,0.00394783,1.826e-05,0.00632677,0.0702074,0.00027389,0.04789527,0.0020114,0.09972297,0.00139638,2.367e-05,4.115e-05,0.0022367,0.00028039,0.00456187,0.12172196,0.00016232,0.00070189,2.083e-05,0.0382424,0.01431782,0.00030985,0.00015161,0.2911258,1119134.9999996114,-4.82120374535158,0.2790455872536873,0.4755156922059956,0.2239135531766765,3
2466360,2466360,Cn1cnc(NC(CSC=C(O)c2ccccc2)Nc2ccccc2F)n1,3.194,3.478,3.566,3.645,3.846,3.855,4.005,4.035,4.19,4.457,4.508,4.538,4.549,4.609,4.728,4.789,4.823,4.87,4.875,4.881,4.964,5.003,5.038,5.078,5.084,5.112,5.192,5.232,5.276,5.294,5.313,5.397,5.446,5.51,5.512,5.529,5.635,5.794,5.84,5.847,5.853,5.87,5.888,5.888,5.899,5.924,5.986,5.993,6.015,6.021,0.00545454,4.736e-05,0.00044901,0.0002736,0.02684347,5.737e-05,0.00027094,0.00178945,0.00025337,0.04671404,0.00252574,0.02691519,0.00027368,0.01819275,0.00160225,0.00011634,0.00025053,0.00071664,8.158e-05,0.00189883,0.01048965,0.17052018,0.00011937,4.04e-06,0.01761453,3.32e-06,0.00261408,0.00102081,0.00101158,0.12532137,0.02594687,2.65e-05,0.02786531,0.00026652,0.00155713,3.132e-05,8.67e-05,0.00033335,0.01864521,0.0003361,0.01483297,0.00041002,0.00467615,0.00022312,0.00238893,0.00010249,0.00115757,0.02319872,0.00028756,0.00445857,-2779156.9999990296,-2.4275034752309588,-0.3407415357373604,0.0154630694879564,-0.0962410606611308,0
4668790,4668790,CCCC(=O)Nc1ccc(C(=O)CSc2nnc(N3CCOCC3)n2Cc2cccc(F)c2)cc1,2.615,3.023,3.024,3.43,3.437,3.453,3.484,3.512,3.606,3.842,3.848,3.889,3.915,4.019,4.03,4.045,4.128,4.215,4.26,4.268,4.307,4.334,4.375,4.375,4.388,4.432,4.46,4.478,4.491,4.554,4.573,4.629,4.702,4.792,4.798,4.812,4.884,4.941,4.981,5.014,5.034,5.038,5.051,5.053,5.074,5.085,5.09,5.135,5.201,5.218,0.00134517,0.00265258,0.00012727,0.00049778,0.00016335,0.00164182,0.00016334,0.00107538,0.00041323,0.00013349,0.00048032,0.00044997,9.012e-05,6.457e-05,0.00018329,0.03256502,0.2709918,0.00177608,0.00033479,0.00197876,5.576e-05,0.00052613,0.00071161,0.00020323,0.0001224,8e-06,0.00708844,9.96e-06,0.00115012,0.00096138,0.0005755,0.00130794,0.022614,0.00215662,0.00266007,0.00038942,0.00361154,0.0010813,0.02817239,0.00010738,3.248e-05,0.00085916,0.00663701,0.00335899,0.01241601,0.00024757,0.00346291,0.04438455,0.00080934,0.00117349,-576726.9999997921,-7.380472925430562,-0.4749737807476228,-0.0499859944837458,-0.1631039838513357,4
3470267,3470267,COC(=O)c1cc(C)c(CCCS(=O)(=O)N(C)Cc2cnn(-c3ccccc3)c2C)s1,3.044,3.216,3.376,3.397,3.837,4.11,4.121,4.159,4.216,4.237,4.284,4.325,4.347,4.437,4.458,4.462,4.501,4.565,4.611,4.692,4.705,4.861,4.876,4.944,5.057,5.097,5.188,5.189,5.194,5.205,5.226,5.269,5.322,5.338,5.361,5.372,5.384,5.452,5.485,5.5,5.506,5.522,5.533,5.543,5.548,5.575,5.576,5.651,5.652,5.675,0.00021209,7.94e-06,1.33e-05,2.18e-05,0.01586992,5.21e-06,0.0008744,0.00040182,0.10960615,0.16534604,0.00109033,0.00299624,0.00022587,2.8e-07,0.00183972,0.09838261,0.29149226,0.04640342,2.17e-06,0.00060494,0.09318799,5.354e-05,0.00016128,0.00203379,2.2e-07,0.00038517,1.305e-05,0.0002142,0.00547832,0.00729726,1.031e-05,0.01760587,0.0119795,0.00011592,7.4e-05,0.0001129,9e-07,0.00071938,0.01739223,7.459e-05,0.03404828,0.00010939,0.00018932,2.956e-05,0.00422298,0.00230054,0.00066929,1.141e-05,0.00122122,0.00023327,-1775249.9999993818,-3.84909599019784,-0.5866333292550703,-0.2015346642083947,-0.1133163270061786,0
859103,859103,Cc1cn[nH]c1C(=O)NCCCC(C)CCNC(=O)Cc1occc1C,3.809,4.082,4.47,4.862,4.977,4.993,5.002,5.134,5.255,5.276,5.449,5.521,5.54,5.554,5.563,5.611,5.683,5.825,5.828,5.875,5.99,6.045,6.073,6.17,6.194,6.216,6.232,6.272,6.321,6.396,6.454,6.48,6.484,6.56,6.618,6.71,6.748,6.753,6.777,6.807,6.886,6.901,6.986,7.031,7.043,7.052,7.061,7.091,7.095,7.126,0.00012742,0.00035792,4.243e-05,0.00108696,0.04129844,0.00644603,0.00018589,0.04458543,0.02530747,0.06108327,1.838e-05,0.07740432,0.02834446,0.00727163,0.06763458,0.00023708,0.03718609,0.00025801,5.084e-05,0.00292156,0.00104877,0.00882931,0.01137526,0.04253822,4.703e-05,0.00026276,2.15e-05,0.00073609,1.343e-05,0.01612263,2.186e-05,0.01085584,1.419e-05,0.00789925,0.00417169,0.00043127,0.00773705,0.02860628,0.0001223,0.00296139,2.231e-05,0.00028806,0.05441657,0.00114246,0.09129642,0.02949583,0.00235464,0.0166264,0.0008605,0.00689364,-4386413.99999847,4.774172824678771,-0.927916703651218,-0.0187759812649955,-0.3339687985711044,2
2050663,2050663,Cn1cnc(C(=O)NCCCNC(=O)c2cccn3nnnc23)c1F,1.958,2.451,2.587,2.803,3.242,3.26,3.752,3.809,3.874,3.883,3.926,4.055,4.096,4.199,4.253,4.377,4.487,4.496,4.575,4.618,4.687,4.98,4.988,5.102,5.117,5.121,5.152,5.166,5.168,5.185,5.227,5.228,5.277,5.325,5.357,5.428,5.525,5.555,5.575,5.629,5.655,5.658,5.666,5.735,5.814,5.878,5.909,5.92,5.932,5.955,6.72e-06,8.921e-05,0.0049886,0.00181679,0.00496713,1.14e-06,2.232e-05,0.09015609,0.00147494,0.00022863,1.2e-07,8.343e-05,0.00028773,0.00034468,9.4e-06,0.00027676,2.92e-06,2.75e-06,0.03259418,2.18e-05,1.2e-05,0.0001106,2.9e-07,0.01798816,0.00035045,0.0311754,0.06268803,0.00631509,0.00241814,9.83e-06,0.05033129,0.00398956,0.00031497,0.00039828,0.00010577,0.01545518,0.05022081,3.834e-05,0.01291231,0.00324964,0.14888386,0.01211529,0.00024672,0.12678898,0.00552725,0.14931003,2.72e-06,0.00020401,0.02702452,2.021e-05,-3194853.9999988866,-4.190139322916703,1.6175665664122862,-0.4144681446015344,-0.1897063378248823,2
7627965,7627965,COCCCNC(=O)C1CCN(CC(=O)Nc2nc(CN3CCCC3)cs2)CC1,3.173,3.589,4.064,4.219,4.28,4.303,4.482,4.493,4.832,4.897,4.929,5.196,5.359,5.37,5.441,5.502,5.528,5.532,5.611,5.617,5.691,5.791,5.832,5.844,5.854,5.975,5.991,6.055,6.079,6.103,6.122,6.14,6.16,6.2,6.245,6.246,6.299,6.343,6.389,6.416,6.55,6.575,6.585,6.598,6.659,6.695,6.728,6.734,6.754,6.763,0.00086956,1.818e-05,0.00295743,1.271e-05,0.18230051,4.37e-06,0.00370166,0.00612223,5.322e-05,0.00011832,2.6e-07,0.04437289,0.00079918,0.00211751,0.00379667,7.086e-05,0.00072269,0.05822543,2.348e-05,5.67e-06,0.00473059,0.00072712,0.00012388,0.000626,0.02631726,0.00034647,0.00018866,0.00499527,0.00016002,1.399e-05,0.00341355,0.00025682,0.09438063,0.00170941,0.00013318,0.0012128,0.00076829,0.00031745,0.00229954,0.0047932,0.00012195,0.00382407,0.00906712,2.37e-06,0.00105485,1.12e-06,0.05754827,0.00012084,0.00196593,0.12499605,2382447.999999168,2.30903362859602,-0.1192269957353828,-0.5442897308237448,-0.0050826230728241,3
574725,574725,Fc1ccc(N2CCN(C(=Nc3ccccc3)Nc3ccc4c(c3)OC(F)(F)O4)CC2)nc1,3.407,3.52,3.583,3.69,3.787,4.012,4.014,4.031,4.152,4.333,4.36,4.394,4.419,4.444,4.448,4.457,4.468,4.561,4.625,4.651,4.67,4.695,4.739,4.87,4.919,4.997,5.019,5.066,5.104,5.105,5.161,5.18,5.29,5.311,5.381,5.432,5.439,5.454,5.456,5.478,5.493,5.501,5.533,5.606,5.632,5.654,5.698,5.771,5.778,5.792,0.00058892,0.00020953,0.0012072,0.00202675,0.02971479,0.00495055,0.01188209,0.01951518,0.02190496,0.00011956,0.04295211,4.036e-05,0.00011509,0.01807691,0.01385283,0.02451105,0.0367212,0.00343868,0.00418419,0.00014736,0.00994035,0.02053,0.00019676,0.22046302,0.35183225,0.01821036,0.0008232,0.00437706,0.00174888,0.00882551,0.13254606,0.10589721,0.00647853,0.0008759,5.014e-05,0.00148156,0.00444506,0.01620464,0.00308446,0.00403453,0.00184778,0.0192307,0.01082583,0.03167654,0.09975138,0.00426542,0.00761207,0.00688281,0.00122754,1.704e-05,-4670791.99999837,-3.832354591140552,-0.8850988345686713,0.2629469527671879,-0.1301569112722476,2
3202985,3202985,C=C(F)Cn1c(-c2cnccn2)nnc1N(Cc1ccccc1)Cc1ccco1,3.095,3.432,3.462,3.5,3.514,3.741,3.838,3.898,3.913,4.022,4.135,4.165,4.289,4.364,4.408,4.495,4.544,4.564,4.603,4.63,4.639,4.686,4.701,4.8,4.82,4.876,4.942,4.946,4.965,5.016,5.087,5.092,5.116,5.119,5.136,5.274,5.275,5.305,5.346,5.361,5.386,5.406,5.412,5.446,5.466,5.471,5.477,5.511,5.536,5.54,0.11387395,0.05874979,0.09045449,0.01080764,0.09320196,0.00089461,0.00443725,0.0005984,0.00429077,0.00084512,0.00037451,1.46e-06,0.0002758,0.0002536,0.00053825,0.00519017,0.00941473,0.00048889,0.00321103,8.23e-05,0.00410421,0.00111303,0.13347216,0.00086824,0.00068393,0.00250956,0.00526826,0.00083971,0.0423945,0.00637598,0.00402657,0.00304616,0.00059922,0.0032044,0.05887934,0.00665464,1.07e-06,0.00216586,0.00274505,0.01110167,0.00114611,0.00530379,0.01399326,0.00168965,0.00042845,0.00023554,3.206e-05,5.843e-05,5.205e-05,7.3e-07,-2042531.999999288,-4.775798643468675,-0.6504138004215511,-0.0481702691423802,0.1700679466357386,0
4477615,4477615,COC(=O)Cc1[nH]c(C)c(C(=O)Cc2cc(OC)ccn2)c1C,3.831,3.979,4.051,4.215,4.236,4.276,4.401,4.471,4.626,4.68,4.753,4.8,4.988,5.014,5.021,5.033,5.063,5.079,5.114,5.198,5.224,5.23,5.331,5.489,5.501,5.513,5.534,6.01,6.035,6.038,6.05,6.075,6.155,6.163,6.187,6.301,6.383,6.429,6.431,6.446,6.494,6.526,6.533,6.563,6.665,6.731,6.741,6.773,6.79,6.817,0.01646524,0.01329114,0.00235018,0.00127473,0.02455605,0.00874677,0.00098885,0.02269993,0.00540272,0.00311261,0.00199216,0.00503856,0.01034136,0.00482891,0.00306337,0.00046376,0.01027751,0.00336639,0.00062692,0.02090846,6.212e-05,0.00153003,0.09189894,0.00022207,0.0003943,0.01925416,0.00054523,0.00036347,0.00895766,0.00043342,0.01234251,0.07394759,0.2410991,0.00757859,0.08967539,0.41160157,0.01900626,5.803e-05,8.165e-05,0.00040044,0.01284652,0.00882864,0.02775282,0.05930468,0.01972854,0.00216195,0.00048769,0.00024287,0.00118348,0.0081332,-767901.9999997322,1.3332051027562717,-0.1934506385981458,1.0018065157894485,-0.1552394438063167,4
445819,445819,CCOC(=O)N(C1CCCC1)C1CCN(Cc2nnc(C3CCC3)n2CCc2nc(C(C)(C)C)no2)CC1,4.005,4.077,4.121,4.32,4.438,5.044,5.265,5.276,5.33,5.348,5.392,5.619,5.623,5.691,5.708,5.735,5.852,5.886,5.947,5.971,6.019,6.045,6.048,6.052,6.055,6.063,6.101,6.188,6.269,6.314,6.322,6.379,6.39,6.392,6.403,6.462,6.498,6.517,6.56,6.589,6.602,6.646,6.658,6.695,6.705,6.726,6.754,6.776,6.821,6.841,2.6e-07,1.466e-05,2.303e-05,0.00170999,2.349e-05,7.75e-06,0.0447867,3.855e-05,0.00157849,0.00012599,4.942e-05,5.57e-06,7.674e-05,1.742e-05,0.00020962,1.099e-05,0.02008062,0.00030811,1.828e-05,2.189e-05,4.762e-05,0.04397222,0.0161092,0.00082945,0.0005223,1.543e-05,0.00012098,0.00215491,0.23884358,0.00039234,0.00027917,1.357e-05,2.21e-06,0.00303916,0.00060568,1.003e-05,0.02514495,0.01724255,0.01228329,0.02319963,0.00124501,0.01487202,7.975e-05,8.887e-05,0.01233058,0.00068464,0.00509843,0.00185071,3.15e-06,0.00020114,-4799697.999998327,3.947699576561127,-1.3177646393054827,-0.8482153149798418,-0.1344336668734948,2
296543,296543,CCc1[nH]c(C(=O)OC)cc1C(O)=CN1CCN(C2CC2)C1,2.511,3.989,4.278,4.437,4.862,5.213,5.337,5.561,5.649,5.831,5.894,5.996,6.02,6.022,6.057,6.168,6.232,6.258,6.381,6.491,6.664,6.7,6.718,6.736,6.841,6.882,7.005,7.138,7.141,7.217,7.255,7.3,7.381,7.418,7.431,7.498,7.499,7.536,7.608,7.613,7.667,7.737,7.775,7.781,7.786,7.91,8.001,8.021,8.117,8.142,0.0001585,3.159e-05,0.00017775,0.002457,0.36872897,0.00140262,0.1279803,0.42058113,0.00033925,0.04349215,0.01827457,0.03739256,7.386e-05,0.01138041,0.0014492,0.00100361,0.00066366,0.00119257,0.00149885,0.00031936,0.00646129,0.0085478,0.00498377,0.10580553,0.00523478,0.0007948,0.00122243,0.00131167,0.00060405,0.04046172,0.03364036,0.06484568,0.07237723,0.00125685,0.04797138,8.23e-06,0.00114441,0.00933739,0.0042339,0.00904429,0.01308088,0.02832656,0.00052341,2.184e-05,0.00129309,0.0003747,0.00066073,0.00171724,0.00454619,0.00240247,-4948973.999998276,9.1684702477173,1.0413286363450405,-0.7023837332471642,-0.8437379851779151,2
9331074,9331074,CCN(CCCNCc1cn(CC)nn1)C(=O)c1nccnc1N,3.127,3.337,3.653,3.816,4.0,4.068,4.115,4.184,4.299,4.552,4.574,4.588,4.76,4.808,4.963,5.001,5.065,5.131,5.147,5.241,5.252,5.279,5.347,5.475,5.551,5.648,5.704,5.755,5.777,5.897,6.017,6.026,6.084,6.094,6.127,6.139,6.204,6.207,6.241,6.252,6.268,6.31,6.362,6.373,6.454,6.539,6.547,6.596,6.613,6.673,0.00305523,0.00086521,0.00584684,0.00763611,0.00018043,0.02177482,0.09783546,8.066e-05,0.00045107,0.00711643,1.059e-05,7.87e-06,0.00231539,0.00175824,1.766e-05,6.3e-07,5.06e-06,3.605e-05,0.00013342,0.08828181,1.117e-05,0.0022047,0.00064347,0.00041918,1.2e-07,0.00018207,0.00030417,0.01208898,5.46e-06,0.07206887,0.00535282,0.00166092,0.01290033,0.0002702,0.01491259,0.04802465,0.00028183,0.06413349,0.00015738,0.00134959,1.453e-05,0.00166855,0.00801843,0.05090148,1.202e-05,0.034851,0.00162932,7.99e-05,0.04303583,0.00143269,4085556.999998576,0.3322009902832807,0.5903556470125219,0.2676289721151663,0.0362735565684498,1
9547325,9547325,CC(C)(C)CCCN(CCC#N)C(=O)Cc1nc(-c2ccc(F)cc2)cs1,3.673,4.009,4.109,4.155,4.23,4.446,4.469,4.534,4.619,4.863,4.969,5.006,5.093,5.152,5.197,5.271,5.301,5.351,5.486,5.488,5.511,5.715,5.731,5.753,5.768,5.813,5.868,5.903,5.909,5.926,5.948,6.069,6.089,6.148,6.15,6.227,6.23,6.262,6.271,6.284,6.318,6.33,6.335,6.34,6.347,6.363,6.368,6.457,6.485,6.532,0.01113127,0.00523456,0.02379518,0.11490494,0.0552532,0.00230059,0.09825178,0.0001095,0.02155947,0.00022434,0.00276715,0.01819843,0.23177844,0.00105188,0.05579474,0.012219,0.00018842,0.00037525,0.00022298,0.01642622,0.00142625,2.524e-05,3.211e-05,0.00151015,0.09262772,0.00022261,0.00069789,3.9e-07,6.463e-05,0.00011087,0.00114406,0.02310553,2.104e-05,1.047e-05,0.00072479,0.0009194,2.658e-05,0.38202253,0.01112943,0.00308795,0.02432236,0.0467955,0.0860548,0.00431618,0.09894714,0.00116047,0.02321287,0.0013681,0.00049551,0.01595183,4301807.999998499,1.36520341013138,-0.7694453839783276,-0.1823993177605718,0.3556177238275704,1
