weight_ex,weight_prob
1.0570961236953735,0.9429039359092712
0.8319597244262695,1.168040156364441
