{"final_loss": -2.7516062259674072, "best_epoch": 98, "r2_pre": 0.9105123670308046, "mae_pre": 