"Column0","1","2","3","4","5","6","7","8","9","10","11","12","13","14","15","16","17","18","19","20","21","22","23","24","25","26","27","28","29","30","31","32","33","34","35","36","37","38","39","40","41","42","43","44","45","46","47","48","49","50","51","52","53","54","55","56","57","58","59","60","61","62","63","64","65","66","67","68","69","70","71","72","73","74","75","76","77","78","79","80","81","82","83","84","85","86","87","88","89","90","91","92","93","94","95","96","97","98","99","100","CAS","smiles_new","InChI_new","SMILES"
"100-40-3","18.42584161","30.20327385","40.80882664","51.13516731","60.31753025","68.53887259","75.86617278","82.25157102","87.78577094","92.5944487","96.67893906","99.90300055","102.5463995","105.0077077","106.9793995","108.2632191","109.0654889","109.4692588","109.4319209","109.1185609","108.3849678","107.3721513","105.9916378","104.3746974","102.4694351","100.3231034","97.92967306","95.3206389","92.57488365","89.61191721","86.52300036","83.26801403","79.96019775","76.49499754","72.97572607","69.42053823","65.77083259","62.12845665","58.50195361","54.90165719","51.33375846","47.81156381","44.34819858","40.94649633","37.65699766","34.48012248","31.41118544","28.48779806","25.70385094","23.07983947","20.61165004","18.29344608","16.15138596","14.1831976","12.36569604","10.76571891","9.36284619","8.139698408","7.09213643","6.200258383","5.492162846","4.986689444","4.676666717","4.497268159","4.467462466","4.646829904","4.946453332","5.395828348","5.905596301","6.473542672","7.087458856","7.683381343","8.364737196","9.044820286","9.662172342","10.31731506","10.95809779","11.51883434","12.07300585","12.62466649","13.13521981","13.61741194","14.06929029","14.51020787","14.92731701","15.30069582","15.67112965","16.0257336","16.3853092","16.68811819","16.96454889","17.24254687","17.52053119","17.79773639","18.04682534","18.26301957","18.4697703","18.66697838","18.8783762","19.06648265","100-40-3","C=CC1CCC=CC1","InChI=1/C8H12/c1-2-8-6-4-3-5-7-8/h2-4,8H,1,5-7H2
","C=CC1CC=CCC1"
"100-42-5","41.62162791","39.29984812","37.56507469","35.97440547","34.38573994","32.92673681","31.50685189","30.14175691","28.86400117","27.59972768","26.50376382","25.43412262","24.42343473","23.44376585","22.53838331","21.65843692","20.86904013","20.12417648","19.42428695","18.73069127","18.16139977","17.5015452","16.9664539","16.46105398","15.93624205","15.47567387","15.04819799","14.6343999","14.24006015","13.87097794","13.49660541","13.16842246","12.88898369","12.54674711","12.29728611","11.9807543","11.80100218","11.48967536","11.28127712","11.06836454","10.87415864","10.67734884","10.46364155","10.31431545","10.14048115","9.952266298","9.796993988","9.668760994","9.52398069","9.386021571","9.265643518","9.150301674","9.056144918","8.941280672","8.81245263","8.695566396","8.601897216","8.511800882","8.396570094","8.30630094","8.242599535","8.188166034","8.114482488","8.033319357","7.961061032","7.895121462","7.833964121","7.776549389","7.707633537","7.640285619","7.569701259","7.51609402","7.463257258","7.420472349","7.370997916","7.31700991","7.272506359","7.231949598","7.193246384","7.16155089","7.13120617","7.097533217","7.065267749","7.022434148","6.978383885","6.935027844","6.899284463","6.863741675","6.834873698","6.804686695","6.777199949","6.749205857","6.721523783","6.695344703","6.661007864","6.629401721","6.603664874","6.580431352","6.55915053","6.536415275","100-42-5","C=CC1=CC=CC=C1","InChI=1S/C8H8/c1-2-8-6-4-3-5-7-8/h2-7H,1H2
","C=Cc1ccccc1"
"100-46-9","138.0892861","117.2732767","109.8946174","102.6313092","95.33507976","88.69774395","85.56567788","87.58943837","90.56106515","93.7739705","97.32988421","100.4375063","99.60604358","98.5972237","97.62581541","96.76078046","96.18586315","95.75921151","95.45831811","95.34382483","95.32176061","95.51420753","95.82937071","96.24002778","96.75680932","97.38081613","98.11611308","96.45358026","94.31930204","92.12718745","89.93075704","87.70396004","85.48440483","83.30006012","81.15406651","79.12683069","77.21742782","75.46256243","73.88384151","72.5408654","71.52404183","70.9417853","70.99576277","72.22522746","74.00140836","76.15225489","78.29194425","78.61968002","80.06842281","81.55583645","83.05821072","102.0350694","100.3038212","98.72120706","96.95077574","95.39682007","94.01857232","92.52400583","91.16628384","89.94141428","88.68826765","87.5801685","86.47559738","85.48687244","84.50324926","83.61625844","82.74402872","81.96974136","81.25368436","80.50548555","79.82350634","79.20584986","78.61410937","78.05417856","77.49206058","76.954683","76.47493003","76.0141242","75.55841011","75.12555231","74.71324841","74.33234004","73.94798036","73.59902397","73.25532653","72.92145772","72.58352458","72.26678823","71.95819007","71.67577505","71.38435074","71.11255945","70.84609616","70.58922465","70.34081441","70.08738448","69.85539862","69.62890962","69.39812481","69.18173027","100-46-9","NCC1=CC=CC=C1","InChI=1S/C7H9N/c8-6-7-4-2-1-3-5-7/h1-5H,6,8H2
","c1ccc(cc1)CN"
"100-47-0","4.399892925","2.488708337","1.753389877","1.251277907","1.165806798","1.017147567","0.854767987","0.754938109","0.757388272","0.701134298","0.608686354","0.644418602","0.56087235","0.527317995","0.511557645","0.485328459","0.479199339","0.492203899","0.432773352","0.464988864","0.432391622","0.46294369","0.386199294","0.449989775","0.422315704","0.399753164","0.405202359","0.398001998","0.409113785","0.381755936","0.389302798","0.408645985","0.365290342","0.384088906","0.373183205","0.375127746","0.382956162","0.337416851","0.360622874","0.408452853","0.382870078","0.343992907","0.360598404","0.387120824","0.359212075","0.340023296","0.349260336","0.398388986","0.418371044","0.401151916","0.36154849","0.343072553","0.364948267","0.390634929","0.3945569","0.381333421","0.365618418","0.357338263","0.364401137","0.38270723","0.400737048","0.410035092","0.391821178","0.368070039","0.356395588","0.358976833","0.36114021","0.367794937","0.386948826","0.399656472","0.413549463","0.413635656","0.395144717","0.373936429","0.359244777","0.355417634","0.34986294","0.344463037","0.347826859","0.357263823","0.372414625","0.388820397","0.402793264","0.412696465","0.419831938","0.424010228","0.421614863","0.414429085","0.406062292","0.393841848","0.383344251","0.378082631","0.37447824","0.36878547","0.362604158","0.357628725","0.355316201","0.356933764","0.360455385","0.365967657","100-47-0","N#CC1=CC=CC=C1","InChI=1S/C7H5N/c8-6-7-4-2-1-3-5-7/h1-5H
","c1ccc(cc1)C#N"
"100-48-1","101.9678987","86.7432121","73.30504303","67.13044785","76.72174235","60.18463039","74.75343199","73.10505383","56.61403134","55.64830501","54.58517016","53.51508684","42.17167718","39.88207627","38.24328307","36.58836206","35.52408667","34.58208663","34.70362786","34.0577416","33.89635881","33.85346641","33.88652341","33.59008312","33.66668865","33.69166845","33.53199371","33.54266691","33.50694515","33.6053121","33.55964714","33.66463025","33.63787597","33.71505693","32.7185125","32.57349122","32.47995264","34.52476964","34.36561674","34.15588839","33.97565851","33.81782836","33.6736525","29.84103621","29.36338508","28.94102854","28.50680422","28.05971961","27.66282419","27.31575977","26.96352524","26.68182002","26.40838395","26.06605366","25.80065442","25.53155369","25.32004353","25.20371622","25.13943384","25.08642472","28.38871554","28.24205631","28.18056432","28.25856663","28.34920202","28.31853898","28.25176353","28.23032777","28.23901046","28.30624812","28.30522144","28.26705276","28.23549588","28.25538116","28.28658481","28.35344247","28.36274342","28.34583664","28.31350928","28.34935079","28.36048483","23.41275746","23.3638645","23.32099973","23.28683547","23.23687748","23.20061102","23.1715422","23.12304199","23.10839341","23.07048621","23.03686515","23.010018","22.98493644","22.94125413","22.94028859","22.89808969","22.87737413","22.8542188","22.83407364","100-48-1","N#CC1=CC=NC=C1","InChI=1S/C6H4N2/c7-5-6-1-3-8-4-2-6/h1-4H
","c1cnccc1C#N"
"100-52-7","60.34620495","50.62733915","45.07664435","41.02597067","35.92824841","33.07664319","31.25595022","33.02945141","33.78107226","32.24150856","30.42950585","29.70103107","28.7701137","28.37567721","27.92782598","32.625988","31.90902009","31.2211577","30.56055331","30.04778603","29.51590223","29.14542537","28.74438996","28.67907284","28.72722443","28.9869296","25.49848208","24.41585696","23.47550618","22.4473344","21.61691248","20.62977641","19.85418809","18.93794774","18.14718771","17.38001429","16.5718647","15.91343818","15.1471972","14.55892667","13.88916587","13.27517422","12.76784365","12.20180765","11.23218527","10.71493483","10.22381215","9.791213701","9.37993259","9.008426116","8.647069968","8.328161872","8.027535031","7.769326195","7.520788501","7.273473151","7.066489978","6.881740138","6.708270758","6.62172679","6.504896282","6.405381127","6.368405972","6.290754492","6.337106475","6.249115106","6.282376668","6.223186279","6.225222445","6.205234108","6.201196115","6.182126075","6.17228156","6.156645377","6.14394491","6.135256","6.126593929","6.117856731","6.115295719","6.11027244","6.110376715","6.108939538","6.103162601","6.1087891","6.108957044","6.106745088","6.108750761","6.112776481","6.110493438","6.112529051","6.117937792","6.118940842","6.122883015","6.127830454","6.13238333","6.135475431","6.136316895","6.13888468","6.150805274","6.155385322","100-52-7","O=CC1=CC=CC=C1","InChI=1S/C7H6O/c8-6-7-4-2-1-3-5-7/h1-6H
","c1ccc(cc1)C=O"
"100-54-9","72.18347069","73.79829279","75.16657718","76.8071446","78.26041701","79.43613732","80.26975937","80.9497021","81.60676117","81.16024688","81.02731726","80.57261259","79.98302549","79.1813958","78.26467454","74.3599532","72.68815201","70.97643507","69.16760457","67.27423768","65.33898064","63.3815346","61.40246847","59.43428022","57.40054844","55.41144328","53.39263424","51.3964823","48.17377355","44.86399125","41.67260796","38.6123503","35.73270889","32.96334501","30.3399377","27.86288681","25.52571606","23.32144036","21.25676311","19.33815022","17.57249832","15.95861915","14.48624479","13.2028487","12.07818949","11.17236366","10.5029913","10.27687487","10.43605461","10.5941518","10.80964615","11.13571842","11.38891346","11.87668202","12.25304053","12.73431276","13.28042828","13.86096115","14.49112051","14.95940337","15.19194888","15.45382051","14.48776395","10.7680361","10.85331764","10.47295345","10.40014053","10.6797799","10.52581954","10.60936197","10.76633593","10.86798169","10.87023643","10.88529382","10.93267445","10.9996237","11.08030928","11.1619557","11.29315499","11.38893008","11.49322054","11.59814159","11.71506099","11.8256159","11.94124826","12.05896936","12.22640203","12.35360561","12.48212278","12.61236806","12.74142795","12.87564602","13.00291651","13.16796875","13.3025471","13.43173377","13.56156427","13.68621716","13.81207765","13.92899115","100-54-9","N#CC1=CC=CN=C1","InChI=1S/C6H4N2/c7-4-6-2-1-3-8-5-6/h1-3,5H
","c1cc(C#N)cnc1"
"100-61-8","178.3587928","180.4432027","187.5410157","186.0142018","189.3374779","192.0948114","194.2309583","184.0833759","184.2933899","183.989871","183.3906708","182.4315542","181.0359842","179.3276862","177.3644034","175.1455046","172.6742039","170.0406203","167.1284833","164.1169003","160.9342103","157.6312259","154.221818","150.737113","147.1552125","143.5441016","139.8485231","136.1284265","132.3787621","128.6054183","124.8533467","130.6360882","124.2000758","117.9763876","111.8969364","106.0300108","100.3094264","94.77941587","89.4151448","84.22430396","79.1930713","74.33901664","69.64354024","65.13082525","60.79945893","56.63834432","52.66595746","48.8711599","45.28954714","41.91266017","38.75045059","35.82788016","33.14100552","30.72076039","28.60028109","26.82308019","25.47017608","24.86849879","25.11073645","25.70117874","26.5272753","27.49950697","28.62455075","29.93154767","31.59779161","33.18393256","34.90367203","36.46054801","33.25153457","31.99361276","31.50848165","31.89417058","32.56487849","32.42936576","32.11568643","32.17157825","32.30012471","32.37327062","32.46463994","32.59836615","32.75781467","32.94055968","33.14293786","33.36507384","33.60396155","33.845197","34.11028846","34.38820294","34.66725806","34.95980473","35.26127857","35.56786956","35.8804891","36.20524961","36.53468203","36.86662218","37.2020045","37.54366391","37.88532948","38.23239981","100-61-8","CNC1=CC=CC=C1","InChI=1S/C7H9N/c1-8-7-5-3-2-4-6-7/h2-6,8H,1H3
","CNc1ccccc1"
"100-63-0","33.61693533","27.90792282","26.1403296","24.64566494","23.72379009","22.96340288","22.16533422","21.47208512","20.81168402","20.15876182","19.5382956","18.92464333","18.367191","17.78516317","17.26066244","16.74876323","16.26282439","15.78651171","15.26410727","14.84439503","14.46148217","13.98400546","13.58150161","13.20619681","12.81445862","12.46322556","12.08849783","11.7727786","11.42040683","11.10346924","10.82476505","10.48978698","10.20425821","9.924224348","9.640577958","9.413398703","9.118221903","8.92392664","8.647694554","8.446437913","8.20558184","7.984301322","7.816732575","7.593744373","7.386753023","7.224421727","7.022794496","6.827200402","6.682977072","6.520358228","6.374584895","6.231279626","6.030697187","5.909439695","5.823799296","5.658071911","5.452950275","5.349757923","5.284950377","5.141885996","4.999240513","4.917544058","4.879178254","4.759284492","4.570567689","4.425864426","4.366795885","4.339600773","4.293131103","4.196586997","4.104714581","3.983184997","3.879271285","3.7802018","3.730092689","3.705087882","3.67076084","3.614500061","3.498769685","3.391136554","3.32638585","3.290126996","3.275676539","3.251136118","3.183389454","3.095048143","3.016709048","2.960387703","2.922973131","2.898937711","2.879255562","2.831826194","2.778402056","2.723342005","2.672598916","2.632791338","2.599353299","2.570400366","2.539802851","2.512501726","100-63-0","[H+].[Cl-].NNC1=CC=CC=C1","InChI=1S/C6H8N2.ClH/c7-8-6-4-2-1-3-5-6;/h1-5,8H,7H2;1H
","c1ccc(cc1)NN.Cl"
"100-64-1","2.537578034","1.741452164","1.551787267","1.449461753","1.401560928","1.421082387","1.380755891","1.325238093","1.332141425","1.306087796","1.287562693","1.243882513","1.218406273","1.177864515","1.12244242","1.072351632","1.072469754","1.055195926","1.008292583","1.002068389","1.003012416","0.946576413","0.939301955","0.901828604","0.905910091","0.929949561","0.86215966","0.848361958","0.8586721","0.856241323","0.828201713","0.807854718","0.820761949","0.81951516","0.793567729","0.779943527","0.782533434","0.776890974","0.773387265","0.756083132","0.760460209","0.757035788","0.737640687","0.727128116","0.73141198","0.728153759","0.715207614","0.722544378","0.713479845","0.702561107","0.697400867","0.694206495","0.705102831","0.702472812","0.686039784","0.684402907","0.676799971","0.678154923","0.679736898","0.683297021","0.668034494","0.660519481","0.658560829","0.659639883","0.654897451","0.656647026","0.664421856","0.659751611","0.650693257","0.642775072","0.637843338","0.639794361","0.637169387","0.633908993","0.639457732","0.642538152","0.643519092","0.64171159","0.638192353","0.637579906","0.63161259","0.629265283","0.631645678","0.630989843","0.625823979","0.619265309","0.616114449","0.614615655","0.616797366","0.615955381","0.616624625","0.618369724","0.62285459","0.624027349","0.623264049","0.620720525","0.617847049","0.616429133","0.617484319","0.620254881","100-64-1","ON=C1CCCCC1","InChI=1S/C6H11NO/c8-7-6-4-2-1-3-5-6/h8H,1-5H2
","C1CCC(=NO)CC1"
"100-69-6","71.81532062","66.95322317","64.92651811","44.85557235","45.3004271","50.30573499","49.19576027","48.12910393","46.82889246","45.74656924","44.50838418","43.45866943","42.57739745","41.67307436","40.61597523","39.49178016","38.34465953","37.14959602","35.9179128","34.61233527","33.3408924","33.4444709","31.04196924","28.75253536","26.58078455","24.51566507","22.59089283","20.75112773","19.02065529","17.43336188","15.90839609","14.52389127","13.27373095","12.06538676","11.07132961","10.13371894","9.375937776","8.784885844","8.305811206","8.151568442","8.384339126","8.746367241","9.240123352","9.769535056","9.185672914","8.645293986","8.166132287","7.718536349","7.332598162","6.943776583","6.605893492","6.316741534","6.080101371","5.886206393","5.701225308","5.588711964","5.499406479","5.441077635","5.428957243","5.475316339","5.53542735","5.591494939","5.651051868","5.743774885","5.835822801","5.931397021","6.009619119","6.115192603","6.235040227","6.344858858","6.467101551","6.579350212","6.697726792","6.828402446","6.93986217","7.05925244","7.177868433","7.311136192","7.432844796","7.54263373","7.659198316","7.769672017","7.882737364","7.986451527","8.086462127","8.181692906","8.282948171","8.371398498","8.460666962","8.535854195","8.62372919","8.706504384","8.774842332","8.847128979","8.91749604","8.991094484","9.054272773","9.112094996","9.166394245","9.218594301","100-69-6","C=CC1=CC=CC=N1","InChI=1S/C7H7N/c1-2-7-5-3-4-6-8-7/h2-6H,1H2
","C=Cc1ccccn1"
"100-83-4","106.5501784","57.64608364","56.86713656","53.86045759","49.7352429","47.91308282","46.01843975","38.91031169","39.69360523","39.34415933","39.25089809","37.73998789","36.2947298","35.15515178","33.67437049","32.37082469","31.16215946","30.09032683","28.92138836","27.83103409","26.82950228","25.9386516","24.75406967","23.99256182","23.26629087","22.77901878","22.57390251","18.57287692","17.1128133","15.73818571","14.50361209","13.36050669","12.31047412","11.37924748","10.63576867","10.08134655","9.614126482","9.249957301","8.99046349","8.800625445","8.643344081","8.623769101","8.590432944","8.649382913","8.733068116","8.842445571","7.990118189","7.775495432","7.303685986","7.181899846","7.09817881","7.08731765","7.117680173","7.171156048","7.265889363","7.375904173","7.501373985","7.64438008","7.772360762","7.962776138","8.123937724","8.270391082","8.418479243","8.608146841","8.742185761","8.907197862","9.032794234","9.135755629","9.264417018","9.389456373","9.489644511","9.55171383","9.586239222","9.623103422","9.666131445","9.711117718","9.750273337","9.770559751","9.785333686","9.793346095","9.810977965","9.825316467","9.849174559","9.885589464","9.915465387","9.945251227","9.968486079","9.979195514","9.976267849","9.988168553","10.00298564","10.0125534","10.03675435","10.06139514","10.07800362","10.09614368","10.10864163","10.1062363","10.10340113","10.09778318","100-83-4","OC1=CC=CC(C=O)=C1","InChI=1S/C7H6O2/c8-5-6-2-1-3-7(9)4-6/h1-5,9H
","c1cc(cc(c1)O)C=O"
"1001-56-5","8.721933414","6.135187681","4.201486374","3.21187405","2.741638586","2.325586946","1.989816734","1.747798256","1.586353521","1.45662706","1.341063435","1.243005637","1.163333184","1.113724812","1.060380953","0.985357664","0.941337037","0.898932913","0.821336583","0.824364833","0.774366204","0.745038882","0.719093728","0.706922404","0.679912907","0.663512433","0.630651458","0.636725515","0.584260065","0.630027909","0.56741555","0.578772488","0.576340855","0.532449925","0.562091347","0.524105632","0.509631593","0.541201633","0.486225648","0.490039545","0.513504223","0.459481584","0.455083837","0.490617335","0.451037304","0.430770029","0.45894771","0.443374403","0.419645346","0.43097249","0.452484025","0.417100307","0.393613187","0.425978905","0.435154395","0.403868512","0.391000325","0.421750925","0.428301954","0.391132046","0.382928541","0.393197321","0.419627418","0.38215249","0.360104259","0.351057067","0.383097481","0.393982812","0.369877383","0.351629946","0.357994946","0.377345984","0.383403169","0.360248829","0.320742069","0.339076146","0.356108009","0.375273787","0.394994387","0.359729643","0.349743184","0.345228285","0.356725618","0.363364534","0.355698231","0.334621567","0.316477222","0.321259521","0.33787041","0.35772091","0.367878711","0.344566462","0.317790606","0.303861234","0.30221587","0.31307797","0.332539258","0.347376573","0.34885855","0.329377415","1001-56-5","C=C=CC#N","InChI=1/C4H3N/c1-2-3-4-5/h3H,1H2
","C=C=CC#N"
"10024-18-7","32.07296136","10.18733933","9.050216901","8.593762326","8.701294376","8.892901149","8.934891175","9.074912286","9.213974041","9.422459572","9.672818755","9.961097282","10.22895952","10.44548198","10.63389083","10.61894627","10.6159474","10.57589539","10.57591145","10.5484026","10.5354821","10.50929549","10.36743809","10.17258555","9.994299926","9.837222103","9.633027761","9.462783934","9.2896434","9.024363194","8.773295065","8.484328805","8.248601678","7.955326381","8.332255923","7.808063905","7.368147233","6.87526296","6.603885622","6.472741519","5.652970277","5.315314862","4.949043712","4.614893603","4.331384415","4.048589769","3.780503696","3.573918397","3.391379973","3.226530337","3.106931875","3.173583928","2.957263701","2.709723933","2.492627668","2.307978342","2.146931783","1.964655153","1.777880719","1.584421128","1.430470649","1.278990593","1.176335109","1.066479631","0.958340055","0.859561176","0.756087972","0.673347214","0.604059248","0.556253252","0.534983164","0.505717624","0.509170416","0.473839198","0.495118713","0.466328811","0.466952239","0.443511526","0.450265828","0.470362373","0.468432525","0.459480936","0.49690625","0.483486766","0.481505184","0.503571679","0.466236395","0.467026229","0.479968305","0.444459339","0.458345374","0.445474069","0.439885105","0.444376622","0.442005914","0.441949733","0.450856588","0.464262149","0.459938509","0.475274648","10024-18-7","BrC=C=C","InChI=1/C3H3Br/c1-2-3-4/h3H,1H2
","C=C=CBr"
"1003-29-8","17.39825426","11.71186723","8.869257016","7.568958837","6.308371096","5.821962898","5.070549513","4.811512084","4.244722129","4.114616926","3.712435627","3.534300798","3.227943787","3.093210032","2.798716291","2.744510059","2.571776651","2.433865998","2.320246712","2.217693184","2.192360577","2.050654955","2.027705339","1.965651755","1.951649956","1.871341054","1.919278988","1.814810387","1.909679883","1.815591028","1.806390704","1.808699896","1.710917931","1.722980562","1.661695665","1.675586964","1.623132286","1.648947744","1.629837947","1.653230052","1.64283156","1.581434142","1.638514921","1.573718259","1.601073874","1.525610232","1.583564423","1.543003017","1.517020705","1.571404679","1.589659545","1.542278131","1.555770516","1.617306469","1.578498143","1.556383218","1.611198914","1.590153414","1.547855186","1.634949915","1.648759422","1.640907901","1.657213866","1.650915692","1.65890653","1.699968275","1.708349071","1.721625807","1.709111387","1.73995141","1.766830313","1.775105303","1.793517466","1.824972364","1.825301302","1.837298179","1.861926886","1.869872773","1.887758334","1.909550014","1.922289463","1.946535514","1.969500943","1.990170009","1.986215612","2.00906067","2.04139609","2.054775094","2.069637946","2.081537387","2.106860554","2.126711062","2.138765098","2.138652116","2.177203327","2.206759503","2.216096345","2.228615065","2.237952181","2.257947431","1003-29-8","O=CC1=CC=CN1","InChI=1S/C5H5NO/c7-4-5-2-1-3-6-5/h1-4,6H
","c1cc(C=O)[nH]c1"
"1003-41-4","19.42494138","16.49519054","14.99448207","12.06048604","10.89872218","10.0579883","9.368352744","8.701271192","7.98815402","7.407127399","6.887698597","6.40143567","5.959279901","5.518818564","5.134671523","4.809029444","4.433229819","4.172946784","3.852112023","3.61054268","3.377760075","3.126430078","2.984814078","2.803652813","2.603470531","2.528141691","2.359028137","2.247910712","2.188887535","2.079249817","1.985165448","1.979367598","1.908751626","1.946442382","1.827672493","1.8845925","1.836503512","1.841881425","1.85515363","1.825321617","1.84256633","1.833207275","1.820530847","1.77960882","1.828524387","1.825235184","1.827795012","1.832248429","1.809756957","1.849607558","1.867466383","1.86020494","1.888400431","1.921021745","1.893211638","1.920545756","1.939192649","1.961725418","1.97643008","2.009037052","2.023532704","2.029262717","2.067645542","2.084088796","2.128717787","2.101315351","2.099615589","2.13267215","2.181413365","2.211112601","2.189503196","2.230186152","2.271184743","2.278183596","2.306441452","2.312903279","2.310616527","2.362185875","2.387350167","2.39501378","2.442734682","2.461878059","2.464228543","2.493038103","2.523573135","2.521850987","2.536840373","2.557127023","2.588911027","2.613188203","2.649717524","2.661243427","2.675144555","2.677115596","2.707636669","2.723295236","2.745422109","2.761141581","2.787192377","2.799294227","1003-41-4","O=C1C=CSC=C1","InChI=1S/C5H4OS/c6-5-1-3-7-4-2-5/h1-4H
","c1csccc1=O"
"103-65-1","26.01991936","19.23776727","16.10649182","13.6426486","12.83679788","12.68235755","12.50713139","12.47054341","12.49473066","12.6568155","12.80035896","13.01845793","13.36942471","13.68826214","14.06296993","14.29095685","14.5340941","14.83316173","15.08644118","15.33148909","15.53687108","15.49552118","15.12054411","14.83588519","14.61303972","14.45442871","14.37286503","14.30211154","14.29911092","14.2891101","14.37741949","14.43794224","14.51378095","14.62587202","14.76245061","14.87480996","14.97570695","15.08131915","15.17987853","15.28896322","15.39060041","15.51575745","15.61901763","15.70366856","15.79296886","15.88907058","15.99002422","16.04675585","16.12686994","16.21431446","16.28778361","16.34066146","16.42212269","16.50565923","16.54849602","16.59784992","16.66435076","16.70897075","16.77278151","16.83219152","16.87278971","16.90019279","16.94361137","16.9920996","17.03048403","17.0585485","17.10743653","17.12837885","17.15613306","17.19635131","17.21556829","17.23161478","17.26634625","17.28712619","17.32756121","17.31978103","17.35663808","17.35700317","17.38800559","17.40399873","17.43134056","17.44462221","17.44395599","17.47122189","17.46426448","17.48333895","17.49435689","17.50250301","17.52473424","17.5196142","17.52719483","17.54680457","17.54671332","17.55601","17.56627681","17.56747375","17.56738426","17.58015588","17.58232808","17.58182397","103-65-1","CCCC1=CC=CC=C1","InChI=1S/C9H12/c1-2-6-9-7-4-3-5-8-9/h3-5,7-8H,2,6H2,1H3
","CCCc1ccccc1"
"103-69-5","126.0546344","99.71053195","91.04379523","84.18985124","78.73054926","75.13051091","73.22979083","72.43294632","72.51480571","73.24055329","74.20944183","75.27061684","76.3641059","77.44697594","78.49706271","79.5243538","80.46971791","81.39191652","82.21293757","81.29981943","80.40221949","79.41863535","78.44323278","77.44120828","76.44550349","75.39941852","74.34218072","73.32722063","72.39985496","71.54118279","70.78217135","70.10421506","69.58921175","69.29566605","69.28707713","69.87012559","71.10491376","72.40981368","73.83287512","75.22424275","77.27071995","78.7407755","80.51885641","83.16704126","84.88436841","99.39429337","96.23612988","93.11958927","89.64178424","86.333903","83.216151","80.20700317","77.01388431","74.05267591","71.33208557","68.39755662","65.63382701","63.13135601","60.67040918","58.08107568","55.76114131","53.74034689","52.05138362","50.72571673","49.76892297","48.16793065","46.85583785","45.85289551","45.19465144","44.94921668","44.50385984","43.54595129","42.85069035","42.4085378","42.10713594","41.80747792","41.71119403","41.84654898","41.58587083","41.39385489","41.35430466","41.43238459","41.5849824","41.73762152","41.77735363","41.88345223","42.03056312","42.21913586","42.42365653","42.63009177","42.85853629","43.0817655","43.30247163","43.52273523","43.73686502","43.94234243","44.14425732","44.34287511","44.52937223","44.70373061","103-69-5","CCNC1=CC=CC=C1","InChI=1S/C8H11N/c1-2-9-8-6-4-3-5-7-8/h3-7,9H,2H2,1H3
","CCNc1ccccc1"
"10325-70-9","119.0017733","133.6762542","139.1829792","145.7319079","152.6101503","159.432892","166.0717657","172.511874","178.6592198","184.5093022","190.0197809","195.230627","199.3765225","203.6678662","207.9733158","212.2590106","216.5136238","220.6086194","224.0109999","227.2374111","230.3585635","233.2137116","236.082678","238.6816883","241.3064947","243.8257655","246.1948518","248.5914071","251.0377581","253.2545411","255.5510371","257.7415508","260.0775397","262.4057685","262.6774534","262.597191","262.5502378","262.5131212","262.4376544","262.214025","262.0530495","261.9913689","262.0443955","262.1086035","262.2145668","262.3519407","262.5486646","262.8382831","263.3954511","264.0392985","264.7652129","265.3850331","265.9488015","266.3778417","266.760238","267.0816861","267.326699","267.5358105","267.6869183","267.7777779","267.8290442","267.8239483","267.806581","267.715846","267.5703291","267.3989042","267.2247647","266.9686613","266.6997944","266.4193073","266.055253","265.7157865","265.3347234","264.9355976","264.5415651","264.0940196","263.6727678","263.186827","262.7156139","262.2256109","261.7292516","261.2476589","260.6847757","260.1980615","259.6360202","259.0805564","258.594556","257.9941626","257.4276302","256.9195425","256.3303819","255.7363552","255.1944107","254.6760599","254.0460581","253.4681135","252.9300021","252.4093597","251.7777585","251.1949017","10325-70-9","CC(=O)C1=CN=CN=C1","InChI=1S/C6H6N2O/c1-5(9)6-2-7-4-8-3-6/h2-4H,1H3
","CC(=O)c1cncnc1"
"104-85-8","141.9626946","127.9652177","112.9706321","88.03294354","78.5669502","73.25336193","70.84682134","63.79937372","60.82399926","65.8779003","60.04677666","59.05307333","60.25435202","59.31858358","57.39859945","56.80842874","56.34443059","55.95779712","55.64092701","55.39004281","55.18203711","55.01985809","54.87337425","54.74410438","54.64497046","54.5526594","54.48489078","54.42281556","54.36493914","54.32318341","54.27431518","54.24118139","54.20915402","54.18434591","54.15442511","54.12854111","54.10818938","54.10071255","54.06574602","65.57825022","65.56320572","65.55613915","65.5503174","65.54637553","65.54154951","65.52108687","65.49633686","65.47842812","65.46831292","65.86173411","65.84915699","65.83315914","65.80196655","65.41542991","65.39453219","65.37687994","65.360296","65.34321363","65.33010605","65.31485743","65.28121092","65.2513962","65.2230091","65.19679671","65.17424036","65.15557124","65.13832933","65.12929749","65.11651644","65.08777086","65.05471615","65.02785994","64.9984632","64.97440806","64.95370779","64.93870171","64.92652481","64.92097651","64.91017113","64.88933477","64.8604685","64.83097123","64.80146495","64.77412432","64.74779663","64.72275218","64.70363936","64.68834806","64.6758729","64.66309611","64.64246172","64.61216308","64.58741264","64.5661476","64.54673697","64.53140927","64.5219969","64.51285791","64.49672941","64.48226159","104-85-8","CC1=CC=C(C=C1)C#N","InChI=1S/C8H7N/c1-7-2-4-8(6-9)5-3-7/h2-5H,1H3
","Cc1ccc(cc1)C#N"
"104-87-0","28.4770894","22.68587527","19.66767508","18.04382301","16.72663255","15.53141782","14.54314759","13.63966107","12.81769252","12.09217119","11.44259745","10.82698626","10.25498795","9.716339225","9.245198421","8.776529563","8.308205778","7.915962842","7.506240086","7.160623669","6.778249566","6.451533507","6.146063214","5.852929595","5.5393813","5.28472277","5.016954006","4.781999958","4.567223646","4.311996342","4.140052127","3.908510457","3.733050296","3.568192052","3.399692726","3.23839293","3.079801063","2.94222386","2.804665331","2.662167654","2.556252855","2.438490783","2.343309941","2.212127849","2.138584442","2.035048371","1.965308006","1.87166206","1.791003511","1.73769022","1.646470221","1.593585422","1.543003425","1.467637563","1.420627095","1.375083585","1.322296458","1.29020447","1.239773251","1.197473173","1.176013362","1.155293656","1.07901365","1.061426869","1.072614482","1.046021103","0.976752298","0.983021724","0.984601405","0.959863357","0.885529171","0.910899028","0.923156352","0.89651987","0.888541913","0.849411084","0.853037089","0.887774195","0.872170647","0.846717508","0.839320611","0.854103194","0.878623984","0.884854687","0.873781219","0.849022241","0.845940135","0.862650762","0.880134302","0.910934364","0.906001389","0.886013428","0.893083353","0.894961006","0.915127994","0.921199694","0.941442097","0.95840356","0.954881713","0.963898115","104-87-0","CC1=CC=C(C=O)C=C1","InChI=1S/C8H8O/c1-7-2-4-8(6-9)5-3-7/h2-6H,1H3
","Cc1ccc(cc1)C=O"
"104-90-5","312.797166","297.5414481","282.3156792","268.4354603","255.0766694","242.5069216","230.7198695","219.6551879","160.0245409","152.0736085","144.7779386","138.0264559","131.7878836","122.1800668","117.2425682","112.4764199","107.8822226","103.3819332","98.99246549","94.65990989","90.43409247","86.25765209","82.10254105","77.9918738","73.90899989","69.84834779","65.79956379","61.75159351","57.7294802","53.73543661","49.74755351","45.79690375","41.8946403","38.0434965","34.25547804","30.5398223","26.94004027","23.45810074","20.13172861","16.97769955","14.0382578","11.35829832","8.998426183","7.048183187","5.642289831","5.314911986","5.607573698","6.06825968","6.505132142","7.04254381","7.698435689","8.545077742","9.25456948","10.09161749","11.0544648","12.22579459","16.21370519","24.71098245","24.7381652","24.77244568","24.79835648","24.82376929","26.85116973","26.00826572","24.09193476","22.5132732","20.8918331","19.57419294","18.39317114","17.35774571","16.45593571","15.67998258","15.00767982","14.46146956","14.06979822","13.74486443","13.49006457","13.22832415","12.95827931","12.7012081","12.44194577","12.20222648","11.96300215","11.72556616","11.50168598","11.28820369","11.09662703","10.90493838","10.7244294","10.55070942","10.40164869","10.26142258","10.12632774","9.999702862","9.885294691","9.774116597","9.673161013","9.583302594","9.498716205","9.420566851","104-90-5","CCC1=CC=C(C)N=C1","InChI=1S/C8H11N/c1-3-8-5-4-7(2)9-6-8/h4-6H,3H2,1-2H3
","CCc1ccc(C)nc1"
"106-44-5","160.6936008","137.9324005","115.3931527","106.5971594","100.9118391","97.23518266","94.02012687","91.3472514","88.97045403","86.81151719","84.83640337","83.16186639","81.61922443","80.36217409","79.27052657","78.28183498","77.47013503","76.87448849","76.36562199","76.05887409","75.85479369","75.87216033","76.13212313","76.48558172","76.91119739","77.36559261","77.84706466","78.39708499","78.95058269","79.53740501","80.15889848","80.77848461","81.40956129","82.04484086","82.67500118","83.28591879","83.85458048","84.37131628","84.86319305","85.26496964","84.13614809","81.97654527","79.91611783","77.97314866","76.1588436","74.50055076","73.01748549","71.61260196","70.38390225","69.22728337","68.13290281","67.22462945","66.4336098","65.67384085","65.03735808","64.42695092","63.8917945","63.46168293","63.03512541","62.67325474","62.4287446","62.18380005","62.00192015","61.90811879","61.81011715","61.73723726","61.69453615","61.68622433","61.7484129","61.77695083","61.81292303","61.87109488","61.90165793","62.02742558","62.11758179","62.20037581","62.3052719","62.40402268","62.51167285","62.65182746","62.76323867","62.86584439","62.97495793","63.09305575","63.1998337","63.32107157","63.43910927","63.57351592","63.69035935","63.81380326","63.93751107","64.06153601","64.17884682","64.29900552","64.41731017","64.54360448","64.67045997","64.78218479","64.90424104","65.02708059","106-44-5","CC1=CC=C(O)C=C1","InChI=1S/C7H8O/c1-6-2-4-7(8)5-3-6/h2-5,8H,1H3
","Cc1ccc(cc1)O"
"106-49-0","33.94677464","31.28911896","31.69371841","32.23873267","33.48969167","34.48272146","35.52777244","36.53897455","37.55339659","38.72637326","40.04199102","41.86476926","43.66481566","40.30529237","38.14158957","35.94935732","33.85304364","25.51664246","22.70865314","20.03907196","17.67732714","15.37903438","13.31667249","11.39756878","9.713413759","8.389271034","7.473768599","6.670344118","5.966393016","5.349564254","4.814995127","4.34981491","3.956417635","3.646504333","3.441987504","3.324930147","3.310451689","3.132696551","2.998136741","2.934599897","3.068278409","3.089104903","3.135159228","3.232714588","3.337929081","3.432892962","3.574526752","3.683026858","3.846822097","3.977868872","4.15148403","4.314479291","4.493109632","4.624521142","4.839582127","5.084662776","5.181129844","5.292184237","5.792968369","5.798755722","5.698729138","5.671676383","5.756899745","5.851655882","5.883897859","5.919911657","5.926236818","5.948806894","5.97488047","5.922101468","5.92911855","5.869763005","5.877180262","5.869037916","5.795846367","5.796822327","5.768538184","5.773791436","5.759649599","5.762376878","5.758513772","5.756717546","5.753610164","5.745286135","5.746005595","5.7464884","5.740531226","5.742243345","5.74109665","5.740781566","5.739260995","5.736186062","5.734398939","5.730231278","5.723116699","5.727196329","5.729672427","5.724863383","5.722468198","5.718921149","106-49-0","CC1=CC=C(N)C=C1","InChI=1S/C7H9N/c1-6-2-4-7(8)5-3-6/h2-5H,8H2,1H3
","Cc1ccc(cc1)N"
"106-50-3","85.41394842","100.5364265","110.9355285","122.9328538","133.0256182","142.6415408","151.9550093","205.414677","201.269459","196.0142281","191.4609736","187.4916835","182.4957178","178.121827","173.7281264","169.1481942","165.1175982","160.5542834","156.6076374","152.5016908","148.7188593","145.2484806","141.7002997","138.8080898","135.9788491","133.6293584","134.5150726","127.6932839","121.299266","115.3549069","109.304555","103.5300387","98.23740868","93.15893681","88.14353504","83.63531946","79.6610477","75.7504587","72.24955154","69.48624926","67.0375317","65.58046495","64.71909486","64.40695538","63.4332353","62.54327059","62.08412564","63.69377907","62.37061521","61.34192133","60.27652846","59.65601156","59.25986362","58.94481251","59.31647342","59.70938768","55.4289544","54.18215441","53.06779832","52.17426341","51.6315731","50.74055291","49.38315022","49.2729404","49.11042584","48.56995033","48.3210254","48.74104416","48.34075141","48.28033626","48.15178751","48.06569621","47.94081208","47.60452848","47.34298081","47.20659619","47.02937583","45.74425003","44.63349268","44.34815736","44.06063259","43.82838823","43.69961774","43.40228597","43.12708021","43.00949866","42.83036389","42.61960897","42.6380983","42.6244107","42.44366183","42.14447451","42.01081574","41.83749026","41.83270486","41.68152289","41.69734945","41.56043282","41.58046672","41.60972769","106-50-3","NC1=CC=C(N)C=C1","InChI=1S/C6H8N2/c7-5-1-2-6(8)4-3-5/h1-4H,7-8H2
","c1cc(ccc1N)N"
"106-51-4","38.9935568","31.9448093","33.13349825","31.91814291","33.75372213","37.49466734","37.27722413","36.53105362","34.67597531","34.16476459","33.75237078","33.58525481","34.23195322","35.65382322","34.52509952","34.37278368","34.91723013","34.72698905","34.63924709","34.48506383","34.42853934","34.25065423","34.21436339","34.11534025","34.07675635","34.10111358","33.97530721","34.03565302","34.10275319","34.2125928","34.02856275","33.79569357","33.66993864","33.59373693","33.65575674","33.39343863","33.36286984","33.34482098","33.38975103","33.30332908","33.32975812","33.46013929","33.61038134","33.64735551","33.863843","34.22054697","34.38805206","34.31998128","34.31864456","34.14973175","33.90481115","33.54884827","33.42019726","33.39186256","32.25935246","30.81635469","30.52399507","27.07206512","26.6187721","26.32720183","26.0046728","25.5961077","25.30231854","24.94129804","24.55622268","24.38420507","24.00884646","23.67939215","22.90332048","22.57254898","22.28044457","22.00160162","21.77183822","21.56396297","21.43190085","21.30712151","21.28680709","21.31814851","21.23012343","21.1202524","21.04645116","14.24791669","13.34028547","13.05794401","12.83746673","12.6056783","12.43644407","12.28061234","12.12031456","11.89711837","11.68338032","11.534141","11.44474867","11.3177211","11.19036158","11.09432616","11.03361193","10.97091554","10.90435344","10.8392387","106-51-4","O=C1C=CC(=O)C=C1","InChI=1S/C6H4O2/c7-5-1-2-6(8)4-3-5/h1-4H
","C1=CC(=O)C=CC1=O"
"106-55-8","82.52136713","75.31983726","76.15157956","79.88703439","83.28982039","86.97801714","90.65295452","94.37730794","98.11976607","101.9444666","105.8002731","109.6692415","113.5615762","117.40895","121.2412598","125.0528462","128.829954","132.5297394","136.1724621","139.728074","143.2070747","146.5950845","149.9269082","153.1891357","156.3766907","159.5347835","162.3486759","164.9886458","167.4870362","169.8581442","172.1075013","174.2172656","176.1912672","178.045523","179.7831496","181.377882","182.8576696","184.2167753","185.4748235","186.5925277","187.6165292","188.5273237","189.318173","190.0016681","190.5783037","191.0481834","191.418035","191.677601","191.8422511","191.8958015","191.8618765","191.7252807","191.4877176","191.1468575","190.71767","190.1916415","189.5605006","188.8366616","188.026202","187.1251974","198.9232967","197.3657913","195.7176573","193.982033","189.9623459","187.8054402","185.5612793","183.2206508","180.7751991","178.2639427","175.7861783","171.8364175","169.5971388","167.3833988","165.1261794","162.8260984","160.4846154","158.0996196","155.6883798","153.234876","150.7674785","148.2576861","145.7462051","141.671969","137.4014197","133.2500015","128.9887209","124.624916","120.4004716","116.3346991","112.1052774","107.9165926","103.9030731","100.0193349","95.85327453","91.87664199","88.10742009","84.18564421","80.44541543","76.75762571","106-55-8","CC1CNC(C)CN1","InChI=1/C6H14N2/c1-5-3-8-6(2)4-7-5/h5-8H,3-4H2,1-2H3
","CC1CNC(C)CN1"
"106-96-7","102.9096043","96.67040357","91.36243914","86.29951107","81.14644246","76.3862789","71.84494266","67.53699632","63.46172374","59.61170339","53.58252973","50.0462925","46.76155542","43.68589982","40.85322924","38.2602565","35.81065103","33.5809556","31.5037137","29.58832942","27.80300425","26.15333332","24.62443187","23.20721193","21.88520416","20.66491932","19.5304415","18.46755483","17.48834573","16.5589767","15.71785183","14.92276569","14.18162886","13.47299721","12.82312027","12.22240721","11.64692652","11.10866893","10.61390117","10.14096344","9.705014971","9.289578909","8.896081165","8.527596229","8.182921863","7.848349851","7.545120505","7.254630273","6.974523138","6.718160825","6.470811084","6.244415757","6.021948562","5.811847521","5.615488773","5.431711274","5.251798444","5.084813313","4.925554572","4.77687432","4.62916061","4.494701869","4.36512061","4.245117915","4.125522406","4.018475816","3.910418373","3.811499156","3.715513244","3.62276885","3.535506738","3.450859195","3.373786364","3.297879827","3.226768896","3.160695598","3.099219518","3.037365279","2.977772992","2.922473049","2.87006212","2.81982753","2.76725302","2.727806751","2.681349528","2.643683139","2.602484393","2.567344351","2.529954967","2.498110295","2.465121768","2.434345822","2.40671818","2.379202885","2.35243416","2.327172287","2.303607328","2.280766409","2.26115187","2.241496522","106-96-7","BrCC#C","InChI=1S/C3H3Br/c1-2-3-4/h1H,3H2
","C#CCBr"
"106-98-9","117.3775923","98.27680782","71.17053121","60.85575726","51.40999893","42.25588212","34.32890824","27.38018574","21.52364008","16.3182248","12.65478315","9.761995198","7.371046923","5.751681936","5.058742726","5.093216589","5.291653426","5.212172917","5.017365542","4.988257117","5.032812453","5.080711251","5.138899396","5.193636834","5.24920181","5.310772982","5.340849126","5.392061683","5.450104439","5.482724882","5.526428508","5.562901529","5.589656041","5.627206193","5.634113048","5.665169478","5.70880854","5.706733119","5.698961598","5.722056388","5.753395183","5.778013089","5.775637559","5.766754917","5.753497541","5.745757406","5.742792148","5.742885865","5.745130622","5.744755617","5.739843093","5.735935947","5.729682815","5.721038124","5.708908981","5.696717902","5.684778785","5.669641258","5.649832643","5.631593833","5.614208519","5.596833728","5.578264247","5.559393182","5.541756604","5.521211308","5.502212456","5.491360277","5.483326758","5.475882029","5.466702039","5.454740599","5.438862697","5.423675916","5.399938555","5.378223853","5.360676922","5.344296519","5.326549152","5.3129799","5.301765033","5.291522541","5.283464513","5.276555562","5.265721269","5.255341734","5.244199395","5.227438712","5.204661562","5.181427144","5.16002128","5.145724045","5.131730443","5.120331812","5.109129095","5.10381294","5.102813631","5.099449395","5.091343161","5.079024823","106-98-9","CCC=C","InChI=1S/C4H8/c1-3-4-2/h3H,1,4H2,2H3
","C=CCC"
"106-99-0","184.2875732","187.5658938","157.7078406","155.6685769","154.3922822","152.691226","150.7656253","148.3058674","145.6908172","143.1492115","140.7838005","138.4860364","136.1750779","133.9093493","131.7954504","129.7292927","127.7147952","125.7850909","123.914754","122.0723803","120.2994907","118.583202","116.9507663","115.3758829","113.7990117","112.2870342","110.8464527","109.4332389","108.0461019","106.7673996","105.4619698","104.2122667","103.0225304","101.8475871","100.6886496","99.54771493","98.49528257","97.43748114","96.41082434","95.4007544","94.45197642","93.46131331","92.54440864","91.62792663","90.72555244","89.88240971","89.01605684","88.18432762","87.37798559","86.56698641","85.77157067","85.03584272","84.25415626","83.50697128","82.75602189","82.03375121","81.32851037","80.62594147","79.95158663","79.25960615","78.60313948","77.93522732","77.27957985","76.63567491","75.9786155","75.34533403","74.72543178","74.09084239","73.48309217","72.85219236","72.25364466","71.62784059","71.02822483","70.43698734","69.83187997","69.26710102","68.68625768","68.09626825","67.55720073","66.97952228","66.43051593","65.84326477","65.29801277","64.76725985","64.19778457","63.65444507","63.1391925","62.57666441","62.0530178","61.53138129","60.99778257","60.51060274","59.98533307","59.47386675","58.97840107","58.46497291","57.97542711","57.49538868","56.98924176","56.5316002","106-99-0","C=CC=C","InChI=1S/C4H6/c1-3-4-2/h3-4H,1-2H2
","C=CC=C"
"1068-57-1","4.051500752","2.139718288","1.5870046","1.248173154","1.067814822","0.937934185","0.835934012","0.743385557","0.724597387","0.670387844","0.620490484","0.565199886","0.565434791","0.561523089","0.502236911","0.45672434","0.442446488","0.449677108","0.438615309","0.38033226","0.415117158","0.412532387","0.385162574","0.392663266","0.358089251","0.393712331","0.320052616","0.384087482","0.348085889","0.364027153","0.365480294","0.279649468","0.335381113","0.334294341","0.343321473","0.376700266","0.312395612","0.260083886","0.331694092","0.404604774","0.318094081","0.260950829","0.327725118","0.375207836","0.342243688","0.292579273","0.295990992","0.330999255","0.348965303","0.339785983","0.321927824","0.311151268","0.31692502","0.321468298","0.336258998","0.320555969","0.31403799","0.310736622","0.323929154","0.330411173","0.332070203","0.337445928","0.322707218","0.313992986","0.306072857","0.294423989","0.295013658","0.299377374","0.300811257","0.308050636","0.315558084","0.31405166","0.311065581","0.306121252","0.298732355","0.28716239","0.286070109","0.287732094","0.292987175","0.302961275","0.318137314","0.333023651","0.345425955","0.362533098","0.384731579","0.398647273","0.399021558","0.393100027","0.383848272","0.371648949","0.361490499","0.348894275","0.334532813","0.317707153","0.300565256","0.286016086","0.279401334","0.275422937","0.280281075","0.287222077","1068-57-1","CC(=O)NN","InChI=1S/C2H6N2O/c1-2(5)4-3/h3H2,1H3,(H,4,5)
","CC(=NN)O"
"107-02-8","102.9115246","89.5026904","84.31752359","81.44546793","77.72996994","74.164929","68.44613514","64.57914014","61.74841406","58.4814268","56.66265204","55.44312439","54.62502379","55.92280225","58.41752389","60.46738042","63.67957862","67.62455905","71.05987484","74.47582429","77.84510273","81.13791301","84.47701358","87.75220734","91.05571459","94.2991143","97.5614287","100.7802076","103.9701821","107.1107248","110.2283833","113.3457094","116.3911532","119.437123","122.4315047","125.4017526","128.3485465","131.2329457","134.1177041","136.9472678","139.778083","142.5393113","145.2908369","147.9978679","150.7009168","153.3381412","155.9720207","158.5731821","161.1576008","163.7037799","166.2200312","168.7218953","171.1990661","173.6470354","176.0710357","178.4830487","180.8573479","183.2353457","185.5630738","187.9051758","190.2017975","192.4936533","194.7738095","197.0299569","199.279694","201.5136314","203.7296642","205.9359736","208.1317275","210.3082018","212.4832754","214.6590717","216.8229111","217.7954304","218.0398217","218.2887229","218.5728779","218.9327131","219.3104977","219.691267","220.1169079","220.5447513","220.9999962","221.4539489","221.9541028","222.4648522","223.0339023","223.6156357","224.0203367","224.3469036","224.7165398","225.0387014","225.3892592","225.7439829","226.110496","226.4020726","226.7967272","227.1115186","227.4234795","227.8218895","107-02-8","C=CC=O","InChI=1S/C3H4O/c1-2-3-4/h2-3H,1H2
","C=CC=O"
"107-03-9","60.48263146","64.58984793","61.2551415","57.81961154","54.39122622","51.02993557","47.77432624","44.60683104","41.61809106","38.75964995","36.09830948","33.21315827","30.54208668","28.31049365","26.2750234","24.4142959","22.75902945","21.28705731","19.92913054","18.74294615","17.68699603","16.78191178","15.97511605","15.29240815","14.72680872","14.25646546","13.85693284","13.54695914","12.17486821","11.63971969","11.12900956","10.62621795","10.20084851","9.813910166","9.405890217","9.037777407","8.707686214","8.391328924","8.109451637","7.83529521","7.588098709","7.352200689","7.133594353","6.918376668","6.722507291","6.549309089","6.371000678","6.201420133","6.051501786","5.903211965","5.757975515","5.637874745","5.501807911","5.385027367","5.262589486","5.157069661","5.049754239","4.954025875","4.854343919","4.772769241","4.677877774","4.603944915","4.51751604","4.439066206","4.374968762","4.302820047","4.243309115","4.17061921","4.111640134","4.050109456","3.997182877","3.93643379","3.879794379","3.821715858","3.775421823","3.721621939","3.678571489","3.630430566","3.591564183","3.542006184","3.511883593","3.465283732","3.428874472","3.394195576","3.358322836","3.318598592","3.293619286","3.254265397","3.230801259","3.195353827","3.170473976","3.138583937","3.115084201","3.078803101","3.061257222","3.033055816","3.012631446","2.979010058","2.958265707","2.931247333","107-03-9","CCCS","InChI=1S/C3H8S/c1-2-3-4/h4H,2-3H2,1H3
","CCCS"
"107-11-9","13.82638431","8.839577294","4.177998172","3.288522935","2.662252246","2.210977815","1.915666438","1.678590345","1.553669572","1.473557947","1.416394509","1.352048038","1.260781495","1.191325803","1.125286243","1.055751716","1.005494623","0.970405837","0.925611223","0.909839951","0.902252301","0.856880435","0.8426627","0.825976756","0.808828081","0.799112987","0.790858193","0.739873773","0.713875829","0.74955346","0.703880134","0.702601044","0.673810537","0.679731745","0.658282099","0.648298502","0.635073774","0.62112047","0.626667044","0.618279602","0.596877871","0.593648453","0.606974676","0.583097532","0.571293392","0.578136616","0.571789544","0.571955167","0.572785251","0.552686888","0.547316897","0.546728076","0.527942003","0.526841507","0.524837726","0.505814606","0.51089498","0.516520061","0.495465896","0.501407209","0.503908086","0.508378609","0.509380336","0.492494073","0.487110656","0.483242701","0.472007963","0.495234139","0.492968694","0.466432967","0.480752872","0.47188106","0.478697329","0.465962941","0.455030529","0.475789652","0.464233088","0.447984046","0.469242047","0.455162398","0.442369517","0.462518983","0.44796646","0.4349351","0.464217673","0.433451186","0.446644955","0.444549577","0.445967282","0.433419688","0.439643342","0.439877411","0.423931984","0.444467359","0.434467184","0.432040925","0.429377096","0.437107489","0.419372886","0.430291265","107-11-9","NCC=C","InChI=1S/C3H7N/c1-2-3-4/h2H,1,3-4H2
","C=CCN"
"107-13-1","25.34680938","18.47034875","14.28289689","11.14302259","8.838895059","7.083340068","5.795153964","4.814702626","4.073961609","3.478525421","3.009250134","2.616430617","2.327221641","2.076353943","1.891322122","1.736280321","1.589726975","1.468459301","1.379393226","1.303918746","1.236289377","1.182879851","1.142302662","1.090135096","1.045827842","1.002172888","0.991891462","0.984394371","0.960137873","0.947407588","0.92922072","0.922034327","0.912249249","0.90420565","0.893255791","0.890775658","0.884205632","0.875453551","0.874051011","0.870522296","0.867057515","0.866618295","0.865448291","0.859728808","0.853991173","0.85680081","0.852422357","0.853687722","0.845882917","0.849349613","0.840908205","0.848174991","0.842805678","0.839064968","0.838610787","0.845925929","0.834207008","0.828343743","0.838508188","0.832185542","0.831034493","0.825103184","0.823939001","0.830914766","0.831455218","0.82890256","0.824156579","0.821128786","0.822136134","0.826628778","0.8314574","0.822119164","0.814565314","0.81452316","0.816814007","0.823104722","0.821913349","0.823643853","0.821928759","0.821222035","0.815552915","0.813431072","0.814948714","0.816475685","0.813965542","0.815420101","0.820912694","0.818704459","0.813013458","0.810354415","0.812287144","0.816936225","0.816343323","0.816235931","0.817416557","0.81591091","0.813250021","0.812676432","0.814132105","0.814799853","107-13-1","C=CC#N","InChI=1S/C3H3N/c1-2-3-4/h2H,1H2
","C=CC#N"
"107-29-9","7.668377867","4.063171048","2.786073361","2.141099195","1.793964215","1.560220734","1.348439682","1.142293341","1.09059266","0.986525641","0.877844977","0.844021434","0.7802253","0.712509243","0.706114753","0.689603557","0.651689682","0.596795722","0.629918059","0.575344685","0.58025212","0.561091964","0.539308991","0.510020941","0.522576708","0.477649708","0.504755257","0.461619601","0.503522259","0.466363839","0.411826566","0.471356421","0.513856231","0.461152025","0.431773455","0.468833442","0.493920897","0.452942391","0.410970205","0.405822846","0.426669039","0.435196688","0.434584388","0.439855388","0.445724522","0.456525082","0.455860359","0.45904261","0.452523638","0.460067807","0.478485043","0.471588506","0.468975222","0.460558396","0.447558744","0.423579027","0.423049","0.419049752","0.420891967","0.431081061","0.44181772","0.448253918","0.449704806","0.448905777","0.452176286","0.448290957","0.456800226","0.465547576","0.466868525","0.47476847","0.482064564","0.494017141","0.502880752","0.506539931","0.505143399","0.506925308","0.513621375","0.518362231","0.516313714","0.513376575","0.508197889","0.495537175","0.491126997","0.491582107","0.496683651","0.501170337","0.505344823","0.509008616","0.511351587","0.514176647","0.514337963","0.515777728","0.519519098","0.525863296","0.530609463","0.531539819","0.534573314","0.539346264","0.543464689","0.545505347","107-29-9","C\C=N\O","InChI=1S/C2H5NO/c1-2-3-4/h2,4H,1H3/b3-2+
","C/C=N/O"
"107-39-1","16.39418168","15.34020006","13.86242206","12.12054055","11.28807066","10.5651045","9.733520663","9.04393251","8.60799209","8.230940395","7.707556485","7.316567651","7.19224666","6.785147985","6.456384891","6.276819241","6.187950842","5.873709636","5.658394026","5.591330811","5.494488948","5.350017628","5.221999554","5.168489659","5.035589779","4.939895472","4.846658524","4.84346797","4.851178087","4.79948323","4.711187008","4.623530627","4.547794964","4.53314041","4.541527485","4.550693712","4.576002957","4.610206304","4.586434726","4.530807493","4.49287587","4.453538208","4.401648089","4.375127946","4.361529127","4.352411954","4.356641956","4.368407313","4.371480528","4.38231644","4.402658349","4.424046341","4.442068734","4.44029194","4.435304685","4.429733124","4.427701012","4.425169607","4.415534064","4.402180752","4.395451709","4.390271895","4.378835238","4.365977549","4.351898654","4.338230798","4.327450882","4.321126924","4.320843011","4.319890825","4.31910281","4.321172645","4.323171362","4.325101984","4.324696098","4.322090591","4.3213724","4.320951899","4.320333122","4.320485598","4.321649515","4.32257513","4.323093829","4.322617593","4.322340136","4.323212071","4.325654927","4.328934091","4.332109251","4.335428138","4.338957934","4.342807615","4.347233967","4.351529012","4.355697802","4.360051056","4.364980693","4.370350185","4.376365945","4.382210207","107-39-1","CC(=C)CC(C)(C)C","InChI=1S/C8H16/c1-7(2)6-8(3,4)5/h1,6H2,2-5H3
","C=C(C)CC(C)(C)C"
"107-93-7","32.87649208","29.32020109","25.91118888","22.70287449","19.82460935","17.33952832","15.20611328","13.39566498","11.88350771","10.596486","9.506041952","8.577770272","7.800568474","7.137858417","6.551571273","6.05581228","5.634631463","5.258417704","4.926986155","4.645672072","4.387525187","4.161385651","3.97051726","3.790476685","3.631371396","3.492147442","3.363237294","3.243812703","3.135106748","3.048107053","2.960832352","2.882493566","2.80894304","2.734906815","2.68834828","2.629415703","2.572190546","2.530737169","2.484303352","2.441494184","2.40440709","2.367986374","2.332265248","2.307463478","2.283945382","2.252045429","2.226384058","2.209162287","2.180020914","2.162752669","2.140799815","2.11986228","2.103930197","2.087795942","2.067741211","2.06082979","2.046093417","2.0327589","2.014858947","2.012128732","1.989461951","1.984872355","1.983030254","1.962321752","1.953912759","1.950880715","1.944929129","1.931108067","1.923722124","1.922060804","1.914670763","1.904720537","1.898506789","1.897066414","1.885757177","1.876076158","1.873299504","1.871669108","1.865322389","1.856543783","1.852601802","1.848775234","1.844805164","1.839338399","1.834924668","1.830144739","1.828690631","1.826547508","1.819275677","1.812276397","1.807406755","1.802422872","1.800081826","1.79981659","1.796177198","1.795243478","1.798195969","1.795682753","1.791322397","1.787699477","107-93-7","C\C=C\C(O)=O","InChI=1S/C4H6O2/c1-2-3-4(5)6/h2-3H,1H3,(H,5,6)/b3-2+
","C/C=C/C(=O)O"
"1072-20-4","218.3999328","202.5854974","187.8935829","171.5755215","157.7243134","141.0879525","132.6078196","132.6574558","132.4091734","134.0629422","136.4292275","139.9179499","143.1774705","145.8748902","146.8111704","149.207956","151.7828315","154.7367335","157.9314354","161.2380085","164.9321797","168.67081","173.0282383","93.60989628","90.92570777","88.44381928","86.18350908","85.65234538","83.47957873","81.51708623","79.70726732","76.12728097","74.19069595","72.42131588","70.7441658","69.12536631","69.25285959","67.66236883","66.02596537","64.41521777","62.93450015","61.240213","59.80536717","58.12307379","167.4119236","161.443567","155.5893072","149.8955152","144.2028146","138.7506495","135.3191321","129.8399802","124.5462448","119.3753756","114.4050639","109.565524","104.9612499","100.5579509","96.27641802","92.49566204","89.15362717","85.89443384","82.77152843","78.65821489","71.54530631","68.44714413","64.80544141","43.82946026","40.19944227","37.22087029","33.92905852","31.13181065","29.09564092","27.76602544","26.68466215","26.28865002","27.54662568","27.36189313","27.29449291","27.13220061","27.12824646","27.30516001","27.15745423","27.39120788","28.01518665","27.73308729","28.27499161","28.44096011","28.59080363","29.0148125","29.40480016","29.81437134","30.2820048","30.81855586","31.44983493","32.04632643","32.83833089","33.631713","34.39433979","35.11843053","1072-20-4","CC#CC#CC#CC","InChI=1S/C8H6/c1-3-5-7-8-6-4-2/h1-2H3
","CC#CC#CC#CC"
"108-05-4","2.980418537","1.652075571","1.180327149","0.938098975","0.79386162","0.692720242","0.609958794","0.545586246","0.533599975","0.483090419","0.462523403","0.450267412","0.404173916","0.412333056","0.432338164","0.364267713","0.403141926","0.400593857","0.365133785","0.32546914","0.371776069","0.379829664","0.360387678","0.383150977","0.374500456","0.345829217","0.335032213","0.359475739","0.346172548","0.373431105","0.352044333","0.350897272","0.344406837","0.342240868","0.342197444","0.343419769","0.40231945","0.327576532","0.336543198","0.36255917","0.371859741","0.346465621","0.353030363","0.379595195","0.352955818","0.339002031","0.377833259","0.386919834","0.351782762","0.358403575","0.403508597","0.415056371","0.379310553","0.359854714","0.376566394","0.405899251","0.416748934","0.390781679","0.365756723","0.359524819","0.37554689","0.398086912","0.412090026","0.413521462","0.396786449","0.383221058","0.370299274","0.366957483","0.381838364","0.394100028","0.405196503","0.412509448","0.413575541","0.417955564","0.416098454","0.409733261","0.406129659","0.406194627","0.403893283","0.404580458","0.398017907","0.395782507","0.399654043","0.403599661","0.408552262","0.410643073","0.411962158","0.414269941","0.419701257","0.425719325","0.433150537","0.438071985","0.439068342","0.439083566","0.440648771","0.440884848","0.440147761","0.430887685","0.423503952","0.416931024","108-05-4","CC(=O)OC=C","InChI=1S/C4H6O2/c1-3-6-4(2)5/h3H,1H2,2H3
","C=COC(=O)C"
"108-19-0","2.139163642","1.682114227","1.674103509","1.652491089","1.638107207","1.654690545","1.609580129","1.616340364","1.587495775","1.598840009","1.565193935","1.571302075","1.563222442","1.524357248","1.532338342","1.520556862","1.512692746","1.502010911","1.484892761","1.476339027","1.469836802","1.457951431","1.449118787","1.436495544","1.430832564","1.417316012","1.408495669","1.401931169","1.393067568","1.383684811","1.379490102","1.364543096","1.36070408","1.353807429","1.350887976","1.336248086","1.322138231","1.322228685","1.316571732","1.30409515","1.30206949","1.296625711","1.283570524","1.28692535","1.276699354","1.275516618","1.269814638","1.265087228","1.25471073","1.253496588","1.250098773","1.238301648","1.241034366","1.232601624","1.233964283","1.223549508","1.220308911","1.216828938","1.214703355","1.211124235","1.20415817","1.205364593","1.199936857","1.194777179","1.187867565","1.185419283","1.180706692","1.183298885","1.177483585","1.175627461","1.17512186","1.169366846","1.164287818","1.165934646","1.165376904","1.16042898","1.158673747","1.154733833","1.153964553","1.15063933","1.15038624","1.145610382","1.143518305","1.143409325","1.139523407","1.139435264","1.136098676","1.132403457","1.132800804","1.130566146","1.13003618","1.128107573","1.127587142","1.126979099","1.126013504","1.12099038","1.120211566","1.121680073","1.116588648","1.118627601","108-19-0","NC(=O)NC(N)=O","InChI=1S/C2H5N3O2/c3-1(6)5-2(4)7/h(H5,3,4,5,6,7)
","C(=N)(NC(=N)O)O"
"108-31-6","2.600363694","1.757289333","1.570680538","1.672297986","1.790685463","1.703469129","1.751278132","1.878774947","1.865246427","1.988683284","1.997208187","2.043244657","2.102630245","2.132035638","2.172279119","2.182759218","2.210235034","2.227085574","2.246877196","2.259512353","2.263435679","2.269039056","2.270236846","2.291517703","2.294812299","2.288296062","2.307744051","2.305772921","2.313524052","2.295977522","2.312041605","2.31868478","2.317883446","2.318214569","2.314627436","2.317918386","2.315161814","2.326749154","2.323375754","2.323275356","2.327116584","2.328500564","2.32133141","2.337998099","2.328584346","2.332123184","2.329673369","2.334781268","2.337968799","2.343273622","2.34262682","2.340740058","2.338524736","2.342408833","2.344911588","2.340840828","2.34779201","2.346006943","2.352586994","2.354248708","2.355267664","2.355325262","2.361880104","2.364769654","2.361621303","2.36219303","2.364358193","2.363810043","2.371443136","2.372189058","2.378414169","2.374602778","2.380312349","2.378722312","2.381039483","2.384971857","2.386462349","2.384045938","2.388538865","2.393831484","2.389987953","2.39706969","2.4029674","2.40143733","2.403973712","2.407783459","2.408011019","2.410993004","2.409882534","2.411876485","2.412792938","2.41787708","2.422893167","2.423045066","2.424399466","2.42519362","2.42714266","2.42895101","2.432102035","2.434802047","108-31-6","O=C1OC(=O)C=C1","InChI=1S/C4H2O3/c5-3-1-2-4(6)7-3/h1-2H
","C1=CC(=O)OC1=O"
"108-39-4","117.2436653","109.4826426","100.5403603","94.52903204","89.2059063","84.53504141","80.16789952","76.0552868","72.23058376","68.8285849","65.54630089","62.59613209","59.87927804","57.49931267","55.48732231","53.68863369","52.07731325","50.71200117","49.42155067","48.23310149","47.1198925","46.12920531","45.18144323","44.35878185","43.53437975","42.79263356","42.09728292","41.42884378","40.84856589","40.23665194","39.72776719","39.19804861","38.73074809","38.30808884","37.89462812","37.48004429","37.12808246","36.83124545","36.50673244","36.24243611","36.00550479","35.76123716","35.61528837","35.45132225","35.33351987","35.25863056","35.24024567","35.28591896","35.37528735","33.33881767","30.28146822","27.2863399","24.33926491","21.49774206","18.75014447","16.14859889","13.67043104","11.36939574","9.284511009","7.415320361","5.85046095","4.654884216","4.107798178","4.43346264","5.071536685","5.82447466","6.694094809","7.640534638","8.68492399","9.856505575","10.84453045","12.21041799","12.89216113","14.06437223","15.10228379","16.08513069","17.11171328","17.40679395","16.95246575","16.90676725","16.49299562","16.79803733","16.49466362","17.08620464","16.91529889","16.86737502","16.96967244","17.09274904","17.20453517","17.33164975","17.45733099","17.59138632","17.72026802","17.84763404","17.99488976","18.14943575","18.31665574","18.49998376","18.67513975","18.86184596","108-39-4","CC1=CC=CC(O)=C1","InChI=1S/C7H8O/c1-6-3-2-4-7(8)5-6/h2-5,8H,1H3
","Cc1cccc(c1)O"
"108-45-2","79.22822066","80.31797308","81.38472286","83.29866552","85.3358581","87.14301603","89.03798845","90.89711413","88.9045877","89.06786625","89.40049852","89.89642761","90.51002228","91.18211363","91.91715199","92.63359809","93.3248","93.99515866","94.14042701","94.00100945","93.74034975","93.4446293","93.12344717","92.76435694","92.35633635","91.73979867","90.72111339","89.66208145","88.58535883","87.47427249","86.33120825","85.16002913","83.54656647","81.86419216","80.16766826","78.46686626","76.78141971","74.9319555","72.98209844","71.05268373","69.14032388","67.04641213","64.99035387","62.96044823","60.87030956","58.68643792","56.5720968","54.51445318","52.52002032","50.60623076","48.44482938","46.13979776","43.91527456","41.77934212","39.74049622","37.81667374","35.99952583","34.32665874","32.74247104","30.5119573","28.5174336","26.68395731","24.92576313","23.5297957","21.96459208","22.31225961","20.07761018","19.58758492","16.98282869","16.58372848","14.46902941","14.37468042","13.78321221","13.56407674","13.8622607","12.16088056","10.96396754","10.03366404","9.162349368","8.838434122","9.122818539","9.354946246","9.060348862","9.58120448","10.78072902","11.17168535","11.17298131","11.27278409","11.28068694","11.20332509","11.02640153","10.90729462","10.74093404","10.60768657","10.51491786","13.23579651","13.0987681","12.96539262","12.43772962","12.31565516","108-45-2","NC1=CC(N)=CC=C1","InChI=1S/C6H8N2/c7-5-2-1-3-6(8)4-5/h1-4H,7-8H2
","c1cc(cc(c1)N)N"
"108-46-3","58.05170399","55.65566493","27.42607113","27.86537449","27.6926951","28.09158947","28.63311381","42.27316234","25.55105274","26.74685629","27.76499231","28.80569978","29.69973751","30.52762046","31.19662512","31.77962278","32.44945726","33.06528241","33.58408591","34.1118818","34.62912329","35.01479976","35.4001143","35.80230273","36.10617673","36.32928782","36.51268409","36.69307445","36.76516865","36.84187748","36.70612319","36.65481151","23.91957713","23.57426331","23.24018688","22.92858709","22.69253322","22.45413336","22.23722939","22.06626966","21.89754204","21.78672314","21.67445091","21.53439611","21.44980974","21.39473659","21.37184703","21.37182009","21.39053726","21.45763305","21.5628434","21.64048184","21.82653537","22.04488907","22.13060983","21.17709297","20.2154277","19.26161663","18.28915665","17.30469293","24.42627438","23.63863516","22.84205101","22.04192195","21.28452206","20.52524722","19.77003154","19.02991852","18.32481989","8.296791335","7.546383987","6.842362245","6.148629996","5.563692317","4.999033013","4.609225863","4.249856803","4.185769209","4.229057509","4.358578801","4.488861954","4.644070054","4.918755197","5.147476826","5.369601249","5.620955632","5.901094968","6.192074573","6.480369648","6.755835117","7.058256476","7.337822895","7.627284021","7.917135499","8.201254914","8.155041843","8.38004361","8.405924922","8.180752803","8.203582544","108-46-3","OC1=CC(O)=CC=C1","InChI=1S/C6H6O2/c7-5-2-1-3-6(8)4-5/h1-4,7-8H
","c1cc(cc(c1)O)O"
"108-47-4","42.05216528","31.75860899","27.13796452","25.17195472","23.05340085","21.54372218","20.35955444","19.12999209","18.08294535","17.19599959","16.32896621","15.59929291","14.97525312","14.30988237","13.78090406","13.2920561","12.8238778","12.38539988","11.95281042","11.5324834","11.21938431","10.89629845","10.57543883","10.30792506","10.06376423","9.789347157","9.60060549","9.387506809","9.202720841","9.021278036","8.836617116","8.719818392","8.52716247","8.447474334","8.272001323","8.186054914","8.121701031","7.944249175","7.930698527","7.832103739","7.742519658","7.736309704","7.676434094","7.620488659","7.612995868","7.579820059","7.528733015","7.530197509","7.527267214","7.473891386","7.444732951","7.467809752","7.469819948","7.442518219","7.423027271","7.427808044","7.442457315","7.440418044","7.427239862","7.404618334","7.410048459","7.438631849","7.442814018","7.450934958","7.441177323","7.424065312","7.42075762","7.441459875","7.475763986","7.500169195","7.496490119","7.491451383","7.492019954","7.476459391","7.473646879","7.490619838","7.517134477","7.537782492","7.559730921","7.553291672","7.566431303","7.570067606","7.570563647","7.568842226","7.569533876","7.582934321","7.594968899","7.603825821","7.61613455","7.632418316","7.65561565","7.672870434","7.67248524","7.678699238","7.68254901","7.68827238","7.691917533","7.694676648","7.695093007","7.690368725","108-47-4","CC1=CC=NC(C)=C1","InChI=1S/C7H9N/c1-6-3-4-8-7(2)5-6/h3-5H,1-2H3
","Cc1ccnc(C)c1"
"108-52-1","15.54588526","14.6840352","15.34618264","13.76378372","15.11409909","16.10052113","16.9476355","17.49087323","17.86333982","17.99025925","18.07995857","17.96012779","17.75885675","17.38658431","17.0004107","16.55964356","16.0304433","11.29097579","9.936927329","8.683156205","7.516278446","6.427549321","5.502513339","4.61660445","3.805889071","3.100630515","2.519502644","2.04557462","1.681252697","1.4170521","1.440261595","1.564061148","1.67470924","1.864595069","2.074433846","2.333973474","2.647025718","3.068752312","3.201604196","3.249957068","3.258433822","3.350385159","3.415501054","3.258583799","3.146845514","3.076829005","3.106939182","2.957922687","2.889246539","2.915563833","2.923017395","2.930348381","2.886877094","2.812457915","2.768738401","2.705990337","2.637287502","2.609015623","2.576006132","2.515434645","2.465923538","2.435488689","2.413563539","2.386097924","2.356745441","2.344692752","2.314422913","2.292711377","2.271254556","2.24872952","2.228623376","2.219359101","2.200469052","2.195299197","2.177392381","2.172666963","2.163386226","2.162771105","2.154735296","2.150081954","2.147542582","2.134113338","2.129783053","2.123390778","2.129697377","2.135395672","2.146146596","2.15266909","2.1415714","2.141112543","2.143951893","2.142371458","2.146911746","2.15260526","2.152988917","2.16810886","2.172213497","2.162788524","2.169134653","2.172122909","108-52-1","CC1=CC=NC(N)=N1","InChI=1S/C5H7N3/c1-4-2-3-7-5(6)8-4/h2-3H,1H3,(H2,6,7,8)
","Cc1cc[nH]c(=N)n1"
"108-67-8","6.617770219","3.840900052","3.344897979","2.55771856","2.457931879","2.230342776","2.347884534","2.223578424","2.384969503","2.381965794","2.385500693","2.522425994","2.493876282","2.547450499","2.623805085","2.537807137","2.561736461","2.598022222","2.51156355","2.461957852","2.470117718","2.466503863","2.371903089","2.277863299","2.250393263","2.190077851","2.064338071","1.938816477","1.860485644","1.772887523","1.680318836","1.563393386","1.432948841","1.322600677","1.179165598","1.0546783","0.982309389","0.904703794","0.824289077","0.822298223","0.873179115","1.035225621","1.237336795","1.481865736","1.728246036","1.935751234","2.173427623","2.464979354","2.751938182","3.117362636","3.486994675","3.794805154","3.818365453","3.903364815","4.020440578","4.163574957","4.285026836","4.457279478","4.644911437","4.835471491","4.967791166","5.101636955","5.339336898","5.450000092","5.596178668","5.639090025","5.749335135","5.784953156","5.295801697","5.299273454","5.28227657","5.309307678","5.292323349","5.271637404","5.251694167","5.252055254","5.228984493","5.22244343","5.212680308","5.187307486","5.163937895","5.168883188","5.144446034","5.135772365","5.126099318","5.119773969","5.097854703","5.097640164","5.09104986","5.078315801","5.089326897","5.085424221","5.078473102","5.077875588","5.084613929","5.088099263","5.096485018","5.097101784","5.093598444","5.096607032","108-67-8","CC1=CC(C)=CC(C)=C1","InChI=1S/C9H12/c1-7-4-8(2)6-9(3)5-7/h4-6H,1-3H3
","Cc1cc(C)cc(C)c1"
"108-75-8","58.84588845","44.09859275","54.68024705","60.5075654","65.70916733","70.70809789","75.14970991","78.77837406","82.11992755","85.06089904","87.4844324","89.59767903","91.37401805","92.86477257","94.09209128","95.0830932","95.85699225","96.45090443","96.85100057","97.11772061","103.272152","101.3627681","99.53710562","97.7186667","75.02675209","72.53808008","70.13387059","67.80087024","65.54659802","63.36769467","61.22965582","59.18725554","57.20026371","55.2607098","53.39318386","51.57367871","49.83258302","48.1431637","46.51108424","44.93676841","43.40205384","41.90981408","40.50140061","39.12531948","37.82681107","36.54154651","35.33940647","34.1583741","33.03054853","31.95408955","30.93646865","29.961238","29.03298183","28.1570239","27.31171153","26.5310598","25.77849111","25.07315584","24.4162421","23.80239406","23.2321889","22.6988914","22.1994641","21.74015626","21.30725906","20.92202267","20.5740951","20.23807386","19.93235826","19.65851884","19.43200354","19.19037897","18.97912515","18.79671067","18.63836382","18.46831337","18.32848963","18.19598494","18.07073849","17.96868341","17.87236136","17.77288284","17.68939374","17.61391803","17.5376396","17.46653988","17.39738479","17.33989422","17.28203587","17.22684971","17.17545568","17.12220472","17.07988346","17.03172396","16.99098511","16.9467465","16.8994178","16.8670591","16.82666087","16.79114908","108-75-8","CC1=CC(C)=NC(C)=C1","InChI=1S/C8H11N/c1-6-4-7(2)9-8(3)5-6/h4-5H,1-3H3
","Cc1cc(C)nc(C)c1"
"108-88-3","151.035177","119.5863774","82.57439284","64.06412247","45.87229514","32.8908211","24.33237056","19.59194357","14.83411375","12.52725911","11.02879367","11.31207511","11.03941287","11.2065908","11.37818816","11.7181596","12.13437519","12.62163502","12.69339148","13.09764425","13.49639658","13.8458193","14.20590584","14.51457078","14.81352071","15.09367576","15.35152025","15.57969778","15.80913321","16.01358058","16.19237897","16.35169431","16.50810265","16.63796019","16.76180477","16.86626554","16.97347475","17.05564446","17.13891754","17.20071211","17.26051258","17.31967775","17.35595319","17.38776521","17.42367929","17.44660916","17.46640721","17.48043314","17.48698583","17.49339952","17.49495158","17.49588397","17.49343445","17.48628611","17.47629661","17.46401872","17.45017318","17.43509657","17.41938631","17.40202788","17.38315538","17.36270291","17.34156416","17.32116198","17.29831515","17.27240443","17.24499065","17.21797663","17.19027434","17.16262395","17.1356493","17.10620249","17.07749239","17.05175966","17.02702849","17.00414947","16.98029005","16.95655785","16.93091539","16.90128433","16.87244137","16.84344431","16.81514989","16.78669036","16.75542659","16.72523664","16.69822685","16.67232773","16.64681691","16.62357076","16.60737876","16.58344811","16.55938497","16.53617403","16.51208712","16.4873929","16.4626425","16.43725621","16.41198257","16.38894592","108-88-3","CC1=CC=CC=C1","InChI=1S/C7H8/c1-7-5-3-2-4-6-7/h2-6H,1H3
","Cc1ccccc1"
"108-89-4","33.45737174","28.51138522","26.16198354","23.31548561","21.68477569","20.17346614","18.87891664","17.97944214","16.86867681","16.11668495","15.37153103","14.64007881","14.04972219","13.49823736","12.96151848","12.47055939","12.08099222","11.6842195","11.32758763","11.0018774","10.68947744","10.44064882","10.15633762","9.974556359","9.746316995","9.589261103","9.362668379","9.266095494","9.088912796","9.008896413","8.838838164","8.727458922","8.701017975","8.576391859","8.485242847","8.456317856","8.376183533","8.31334733","8.290797521","8.243136302","8.204378363","8.146500231","8.112060048","8.115379973","8.071578917","8.055587359","8.03437284","8.019390659","8.017521126","8.000648128","7.97874134","7.963553984","7.959527637","7.941885678","7.945882229","7.955715102","7.941098842","7.956423805","7.96103819","7.948118806","7.944850704","7.951358757","7.937169298","7.933727462","7.942072228","7.953571022","7.948036392","7.953609256","7.965118829","7.975860758","7.980074782","7.973900654","7.977014038","7.98656346","7.986498873","7.980128049","7.978860198","7.976855394","7.983280903","8.000677844","8.010835902","8.011280807","8.006540606","8.009183828","8.019594087","8.027071276","8.032224919","8.040730294","8.046993867","8.050892248","8.050699816","8.054688485","8.058468315","8.067838216","8.07906154","8.087465314","8.090985107","8.090418827","8.090759102","8.092223821","108-89-4","CC1=CC=NC=C1","InChI=1S/C6H7N/c1-6-2-4-7-5-3-6/h2-5H,1H3
","Cc1ccncc1"
"108-90-7","38.42247038","29.21593707","26.87385064","28.75217147","31.31820094","30.85729329","31.81623074","33.2347182","34.38013371","37.55042896","39.45068619","41.27469864","43.05076061","44.74487597","46.36420626","47.97671585","49.34328919","50.74553861","51.99911023","53.39269388","54.64436406","56.01913518","57.33433511","58.67113498","60.04683213","61.42013539","62.84641833","64.26490783","65.7141315","67.2538377","68.68675941","69.3019315","69.81744513","70.41301118","70.90196796","71.45052206","71.91695793","72.37898425","72.84042622","72.60302572","71.92496949","71.35338936","70.95142113","70.52087309","70.19904435","69.96019959","69.79812942","69.69103606","69.63505327","69.64158084","69.67490468","69.73005735","69.85662169","69.97412516","70.1451294","70.29958018","70.49270377","70.69146537","70.90388422","71.12937217","71.35118642","71.57956137","71.83129524","72.06129013","72.30959147","72.57719616","72.82553298","73.07393794","73.31227668","73.565256","73.80438941","74.05526034","74.3059329","74.53130109","74.7655426","75.00646569","75.22153076","75.42709389","75.63798447","75.84877736","76.03374411","76.22946298","76.41136888","76.58783455","76.76134402","76.91902785","77.08352859","77.24357915","77.35703709","77.53229125","77.64498659","77.76951285","77.89696041","78.00759653","78.12946196","78.22277976","78.3163371","78.42026727","78.49658867","78.58454016","108-90-7","ClC1=CC=CC=C1","InChI=1S/C6H5Cl/c7-6-4-2-1-3-5-6/h1-5H
","c1ccc(cc1)Cl"
"108-94-1","40.21041387","35.16093077","31.91255763","18.94782703","17.3346241","15.89603126","14.49968197","13.30666801","12.10306133","11.00284023","10.05268653","9.025522475","8.140183082","7.327519415","6.479287219","5.69604934","4.985613464","4.378117189","3.846966781","3.258159877","2.810949788","2.371077102","2.001352171","1.723462501","1.568042501","1.538652124","1.623575117","1.683474271","1.715629932","1.922129372","2.043726289","2.156017647","2.309089773","2.446565082","2.671203352","2.801025969","3.040920714","3.189617475","3.475904099","3.686611483","3.918230774","4.170562115","4.459037976","4.755282536","5.043519371","5.397127155","5.651485931","5.955915299","6.266454571","6.555167676","6.865887266","7.157870691","7.484548321","7.822104244","8.12276324","8.44831246","8.82328494","9.135657839","9.505721393","9.851446021","10.19505655","10.58826889","10.91289463","11.2458807","11.58016103","12.11617252","12.46165539","12.81837941","13.18547653","13.54698753","14.18962036","14.71722699","14.97013698","15.23049539","15.43023523","15.58514387","15.51638576","15.4951701","15.60233297","15.73864642","15.15072432","15.00423764","14.89073539","14.48974756","14.31184007","14.29151343","14.25683644","14.21825999","14.18045116","14.14363626","14.11484721","14.07600373","14.04345815","14.01003256","13.98055102","13.94121247","13.91221879","13.87756602","13.83989784","13.81497252","108-94-1","O=C1CCCCC1","InChI=1S/C6H10O/c7-6-4-2-1-3-5-6/h1-5H2
","C1CCC(=O)CC1"
"108-95-2","9.076863293","10.06485497","10.07258046","11.64580907","12.10228091","12.06850059","12.5890402","12.90828822","13.06828805","13.20681687","13.53183311","13.68068405","13.85619835","14.01817208","14.2602388","14.45908763","14.69535556","14.84180129","15.19152587","15.31306131","15.59121633","15.83213174","16.07729476","16.29389002","16.58974113","16.84243726","17.12719429","17.32001364","17.62239136","17.95967331","18.15303905","18.3793002","18.74696915","19.02814125","19.34286603","19.54656578","19.85935612","20.19882587","20.45540759","20.75888591","21.0894472","21.33816808","21.62808592","21.92803465","22.26522221","22.35583884","22.47831061","22.47321924","22.52385613","22.62737596","22.78574932","22.78130685","22.87627805","22.95105678","23.06690758","23.13173374","23.23576819","23.31660386","23.40175303","23.51040277","23.59135455","23.69364432","23.79975856","23.89025852","24.00059872","24.08909933","24.15232301","24.2653439","24.35615971","24.43177781","24.53995892","24.64195866","24.72279457","24.7965441","24.88007981","24.94930319","25.0147069","25.10785755","25.16766671","25.25560145","25.34832942","25.43200474","25.4904345","25.55286543","25.64797008","25.72807359","25.76671771","25.83836442","26.02709966","26.09104599","26.11314741","26.1562847","26.21224123","26.27362607","26.30971523","26.34525256","26.38861255","26.44210643","26.49081291","26.516722","108-95-2","OC1=CC=CC=C1","InChI=1S/C6H6O/c7-6-4-2-1-3-5-6/h1-5,7H
","c1ccc(cc1)O"
"108-99-6","25.87918222","18.7567287","15.75915155","13.78588468","12.35927862","11.20649561","10.29485589","9.556277444","8.889070568","8.385053059","7.935334681","7.563523467","7.268907836","7.085564239","6.928239661","6.766846076","6.712038478","6.662010454","6.653628599","6.715991486","6.797340761","6.894652853","6.934827209","7.09036287","7.233839202","7.348020519","7.513790361","7.691251904","7.874329098","8.04577648","8.251135689","8.419311446","8.62717285","8.796091179","9.004190739","9.177083502","9.347736717","9.541383858","9.715800623","9.887445901","10.06296405","10.22866188","10.37144432","10.53395781","10.70831615","10.87510129","11.02147697","11.1639846","11.30972499","11.45677922","11.601015","11.72855426","11.86651449","11.98989491","12.1233279","12.24352288","12.36413026","12.46562349","12.5681159","12.67396679","12.77298675","12.87467903","12.98549386","13.08214204","13.17076114","13.26070788","13.34995675","13.41871092","13.50607144","13.58450849","13.66104945","13.73780211","13.81406539","13.8979798","13.97316011","14.04555397","14.1115185","14.17597394","14.24061977","14.29972894","14.35344875","14.40260977","14.45324214","14.50334062","14.55608225","14.60879323","14.65477965","14.7006348","14.74679336","14.79624825","14.84295479","14.88509817","14.93227929","14.97681102","15.01894717","15.05780913","15.09850998","15.13831421","15.17618426","15.21445344","108-99-6","CC1=CC=CN=C1","InChI=1S/C6H7N/c1-6-3-2-4-7-5-6/h2-5H,1H3
","Cc1cccnc1"
"109-00-2","104.5326982","102.2462508","99.99765382","97.74695039","95.59540789","93.66426623","91.74571465","89.9188276","88.2047243","86.5531382","85.03474769","83.57242217","82.18561235","80.93709316","79.81903002","78.750932","77.84447282","76.98956521","76.22307587","75.45056399","74.73462851","74.12592335","73.51090516","73.00083421","72.52091982","72.10427721","71.7045503","71.33332916","71.00355245","70.71342545","70.40480944","70.16417855","69.92355306","69.68607853","69.49846073","69.28539474","69.09132001","68.90382309","68.72514329","68.51488909","68.32779347","68.11180918","67.89803241","67.65629377","67.37709875","66.33074977","65.22394321","64.09018305","63.03180459","62.02132164","61.02515148","60.09206587","59.13355857","58.25242146","57.41419355","56.56719014","55.72310779","54.94405015","54.1817371","53.45685321","52.75278623","52.06764943","51.37068823","50.71374983","50.07304846","49.46526433","48.86688715","48.29506363","47.74099187","47.21575335","46.70820469","46.23845432","45.76072361","45.31971045","44.86138904","44.42827472","44.0076995","43.61197725","43.21314021","42.84153153","42.47137081","42.13187524","41.78539878","41.4760104","41.15649542","40.85696252","40.56145534","40.27788218","40.00996743","39.75095022","39.49213734","39.2456329","39.01226769","38.77863788","38.56021618","38.34213338","38.1430074","37.94131302","37.74754609","37.54528465","109-00-2","OC1=CC=CN=C1","InChI=1S/C5H5NO/c7-5-2-1-3-6-4-5/h1-4,7H
","c1cc(cnc1)O"
"109-06-8","21.95474378","15.33623273","12.5245862","10.62278129","9.332665042","8.410064281","7.659334214","7.003231625","6.426638045","6.002847734","5.606832432","5.199237701","4.837283687","4.588003972","4.372471911","4.116705904","3.900040875","3.709975079","3.582504887","3.405752319","3.316433822","3.136056461","3.084871157","2.966208852","2.932102714","2.789958141","2.750466391","2.641161025","2.593850281","2.598897949","2.498024519","2.479746582","2.480884181","2.396575097","2.337664756","2.356249911","2.32906416","2.280079264","2.257823191","2.255116084","2.254378526","2.236526858","2.183749323","2.173848837","2.184435447","2.220299358","2.221607339","2.197216434","2.153343175","2.129343548","2.127565388","2.130278543","2.152169204","2.167673479","2.188471692","2.193433872","2.191896791","2.177153894","2.178253603","2.166506473","2.171008262","2.166972224","2.169860874","2.168623414","2.170629514","2.194044402","2.194235988","2.198422724","2.207733786","2.208409883","2.220045534","2.230302396","2.2318087","2.241160823","2.242860629","2.246670145","2.252650133","2.255254806","2.260923302","2.259918121","2.262946492","2.26875529","2.266755898","2.261809726","2.26631953","2.26830011","2.270865216","2.268199038","2.270910321","2.278611265","2.287969627","2.292214966","2.293893165","2.296286918","2.299377504","2.304870496","2.311542189","2.321369971","2.327107691","2.331462977","109-06-8","CC1=CC=CC=N1","InChI=1S/C6H7N/c1-6-4-2-3-5-7-6/h2-5H,1H3
","Cc1ccccn1"
"109-09-1","12.91183384","8.044451899","7.930424001","8.246409876","8.783323865","9.454163922","10.21831989","11.01220812","11.75158609","12.46875408","13.18972373","13.96764896","14.59841664","15.24183869","15.94855336","16.54668762","17.19068234","17.79175154","18.34074432","18.91762222","19.5007555","20.06038296","20.63100255","21.23368661","21.87473338","22.54155971","25.77133602","26.69763284","27.5632283","28.46389304","29.21669603","33.31465512","33.83922406","34.41977847","35.08934157","36.28506633","36.49866912","36.66708494","36.88926491","37.12718393","37.34538762","37.57040416","37.84867791","38.13414047","38.43359716","38.78726542","39.14130417","39.55806231","39.94721242","40.3732554","40.81265309","41.23768319","41.72600556","42.21203099","42.79016852","43.01544777","43.43951061","43.88059719","42.9061933","41.38748865","40.62228132","39.95322964","39.39584434","38.97428829","38.45122749","38.25908803","38.01369593","37.67922577","37.40707265","37.1171331","36.8281775","36.52037203","36.21502304","35.92365671","35.61169393","35.31230427","35.02601857","34.73764958","34.44037474","34.15088344","33.87928559","33.59850832","33.34330001","33.07569385","32.82715815","32.58052322","32.3571966","32.10989883","31.88593461","31.68210582","31.49109209","31.295668","31.11203656","30.93641128","30.7723813","30.61891766","30.48071556","30.33070068","30.19849759","30.07127222","109-09-1","ClC1=CC=CC=N1","InChI=1S/C5H4ClN/c6-5-3-1-2-4-7-5/h1-4H
","c1ccnc(c1)Cl"
"109-49-9","8.734689106","12.46985332","11.75710035","11.81172293","12.12463348","12.15038744","12.58657786","13.03665674","13.58124853","14.08132039","14.53781761","14.98043559","15.3498272","15.75953914","16.1615514","16.50250155","16.90846805","17.24308826","17.61522578","17.97424986","18.27554986","18.68399933","19.1025685","19.40332496","19.74132699","20.12023404","20.48754679","20.83286542","21.24545247","21.64032305","22.01887223","22.63336668","22.68845956","22.78076302","22.81248184","22.83987122","22.90251013","22.92636258","22.87939835","22.86558297","22.90102311","22.9046771","22.83965046","22.81267702","22.8043683","22.78821796","22.72509102","22.67132348","22.62713218","22.58594865","22.53646747","22.46562648","22.38493766","22.05767984","21.89479836","21.73718316","21.58691915","21.42384135","21.19104189","21.00322322","20.79511548","20.60558734","20.43452137","20.25874069","20.1060399","19.95234864","19.79596164","19.60585052","19.40374595","19.215193","19.02846332","18.8382509","18.65515434","18.49004779","18.33363733","18.16731953","18.00076979","17.84215785","17.70093252","17.56580566","17.43070429","17.27002311","17.11347941","16.95498207","16.78689504","16.61079786","16.44048104","16.27648863","16.11342704","15.95286321","15.80538203","15.65646486","15.50347845","15.35021946","15.20412236","15.07277814","14.94764711","14.82223379","14.69786423","14.57222444","109-49-9","CC(=O)CCC=C","InChI=1S/C6H10O/c1-3-4-5-6(2)7/h3H,1,4-5H2,2H3
","C=CCCC(=O)C"
"109-75-1","19.5256472","30.4023801","38.2464843","43.35939474","46.33139227","47.62366748","47.58189692","45.89086134","44.85509437","42.63004454","40.1203171","37.41999459","34.66638946","31.87871501","29.21747273","26.6208","24.15770512","21.90094445","19.79360494","17.83617975","16.08425037","14.49837194","13.14863086","11.98487","11.0079598","10.16850419","9.511072918","8.959284339","8.533593807","8.183740179","7.929916325","7.7334326","7.584691442","7.488993839","7.403993814","7.376791858","7.329646372","7.316565658","7.28603217","7.271748742","7.277295199","7.259971595","7.244616331","7.238196998","7.215467959","7.195176796","7.177426964","7.165254065","7.149680979","7.123113778","7.095302168","7.069873475","7.051773613","7.023963047","6.996414295","6.965741781","6.932972747","6.898944196","6.874230295","6.856791692","6.825373121","6.785519379","6.752294855","6.724957584","6.700179416","6.667773563","6.638385621","6.604436583","6.582171854","6.553789471","6.525192852","6.495243749","6.468124894","6.443948252","6.415175606","6.388219628","6.36202329","6.334703233","6.312242681","6.286288581","6.258544376","6.236609907","6.214158098","6.196176917","6.173795387","6.146373725","6.125240561","6.099191722","6.077416423","6.063422737","6.043685389","6.02017949","5.998354202","5.979697338","5.961704752","5.947084845","5.930287657","5.915590381","5.89510593","5.874477991","109-75-1","C=CCC#N","InChI=1S/C4H5N/c1-2-3-4-5/h2H,1,3H2
","C=CCC#N"
"109-77-3","42.69850031","43.70496148","43.33765579","42.58504211","41.84359518","40.69864837","39.96638011","39.32354872","38.3956852","37.60265474","36.82115713","36.15861023","35.31495022","34.59750331","33.80717789","33.18222412","32.41564893","31.72636294","31.08368489","30.34558904","29.72291977","29.12790967","28.46920176","27.82959302","27.242389","26.66195585","26.10776442","25.53930861","24.93805552","24.44321646","23.95777774","23.39888031","22.89679757","22.45684625","21.94965846","21.47513603","21.07603409","20.64006756","20.16129407","19.74951612","19.3773197","19.01540395","18.60584677","18.23966049","17.84498632","17.50730273","17.19473598","16.8511788","16.53028494","16.24786979","15.91263888","15.64304069","15.38051164","15.04968497","14.83051176","14.57791839","14.31083972","14.11753281","13.81982751","13.62228364","13.43526907","13.17865283","13.0255418","12.83410826","12.64020219","12.45695589","12.26137387","12.11720963","11.96103852","11.79581663","11.6640591","11.53830197","11.39928001","11.28125609","11.13801033","11.03785239","10.93359288","10.80058735","10.72177749","10.59237113","10.50934081","10.43999149","10.33331964","10.25600678","10.18247917","10.09814735","10.03201073","9.978526242","9.906914845","9.832892891","9.796146013","9.738281351","9.677733344","9.633358733","9.57786348","9.507757866","9.476369617","9.442694554","9.391319929","9.368219218","109-77-3","N#CCC#N","InChI=1S/C3H2N2/c4-2-1-3-5/h1H2
","C(C#N)C#N"
"109-93-3","49.14376218","38.13406503","13.34038254","14.011555","14.52879321","14.83209096","15.20219037","15.75169365","16.2139458","16.55067942","16.60179628","16.82879998","16.5169736","20.71564436","19.29562637","17.8094455","16.4603587","15.25505682","14.06200065","12.82634105","11.73452269","10.66964617","9.641942608","8.709813403","7.832254327","6.943518934","6.207496839","5.467616252","4.761386722","4.143044518","3.567687185","3.017625469","2.576755059","2.166624518","1.807491737","1.499487634","1.301522725","1.192607301","1.240768927","1.424484742","1.698555401","1.967164542","2.359395318","2.559897481","2.679108397","2.690260471","2.480090158","2.352696534","2.253485021","2.204426414","2.164022889","2.043701957","2.013376359","2.004724909","1.957001527","1.882751202","1.831773929","1.786495903","1.749560926","1.695979249","1.640378727","1.597171912","1.545323732","1.50127106","1.478270247","1.436537955","1.381061393","1.356043195","1.326427202","1.30007696","1.278212949","1.259625274","1.249525734","1.223904636","1.205039348","1.192460816","1.19669195","1.198443124","1.190107026","1.178372606","1.16719008","1.162754276","1.161994467","1.159429085","1.154088248","1.146979213","1.140037835","1.13537687","1.134218387","1.133972114","1.134486266","1.136174358","1.138572502","1.139246572","1.140491496","1.141432791","1.142532486","1.143225655","1.143604456","1.143489909","109-93-3","C=COC=C","InChI=1S/C4H6O/c1-3-5-4-2/h3-4H,1-2H2
","C=COC=C"
"109-97-7","34.75231852","27.38709435","23.56910297","20.56799704","18.95700945","17.82630707","17.03097594","15.80265938","14.96859706","14.39528276","13.73861466","13.0801885","12.50358897","11.91151489","11.47864904","10.94152379","10.65299873","10.25454719","9.879050865","9.460673112","9.156869788","8.914547154","8.58568353","8.414601464","8.010622552","7.979476766","7.63983521","7.445409711","7.218997726","7.084442665","6.899122438","6.800742253","6.588846177","6.43410935","6.284382616","6.227188933","6.133096185","5.930299917","5.819905876","5.766857376","5.676477299","5.606088628","5.544689193","5.399007986","5.270375581","5.245587217","5.207421671","5.157536955","5.089084613","5.013302605","4.932632369","4.875026935","4.794542667","4.794747726","4.77855975","4.744960262","4.68789249","4.648029391","4.582290506","4.55411636","4.507503369","4.496925438","4.460361286","4.444086038","4.396813651","4.374062402","4.346308814","4.289784976","4.278685904","4.243837492","4.219026924","4.216305622","4.223380837","4.215290276","4.211671788","4.184793941","4.154914299","4.125096156","4.116132729","4.095144261","4.082237079","4.075488658","4.081473956","4.089246205","4.078751386","4.070651359","4.048681592","4.018600822","3.988301988","3.946702103","3.911459146","3.889975206","3.865928951","3.848420003","3.845619317","3.840193598","3.842705004","3.863044336","3.889571395","3.897109839","109-97-7","N1C=CC=C1","InChI=1S/C4H5N/c1-2-4-5-3-1/h1-5H
","c1cc[nH]c1"
"109-99-9","49.79521975","37.38937262","39.36665195","31.44629074","27.82605358","24.57547167","22.04268192","20.0238751","17.65160308","15.74772869","14.67492457","13.68746274","13.82346107","14.70081725","19.525735","18.59203725","17.69630266","16.63505508","15.88790111","15.39296974","14.72016374","14.50588042","14.15287911","42.60569413","43.22438395","43.63761432","43.86852545","43.9899542","44.06284003","44.33632497","44.34457772","44.286922","44.18514884","44.21039964","44.12787089","43.99333618","43.93249111","43.91200003","43.89492125","43.89208587","43.87412905","13.98921694","14.05002229","14.06375541","14.0662737","14.05869015","14.06102511","14.06548434","14.07248171","14.06991948","14.08805611","14.10651733","14.12193809","14.13624563","14.14035394","14.14085902","14.14120647","14.14154263","14.14097865","14.13669971","14.1278223","14.11938526","14.11115053","14.10495723","14.09856242","14.09330119","14.08913955","14.08584195","14.08224035","14.07807794","14.0648618","14.05276191","14.0437849","14.03380684","14.02525052","14.01898982","14.01262336","14.00574423","14.00110163","13.99781519","13.992522","13.98722692","13.98196505","13.97480078","13.97076338","13.96789057","13.96217011","43.95678835","43.95910683","43.96254354","43.9646429","43.96817364","43.97208099","43.97554024","43.98071403","43.98612315","43.99174203","43.99874316","44.00610129","44.01477156","109-99-9","C1CCOC1","InChI=1S/C4H8O/c1-2-4-5-3-1/h1-4H2
","C1CCOC1"
"110-00-9","48.96785272","44.14098798","39.55444205","35.2998301","31.38802046","27.99171191","24.9330544","22.34602149","20.05911826","18.09313718","16.3865192","14.92255339","13.42383311","12.28963332","11.27635427","10.39970743","9.639765243","8.948683249","8.353439932","7.808515324","7.326348585","6.914709773","6.520307913","6.181255799","5.870083506","5.579856235","5.333426614","5.094313353","4.890426454","4.68977519","4.519195894","4.362222016","4.203945117","4.069014641","3.940761452","3.820010071","3.717056058","3.613037745","3.518281778","3.422260368","3.346658851","3.264616965","3.193125908","3.131080403","3.072592941","3.011447824","2.951468293","2.89633159","2.844525479","2.798858128","2.760101673","2.715704654","2.680400071","2.648443446","2.612887541","2.56760681","2.536550262","2.516518305","2.480815182","2.449805348","2.434154046","2.404655014","2.375471305","2.359920089","2.329734545","2.319323726","2.292535312","2.278306456","2.255145485","2.241829282","2.212875119","2.208142551","2.195663798","2.175053996","2.160345411","2.149929103","2.134122183","2.120011463","2.108346458","2.095696704","2.082226389","2.07805194","2.068706047","2.04717525","2.04051686","2.03845981","2.027216769","2.013993098","2.006293372","2.002432526","1.990410459","1.981885242","1.979055866","1.973815936","1.964247605","1.95510043","1.948592526","1.941872384","1.936153507","1.930660809","110-00-9","O1C=CC=C1","InChI=1S/C4H4O/c1-2-4-5-3-1/h1-4H
","c1ccoc1"
"110-01-0","18.11951268","14.55773563","12.3835973","10.60515197","9.256300616","8.089255579","7.185093698","6.338475635","5.724474108","5.148001705","4.674141256","4.257928359","3.881676126","3.589126761","3.340510514","3.159061829","2.942248902","2.802213738","2.613072408","2.510529066","2.377141025","2.292291971","2.20574131","2.096259576","2.053752924","1.992107243","1.933743848","1.874048956","1.830288145","1.775959195","1.733058403","1.710497774","1.659957002","1.637221632","1.604718708","1.583216067","1.559163816","1.532405343","1.502888093","1.496755852","1.468666862","1.45140896","1.433942943","1.415095103","1.408488401","1.387149212","1.373000701","1.369288648","1.354565509","1.343557205","1.334077069","1.314572013","1.317250384","1.302686173","1.289677051","1.285389056","1.274819043","1.272288411","1.264396147","1.265212618","1.262373222","1.248242247","1.242292552","1.235757314","1.234692863","1.242722015","1.216995957","1.21787363","1.22512851","1.218716206","1.205674797","1.209359691","1.21490969","1.197699954","1.197445892","1.206710831","1.200168398","1.191888197","1.192751023","1.182010978","1.187828578","1.186402427","1.185413249","1.184105908","1.181085774","1.180429343","1.177117956","1.178379187","1.17422566","1.172148968","1.175290838","1.174733251","1.171634329","1.171312679","1.169716802","1.169840915","1.162405052","1.16435548","1.167994348","1.162182896","110-01-0","C1CCSC1","InChI=1S/C4H8S/c1-2-4-5-3-1/h1-4H2
","C1CCSC1"
"110-44-1","387.4264191","377.0912801","367.87926","359.0762298","350.7283612","342.6917803","335.0984451","327.9465909","321.2133439","314.8777846","308.9312747","303.3459527","298.1101023","293.1968165","288.3965709","283.5519977","278.6743686","257.6506078","252.1383737","246.6870793","241.309502","236.0119468","230.7844573","225.6519359","220.597791","215.665192","210.8201311","206.1063442","201.5001159","197.0093933","192.6371577","188.3897345","184.2638735","180.2638986","176.4064277","172.665443","169.0608989","165.5775661","162.2276058","158.9845914","155.8872505","152.8699793","149.9851982","147.2009514","144.5115296","141.9399759","139.4728387","137.0836402","134.8102344","132.6468655","130.5543279","128.5737935","126.7014624","82.64049105","81.07876764","79.59642054","25.69912486","24.88529146","24.13430193","23.44114214","22.79583824","22.20890652","21.67562066","21.18648748","20.73804205","20.33830929","19.97414147","19.64391589","19.34808488","19.07431195","18.83124543","18.6101389","18.41297803","18.21845518","18.05199073","17.89087306","17.74592486","17.60592757","17.4741551","17.3554367","17.23231377","17.12268551","17.01341427","16.91112604","16.81057999","16.70849343","16.61156095","16.52131637","16.43205298","16.34110296","16.24709331","16.16000949","16.0714901","15.98709755","15.89943167","15.81787596","15.73299004","15.64779735","15.56309249","15.47865607","110-44-1","C\C=C\C=C\C(O)=O","InChI=1S/C6H8O2/c1-2-3-4-5-6(7)8/h2-5H,1H3,(H,7,8)/b3-2+,5-4+
","C/C=C/C=C/C(=O)O"
"110-66-7","36.03991885","5.427200486","4.828125506","2.966752979","3.081293222","2.285562396","2.331660203","1.819074182","1.8398454","1.65923463","1.575469676","1.35969879","1.408566508","1.349374039","1.284401231","1.211792729","1.151356968","1.111965822","0.962090514","1.071745044","0.953827318","0.987657876","0.921699646","0.919929199","0.850989634","0.890195384","0.847889191","0.828462499","0.826465632","0.787410396","0.847352831","0.762325523","0.791078707","0.721833784","0.779096643","0.697042883","0.734349641","0.691923698","0.700173752","0.746652756","0.66438358","0.696344819","0.678812185","0.664268991","0.665226403","0.640385092","0.65791216","0.642665085","0.644571433","0.672016176","0.629647589","0.624580367","0.617761154","0.620692557","0.645112552","0.591824649","0.610290485","0.620251483","0.592955635","0.611304275","0.610880104","0.583362677","0.612588122","0.570657376","0.595670805","0.602970286","0.584080487","0.568678499","0.596708257","0.573582001","0.567392858","0.586294155","0.582599912","0.55037771","0.583345306","0.558680415","0.576163159","0.56387685","0.578477691","0.554560963","0.556177874","0.555135855","0.581091596","0.549477819","0.54927973","0.554996947","0.557036494","0.548843063","0.558904062","0.556328913","0.554004254","0.542577456","0.541179163","0.550125826","0.548623131","0.543109898","0.531927261","0.559513671","0.546517765","0.524341982","110-66-7","CCCCCS","InChI=1S/C5H12S/c1-2-3-4-5-6/h6H,2-5H2,1H3
","CCCCCS"
"110-82-7","9.471834875","5.208432073","3.15755558","2.368003145","2.222259323","2.065856216","1.672512529","1.524712265","1.276574123","1.053567166","1.225167355","1.140696305","1.004831712","1.02389217","0.848229461","1.033575333","0.818138244","0.838829166","0.889589264","0.80765121","0.769087493","0.827959183","0.728764747","0.803793845","0.726994252","0.751479482","0.721492337","0.731720071","0.701703059","0.742543063","0.662303913","0.687039164","0.794895159","0.694816141","0.650946962","0.75594387","0.749035336","0.664389493","0.665971316","0.749277414","0.762849794","0.679728315","0.649632265","0.683787853","0.7702992","0.799872473","0.757564351","0.707781372","0.6537365","0.67845242","0.733870554","0.758383297","0.799491867","0.769614889","0.750791064","0.729300527","0.702902272","0.70051527","0.73038247","0.738653847","0.745006052","0.744550909","0.73080552","0.703063171","0.694893244","0.702870187","0.68839796","0.695512665","0.716205659","0.733459518","0.762212904","0.788290017","0.798826047","0.80975279","0.825213738","0.840538698","0.840773113","0.824919192","0.806369469","0.789977221","0.777602899","0.777763513","0.776253995","0.760302148","0.741717271","0.729949893","0.726391974","0.726320294","0.730663503","0.744081081","0.759197337","0.77514058","0.790423703","0.800300239","0.801212433","0.802090912","0.802329638","0.803636036","0.805232717","0.808960439","110-82-7","C1CCCCC1","InChI=1S/C6H12/c1-2-4-6-5-3-1/h1-6H2
","C1CCCCC1"
"110-83-8","47.24585469","29.73744286","26.27593815","23.42192478","24.00055787","22.01636431","16.29955558","14.64968501","13.56073738","12.99757415","11.98114533","11.28102607","10.20365135","8.933715966","8.73645675","8.610480421","7.578086695","6.95986059","6.901029591","6.423586091","5.954617045","5.948990004","5.383903995","5.367665555","5.162920621","5.050993143","4.869118463","5.001982605","4.668333986","4.792989801","4.657643859","4.564855454","4.507947386","4.373909665","4.495609064","4.361299237","4.264865532","4.171707519","4.184681719","4.067577722","4.154117891","4.091890989","4.194032154","4.028055684","4.024455047","3.978348786","3.882657802","3.82474786","3.951306847","3.847287782","3.867573252","3.886942069","3.742002238","3.760845825","3.847269876","3.753191586","3.741191217","3.828561724","3.827769641","3.715921417","3.72458395","3.750715523","3.731770388","3.731787687","3.718460277","3.757607104","3.721523054","3.687577342","3.717649493","3.805863815","3.786442727","3.757788198","3.724935192","3.714793376","3.762958517","3.784476965","3.825868937","3.804425176","3.770255256","3.779391428","3.754888671","3.738478431","3.747019113","3.749183777","3.748462957","3.76573644","3.804531224","3.872482952","3.899455955","3.908840335","3.865606042","3.809949957","3.755876975","3.671313137","3.659367352","3.671857867","3.711448102","3.77900236","3.85116083","3.941426439","110-83-8","C1CCC=CC1","InChI=1S/C6H10/c1-2-4-6-5-3-1/h1-2H,3-6H2
","C1=CCCCC1"
"110-85-0","23.25532349","21.12826949","19.39332868","17.86887074","16.71442445","15.62468629","14.62235726","13.74768872","12.86784996","12.06089616","11.34457995","10.63928983","9.982242836","9.378116343","8.771011871","8.269861652","7.670812129","7.233931385","6.753021044","6.318541418","5.922824356","5.485161882","5.121935608","4.833232449","4.47406557","4.142476043","3.869449622","3.64625654","3.403569011","3.159905799","2.935705866","2.749281378","2.566304095","2.430427964","2.310284122","2.233631808","2.127225601","2.020776934","1.933359419","1.858466193","1.815284636","1.762998135","1.704857559","1.686454698","1.647528303","1.646496466","1.611834954","1.557570103","1.590656191","1.510063155","1.525475889","1.556354671","1.50296814","1.462101891","1.48468149","1.501870897","1.468325222","1.44136294","1.460556252","1.457054406","1.431105419","1.406288007","1.404475404","1.411354994","1.412585468","1.388731058","1.350698662","1.33445855","1.342307515","1.363461983","1.38910652","1.397250379","1.379243294","1.345699194","1.318045067","1.301844255","1.285705446","1.27471921","1.274467774","1.276451356","1.264736831","1.253183529","1.243801286","1.235011752","1.224074283","1.225817017","1.233434402","1.241293671","1.245769856","1.249293358","1.253623202","1.263453742","1.273493261","1.277959843","1.276411369","1.260156943","1.236789583","1.214466854","1.194324555","1.176617043","110-85-0","C1CNCCN1","InChI=1S/C4H10N2/c1-2-6-4-3-5-1/h5-6H,1-4H2
","C1CNCCN1"
"110-86-1","63.25470491","55.56859323","51.89752501","40.78426647","38.94816273","30.67106812","31.14825085","28.60106561","27.29505886","27.27405633","27.00366987","24.50205645","24.12176005","24.04683869","24.36480749","24.44611978","24.59911574","25.1288406","25.83599801","26.48879137","26.22725149","26.52665398","26.66271977","26.72364265","27.12005856","27.49951772","27.80450527","28.2337714","28.71953639","29.15742652","29.60286083","30.19989441","30.65712804","30.99505652","31.49864153","30.89941344","31.13362227","29.64053773","29.64554369","29.85515617","30.13248976","30.5003763","30.83489293","31.05617808","31.30125099","31.92042918","32.16770352","32.36928443","32.62841927","32.92694837","33.21938404","33.46695599","33.72349183","34.05186654","34.40181556","34.69429136","35.05854443","35.39080439","35.6986887","35.94037712","36.24156651","36.55253391","36.89116827","37.22482563","37.67306626","38.16941558","38.61969994","39.06917443","39.55644026","40.05148675","40.52065328","41.00953557","41.57301672","42.35346467","42.85645045","43.29885384","43.59810145","43.95325167","44.14983075","44.50494465","44.9668129","45.45095806","45.81808364","46.39257959","46.91423409","47.54859136","48.18381495","48.89388773","49.57725818","50.25151056","51.03288818","51.71538713","52.48031078","53.28740244","54.03389541","54.83260604","55.67798517","56.44531174","57.31865082","58.22473238","110-86-1","C1=CC=NC=C1","InChI=1S/C5H5N/c1-2-4-6-5-3-1/h1-5H
","c1ccncc1"
"110-87-2","3.183384698","1.98341737","1.583171844","1.339589532","1.186932046","1.070394093","0.98185316","0.906094727","0.849756631","0.790408652","0.75158552","0.712344565","0.66269302","0.661804182","0.637092197","0.614560289","0.579755913","0.551473361","0.552606571","0.546011831","0.527776504","0.519624513","0.510171837","0.482641781","0.474831469","0.477051515","0.446620549","0.456684727","0.456232991","0.452914864","0.422191413","0.417639492","0.414373236","0.407210594","0.409991224","0.409533802","0.441468947","0.406994605","0.391832886","0.395237596","0.409909009","0.38430532","0.406679678","0.391036802","0.387021197","0.390518534","0.400881964","0.356808842","0.427679858","0.3508248","0.387629113","0.402076","0.345167702","0.384698096","0.394093578","0.357591357","0.373986412","0.391520541","0.373561765","0.360565907","0.374987209","0.381854011","0.367580882","0.362898201","0.366838631","0.372968023","0.374032599","0.368202609","0.361969091","0.365759919","0.371063508","0.367863906","0.363816886","0.363067554","0.36383272","0.363775555","0.361625319","0.363529063","0.36680663","0.367256651","0.36304812","0.361455436","0.359656823","0.362336636","0.363244462","0.364629427","0.363947425","0.359739884","0.359017884","0.357807765","0.358292048","0.360693443","0.360615885","0.359514597","0.35983896","0.358699347","0.355950305","0.356088467","0.357228299","0.35641652","110-87-2","C1COC=CC1","InChI=1S/C5H8O/c1-2-4-6-5-3-1/h2,4H,1,3,5H2
","C1C=COCC1"
"110-89-4","60.25541452","50.12288096","44.877854","40.42250647","37.98534036","35.22298477","32.21417052","29.62932811","27.90369836","25.68948619","23.69844974","21.78497545","20.09901622","18.40162604","16.84787061","15.38736281","13.9797818","12.54430446","11.44241641","10.15454135","9.092078783","8.097103525","7.044111924","6.222105499","5.290082382","4.61265228","3.918704623","3.255298161","2.695524957","2.229836206","1.863145515","1.584194111","1.512166527","1.726051152","1.983891048","2.386983157","2.899017702","3.409683826","4.068278872","4.704771925","5.342978575","6.0322953","6.855408446","7.730230168","8.654990066","9.3573165","9.943462641","10.510274","11.03056494","11.48168143","11.64555299","10.44521939","10.20154226","9.939060316","9.682977419","9.472913644","9.224755547","8.919291176","8.72655989","8.508261549","8.245671994","7.970273687","7.744426577","7.516821957","7.315802792","7.109827084","6.910530222","6.744657245","6.59210252","6.44725786","6.312985043","6.186352335","6.065494805","5.961067008","5.859309099","5.77751222","5.697368384","5.620940483","5.552310026","5.487349529","5.441365654","5.401192037","5.368741775","5.339746847","5.303798236","5.27014665","5.238333013","5.211809742","5.18476679","5.160525681","5.134399936","5.11030461","5.093810238","5.080545168","5.068202067","5.056631301","5.045762137","5.035104475","5.030280105","5.025828743","110-89-4","C1CCNCC1","InChI=1S/C5H11N/c1-2-4-6-5-3-1/h6H,1-5H2
","C1CCNCC1"
"111-47-7","38.80821832","33.38810812","28.50883501","24.28804577","20.80343452","17.88248206","14.85416022","12.76220414","11.00124054","9.618179518","8.401152515","7.426608639","6.620524452","5.893507767","5.313980644","4.805197621","4.375151478","3.995884662","3.680968457","3.405645515","3.161981151","2.943678533","2.763815126","2.600282664","2.456938184","2.319283631","2.209808959","2.107969138","2.018102477","1.943784486","1.86536844","1.801706629","1.742287347","1.690217168","1.651013636","1.603101018","1.569996537","1.529478022","1.499035637","1.468703267","1.44442391","1.419066679","1.400638317","1.383306837","1.363054927","1.349843739","1.333020166","1.31722399","1.310515591","1.295954586","1.287313851","1.27995876","1.271799725","1.267100329","1.255422831","1.253791391","1.249215622","1.239806519","1.231201268","1.230071689","1.227321731","1.226063336","1.223602704","1.222690505","1.218252326","1.220061258","1.213221594","1.207922507","1.206333268","1.208877653","1.209870273","1.209520122","1.205670536","1.206238219","1.204250309","1.205155115","1.209404597","1.206786868","1.20597065","1.2083964","1.209923675","1.212641164","1.215175895","1.21694774","1.218093194","1.221297382","1.218892033","1.220684834","1.229252982","1.220549977","1.229288459","1.230526631","1.229631544","1.229472918","1.22997723","1.231111804","1.228556979","1.236753083","1.230390446","1.236437205","111-47-7","CCCSCCC","InChI=1S/C6H14S/c1-3-5-7-6-4-2/h3-6H2,1-2H3
","CCCSCCC"
"111-66-0","42.86640739","38.56967526","34.58869217","30.78497536","27.360797","23.0421555","20.21881266","17.84167617","15.80683215","14.09349772","12.62052765","11.36407727","10.28419041","9.355842586","8.560407133","7.865697359","7.253649107","6.7242687","6.262462317","5.851830088","5.488815329","5.173489292","4.887376132","4.635414329","4.410625647","4.207265109","4.021510713","3.858003094","3.709189257","3.575215992","3.460318856","3.339968127","3.244094439","3.152757441","3.063936481","2.98611069","2.920138628","2.852020858","2.800303332","2.738130353","2.688493268","2.641401321","2.597830077","2.561530841","2.523939417","2.489734126","2.457763704","2.428813775","2.402003546","2.374415575","2.352750286","2.330000904","2.309869008","2.291385763","2.271356325","2.252560002","2.237121993","2.223448865","2.207584172","2.199737047","2.189491382","2.167670534","2.164099694","2.150609884","2.146278331","2.13078353","2.126935855","2.114996003","2.110077327","2.102754276","2.095855904","2.092766816","2.078558875","2.080279215","2.072154543","2.071181839","2.059169774","2.057248766","2.055156418","2.051955332","2.048721882","2.039932807","2.037177634","2.038256742","2.038551211","2.030859783","2.022360459","2.02658189","2.026779858","2.024347225","2.021723423","2.019753944","2.016726352","2.011735761","2.01108249","2.008379982","2.009318059","2.007596622","2.005513198","2.002663177","111-66-0","CCCCCCC=C","InChI=1S/C8H16/c1-3-5-7-8-6-4-2/h3H,1,4-8H2,2H3
","C=CCCCCCC"
"1118-66-7","12.21190607","6.484989931","6.348804532","5.579575169","5.097613484","4.841271122","4.754156742","4.625963611","4.635401174","4.758420514","4.760789549","4.967196611","5.011674547","5.331763094","5.377629085","5.562254456","5.622786566","5.741971443","5.904927996","6.00432912","6.066346759","6.209615036","6.452612749","6.471125457","6.526414548","6.665509008","6.829353173","6.943547783","6.99155934","7.059946047","7.244468119","7.43712822","7.422625376","7.441920484","7.684629437","7.903138476","7.937261685","7.994455676","8.13032775","8.262749355","8.403888006","8.519480937","8.611110826","8.669356418","8.750403933","8.867800929","9.027540204","9.162445754","9.27612152","9.426986466","9.557834865","9.643855272","9.722664913","9.854458377","10.04357769","10.17105536","10.31045318","10.46139572","10.64887163","10.78235094","10.85566702","10.95633228","11.09465195","11.23588907","11.33689706","11.46580082","11.61390357","11.7996901","11.95152568","12.08130075","12.20513083","12.37478555","12.54994339","12.7097878","12.84052377","12.97984067","13.12248677","13.27466155","13.3957069","13.50383684","13.61582328","13.72747693","13.84425703","13.95647292","14.05001044","14.06438475","14.07531817","13.86741984","13.90525257","13.93651595","13.87274354","13.81658137","13.77346803","13.56447202","13.58240493","13.58596992","13.56928404","13.54376686","13.50052337","13.46859223","1118-66-7","C\C(N)=C/C(C)=O","InChI=1S/C5H9NO/c1-4(6)3-5(2)7/h3H,6H2,1-2H3/b4-3+
","C/C(=C\C(=O)C)/N"
"1119-49-9","83.85739303","73.27366368","64.55705689","58.40368407","52.61822484","47.69760537","43.3040481","39.33180084","35.75858833","32.56044466","29.67791273","27.14122934","24.8150036","22.73704484","20.89761208","19.23209734","17.71510486","16.37087182","15.1407625","14.0136435","13.0257196","12.12593797","11.29773488","10.53235798","9.862570654","9.235433914","8.656327195","8.121194882","7.660440703","7.222505492","6.776717847","6.42137697","6.075136479","5.75671061","5.458080779","5.183728824","4.928453327","4.684576695","4.476882822","4.260905534","4.062833338","3.900552998","3.725371643","3.578566001","3.428357777","3.298701354","3.175614682","3.058330188","2.925487139","2.811443211","2.728509189","2.64018186","2.532860328","2.471995851","2.363836743","2.325193622","2.240121093","2.178714104","2.09571928","2.055274391","1.998894603","1.948752049","1.909276943","1.847883969","1.798407699","1.756128556","1.727227643","1.687159808","1.647302825","1.612085819","1.566190356","1.539682161","1.509065421","1.48299576","1.452646814","1.428353816","1.389717713","1.384188364","1.359504229","1.340438652","1.292186347","1.286474344","1.274612308","1.264980178","1.217643311","1.22460767","1.202651275","1.17603453","1.17674156","1.157149205","1.136082206","1.131969454","1.111861814","1.105044167","1.087254878","1.086392201","1.066581841","1.060610559","1.042262268","1.041926659","1119-49-9","CCCCNC(C)=O","InChI=1S/C6H13NO/c1-3-4-5-7-6(2)8/h3-5H2,1-2H3,(H,7,8)
","CCCCN=C(C)O"
"1120-56-5","44.98788826","37.16720614","34.45156609","33.45818468","32.98261951","32.77592426","31.82504354","30.86155227","29.88964702","28.97419658","28.11990865","27.27923902","26.47186958","25.71732941","25.03229554","24.31147587","23.66914436","23.04141111","22.42354155","21.85526446","21.33750575","20.78299775","20.32483341","19.77854855","19.34232473","18.91054277","18.45031499","18.0421302","17.67880454","17.29876284","16.91835181","16.54030462","16.20116222","15.93632792","15.64512628","15.3567325","15.04317777","14.75847617","14.51836251","14.3159797","14.1071064","13.94002146","13.75491942","13.622906","13.44481133","13.31506594","13.19429115","13.03429405","12.96773217","12.83451104","12.73413036","12.64897955","12.52150407","12.42782351","12.35102464","12.25327817","12.18559485","12.12292874","12.06991599","12.0220697","11.98484962","11.93514065","11.93524101","11.8513758","11.84236849","11.78258067","11.75295542","11.75350921","11.68509627","11.67356304","11.67038669","11.59867568","11.56975439","11.58142291","11.53527444","11.4720187","11.456744","11.44522256","11.42550133","11.39633658","11.36495232","11.34071825","11.30388581","11.26468054","11.23684118","11.22319033","11.20176605","11.16447537","11.12525824","11.09413432","11.07505551","11.06369717","11.05051274","11.02765514","10.98499357","10.93919279","10.90000565","10.86384877","10.84272244","10.82434583","1120-56-5","C=C1CCC1","InChI=1S/C5H8/c1-5-3-2-4-5/h1-4H2
","C=C1CCC1"
"1121-18-2","199.175567","193.6213477","188.4111432","183.0232865","177.620127","172.2164934","167.024098","162.2188185","157.2190634","152.4475372","147.7667541","143.2470607","137.6837292","133.3722322","129.2582395","125.2421008","121.3952918","117.6688969","114.0935694","110.6237894","107.2587144","104.0251426","100.888881","97.87562109","94.95987719","92.15374176","89.41129044","86.7818877","84.21715856","81.74956844","79.36804891","77.06136218","74.8354801","72.66882569","70.57292478","68.54059567","66.56124915","64.6289899","62.7664542","60.96955827","59.2117227","57.5321286","55.89351134","54.32217971","52.78443473","51.29734316","49.85009698","48.45514003","47.10126083","45.80107287","44.54380967","43.33099583","42.16013203","41.04180035","39.96040712","38.91955685","37.91361207","36.96265275","36.04223246","35.17089511","34.34103522","33.55429812","32.81333121","32.11657201","31.45342968","30.83451239","30.25445903","29.71796795","29.22307338","28.77149641","28.35052042","27.96563153","27.60922308","27.27157053","26.95770843","26.65597522","26.36992202","26.08680718","25.81996238","25.55949194","25.30313593","25.06168647","24.82430338","24.59393478","24.37370954","24.15340887","23.94431041","23.73848266","23.53287527","23.32860916","23.13290452","22.93972761","22.74635366","22.5545691","22.37246256","22.19044035","22.01236267","21.83900319","21.6715672","21.5013914","1121-18-2","CC1=CCCCC1=O","InChI=1S/C7H10O/c1-6-4-2-3-5-7(6)8/h4H,2-3,5H2,1H3
","CC1=CCCCC1=O"
"1121-60-4","68.57287205","76.48227336","81.96104657","62.61366026","73.16841191","82.0363784","90.39751377","97.8162045","104.4317753","209.9934512","200.0332217","190.3144401","180.8301847","171.6244069","162.6201187","153.8941162","145.382871","137.1439269","129.1167376","121.3190913","113.7321512","106.4137121","99.29980568","92.41876539","85.76983991","79.35623732","73.14155657","67.17823327","61.45824214","55.95217957","50.6858113","45.64956513","40.86344953","36.32291318","32.04098912","28.00406795","24.24481609","20.75745994","17.56464582","14.68177246","12.14396843","9.972283077","8.229771024","7.040396693","6.882598747","7.33910291","7.415843176","8.282144826","8.339289427","8.498924138","8.844967085","9.129226212","9.447173031","10.3983022","10.85097097","11.15643423","11.74939791","12.53549869","12.85370834","13.28855373","13.82271778","14.57860488","15.21070139","15.90887184","16.67344179","17.52194583","18.33322385","19.2402299","20.18150057","21.16193059","22.3137385","23.30127285","23.42687561","22.49927532","21.44236707","20.59717247","19.72834396","19.02167782","18.30436946","17.65859025","17.12468434","16.59167777","16.17187274","15.78554058","15.46336416","15.23908857","15.01260802","14.86206627","14.82142982","14.82623975","14.79291488","14.93855876","15.0178892","15.14098119","15.2726983","15.41208092","15.56914179","15.72931016","15.90031148","16.07735461","1121-60-4","O=CC1=CC=CC=N1","InChI=1S/C6H5NO/c8-5-6-3-1-2-4-7-6/h1-5H
","c1ccnc(c1)C=O"
"1121-89-7","20.96547284","17.96752042","15.69221337","13.73064147","12.02037771","10.56524979","9.28755772","8.131488205","7.181973836","6.328044118","5.563116519","4.933931644","4.33804553","3.878221698","3.408033371","3.034518958","2.740864441","2.465139671","2.184955773","1.959974693","1.800264806","1.617511711","1.434844562","1.257026994","1.172455851","1.124352219","0.949931933","0.912282406","0.848728814","0.750400572","0.701200011","0.691417493","0.597677125","0.641148799","0.55751591","0.507518312","0.496088274","0.51135886","0.48967447","0.406316699","0.369236566","0.411095377","0.444454717","0.41421296","0.38362098","0.366845909","0.387527031","0.390566809","0.369013831","0.346080513","0.337508827","0.349197827","0.370258874","0.390401997","0.389970622","0.377888011","0.361586794","0.346166055","0.350406153","0.358676804","0.367510515","0.382630294","0.400425542","0.408123555","0.410143573","0.40437226","0.399514857","0.396973483","0.391480103","0.393087641","0.40414296","0.417278793","0.430837859","0.447566833","0.466799072","0.479767178","0.484502783","0.484995097","0.481666489","0.477016679","0.474973381","0.470967701","0.464622985","0.458146475","0.452837253","0.448981415","0.452469886","0.459640469","0.467819347","0.478081566","0.485053553","0.489454541","0.494629682","0.501770674","0.511078701","0.52136773","0.529917257","0.53709558","0.542407572","0.545417205","1121-89-7","O=C1CCCC(=O)N1","InChI=1S/C5H7NO2/c7-4-2-1-3-5(8)6-4/h1-3H2,(H,6,7,8)
","C1CC(=NC(=O)C1)O"
"113-00-8","8.307652703","2.865623155","2.199419811","1.759004102","1.502811768","1.320813908","1.17786929","1.142294761","0.999734015","0.963073763","0.884566581","0.858150329","0.811738786","0.780142863","0.739837733","0.696533593","0.671980505","0.636541382","0.651341414","0.587491464","0.593218509","0.607736696","0.551881941","0.550413994","0.527866398","0.492937368","0.531953238","0.49226486","0.491436377","0.471340572","0.481050883","0.461214303","0.439406045","0.503289333","0.422342654","0.423545211","0.447609951","0.391214752","0.410517478","0.460778267","0.391039611","0.370836955","0.421750082","0.431076974","0.377527828","0.364610877","0.396522463","0.421666456","0.384446079","0.334749748","0.346960873","0.383908761","0.398669271","0.392237475","0.356157908","0.333770132","0.337789118","0.354697885","0.384265263","0.377322224","0.382822569","0.359479572","0.336272808","0.32975157","0.32902247","0.338458244","0.355536724","0.347530409","0.350265743","0.359318876","0.345197454","0.324657751","0.313452834","0.319066013","0.323791816","0.32713646","0.333714268","0.340323846","0.345524247","0.344092885","0.346831905","0.34979272","0.339692422","0.330313589","0.319415684","0.313025294","0.310799158","0.309586781","0.308695561","0.311920446","0.316880853","0.321710797","0.325804297","0.329354912","0.334127268","0.340145671","0.344260028","0.346921577","0.349828651","0.349931567","113-00-8","[H+].[Cl-].NC(N)=N","InChI=1S/CH5N3.ClH/c2-1(3)4;/h(H5,2,3,4);1H
","C(=N)(N)N.Cl"
"115-11-7","9.980448068","8.228896161","6.940405812","6.690925358","5.992530772","5.380059944","4.99347927","4.70604091","4.220856415","4.014362423","3.883418037","3.699846841","3.703310705","3.549550795","3.368124108","3.314560459","3.237449014","3.211651893","3.090152938","3.114994236","3.11028298","3.069655415","3.022568479","2.978591857","2.976623742","3.018579746","3.069627072","3.039779892","3.02725032","3.033845888","3.028947846","3.03779726","3.059502622","3.111610488","3.145744563","3.145555903","3.124874189","3.108422432","3.103894743","3.107891417","3.097353239","3.089621679","3.083945408","3.094193964","3.110819595","3.135631098","3.166304175","3.195395035","3.227524552","3.259299551","3.289106432","3.31179199","3.32696589","3.329069845","3.327644763","3.326243374","3.324866748","3.324853232","3.327379121","3.332440782","3.339566548","3.349568389","3.350258254","3.350911773","3.350240333","3.348267017","3.34704355","3.345190017","3.34339724","3.344166169","3.347482788","3.350550936","3.353498881","3.35633265","3.359057906","3.361679979","3.366362052","3.370666556","3.374819638","3.379869337","3.385197584","3.390343435","3.395314952","3.400119768","3.404765114","3.409257838","3.413604436","3.417811066","3.421883574","3.425827507","3.429648137","3.433599576","3.438015308","3.443182373","3.448197472","3.453066396","3.45779467","3.462387562","3.466850105","3.4711871","115-11-7","CC(C)=C","InChI=1S/C4H8/c1-4(2)3/h1H2,2-3H3
","C=C(C)C"
"1191-95-3","44.98532698","37.04290454","32.61364726","27.57385839","25.92780675","24.23672695","22.17636376","20.79751354","19.35681554","18.34718582","17.85147659","17.22787565","16.85446188","16.34215572","15.90105478","15.53897465","15.17138948","14.89267257","14.5754318","14.23014594","13.89301931","13.61701234","13.3522235","13.08279825","12.77726369","12.49859325","12.23414501","12.02274648","11.69950941","11.48451588","11.31322398","10.98544276","10.81370418","10.59349274","10.45930587","10.22781073","9.998925373","9.856524284","9.696102472","9.501054372","9.305888521","9.123907757","8.9837674","8.84129025","8.664979521","8.51634258","8.383429567","8.239938445","8.090775316","7.961655644","7.868588425","7.730001017","7.616700918","7.510168971","7.406667966","7.26957494","7.171665481","7.093457896","7.016853579","6.901890935","6.748316839","6.628066805","6.543172834","6.503728919","6.420462897","6.308277163","6.211279533","6.138866753","6.104950188","6.063613021","5.97705185","5.890191739","5.827428984","5.766794871","5.716898484","5.667742853","5.60072597","5.528596678","5.456285743","5.394606199","5.338324057","5.300572464","5.250695817","5.192769791","5.134643459","5.071223296","5.007117094","4.952828268","4.920342817","4.902579614","4.884524506","4.858964398","4.834482778","4.802448154","4.76396715","4.722108613","4.680201968","4.62630087","4.586444031","4.545588217","1191-95-3","O=C1CCC1","InChI=1S/C4H6O/c5-4-2-1-3-4/h1-3H2
","C1CC(=O)C1"
"1192-62-7","81.80989649","65.29481574","57.10435276","52.9206249","49.99823414","47.44597829","44.98400989","42.55841681","37.77658143","36.19772186","35.10793542","32.05877785","30.31996213","29.00576327","27.55572541","25.87069886","24.64849979","23.1535701","21.63356138","20.25244816","18.91381903","17.6684792","16.77866271","15.58474788","14.56678704","14.26691637","13.24103273","13.08592918","12.17952006","11.32350025","10.51969393","9.752534925","9.04697252","8.364795279","7.582324587","7.35870782","6.568064194","6.07660672","5.608064219","5.171512991","4.789052851","4.441602429","4.16801958","3.924362969","3.722822993","3.625590698","3.669429101","3.513955174","3.213483721","3.023907988","2.833682462","2.678266295","2.498708414","2.39478545","2.274387044","2.156931632","2.060687433","1.994049895","1.903943897","1.841076963","1.794993121","1.724398593","1.68845806","1.652012045","1.607570109","1.585125292","1.538052466","1.503652411","1.48915792","1.446206999","1.427528258","1.391008003","1.360383173","1.362411452","1.329462956","1.291166527","1.287070205","1.279047548","1.241634288","1.220140096","1.210628631","1.189722256","1.177748244","1.173375218","1.144177039","1.113061077","1.10573066","1.113600626","1.095736153","1.067283644","1.050587357","1.048016835","1.024862095","1.008078684","1.001833682","1.0036762","0.998734655","0.972240374","0.948722767","0.938808968","1192-62-7","CC(=O)C1=CC=CO1","InChI=1S/C6H6O2/c1-5(7)6-3-2-4-8-6/h2-4H,1H3
","CC(=O)c1ccco1"
"1193-24-4","535.5716049","512.5915967","493.9862459","475.0534853","456.4254644","437.9174475","304.7027018","291.6477409","278.9347806","266.5861237","254.6190967","243.0289443","231.8280233","221.0204777","210.6078181","200.5541262","190.8646862","181.5536353","172.5951058","163.9614361","155.6767716","147.7123235","140.0689255","132.7338811","125.6955797","118.9529131","112.4910206","106.308993","100.3981128","94.74324056","89.35674742","84.21370162","79.32044779","74.66367994","70.24464617","66.06007954","62.09493662","58.35267321","54.83338446","51.5317401","48.43363778","45.54470219","42.84783529","40.3477805","38.03173635","35.89628354","33.93790413","32.1342259","30.48337732","28.98361842","27.62191198","26.39583802","25.28743145","24.30480662","23.41953723","22.65127608","21.97293726","21.38140936","20.87521732","20.42136555","20.04359917","19.71865784","19.43251613","19.1955351","18.99030977","18.82013317","18.66711526","18.54327223","18.43357194","18.34250717","18.26766577","18.2002353","18.15408855","18.10268622","18.06441814","18.03510739","18.00783964","17.98998833","17.97441649","17.96025558","17.95444024","17.94503725","17.9425547","17.93880963","17.93580074","17.93393428","17.93428802","17.93142302","17.93179236","17.92015875","17.92976792","17.92393591","17.92189824","17.91899409","17.91287315","17.91327145","17.9076882","17.89667361","17.88409224","17.87767462","1193-24-4","OC1=CC(=O)NC=N1","InChI=1S/C4H4N2O2/c7-3-1-4(8)6-2-5-3/h1-2H,(H2,5,6,7,8)
","c1c(ncnc1O)O"
"120-72-9","19.98408282","29.8427726","38.12933182","44.68147248","44.47208433","49.43088743","56.81047619","60.49682056","63.67213917","69.11937033","77.7257936","87.42354049","96.85986601","106.1170297","115.22614","124.2455688","133.1708052","137.318342","140.8554276","143.8923551","146.476212","148.6247114","150.2803462","151.6218493","152.4838068","153.0921834","153.3720148","153.4290299","153.2672003","152.9353436","152.4894656","151.982108","151.4432338","150.9008086","150.3792193","149.899333","149.4889228","149.1716989","148.941639","148.8319592","148.7513167","148.7244778","148.7572809","148.8562684","149.0176069","149.2321629","149.5051392","149.8364137","150.2361188","150.6919231","151.1978472","151.7607066","152.3842888","153.097276","153.6481837","154.30972","155.0166906","156.5512625","160.839158","161.8827344","163.1600402","165.2876194","167.2260126","169.421074","171.7119963","174.0471764","176.4311533","178.8400887","181.2976206","208.1761728","205.4728311","202.769502","200.2027066","191.2850078","188.7403188","186.3210861","184.0798753","181.7643248","179.611691","177.601058","175.5324735","173.6052277","171.793","169.9403478","168.2246084","166.580989","164.9566281","163.4308763","161.9894249","160.5241466","159.1533878","157.8681058","156.6594821","155.4029258","154.1777431","153.0283474","151.9386049","150.9020831","149.9300407","148.922242","120-72-9","N1C=CC2=CC=CC=C12","InChI=1S/C8H7N/c1-2-4-8-7(3-1)5-6-9-8/h1-6,9H
","c1ccc2c(c1)cc[nH]2"
"120-73-0","30.32387393","39.08131382","47.04674251","56.75430735","66.68330217","76.60162779","85.84419755","93.51592528","101.3118488","108.1519636","114.1823881","119.9043532","124.8890954","129.3059184","133.2755279","136.7627182","139.8394954","142.2256039","144.3183877","146.1159026","147.2943521","148.2528905","148.8750729","149.189661","149.2489457","148.9463493","148.4097858","147.6700773","146.7149845","145.5685831","144.2215554","142.7844449","115.0914394","109.3812974","103.8056569","98.37644505","93.07113532","87.90546811","82.88673984","77.99285446","73.23541048","68.61661998","64.13964118","59.80508816","55.60871972","51.55710603","47.65577797","43.90638198","40.31296242","36.87823322","33.6094489","30.52586463","27.61133384","24.88479949","22.36440831","20.05599996","17.99168272","16.17690417","14.66302617","13.50503272","12.83382405","13.00136111","13.3560444","13.75591825","14.20781049","14.73685508","15.29735027","15.91484559","16.56793785","48.24848639","46.04976233","43.93891732","41.9127256","40.0782992","38.00620292","36.04620462","34.27891431","32.60978657","30.79844217","29.17518953","27.76421955","26.34527896","24.71919826","23.28245588","22.55618074","21.44458893","20.10350733","18.97340641","18.06903776","17.10915796","16.08834773","15.29749196","14.777618","13.96701127","13.20236317","12.69761075","12.52459822","11.91879527","11.410542","11.23872603","120-73-0","N1C=NC2=NC=NC=C12","InChI=1S/C5H4N4/c1-4-5(8-2-6-1)9-3-7-4/h1-3H,(H,6,7,8,9)
","c1c2c(ncn1)[nH]cn2"
"120-80-9","23.06281767","20.78834265","17.47698422","14.6322278","11.52637247","10.23093292","10.61499623","10.68923936","11.33732369","11.79459798","12.05359411","12.41530266","12.8513807","13.20541077","13.57595283","13.92539009","14.35942894","14.69381776","15.11966143","15.48268125","15.8652082","16.21209108","16.58582769","16.99405187","17.44284916","17.88127913","18.29150367","18.67814743","19.08272331","19.49577534","19.93254732","20.3979796","20.85680848","21.34060373","21.81279439","22.24620613","22.68947506","23.1669045","23.68807585","24.20722485","24.79074452","25.30923695","25.80356793","26.2980282","26.84954838","27.46371892","28.15094059","28.66145346","29.17720933","29.73228239","30.34502941","30.99036479","31.63150151","32.29056674","32.95570749","33.65717341","34.3530024","33.34960375","32.3735462","31.68534776","31.6041065","31.62665537","31.87455976","31.72629329","31.78398094","31.80408985","31.88271889","31.95049636","31.99366902","32.00444847","32.00380305","32.00592701","32.01180311","32.06344639","32.04914699","32.0375067","32.01505646","32.00581133","31.99341725","31.98091626","31.95838917","31.94463783","31.93049828","31.91446231","31.8943885","31.88676185","31.86063143","31.83633878","31.81697859","31.79154903","31.76887785","31.75259107","31.72381892","31.6996409","31.6701272","31.64734646","31.61962759","31.59456932","31.57042887","31.54675303","120-80-9","OC1=CC=CC=C1O","InChI=1S/C6H6O2/c7-5-3-1-2-4-6(5)8/h1-4,7-8H
","c1ccc(c(c1)O)O"
"120-89-8","124.6185618","129.8520706","134.2719683","136.1798133","137.3210847","137.1577468","136.6105366","135.6783367","134.4653084","133.1986541","131.7992712","130.2627359","127.6623061","125.0614534","122.443752","119.8262499","114.3680577","97.75755232","94.76532157","91.88842553","89.09737336","86.40810303","83.79197584","81.28331634","78.63797735","75.90499807","73.26087055","70.70672593","68.23001477","65.83167616","63.5211324","61.08693666","58.66619498","56.3300585","54.07138412","51.90171168","49.82206893","47.60181695","45.41958443","43.31402966","41.30172167","39.37288705","37.55198662","35.68170268","33.73256595","31.889715","30.11967458","28.46304266","26.9078038","25.40914254","23.7805033","22.24244772","20.8192949","19.50472779","18.30947316","17.09012444","15.82707356","14.66211335","13.62910263","12.74756864","12.04015864","11.08107548","10.16091153","9.393285422","8.805187231","8.499265783","8.063031936","7.358190028","6.910479486","6.944546524","10.93496528","10.22804586","9.568140515","8.805448077","8.27352987","7.649513689","5.653587352","5.532073957","5.429133459","5.340604549","5.266681706","5.106986456","5.05589479","5.012571848","4.972821451","4.841355753","4.804050739","4.76590206","4.728996444","4.588829097","4.547524003","4.498350351","4.447419953","4.389494074","4.333230294","4.274820825","4.213796714","4.150466939","4.185723855","4.122551374","120-89-8","O=C1NC(=O)C(=O)N1","InChI=1S/C3H2N2O3/c6-1-2(7)5-3(8)4-1/h(H2,4,5,6,7,8)
","C1(=NC(=O)NC1=O)O"
"120-92-3","33.41122127","24.39621691","19.92651188","19.34303748","15.59796958","13.5559325","11.06825053","11.29587169","10.93620943","9.120467228","8.415089565","8.549109864","7.803723045","7.588526047","7.829767125","8.045597272","7.342963252","6.683141342","6.123110982","6.188747957","6.317989528","6.221741121","5.529469624","4.936725358","4.731340723","4.57575221","4.59353399","4.429626503","4.484102261","4.501460283","4.636175704","4.31665486","4.291611291","4.378651316","4.362440688","4.301472301","4.2562057","4.363011493","4.408227128","4.393877217","4.387724469","4.435156067","4.452177502","4.452199487","4.514333979","4.556945436","4.639663894","4.71114834","4.708772791","4.734703245","4.775304521","4.801616765","4.811180029","4.793444983","4.797177283","4.825497098","4.869241716","4.907099601","4.935349623","4.978007218","5.007233948","5.024907706","5.047069884","5.071120091","5.080105616","5.089034771","5.084162726","5.078942283","5.086071225","5.105867386","5.119228576","5.140003203","5.164445671","5.187996063","5.204654012","5.226716336","5.255708465","5.287123422","5.320909608","5.354537616","5.384424505","5.410296735","5.430545051","5.448775248","5.445843254","5.446930044","5.442685096","5.436627386","5.429110873","5.418099709","5.412649579","5.407949617","5.402391133","5.402033433","5.404218756","5.482043331","5.492932385","5.505341156","5.443290708","5.457324772","120-92-3","O=C1CCCC1","InChI=1S/C5H8O/c6-5-3-1-2-4-5/h1-4H2
","C1CCC(=O)C1"
"121-44-8","76.48607003","64.12001236","57.50597223","51.70522435","24.60168044","23.55153241","22.85570302","21.82805942","21.78447764","21.25187545","22.47205106","25.46917735","29.21323803","32.77038589","35.99751515","38.82732313","41.16345331","42.98397154","41.79343564","39.11811432","38.42806428","37.7334397","36.99876593","36.29981391","35.63947348","34.99051221","34.38081613","33.82437702","33.26055932","32.73399559","32.24053252","31.82453941","31.4574446","31.05471746","30.70513183","30.40123516","30.18194391","29.89987598","29.69327501","29.48973549","29.36919936","29.22800889","29.15958925","29.09362652","29.05851774","29.0567362","29.14528384","29.12456819","29.25591023","29.31646063","29.36983592","29.45238915","29.52165662","29.59301729","29.66655798","29.74181993","29.8164446","29.89556988","29.97407684","30.05350469","30.13413151","30.208734","30.28504272","30.36684759","30.44341679","30.51536063","30.59006268","30.66187386","30.72905811","30.79960951","30.86177242","30.91952573","30.96586149","31.01907042","30.96816297","30.49884842","30.49300494","30.48960155","30.48091972","30.47485353","28.41744332","28.35642659","28.29984855","28.23010822","28.17316894","28.11089298","20.55169546","20.4107729","20.27560406","20.14710511","20.01520926","19.89483345","19.79373851","19.69147285","19.57504713","19.4620901","19.3594724","19.26550619","19.16142426","19.05604907","121-44-8","CCN(CC)CC","InChI=1S/C6H15N/c1-4-7(5-2)6-3/h4-6H2,1-3H3
","CCN(CC)CC"
"123-08-0","2.861290572","1.543703096","1.12659867","0.903489629","0.759451306","0.675155792","0.606676895","0.553701545","0.495925055","0.460140127","0.430811798","0.429717707","0.401134911","0.394233057","0.378802049","0.369339883","0.382538386","0.351132878","0.347259253","0.345115709","0.3685081","0.356777689","0.356403113","0.368226353","0.37615333","0.363875487","0.345432832","0.356669637","0.344599082","0.354548064","0.333144751","0.357858969","0.384012104","0.355855658","0.343544042","0.343447685","0.347483098","0.344446147","0.359327062","0.372649415","0.371358243","0.381441086","0.355164711","0.350561173","0.402339598","0.371569641","0.382718843","0.391793624","0.369966228","0.387847993","0.374067714","0.385995766","0.366947295","0.398386506","0.383707951","0.388956266","0.401654923","0.393935224","0.393857195","0.384256488","0.38455937","0.40242511","0.4038707","0.398045027","0.407936407","0.410357137","0.398724799","0.403169572","0.413777929","0.414547956","0.412697762","0.41459469","0.428415423","0.429273194","0.424535002","0.412307585","0.421044514","0.42683102","0.440260079","0.439790928","0.429633372","0.415832651","0.407072973","0.409059672","0.419396247","0.424774213","0.429546901","0.431584709","0.425941039","0.423880457","0.419638773","0.419174467","0.428829858","0.434010385","0.435570042","0.432129374","0.428395326","0.42376136","0.422998975","0.419882107","123-08-0","OC1=CC=C(C=O)C=C1","InChI=1S/C7H6O2/c8-5-6-1-3-7(9)4-2-6/h1-5,9H
","c1cc(ccc1C=O)O"
"123-31-9","18.31125807","17.75209337","19.4297038","19.80355473","19.74564142","20.33100444","20.63688567","20.50880371","20.61812949","20.83309036","20.72273313","20.81755479","21.1270582","20.98585462","21.32829598","21.40445083","21.69118508","21.7125861","22.12079439","22.20290449","22.4449894","22.7915201","22.92843528","23.31580029","23.43858779","23.87671771","24.14682688","24.31569903","24.73862548","25.06838525","25.26799973","25.72224111","26.05265608","26.33879268","26.61639317","27.08403988","27.33329928","27.57842577","28.07180112","28.36470559","28.63158626","29.01493288","29.37047116","29.73826133","30.11168892","30.4029121","30.76815872","31.21582838","31.54407722","31.84530541","32.24280737","32.63749386","32.98628325","33.38599159","33.75619427","34.08756922","34.45145842","34.88241703","35.26098988","35.5677505","35.87588904","36.25138958","36.56714969","36.87096317","37.21274726","37.5293542","37.86322042","38.17142664","38.44839983","38.72582699","39.02383742","39.64040196","39.67103941","39.74451922","39.81682795","39.85870797","39.9338831","39.97901168","40.01425387","40.09644506","40.14286828","40.16426194","40.24423854","40.3066761","40.42903251","40.46845183","40.49526986","40.54710806","40.53016968","40.54879757","40.5900479","40.59160212","40.60685533","40.65162184","40.67002823","40.68489259","40.70529236","40.75759035","40.76876334","40.77712227","123-31-9","OC1=CC=C(O)C=C1","InChI=1S/C6H6O2/c7-5-1-2-6(8)4-3-5/h1-4,7-8H
","c1cc(ccc1O)O"
"123-32-0","90.12559999","74.29248599","64.27586311","61.47243214","59.0882","56.76874105","55.12771324","36.90160184","36.75950868","50.80022527","49.48607108","48.7440533","48.06256654","33.40443287","33.03410627","31.74443577","31.14046944","30.24170797","29.23254708","28.29787538","27.42177281","30.89988477","29.09215435","27.54708447","25.93171552","24.40667104","22.81814069","21.31468626","18.80405887","17.7311515","16.75916205","15.57895848","14.58086508","13.56774881","12.50474823","11.57686719","9.838572724","8.811327594","7.919839134","7.071179439","6.242873795","5.472435125","4.727585363","4.015880437","3.418145858","2.896285648","2.432563516","2.059866576","1.795560337","1.664992624","1.71650468","1.857295345","1.963960052","2.158147364","2.340803489","2.562790125","2.706169575","2.71038631","2.66089301","2.680150364","2.707578986","2.721442168","2.741873328","2.78592167","2.805577104","2.832954912","2.83959697","2.853553148","2.874901607","2.890518023","2.905748281","2.880038834","2.895394891","2.904549214","2.91470274","2.928574952","2.941301442","2.954861391","2.936806937","2.933357191","2.951605951","2.95849207","2.977177492","2.979661432","2.971611592","2.974484435","2.955462525","2.954488839","2.967168458","2.952395447","2.95077784","2.966023756","2.976590619","2.977486444","2.974550816","2.989583256","2.999452477","2.994716035","2.981745822","2.965958892","123-32-0","CC1=CN=C(C)C=N1","InChI=1S/C6H8N2/c1-5-3-8-6(2)4-7-5/h3-4H,1-2H3
","Cc1cnc(C)cn1"
"123-39-7","15.85500716","21.29546365","22.79685128","21.55097758","19.01569285","15.77089545","13.14795012","10.56621469","8.449882479","5.485313716","3.838491407","3.237421374","3.719008419","3.348066072","3.364282653","3.290136007","3.250114553","3.244605808","3.229533042","3.198153095","3.20324368","3.154052833","3.134268176","3.090601403","3.048651132","3.027362198","2.980871975","2.936517595","2.903721649","2.855025902","2.831703476","2.797035306","2.748913337","2.726444653","2.691656323","2.662590158","2.629705662","2.600862372","2.583086663","2.559374581","2.534662212","2.51652673","2.482485569","2.466407312","2.444017865","2.426745133","2.41319899","2.398470908","2.386467891","2.380607465","2.366621347","2.339246708","2.329074436","2.333927105","2.31850958","2.29704456","2.296393542","2.282644593","2.281717603","2.268056368","2.256960936","2.252189495","2.245607734","2.242378607","2.236321125","2.21820539","2.227515511","2.213677059","2.219292527","2.210985472","2.206602723","2.202931507","2.192033285","2.207573838","2.193724563","2.185484856","2.195418181","2.184246659","2.180731843","2.18545514","2.182242018","2.176685581","2.177393139","2.171003406","2.175943689","2.176959315","2.16758157","2.159465147","2.165368149","2.173857647","2.166993152","2.159431218","2.162338984","2.166406529","2.158774296","2.149830027","2.150850233","2.160374577","2.15960675","2.150090081","123-39-7","CNC=O","InChI=1S/C2H5NO/c1-3-2-4/h2H,1H3,(H,3,4)
","CN=CO"
"123-54-6","30.39873753","25.41491643","22.42340625","20.01697251","17.94699228","16.2567396","14.72951398","13.46855344","12.3412031","11.30071422","10.4084917","9.566512267","8.869425752","8.227285821","7.66156181","7.14477269","6.710019952","6.312507373","5.929156612","5.624182934","5.311960454","5.045212821","4.804240615","4.585775979","4.396249031","4.203196334","4.01426777","3.905738164","3.724983852","3.627274953","3.482658513","3.408321689","3.287692069","3.178374665","3.08660865","3.051744059","2.957486031","2.851085302","2.811526459","2.764509307","2.688514247","2.651680025","2.618894826","2.557456927","2.488280085","2.44406489","2.424316021","2.405774906","2.367096494","2.313599886","2.292161322","2.26449505","2.232900061","2.203827705","2.198385155","2.172729237","2.138986651","2.124810744","2.118598269","2.078452651","2.049552028","2.040278486","2.032407469","2.017998608","2.000786555","1.995633029","1.998263864","1.9894516","1.964570617","1.936867785","1.91326474","1.896909269","1.877482417","1.859727221","1.851434061","1.847230442","1.840786195","1.836604146","1.83794431","1.842734701","1.84816328","1.852186898","1.845976406","1.836009348","1.828485346","1.818203041","1.808558894","1.801896372","1.795419343","1.789736639","1.779200498","1.770322218","1.760586916","1.750080856","1.740066449","1.729850971","1.718881784","1.711059242","1.704103408","1.700762346","123-54-6","CC(=O)CC(C)=O","InChI=1S/C5H8O2/c1-4(6)3-5(2)7/h3H2,1-2H3
","CC(=O)CC(=O)C"
"123-56-8","10.19961267","6.559051598","2.272269267","2.156603449","1.706470795","1.645749252","1.542114611","1.340314137","1.341993055","1.204064015","1.197524743","1.174550484","1.127048446","1.045005322","1.068013035","1.048845824","1.027906659","1.015726697","1.040973673","0.983184716","1.019926599","0.964633147","1.003046144","0.992805561","0.984030975","1.009344886","0.971491265","0.969089669","0.997848077","0.973102046","0.954841817","0.96861755","0.987445463","0.967144954","0.972916876","0.948743733","0.952038673","0.982255957","0.959313436","0.975715544","0.959595727","0.985610484","0.948001131","0.967459788","0.950875869","0.964624601","0.961060107","0.955537128","0.966455727","0.934821085","0.925063025","0.956702547","0.939616956","0.938164082","0.949152042","0.901560048","0.94732545","0.926847363","0.935166128","0.915686278","0.921451776","0.936681291","0.913162038","0.915950061","0.920729946","0.910457756","0.911942724","0.919012173","0.893069886","0.922044681","0.901286168","0.899910618","0.905578642","0.898103292","0.901062075","0.896153541","0.896265693","0.900415146","0.878704725","0.899573878","0.885470142","0.887855202","0.88648992","0.880292921","0.87491995","0.880877314","0.879514512","0.881661074","0.877471733","0.879223002","0.87934565","0.874728388","0.875259104","0.864559438","0.869115032","0.874301461","0.866761338","0.858406626","0.861737256","0.865735055","123-56-8","O=C1CCC(=O)N1","InChI=1S/C4H5NO2/c6-3-1-2-4(7)5-3/h1-2H2,(H,5,6,7)
","C1CC(=O)N=C1O"
"123-72-8","278.6421986","270.0613629","263.3343346","256.7561498","250.4797596","244.4934347","238.9028855","232.9844997","226.9888342","220.9552029","215.0193861","209.0434359","203.2198749","197.4434862","191.7588543","186.2563941","180.7381704","175.3943999","170.1333235","164.9133571","159.8763265","154.8743294","149.9816844","108.0339799","103.4898717","99.11758337","94.87480622","90.72990291","86.72176377","82.82879424","79.0539324","75.39355482","71.82028371","68.38040808","65.04084675","61.7952212","58.65514428","55.62952142","52.68237094","29.65651844","27.54678624","25.48963954","23.50474228","21.57638331","19.71985378","17.92664989","16.2186766","14.56398333","12.99009228","11.48615846","10.07310437","8.75143889","7.515265377","6.387778891","5.374013394","4.478571354","3.75192081","3.200469739","2.977257492","3.105426082","3.160978759","3.287649063","3.475295158","3.588625134","3.527278755","3.584653954","3.783539168","3.852748298","4.184080788","4.259912645","4.311849107","4.584035835","4.634863403","80.12961677","78.57797647","77.08920332","75.5869445","74.14583657","72.69199321","71.28607963","69.9050455","68.54975656","67.22934835","65.91370994","64.66109372","63.38939848","62.1833659","60.97757561","59.83544896","58.69158283","57.60048213","56.52589921","55.48971652","54.49665359","53.52014324","52.59142116","51.67967034","50.81154634","49.960942","49.16704032","123-72-8","CCCC=O","InChI=1S/C4H8O/c1-2-3-4-5/h4H,2-3H2,1H3
","CCCC=O"
"123-75-1","70.2127197","45.88826112","40.89093759","30.40085527","27.69316857","23.83315058","15.02418105","14.72770083","13.92226851","10.52876293","8.917198905","8.597558549","7.176152256","6.45463702","6.283931028","6.07023324","4.694413853","4.120536417","4.281644572","4.040379566","3.23553391","3.038879574","2.727815602","2.494340755","2.300924921","2.180766394","2.032345612","1.89600058","1.840055525","1.814450005","1.751741184","1.813593637","1.774234933","1.743415141","1.717144498","1.68855837","1.720230553","1.733347618","1.694792102","1.694485591","1.710708425","1.704996825","1.691684743","1.704302875","1.692639422","1.696030411","1.743624866","1.758965389","1.752767849","1.754179599","1.77065869","1.762638524","1.777351865","1.784442554","1.779585611","1.767253027","1.765176541","1.793631965","1.772334414","1.760003515","1.724423886","1.714793278","1.724947905","1.771362949","1.773294961","1.774983145","1.765493972","1.764680063","1.764311927","1.753548461","1.750146868","1.752490687","1.7809908","1.872219672","1.857940633","1.844442811","1.823921389","1.823041282","1.850405235","1.870193119","1.871673143","1.862921083","1.845260261","1.839734985","1.846195471","1.847673121","1.850953727","1.852081812","1.850112881","1.850276465","1.849795367","1.846978087","1.845293744","1.841791163","1.832984576","1.830433379","1.830744107","1.845746397","1.852194743","1.843389541","123-75-1","[H+].[Cl-].C1CCNC1","InChI=1S/C4H9N.ClH/c1-2-4-5-3-1;/h5H,1-4H2;1H
","C1CCNC1.Cl"
"123-77-3","26.65722646","22.60322804","20.96241216","19.55743182","12.42429757","11.81013449","11.28417541","10.74730269","10.27574649","9.864152198","9.4507607","9.033643838","8.594358955","8.243663996","7.907333813","7.582626286","7.230886486","6.928721693","6.628551259","6.355690495","6.070042133","5.775035483","5.564461276","5.285453108","5.065266227","4.853331941","4.620157689","4.458315907","4.206624722","4.087177564","3.851563008","3.727303791","3.519191714","3.406523563","3.225966668","3.088452518","2.963962477","2.829458588","2.705570527","2.600086147","2.445813262","2.401377023","2.262274962","2.186903651","2.109565234","1.976271012","1.964051271","1.837193735","1.75459203","1.76466352","1.626548557","1.610472643","1.58038475","1.471031694","1.45823667","1.431527196","1.350891287","1.334749529","1.298004214","1.255946955","1.239690015","1.209622192","1.186935121","1.174944884","1.131367719","1.12990272","1.140014189","1.122810372","1.079408896","1.080022136","1.124409002","1.101292478","1.045277032","1.03774865","1.082732533","1.072520282","1.01810804","1.005351046","1.070147448","1.092028953","1.032402622","1.011558761","1.029795661","1.074563467","1.086694442","1.051173801","1.01541092","1.028174433","1.039316165","1.058628193","1.066998558","1.091521511","1.091163573","1.086652924","1.090026687","1.063388366","1.059952638","1.064340333","1.104040518","1.125379068","123-77-3","NC(=O)N=NC(N)=O","InChI=1S/C2H4N4O2/c3-1(7)5-6-2(4)8/h(H2,3,7)(H2,4,8)
","C(=N)(N=NC(=N)O)O"
"123-91-1","23.73130516","18.44591666","14.72881397","11.90774344","9.694162993","7.956057228","6.54442505","5.458551536","4.674650767","4.072004873","3.608053228","3.302959774","3.115965749","3.019339283","2.935812871","2.886242018","2.863572822","2.849868319","2.824928746","2.843895332","2.818048438","2.827747698","2.870878073","2.877521277","2.903754682","2.907948868","2.937244091","2.985479221","3.001373043","3.050007607","3.104078387","3.162569271","3.190869856","3.186121817","3.231296408","3.266548958","3.285036734","3.322836484","3.331053278","3.369438263","3.385447564","3.422236666","3.462774536","3.490268803","3.49031082","3.484205643","3.534708875","3.567588075","3.572173504","3.574045776","3.598527037","3.631959592","3.672266872","3.695580866","3.703406709","3.708228946","3.716561228","3.729842902","3.752294207","3.779598592","3.807670073","3.822731758","3.824927692","3.82318244","3.82766525","3.834796369","3.844985524","3.857463775","3.87187167","3.886568173","3.903671669","3.920196323","3.93164418","3.941588428","3.950675443","3.956217122","3.959948173","3.964235177","3.969804341","3.975512813","3.981767697","3.988256943","3.996191356","4.004748727","4.012314995","4.018665259","4.025146314","4.031798534","4.039155665","4.047266478","4.054565175","4.060968294","4.065699116","4.069092683","4.072874301","4.076867833","4.080367981","4.083255577","4.085624247","4.088175449","123-91-1","C1COCCO1","InChI=1S/C4H8O2/c1-2-6-4-3-5-1/h1-4H2
","C1COCCO1"
"126-99-8","21.59361394","17.07817536","14.92441723","13.25713763","11.92384582","10.76534956","9.704574691","8.793721925","8.055502555","7.36535841","6.878597921","6.356562233","5.960305344","5.553342216","5.285756898","5.037276186","4.759686002","4.510852033","4.326661122","4.149322928","4.027153884","3.900593352","3.768994238","3.664051844","3.605262961","3.48488232","3.428723546","3.384098179","3.310620742","3.291550864","3.238963578","3.226252082","3.212051499","3.147856099","3.149639162","3.148907984","3.125996549","3.123868442","3.101268939","3.101808586","3.10371306","3.093402546","3.102741007","3.097386057","3.101275923","3.126620991","3.094418668","3.100022599","3.130454359","3.117501892","3.114788536","3.144721893","3.151016332","3.147529841","3.151494644","3.153739046","3.174581076","3.181578714","3.191115078","3.194970071","3.203650184","3.20636347","3.208544222","3.219383175","3.225218346","3.236457575","3.253561118","3.261715398","3.25896357","3.270299071","3.275015227","3.275494109","3.283489733","3.297198469","3.299876619","3.306350143","3.31968761","3.328863769","3.328809834","3.33197336","3.333801732","3.339695188","3.350061294","3.353318832","3.355335763","3.36045526","3.369152978","3.374929692","3.381577647","3.388825888","3.395910682","3.401826003","3.400836653","3.405439748","3.410752296","3.413020262","3.415497592","3.41811163","3.423489198","3.429634502","126-99-8","ClC(=C)C=C","InChI=1S/C4H5Cl/c1-3-4(2)5/h3H,1-2H2
","C=CC(=C)Cl"
"13389-42-9","55.06343101","55.259221","53.08533823","49.98608448","46.60888092","43.26794057","39.99266492","36.93505416","34.13127183","30.53079752","27.91302711","25.5740289","23.48903397","21.62488755","19.95300674","18.45365733","17.11275963","15.90417877","14.81474973","13.83217544","12.94787052","12.15027319","11.41826605","10.7648099","10.16604038","9.612076317","9.11331011","8.653670123","8.236627157","7.849273987","7.495477805","7.166135646","6.868200084","6.592189542","6.333402556","6.094918661","5.877471481","5.669373025","5.475932424","5.299517075","5.138288708","4.979552044","4.836495758","4.698121171","4.578629045","4.45173155","4.344693555","4.23730455","4.137699793","4.043501667","3.958767072","3.877009679","3.798955846","3.723467792","3.650860764","3.580053999","3.520229748","3.463841293","3.413749919","3.352228292","3.297422592","3.252312352","3.209263555","3.164477869","3.118271433","3.083401802","3.042812319","3.008877542","2.969162964","2.940356075","2.906769989","2.877359756","2.845410412","2.816355121","2.792102443","2.767605499","2.742651184","2.715140949","2.697568996","2.670520812","2.653564528","2.636589812","2.611378444","2.599225361","2.579068073","2.556911087","2.545445752","2.525807786","2.507286259","2.497697575","2.482386684","2.467453742","2.455757521","2.43985052","2.425392476","2.415649633","2.405444325","2.394447538","2.384944215","2.376362541","13389-42-9","CCCCC\C=C\C","InChI=1S/C8H16/c1-3-5-7-8-6-4-2/h3,5H,4,6-8H2,1-2H3/b5-3+
","C/C=C/CCCCC"
"140-76-1","65.17257218","41.07451897","38.62620489","45.34595402","34.70527689","33.15637906","32.10005557","31.13754318","29.83496376","28.73392799","27.77183388","26.53571423","25.48061438","24.36611666","23.2493825","22.15688922","20.99024894","19.95918858","18.82010369","17.80536136","16.74639508","15.81645859","14.8192643","13.95622725","13.04534776","12.25864188","11.41249","10.68178285","9.914335333","9.28118773","8.620498545","8.038188102","7.483419867","6.980744885","6.533378127","6.112359555","5.782505245","5.443433451","5.232296828","4.940199168","4.797653342","4.625668308","4.486348773","4.353168766","4.190419481","4.058671232","3.95056433","3.837335593","3.736202236","3.628208977","3.52841453","3.438313817","3.358261161","3.27505622","3.210310754","3.143690221","3.073236239","3.015909871","2.947823195","2.903985836","2.850410048","2.803859973","2.760585699","2.708209103","2.65886615","2.613028322","2.583836826","2.547480976","2.533766847","2.483565733","2.438582819","2.429728024","2.396981658","2.398292953","2.349975124","2.350817648","2.319212364","2.294135938","2.29094247","2.241195105","2.264144415","2.232299812","2.206296086","2.189284323","2.178149285","2.177279444","2.156559111","2.146827687","2.125632326","2.118390353","2.114132119","2.095678768","2.097630808","2.080624587","2.07454346","2.06931163","2.063704524","2.059452599","2.050105976","2.046451779","140-76-1","CC1=CC=C(C=C)C=N1","InChI=1S/C8H9N/c1-3-8-5-4-7(2)9-6-8/h3-6H,1H2,2H3
","C=Cc1ccc(C)nc1"
"141-79-7","184.7960999","194.0292115","203.3923262","211.5963473","218.2243611","224.1514239","228.6862706","231.9038903","203.0846804","203.6356702","144.1457251","139.6903071","135.5124241","131.6110727","127.9696638","124.5906626","121.5205656","118.8225038","116.5990461","114.7050549","112.9620088","111.2995586","110.8839387","108.9273425","107.2640177","105.5995274","105.8452375","104.8243134","103.1178202","102.2908652","100.8837103","100.192544","99.29939036","98.64326699","98.00613894","93.35293378","89.6961154","86.28998843","83.00208587","79.96612884","77.06686115","73.87195995","70.56058964","67.49142125","64.54682755","61.85594428","59.38434461","56.35744808","53.52909106","50.89306521","48.3597997","46.11265356","44.08715438","41.46620331","39.08897896","36.90517459","34.92516856","33.07868353","31.55405263","30.33090661","28.60505495","26.49840751","24.65837226","23.02159441","21.61725998","20.4777067","19.57961981","19.24057014","19.74929424","18.92838433","17.34612647","15.92645422","14.68972535","13.85753944","13.94759938","14.29147632","14.4558901","14.25775219","13.63881073","13.10343203","12.72154299","12.49822122","12.26820597","12.10237","11.91029332","11.71967488","11.53618718","11.36493492","11.20226792","11.04824641","10.89587715","10.75039589","10.60831701","10.47167311","10.25804289","10.13261307","10.01465487","9.903890717","9.800418346","9.703406141","141-79-7","CC(C)=CC(C)=O","InChI=1S/C6H10O/c1-5(2)4-6(3)7/h4H,1-3H3
","CC(=CC(=O)C)C"
"14109-72-9","126.0007478","128.9352335","133.2996559","137.1048065","139.2757882","140.4187181","139.5899734","136.2835979","132.9283699","128.6397226","120.3154193","113.4986867","107.027961","101.5281998","96.64396254","93.10971106","91.07551652","88.81511422","88.97842406","87.27479774","86.52877987","85.57075885","84.45859162","83.37911827","82.47545504","81.30702033","79.85726826","78.41857538","76.96565204","75.5226491","73.80497107","72.03635293","70.80985255","70.15127482","73.74006279","72.43548867","70.6074523","69.916547","68.8153774","69.30468248","67.73053698","66.91257163","65.92505665","65.8914865","66.79245278","66.11695626","65.05799509","64.49294742","64.07122142","64.67381733","65.21453362","64.41963936","63.92667852","63.83520083","64.38959204","65.18499379","65.9168437","65.66778613","65.50187622","65.79604621","66.85721349","67.92380994","38.50434841","39.04544757","38.50755828","37.70573562","37.03024928","36.4924339","36.10348444","35.88143915","35.83069612","35.93303763","36.12376338","36.32891686","36.51009054","36.65120309","36.75757431","36.83569758","36.89566622","36.95194667","37.00340233","37.05891","37.11647724","37.17796608","37.22363091","37.28636714","37.35044294","37.41514209","37.47989396","37.5452638","37.6099964","37.67674718","37.7410157","37.80888698","37.87545136","37.94361933","38.01021667","38.07943021","38.14863956","38.21708339","14109-72-9","CSCC(C)=O","InChI=1S/C4H8OS/c1-4(5)3-6-2/h3H2,1-2H3
","CC(=O)CSC"
"142-08-5","29.21395738","24.89946381","23.43594151","22.97226928","22.67169992","22.30754812","22.11486889","21.63761035","21.3715994","20.95466352","20.96831896","20.86536893","20.71014839","20.53725391","20.37464432","20.32226615","20.26976586","20.30574051","20.23328949","20.26798084","20.23930125","20.23185874","20.31366082","20.38277545","20.422648","20.47085386","20.56380545","20.65272526","20.69183431","20.80420791","20.89452539","21.03155079","21.15807574","21.23700845","21.35957406","21.55339504","21.64434701","21.78820453","21.8225044","21.83877013","21.95145337","22.01335921","22.00126834","22.16682918","22.18607547","22.27385962","22.27866826","22.25296986","22.30036557","22.39923578","22.46526602","22.49237569","22.60968037","22.58205359","22.70755501","22.74688669","22.81621109","22.88728672","23.00515895","23.07974067","23.09291825","23.14318539","23.23821118","23.29530257","23.31117514","23.31387845","23.40546056","23.44130562","23.49124628","23.5724263","23.66661853","23.723635","23.72160903","23.77469693","23.82147219","23.82710321","23.89692867","23.85455392","23.93595329","23.99076003","23.94376832","23.97510348","23.99019846","24.08818492","24.1621246","24.09057706","24.08967692","24.13517152","24.16147153","24.2190629","24.29715622","24.26844419","24.29295657","24.31422691","24.32294311","24.37057696","24.44644712","24.44524253","24.44528822","24.51667665","142-08-5","O=C1NC=CC=C1","InChI=1S/C5H5NO/c7-5-3-1-2-4-6-5/h1-4H,(H,6,7)
","c1ccnc(c1)O"
"142-29-0","67.05558738","77.85701318","75.66926691","72.28428035","64.40897571","57.92639962","51.60712065","46.08184198","41.23858916","36.98815663","33.34008244","29.90955521","26.770269","23.88061658","35.05434392","33.17863776","31.58988422","31.96189209","30.64405137","25.75379346","24.09036849","7.092697022","5.864171943","4.794971136","3.96647898","3.284837737","2.815741995","3.116140879","2.523439846","2.270091003","2.291767814","2.166564234","2.099927791","2.044263806","1.999105614","1.968212843","1.951722827","1.929449014","1.916065833","1.917005532","1.901812576","1.909794285","1.904433906","1.896579255","1.899268496","1.900903616","1.91075205","1.908165628","1.911657082","1.922203032","1.928483266","1.923825977","1.929854292","1.929480783","1.939398673","1.944486833","1.945740404","1.939689098","1.942728308","1.958666777","1.953582405","1.946694294","1.962148138","1.951309014","1.951308839","1.966147219","1.951749361","1.954143199","1.956421553","1.949513061","1.956983218","1.958218888","1.939317432","1.947799613","1.955073077","1.938287268","1.934182527","1.941209907","1.934296853","1.933248805","1.928015307","1.922296391","1.919121395","1.920969746","1.910231624","1.904952656","1.914233603","1.906061406","1.894108963","1.898488945","1.895082985","1.88504263","1.882885308","1.888620358","1.88257739","1.863998499","1.869425413","1.875106365","1.869279648","1.854906803","142-29-0","C1CC=CC1","InChI=1S/C5H8/c1-2-4-5-3-1/h1-2H,3-5H2
","C1=CCCC1"
"142-68-7","31.64564541","31.1971647","34.39848645","37.97147151","41.18558952","49.24258257","56.49648763","63.09838901","68.82564364","73.4371404","76.25117924","76.89152997","74.1818925","74.28315403","74.44950444","74.58987883","74.74170361","74.87560859","75.00273873","75.10565015","75.18480527","75.25864723","75.30092242","75.35325462","75.38124537","75.37773253","75.39132498","75.40532843","75.41134667","75.40948829","75.40077095","75.37827512","75.36683942","75.359853","75.35629194","75.36202774","75.35950615","75.35037972","75.34790392","75.35439889","75.34810825","75.34048589","75.337848","75.33787168","75.33633751","75.33801938","75.34534262","75.35832146","75.37026109","75.37090718","75.37012134","75.37233638","75.37782745","75.38905815","75.39241228","75.39824077","75.40692064","75.41754982","75.43028508","75.4374775","75.44310109","75.44862452","75.45478787","75.46117539","75.47062732","75.48258201","75.49432585","75.50531205","75.51465244","75.5190802","75.52218704","75.5253189","75.52896002","75.533312","75.53850264","75.54380634","75.55130073","75.55921023","75.56475092","75.56908965","75.57337227","75.57852195","75.58460949","75.59066389","75.59675777","75.60357353","75.61095722","75.61866032","75.62654796","75.63407243","75.64020201","75.64620306","75.65157428","75.65663058","75.66158404","75.66670571","75.6721734","75.67752624","75.68276674","75.68789741","142-68-7","C1CCOCC1","InChI=1S/C5H10O/c1-2-4-6-5-3-1/h1-5H2
","C1CCOCC1"
"142-83-6","57.74396599","52.52365602","49.99941707","51.74586446","50.96476199","47.56965223","46.94302227","45.8199064","45.44154056","44.44759689","43.92438014","43.0543373","42.56007054","42.0906682","42.24419386","41.38144087","40.39375886","39.58067343","38.67515713","37.98340815","37.15298034","36.52579188","35.95323114","35.31143634","34.7630598","34.17271617","33.68646587","33.13586807","32.81730274","32.38814187","31.39625428","30.89841278","30.16475758","29.58325087","29.01134858","28.34479738","27.77653565","27.20141834","26.59878825","26.00747625","25.43552896","25.01238676","24.28714033","23.84683681","23.30915628","22.72805304","22.31611921","21.73399976","21.26384504","20.79208715","20.3033314","19.88877221","19.4489351","18.98004024","18.52970179","18.12129284","17.75775799","17.35861418","16.95387708","16.59322803","16.30497323","15.93380175","15.57765083","15.23543651","14.96692786","14.74793351","14.45464098","14.13016803","13.82956509","13.61202629","13.55422831","13.46742346","13.24366216","12.93377213","12.6735795","12.43845197","12.30176046","12.17988061","12.04153236","11.84770941","11.65387823","11.49718999","11.3313672","11.18523735","11.02408785","10.88830692","10.7664471","10.62760303","10.46173971","10.31602226","10.18360251","10.04843036","9.907966502","9.783985049","9.662897901","9.545288439","9.438303969","9.341490784","9.213475875","9.090692944","142-83-6","C\C=C\C=C\C=O","InChI=1S/C6H8O/c1-2-3-4-5-6-7/h2-6H,1H3/b3-2+,5-4+
","C/C=C/C=C/C=O"
"14290-92-7","44.26233216","42.08745818","38.9826136","35.42604779","32.03575052","28.85335978","24.41760233","21.38272904","18.77814355","16.5329351","14.58033099","12.91066692","11.44107909","10.18061339","9.080294317","8.1349854","7.313452407","6.593118819","5.972428363","5.416202696","4.949562092","4.531979038","4.173586644","3.861159592","3.586099445","3.341852975","3.139600695","2.956915514","2.789921018","2.66237179","2.540870379","2.44405329","2.362007408","2.288075417","2.23308294","2.182568042","2.14769088","2.117321134","2.100316254","2.084324343","2.081159786","2.075884257","2.083159456","2.090830795","2.102592661","2.122277601","2.147507526","2.174833284","2.202264713","2.223526336","2.246784585","2.26797891","2.289088219","2.315285056","2.338450133","2.360414593","2.384046717","2.40650672","2.427713089","2.441936699","2.460526478","2.476426432","2.497303374","2.509769711","2.532277091","2.548342116","2.5649205","2.58210062","2.598251851","2.610767845","2.621476636","2.633060146","2.646188396","2.658467208","2.671028916","2.686775917","2.693537823","2.704179935","2.717496835","2.729703683","2.739217577","2.747291813","2.760428766","2.77018548","2.780396585","2.793915675","2.804401564","2.811911781","2.822592327","2.826622288","2.835951974","2.840418476","2.848471399","2.856163622","2.861939491","2.868765384","2.874512667","2.883601291","2.888780192","2.894643698","14290-92-7","CCSC(C)(C)C","InChI=1S/C6H14S/c1-5-7-6(2,3)4/h5H2,1-4H3
","CCSC(C)(C)C"
"14331-54-5","15.23105083","16.47166114","18.83499193","21.34536152","23.62294857","25.47114906","26.98352184","28.3395866","29.47927575","30.42549653","31.17885314","31.80662194","32.2963794","32.63959938","32.88841156","16.73099748","15.60236741","14.5658563","13.53722575","12.60481877","11.72677352","10.8822951","10.06911008","9.409789676","8.695231574","8.087560586","7.538248732","7.074878251","6.674303374","6.397876324","6.230834094","6.284895229","6.392059805","6.568675179","6.776721697","6.784071212","6.779424143","6.848385029","7.101435882","6.946303992","6.914695432","7.10071294","7.056280394","6.957560466","7.1804568","7.223659112","7.188521848","7.200835466","7.273313777","7.395455193","7.46804531","7.509731085","7.486043673","7.49146456","7.489261116","7.512595386","7.527075144","7.564716533","7.577681477","7.602334196","7.620361187","7.642862012","7.68838149","7.710466926","7.723577715","7.762002383","7.791811105","7.815758798","7.850116281","7.880017953","7.900640495","7.946401419","7.9910978","8.009362388","8.01974099","8.054073158","8.090385559","8.113578742","8.133552061","8.169694697","8.211646895","8.23290798","8.244135147","8.26969217","8.309579264","8.331636068","8.357310091","8.367591202","8.382264116","8.407649741","8.441604705","8.474026803","8.492696026","8.497283194","8.51160612","8.522922664","8.547762424","8.576953444","8.60225218","8.624440741","14331-54-5","CC1=CC=NC(C)=N1","InChI=1S/C6H8N2/c1-5-3-4-7-6(2)8-5/h3-4H,1-2H3
","Cc1ccnc(C)n1"
"144-62-7","2.200230687","1.502787999","1.250280577","1.005262141","0.941307334","0.970670862","0.961519299","1.028845479","1.043557794","1.000374634","1.084526308","1.108926142","1.145219033","1.179198089","1.227464361","1.254250477","1.290387398","1.316139432","1.366899332","1.38785724","1.424123826","1.441143346","1.455220727","1.493033046","1.516869386","1.538584134","1.551461303","1.569721944","1.587471172","1.60830082","1.618322084","1.63402561","1.650356135","1.655708248","1.676889065","1.68275755","1.696793829","1.703263552","1.710923504","1.726618665","1.726835815","1.734161594","1.745736107","1.741775969","1.76389253","1.748737125","1.767036869","1.773893472","1.767981308","1.775680534","1.794561204","1.786970965","1.79491524","1.807494761","1.810698731","1.800020536","1.799821156","1.813312267","1.817919066","1.820734692","1.82468271","1.826801812","1.825405362","1.824111232","1.827985806","1.830950377","1.836155814","1.839143192","1.840463326","1.845487094","1.844597079","1.852741259","1.853384289","1.857768766","1.859290813","1.858128575","1.859658336","1.855570021","1.865496592","1.862408633","1.867043276","1.867759492","1.874967396","1.863830445","1.872772521","1.877498822","1.872126028","1.875998795","1.875552903","1.881613971","1.877664484","1.880124576","1.885115096","1.882988974","1.883809174","1.887525279","1.885394137","1.886545723","1.89294456","1.891262301","144-62-7","OC(=O)C(O)=O","InChI=1S/C2H2O4/c3-1(4)2(5)6/h(H,3,4)(H,5,6)
","C(=O)(C(=O)O)O"
"1489-60-7","122.6528832","94.23207255","72.61360452","63.62728573","50.99822298","42.67360387","35.29723339","28.92335142","24.05146256","21.06121176","17.87772922","16.37282783","14.80089114","14.01520931","13.70097375","13.58930903","13.44890348","13.29279855","13.18021502","13.10756092","13.06955754","13.01451427","12.9700661","12.95139467","12.92382592","12.90814593","12.86870671","12.82509935","12.78081968","12.70425951","12.6266096","12.54665654","12.44419954","12.34047042","12.22845423","12.10723149","11.9837716","11.85157838","11.71556988","11.58294192","11.44916515","11.3035024","11.16211572","11.02290606","10.87764981","10.73833758","10.59555492","10.45560613","10.30843351","10.17158905","10.03705274","9.896436883","9.764428471","9.630419308","9.499783232","9.366916591","9.254019448","9.123170444","8.994805116","8.874487788","8.755576353","8.647268704","8.534364852","8.418713948","8.311005532","8.20276083","8.110267534","8.00859564","7.90321651","7.799261648","7.702681085","7.614224683","7.520757151","7.434744708","7.346948859","7.261458286","7.181085677","7.10029784","7.024021298","6.937991848","6.857443533","6.787011847","6.721474289","6.657167985","6.587274841","6.50868406","6.435505733","6.388917073","6.330009163","6.254317055","6.201932077","6.146803744","6.085605859","6.026227593","5.985734549","5.919386063","5.867376036","5.827952172","5.761923184","5.721912147","1489-60-7","CC1=CCC1","InChI=1S/C5H8/c1-5-3-2-4-5/h3H,2,4H2,1H3
","CC1=CCC1"
"14906-64-0","179.3389165","188.0489417","194.2656895","200.6244484","207.2147089","213.692491","218.9531067","223.678728","227.1791708","229.9382112","232.0716308","233.3086708","233.9627861","234.1691877","233.9209147","233.323784","232.6644624","231.6996146","231.1328391","230.3436917","229.3937634","228.5231982","227.1743615","226.0070991","224.5964833","223.2082414","222.0254045","220.4184019","219.4352148","217.762325","216.5011079","214.9248958","213.4855746","211.9845189","210.54644","209.2346335","207.9310833","206.6148938","205.2864235","203.9359186","202.5763387","201.1999057","199.8093201","145.5860004","142.7680007","140.0676936","137.482413","135.0017975","132.6299391","130.3623471","128.1844569","126.1091599","124.1171933","122.2203328","120.4072603","118.6657559","116.9922828","115.4061869","113.8838133","112.4215143","111.0180582","109.6852828","108.4023088","107.1676015","105.9828366","104.8437173","103.7498249","102.6946733","101.6790954","100.7054606","99.76755584","98.85463109","97.97746138","97.13208652","96.31184324","95.51794674","94.74868259","94.00482837","93.28614495","92.58058872","91.90021503","91.24231557","90.60567479","89.97721635","89.37358731","88.7827584","88.20971973","87.64508546","87.10405321","86.57351589","86.0523546","85.54820968","85.05821512","84.57723824","84.10764162","83.64787333","83.19984531","82.76112584","82.33381214","81.91651319","14906-64-0","[O-][N++]1C=C[CH-]C(=C1)C#N","InChI=1/C6H5N2O/c7-4-6-2-1-3-8(9)5-6/h1-3,5,8H
","c1cc(C#N)cn(c1)[O]"
"1551-21-9","12.07328146","8.481098405","6.400812321","5.017865401","4.04164216","3.322411446","2.774481747","2.348343363","2.016394394","1.72518311","1.519568433","1.343251951","1.193506343","1.070230844","0.971519183","0.905803469","0.821472651","0.768440105","0.729308879","0.677812943","0.62193865","0.623426701","0.586795057","0.564660308","0.536728766","0.515958574","0.508738795","0.534056231","0.505105858","0.491375466","0.504827629","0.487226313","0.491650224","0.485711919","0.485852373","0.496063518","0.520512489","0.501983476","0.483447892","0.496613487","0.505439913","0.49008309","0.498081152","0.533247417","0.502990898","0.51929317","0.500433192","0.472885215","0.534186377","0.503099826","0.524714882","0.495299279","0.511515183","0.551527382","0.489159691","0.538275001","0.530841425","0.512031972","0.550994509","0.526300159","0.542663659","0.539990073","0.543824881","0.548058688","0.551731899","0.548891614","0.558854645","0.557632164","0.561416716","0.559407608","0.56460351","0.565428488","0.566708197","0.571521195","0.574260313","0.574448079","0.573503088","0.577848098","0.582245527","0.584508134","0.584519467","0.580988476","0.587876434","0.580534731","0.589404027","0.589866831","0.593976075","0.598270171","0.598219256","0.599121482","0.599238441","0.595707158","0.597526488","0.595623227","0.601897432","0.603159389","0.605252301","0.605866292","0.603625657","0.607271435","1551-21-9","CSC(C)C","InChI=1S/C4H10S/c1-4(2)5-3/h4H,1-3H3
","CC(C)SC"
"1558-17-4","48.22546382","46.44286485","27.96409988","26.96752144","25.7273327","24.58615213","23.39880665","22.13000013","20.9948731","19.69234673","18.61181415","17.49732571","16.4256809","15.45965951","14.43867075","13.55291941","12.65362493","11.80585174","11.00330229","10.24532898","9.539759808","8.839724853","8.187360643","7.581608874","7.024899958","6.524032133","6.06103729","5.58825852","5.227226717","4.900238679","4.63300616","4.46435888","4.374257859","4.455221858","4.495160474","4.632007323","4.601708485","4.562759892","4.593103361","4.618993547","4.807362616","4.896541485","4.852261626","4.838563091","4.813015954","4.842621083","4.8896436","4.929510651","4.942627227","4.957625651","4.977573821","4.981118804","4.989788107","4.989395155","4.990772685","5.001724665","5.008384182","5.013500514","5.016254204","5.021751885","5.011975356","5.009398232","5.01159051","4.991143438","4.988159672","4.984747066","4.984538406","4.979014501","4.980173826","4.974940155","4.977794237","4.974551604","4.973567945","4.960144356","4.959538521","4.960465214","4.958099451","4.947336989","4.943592609","4.948259866","4.947428559","4.940624108","4.925123274","4.926943051","4.926036817","4.924609306","4.929335367","4.930464285","4.923172948","4.921721171","5.061197518","5.06402686","5.064203072","4.919896985","4.925463172","4.927053608","4.924078745","4.922192542","4.922153848","4.923321685","1558-17-4","CC1=CC(C)=NC=N1","InChI=1S/C6H8N2/c1-5-3-6(2)8-4-7-5/h3-4H,1-2H3
","Cc1cc(C)ncn1"
"1558-23-2","127.3209622","93.79787846","88.52124318","73.41418075","70.09847942","63.00786072","60.02339388","56.94361531","53.81255916","51.23636086","48.79808796","47.22697389","44.53799906","44.27471591","43.17077007","42.47684696","41.64391077","41.01483844","40.58163079","40.20007921","39.80894413","39.70291143","39.33627976","38.9814405","38.34661762","38.28326658","37.95306094","37.64457549","37.3453882","37.01653919","36.7346751","36.4046272","36.12575905","35.87976499","35.54812196","35.30143405","35.02410158","34.72889336","34.48341623","34.21517072","33.9643295","33.71744486","33.47166945","33.24078129","33.00670734","32.7882349","32.57029842","32.37682894","32.15113407","31.93838784","31.75258341","31.57064102","31.37750764","31.19187741","31.00282014","30.80720581","30.61954866","30.45150809","30.2853262","30.12694936","29.95552853","29.80624894","29.63971164","29.49177403","29.32827343","29.19102919","29.05383313","28.92133641","28.78402476","28.64762499","28.50814075","28.3757885","28.23992052","28.12721275","28.01087058","27.8993661","27.79991372","27.67235819","27.55272409","27.44374312","27.32470299","27.21457385","27.12012024","27.02625622","26.92612705","26.83368046","26.73326906","26.63211187","26.53143043","26.43565536","26.34478489","26.25607231","26.16745822","26.07635882","25.99908366","25.91413718","25.82617021","25.74700081","25.67168639","25.58796","1558-23-2","CC1=NN=C(C)N=N1","InChI=1S/C4H6N4/c1-3-5-7-4(2)8-6-3/h1-2H3
","Cc1nnc(C)nn1"
"156-59-2","78.00326264","73.0471742","67.78718851","62.80731422","58.06094435","50.26305233","45.86192762","41.79537556","38.15084145","34.80825621","31.80215499","29.0638709","26.63078951","24.37535536","22.39657551","20.56177988","18.91086039","17.43463767","16.10569427","14.89933214","13.78946418","12.78351088","11.87547859","11.04621276","10.2934337","9.59764677","8.967152121","8.403303","7.862204183","7.385554538","6.941861757","6.538689897","6.163611892","5.817982139","5.502856014","5.210522417","4.942267985","4.689381922","4.459942843","4.251742078","4.057823833","3.87364286","3.705705657","3.546665694","3.403060488","3.272791506","3.145841067","3.034856268","2.927934103","2.827349187","2.736612937","2.651981559","2.565539984","2.494863005","2.424702848","2.36122202","2.299625527","2.246988266","2.198145388","2.150149365","2.099024532","2.062032822","2.023542363","1.985097048","1.95415102","1.921488491","1.897143692","1.865248279","1.848358428","1.820982295","1.79925601","1.78534561","1.76257895","1.745838276","1.7323958","1.720936807","1.706438255","1.69542414","1.677638056","1.669205139","1.664476074","1.660816525","1.64831176","1.645992664","1.639807047","1.632020326","1.62776207","1.623105718","1.618097172","1.621423962","1.622485821","1.618349117","1.619964637","1.614827649","1.620706767","1.623613265","1.623381412","1.623085231","1.626045776","1.629354065","156-59-2","Cl\C=C/Cl","InChI=1S/C2H2Cl2/c3-1-2-4/h1-2H/b2-1-
","C(=C\Cl)\Cl"
"156-60-5","1.989233629","1.918061099","1.897840199","1.928760825","1.882587476","1.839769309","1.761347149","1.690936292","1.657062459","1.623942444","1.554800165","1.527937112","1.498077757","1.467562879","1.417479801","1.385909936","1.363429067","1.356994793","1.316419004","1.304398504","1.272384825","1.254232612","1.235519526","1.232891054","1.202533131","1.203568912","1.181879108","1.167313363","1.154271754","1.152510431","1.143086826","1.127252285","1.125908642","1.104673342","1.106424056","1.094243062","1.090464176","1.083082845","1.074991041","1.068089561","1.064583381","1.053070855","1.054978016","1.047739271","1.045395594","1.038767655","1.034342852","1.035426641","1.024660686","1.026118471","1.022294851","1.017262562","1.016746114","1.008131762","1.007160461","1.007250015","1.005083022","0.993581405","0.991255649","1.001246165","1.003927804","0.994652329","0.988142963","0.984920842","0.994736569","0.996862509","0.990655516","0.979268527","0.968215446","0.963106356","0.96612778","0.971637328","0.976257414","0.97782696","0.974924917","0.972782975","0.969200091","0.966893758","0.963162089","0.960398426","0.960369891","0.962933373","0.960118348","0.956361448","0.955705638","0.954338699","0.954819024","0.957634705","0.959240303","0.958072253","0.956112518","0.953319801","0.954244447","0.95771797","0.956618333","0.953909609","0.951059585","0.949447795","0.948052689","0.948192071","156-60-5","Cl\C=C\Cl","InChI=1S/C2H2Cl2/c3-1-2-4/h1-2H/b2-1+
","C(=C\Cl)/Cl"
"1574-41-0","66.56976698","65.34665836","61.80433984","53.70447334","49.0153238","44.73162419","40.96763705","37.62972001","34.60451575","31.94231777","29.55127842","27.46182921","25.55343791","23.86499887","22.37709053","21.05211423","19.82303059","18.75158637","17.77647382","16.9148697","16.1174783","15.41172491","14.75851603","14.17137442","13.64115619","13.14588639","12.70578121","12.2959613","11.92988259","11.57971843","11.260715","10.98401777","10.70324309","10.455567","10.23827717","10.00854063","9.822700921","9.628789946","9.460972064","9.303925999","9.15723093","9.01550728","8.873965548","8.758129403","8.644959303","8.53674296","8.432268696","8.33498413","8.243391287","8.161088289","8.084151967","8.008741058","7.933218591","7.858431259","7.787307108","7.723983599","7.670112553","7.62235882","7.569094881","7.516392553","7.462207893","7.412741234","7.366808504","7.326374805","7.286566558","7.253173833","7.219863702","7.187802553","7.153594066","7.120020363","7.086885651","7.055240026","7.025898304","6.998666207","6.971576235","6.94611435","6.922844642","6.901319112","6.880448806","6.858973696","6.83596603","6.813572287","6.793134634","6.772801185","6.753780445","6.7369131","6.720259656","6.704108491","6.687457635","6.671697927","6.657127508","6.644035478","6.631257595","6.618860993","6.607264193","6.596599877","6.585485957","6.574500819","6.563055584","6.55083569","1574-41-0","C\C=C/C=C","InChI=1S/C5H8/c1-3-5-4-2/h3-5H,1H2,2H3/b5-4-
","C=C/C=C\C"
"1585-74-6","316.1000233","309.9542637","305.5135764","301.2895389","297.5556163","294.3487227","291.4264423","288.8482336","286.5870111","284.6240154","282.929797","281.1022963","278.9376196","276.4405384","273.6767896","270.6973604","245.8591559","241.5300135","237.0871777","232.6132312","228.1203413","223.6267121","219.1292582","214.677912","210.2757643","205.9484033","201.7137608","197.5903814","193.5836137","189.6895248","185.8783943","182.1671221","178.5737888","175.0491547","171.650855","168.3801383","165.2289505","162.2401444","159.325701","156.5539453","153.8607074","151.2928894","14.57129499","13.89401078","13.26987936","12.7097915","12.20026402","11.74114413","11.32337693","10.94298289","10.58671821","10.26412367","9.979687132","9.708895942","9.451865838","9.227800623","9.007048919","8.811041148","8.620789556","8.44455995","8.280068916","8.122265917","7.969370893","7.829536117","7.688208653","7.563575345","7.443397612","7.324800833","7.214221923","7.104026205","6.997779351","6.897477263","6.801549598","6.711917483","6.620091797","6.538396506","6.450295527","6.367219036","6.292857129","6.218222743","6.134925109","6.068676265","6.002639916","5.93384756","5.87164309","5.807909535","5.744345883","5.686106769","5.630389435","5.570569713","5.52198607","5.4656295","5.41485509","5.362132244","5.315354659","5.268879433","5.226385104","5.176486254","5.134999503","5.093234432","1585-74-6","CN(C)Cl","InChI=1S/C2H6ClN/c1-4(2)3/h1-2H3
","CN(C)Cl"
"15940-89-3","59.59637186","56.53714732","53.93513299","51.89202293","50.2316573","48.57262089","47.02728904","45.73167647","44.2587613","42.85812901","39.28596928","38.09003064","36.84539209","35.77635657","34.73003289","33.75544326","32.83338403","32.05827147","31.17638489","30.40235796","29.65856939","28.93085635","28.32889532","27.67074467","27.1356008","26.57592012","26.03362717","25.55402051","25.03832295","24.62457185","24.18074127","23.79921793","23.41431144","23.05698679","22.70947709","22.41671352","22.09255557","21.79178907","21.54800099","21.27129747","21.03806504","20.81223247","20.58197153","20.36380949","20.20335703","20.00812296","19.84098071","19.69086029","19.54281681","19.3811066","19.24687424","19.15321596","19.04666961","18.92881778","18.84019519","18.75904796","18.5878686","18.43800974","19.65566601","19.48291379","19.32495902","19.1458186","18.96904354","18.79969588","18.60804196","18.46780925","18.33162855","18.17077995","18.00117458","17.89501613","17.73845107","17.58105027","17.43507598","17.28079049","17.10998189","16.93790006","16.79325579","16.63666977","16.47502606","16.3475815","16.19528938","16.05851932","15.94275688","15.81938052","15.69564191","15.59633824","15.46804207","15.33822238","15.21529809","15.09184234","14.97467765","14.85296131","14.7575725","14.65717422","14.5655923","14.48416996","14.4134715","14.34518194","14.28077576","14.21976511","15940-89-3","CC(=O)C(=O)C1CC1","InChI=1S/C6H8O2/c1-4(7)6(8)5-2-3-5/h5H,2-3H2,1H3
","CC(=O)C(=O)C1CC1"
"1603-40-3","74.45266201","73.90786173","67.06442505","58.28429408","57.59303612","57.15780428","56.85927461","60.62248155","60.19982345","55.4715943","54.83617193","54.28128917","53.50416864","52.87995292","51.98175689","51.20066394","50.25216999","49.36761015","48.38926254","47.44222988","46.440476","45.3851866","44.37323747","43.31567201","42.28408648","41.22074742","30.93617582","39.11593871","38.10677811","37.04151774","36.07357698","35.06487588","34.089499","33.0887255","32.18566563","31.25285704","17.72391073","29.48515928","28.60714205","27.78347627","26.97547795","26.20956024","25.41972707","24.70119589","23.90224654","23.24385019","8.726846813","8.150811472","7.628597574","7.203143919","6.748461303","6.388276627","6.022377481","5.711484247","5.483734531","5.275294972","5.124091733","4.995474939","5.080839788","5.176633512","5.300423312","5.400374191","5.50834303","5.623765765","5.76676921","5.941998184","6.134703129","6.318029935","6.474374736","6.64743258","6.833063795","7.02272391","7.226127017","7.420556954","7.607965989","7.79450628","7.996258483","8.183660307","8.366735247","8.542259466","8.694377011","8.846107579","8.960557251","9.085242608","9.175843658","9.261993256","9.315509541","9.350060985","9.367801896","9.386021492","9.397012622","9.397332656","9.385059342","9.368911284","9.318725606","9.32143799","9.320207827","9.312092621","9.31043738","9.310879946","1603-40-3","CC1=CC=CN=C1N","InChI=1S/C6H8N2/c1-5-3-2-4-8-6(5)7/h2-4H,1H3,(H2,7,8)
","Cc1cccnc1N"
"1603-91-4","137.037332","137.3376426","138.0363159","139.602602","141.3439901","142.8310896","143.9685006","144.7975909","145.4347018","145.9423465","146.4012928","146.8480762","141.5168603","141.8901082","142.4056798","143.1058412","143.8823156","144.2739677","144.4771185","144.613715","144.5934167","144.4100057","144.1891411","143.9015177","143.5731833","143.1272902","142.5848251","142.0453081","141.5279338","140.9179367","140.3013745","139.7088445","139.142836","138.5671585","137.9583978","137.4072947","136.9926185","136.3465451","135.878031","135.3939549","134.9461168","134.6590045","134.2689325","134.2219327","134.2661807","134.2585302","134.631272","135.2734382","135.7489761","136.6973762","138.2784177","139.5177586","140.3492553","142.0205166","144.246229","145.5619572","44.77643854","44.25307962","43.99233745","43.96733413","43.97889683","43.67795804","43.28523897","43.13716495","42.98933291","42.84562087","42.70814601","42.56607102","42.43176036","42.29875495","42.1651493","42.03290976","41.90132151","41.77145297","41.64307817","41.51644336","41.3898965","41.26099553","41.13289757","41.00800813","40.88245336","40.75866696","40.633966","40.51302261","40.39370732","40.27460049","40.1567217","40.03991065","39.92424641","39.81149145","39.70033586","39.59065277","39.48327862","39.37878055","39.27348207","39.17011607","39.06762981","38.97232269","38.86905641","38.77121588","1603-91-4","CC1=CSC(N)=N1","InChI=1S/C4H6N2S/c1-3-2-7-4(5)6-3/h2H,1H3,(H2,5,6)
","Cc1csc(=N)[nH]1"
"16133-26-9","57.54297287","54.58882394","53.38402278","53.38662277","53.06211875","53.20538743","53.59781482","53.54895513","53.31268024","44.44880987","44.07691883","43.16168866","42.74790252","41.85444518","41.19413999","40.46045275","39.66432885","38.98239159","38.11340102","37.43420472","36.53394229","35.80075199","34.90988067","34.13421111","33.23207923","32.38546144","31.57190507","30.72788103","28.99824673","27.72194841","26.50052767","25.31972895","24.17783","23.15075494","22.03404696","21.0634812","20.07291719","19.21447641","18.25869302","17.43616464","16.6821024","15.93603371","15.21025982","14.56181941","13.92875475","13.40244699","12.80286531","12.3198693","11.90702709","11.53395405","11.18473894","10.92283184","10.76742351","10.736105","10.77802656","10.82205607","10.94351858","11.09487714","11.26909316","11.40075411","11.55191434","11.37256286","11.15991873","10.94765711","10.7016065","10.48304786","10.27044232","10.07675852","9.909305797","9.716491694","9.525031455","9.361355386","9.219989129","9.090793216","8.978968366","8.885826386","8.731024343","8.599789813","8.49822513","8.382255239","8.314797871","8.246088451","8.222807909","8.263733681","8.247587203","8.140253507","8.058451148","7.974005416","7.89767953","7.874364527","7.875468799","7.92173406","7.968266277","8.003939177","8.018816521","8.004421244","7.983165489","7.971803753","7.967113462","7.957325184","16133-26-9","SC1=CC=CN=C1","InChI=1S/C5H5NS/c7-5-2-1-3-6-4-5/h1-4,7H
","c1cc(cnc1)S"
"1674-10-8","34.70895488","27.99152171","22.81508231","18.63989745","15.2428488","12.32535782","9.896102818","7.956870545","6.322521951","5.028145707","4.013438788","3.19483813","2.582115784","2.123940491","1.798917599","1.557559313","1.442367389","1.375722519","1.395702312","1.392413394","1.434655725","1.474682828","1.526658736","1.57353913","1.619856491","1.654359466","1.742943895","1.765207265","1.840988278","1.893102025","1.949881366","2.009160184","2.044072863","2.107699136","2.125918494","2.182677915","2.216745259","2.266696056","2.285461243","2.339348357","2.369186058","2.389994935","2.431680572","2.458124585","2.479305941","2.517152963","2.563083381","2.553885796","2.588992365","2.597304968","2.64445837","2.645953438","2.667780297","2.693207513","2.712719811","2.74514035","2.752106769","2.765831142","2.802262739","2.811200874","2.799685195","2.808846345","2.831646287","2.864360214","2.879975853","2.893830457","2.900598431","2.908988931","2.914387498","2.923425202","2.94097986","2.957572199","2.971386775","2.978832354","2.984029997","2.990612255","3.000383841","3.010565062","3.020034489","3.024033823","3.032209397","3.03554414","3.03876609","3.049579082","3.05464071","3.061752244","3.071970792","3.075267264","3.079232566","3.086118113","3.089398493","3.093546873","3.100946755","3.114704477","3.126087154","3.131598309","3.140798993","3.147249012","3.149852282","3.14686702","1674-10-8","CC1=C(C)CCCC1","InChI=1S/C8H14/c1-7-5-3-4-6-8(7)2/h3-6H2,1-2H3
","CC1=C(C)CCCC1"
"1679-08-9","2.503675536","1.737801537","1.748598969","1.549392347","1.576766027","1.570971277","1.568971652","1.597142538","1.62087225","1.625328018","1.630675725","1.624620896","1.649033637","1.651337088","1.67709137","1.683736989","1.664885149","1.68020243","1.698769352","1.694799937","1.706855406","1.704856366","1.716223679","1.724654945","1.738557871","1.741798672","1.745442797","1.754001828","1.757570714","1.769690201","1.766819906","1.772617636","1.77582513","1.7827187","1.789341472","1.790552682","1.791587152","1.796898779","1.800153965","1.80604805","1.808816535","1.81389264","1.811994085","1.817606639","1.817207764","1.818485444","1.824404378","1.823885861","1.828416569","1.827775299","1.829484759","1.827084703","1.827741865","1.829600505","1.831876089","1.832365513","1.830591092","1.832505236","1.835488791","1.836002553","1.835541838","1.834701047","1.835566387","1.837395548","1.835051294","1.830846033","1.83408637","1.839986023","1.834080486","1.833679428","1.83175167","1.8316033","1.834170206","1.831043739","1.828838338","1.829763239","1.829404329","1.828410608","1.830437113","1.827294769","1.828240038","1.825049184","1.825721082","1.822517094","1.821080648","1.818975273","1.819445102","1.818363864","1.816929512","1.816200053","1.819705322","1.81474565","1.816092429","1.813578552","1.81251653","1.810100539","1.809902373","1.808563572","1.80866214","1.805604796","1679-08-9","CC(C)(C)CS","InChI=1S/C5H12S/c1-5(2,3)4-6/h6H,4H2,1-3H3
","CC(C)(C)CS"
"1679-09-0","2.354280421","1.38189687","1.170044572","1.113948677","1.136234646","1.185378851","1.218975379","1.274683668","1.350625424","1.393972575","1.46852115","1.527798634","1.579025758","1.639225029","1.67922965","1.713987891","1.760669213","1.799404448","1.8379815","1.867708453","1.910135061","1.940246176","1.958173285","1.989778843","2.019936445","2.047819007","2.063476082","2.088841632","2.111234603","2.120243747","2.134817797","2.146678914","2.162748594","2.179488286","2.181789404","2.203521004","2.205639344","2.221265997","2.230310073","2.23245325","2.242323977","2.246435806","2.256746525","2.259124188","2.267426554","2.266656966","2.271844768","2.275129557","2.279321438","2.286569272","2.286669105","2.288395479","2.286460299","2.285236092","2.294232702","2.294016753","2.295432474","2.29659924","2.293670626","2.298002337","2.298546484","2.293108131","2.295667009","2.297003813","2.292345995","2.291962265","2.293434009","2.290843018","2.289534361","2.289028757","2.285624434","2.284586701","2.284141848","2.281223082","2.277292152","2.280536726","2.275620531","2.276053494","2.27128107","2.270616274","2.270454241","2.26870627","2.263469039","2.261686605","2.259769496","2.252211248","2.255168222","2.252675384","2.252663084","2.249143478","2.247015448","2.242614966","2.241974066","2.240164366","2.231749885","2.235130647","2.235268213","2.22662744","2.230875652","2.229177374","1679-09-0","CCC(C)(C)S","InChI=1S/C5H12S/c1-4-5(2,3)6/h6H,4H2,1-3H3
","CCC(C)(C)S"
"16839-97-7","26.54404686","24.65049205","23.52488203","22.53527292","21.77321521","21.04364152","20.28874072","19.58173235","18.88714325","18.12361405","17.58624049","17.05370635","16.57095302","16.07826753","15.60752764","15.178709","14.72002045","14.24447773","13.7824023","13.41299961","12.89459394","12.49988058","12.25222413","11.84187577","11.65060711","11.22903369","10.97914763","10.62502277","10.38167936","10.10087009","9.803503921","9.582779407","9.351793389","9.069723366","8.895556231","8.675751515","8.459091114","8.323161427","8.132951314","7.895982289","7.729344466","7.603569401","7.444763656","7.239002109","7.062607706","6.989564765","6.911308676","6.703102543","6.516205744","6.39674845","6.330769965","6.227363769","6.105960571","5.992642462","5.890508218","5.797322881","5.695157861","5.592379859","5.515220925","5.452136318","5.38092252","5.279110363","5.175539564","5.076302858","5.006076252","4.946996891","4.889609727","4.833931461","4.764065699","4.689270604","4.614953826","4.555922983","4.511333369","4.460948511","4.426354338","4.405555589","4.361487172","4.302695649","4.247978159","4.197296588","4.150118527","4.105024812","4.060133705","4.02887036","3.993749732","3.959555506","3.922883793","3.879131128","3.833850992","3.780218888","3.739941897","3.709410007","3.675911951","3.647414648","3.625895313","3.603194141","3.585263314","3.57276461","3.555676723","3.53976254","16839-97-7","COC1=CC=CS1","InChI=1S/C5H6OS/c1-6-5-3-2-4-7-5/h2-4H,1H3
","COc1cccs1"
"17042-16-9","29.10265762","20.970755","17.33087011","12.86538817","11.66845948","10.77459674","9.946157746","9.206667961","8.605935438","8.066134323","7.646808894","7.211666402","6.735434373","6.50885113","6.153740043","5.748975376","5.554147468","5.195559029","5.116361272","4.795312439","4.600041152","4.467250148","4.265068774","4.10308048","3.980027213","3.806150067","3.690170516","3.604994113","3.482046406","3.415207321","3.273131182","3.196522292","3.098131258","3.068637576","2.955876411","2.892646252","2.813541665","2.74923012","2.713062443","2.676749702","2.564532338","2.562732458","2.51018329","2.441477005","2.448396054","2.420006357","2.344820601","2.318753917","2.281040828","2.278631991","2.239734277","2.209666211","2.224347973","2.148768005","2.140690337","2.153666732","2.080203761","2.09338129","2.096660338","2.030128903","2.042260793","2.055899752","1.989403529","1.967887502","1.972826232","1.958904251","1.929188919","1.93142616","1.931207179","1.904530341","1.882953929","1.911856674","1.918018453","1.889787586","1.849822589","1.835819275","1.851236172","1.842049013","1.829345518","1.836025578","1.819764364","1.82753657","1.823996772","1.809516369","1.801541498","1.800413408","1.797476948","1.814140029","1.802870934","1.783418439","1.766503418","1.771203528","1.774773858","1.786861361","1.800302826","1.788842888","1.769643662","1.756908318","1.759905775","1.765437049","17042-16-9","CCC(C)C(=O)CC","InChI=1/C7H14O/c1-4-6(3)7(8)5-2/h6H,4-5H2,1-3H3
","CCC(C)C(=O)CC"
"1722-12-9","8.182394915","10.26484808","11.84402975","13.74251508","15.38371165","16.79463968","18.06248413","19.06454264","20.00554889","6.204652489","5.589990231","5.12338373","4.626835672","4.343233497","4.20038001","4.252506279","4.473683818","4.770177433","5.170061889","5.248320193","5.661504182","5.815099812","6.172392676","6.587099832","6.791331289","7.158741456","7.464377621","7.764558573","8.080910635","8.439523963","8.860271929","9.337072147","9.839024054","10.33386869","10.88478163","11.43481853","11.99005108","12.55475725","13.22121021","13.90512444","11.44487439","11.08081843","10.50572675","9.979609718","9.505403767","9.08100551","8.71793117","8.387386451","8.15263827","7.976063895","7.87639131","7.802008676","7.432957301","7.097228468","6.816893101","6.583801146","6.408289932","6.294034083","6.249076077","6.336705674","6.141462671","5.992183279","5.904120188","5.896705902","6.032619194","6.168626139","6.269988467","6.326812457","6.31421175","6.253177491","6.203904848","6.17206926","6.15641308","6.156233094","6.172360286","6.184596943","6.193084633","6.207544545","6.228354086","6.255360167","6.28258696","6.310331209","6.341881567","6.378999083","6.414246537","6.449369825","6.486566242","6.524044006","6.557898959","6.591807989","6.625306994","6.660064645","6.696905656","6.728641593","6.758242441","6.788137348","6.816621801","6.84515162","6.872689576","6.900436876","1722-12-9","ClC1=NC=CC=N1","InChI=1S/C4H3ClN2/c5-4-6-2-1-3-7-4/h1-3H
","c1cnc(Cl)nc1"
"1741-01-1","56.46328782","69.17280854","76.29121587","81.25828725","84.76124058","86.83490344","87.73750578","87.75842834","96.97331364","90.99494236","85.19176158","79.6201074","74.3044934","69.25513074","64.47764677","60.04054011","55.93064066","52.17305503","47.2688013","44.01583854","41.08893469","38.48169066","36.22272287","34.2583033","32.59827789","31.24560519","30.16545908","29.40002309","28.0045312","26.7988005","25.67551872","24.66443171","23.70342609","22.84630096","22.03740597","21.32220129","20.60146703","19.98827312","19.45001074","18.87001261","18.31519014","17.84081103","17.41409176","17.03218161","16.68887131","16.38996537","16.09536979","15.84494364","15.60672872","15.36815496","15.05152605","14.76409593","14.49205039","14.2239047","14.00138731","13.76206355","13.55146658","13.34784922","13.16616902","12.96693622","12.80380754","12.62584785","12.47373787","12.3206814","12.17284299","12.0351226","11.89519671","11.76086917","11.64694069","11.51109183","11.40243055","11.28847713","11.17487353","11.07329315","10.96860603","10.87214449","10.78385432","10.68116615","10.59925979","10.50600343","10.42048774","10.3452396","10.26806885","10.18341037","10.11436511","10.03994784","9.961315448","9.907064056","9.827395919","9.772171349","9.711024354","9.636263286","9.58869132","9.523540107","9.469190058","9.41349108","9.363075688","9.300695129","9.25761078","9.211829539","1741-01-1","CNN(C)C","InChI=1S/C3H10N2/c1-4-5(2)3/h4H,1-3H3
","CNN(C)C"
"1757-42-2","46.11910781","39.24468168","32.15599234","27.64419784","25.61746668","21.76779813","19.24873191","17.67770516","17.72607563","15.18394801","14.49024955","13.64094427","12.92493595","12.59234529","12.49844126","12.17322008","11.85855302","11.76333438","11.65905602","11.56958224","11.59561014","11.46127636","11.40325435","11.40996928","11.46333912","11.37190792","11.30754937","11.29080012","11.31987739","11.30968377","11.24949756","11.19920064","11.21454052","11.2286428","11.18106789","10.98349088","10.87498185","10.78854136","10.67039345","10.52607307","10.4383673","10.38287946","10.25977497","10.20243727","10.10399083","10.08358531","9.96309584","9.932567411","9.868797524","9.860199615","9.787795783","9.740538655","9.719140932","9.69319013","9.724200882","9.653087636","9.615863208","9.59262417","9.599121273","9.614622085","9.582416149","9.572721002","9.564335298","9.532370564","9.565630149","9.568002445","9.574281044","9.564894475","9.555703749","9.596799737","9.651605934","9.675404407","9.777521751","9.894019973","9.990772726","10.1206063","10.2406837","10.31477882","10.41287878","10.53102073","10.62142799","10.71685589","10.8400357","10.92920164","11.01676138","11.13205426","11.24871262","11.34807886","11.46174354","11.54945383","11.63098442","11.70448026","11.78421714","11.89692074","11.99367556","12.08657539","12.17290585","12.2550159","12.32865631","12.41240914","1757-42-2","CC1CCC(=O)C1","InChI=1/C6H10O/c1-5-2-3-6(7)4-5/h5H,2-4H2,1H3
","CC1CCC(=O)C1"
"1822-74-8","19.01549","15.13659145","11.68663461","10.08814402","8.263880628","7.174865254","5.987531867","5.275678922","4.494902466","4.039001894","3.553205493","3.168276398","2.892340187","2.555796601","2.340748539","2.106793378","2.016027696","1.786901541","1.709521095","1.567396012","1.519817971","1.408151205","1.331419522","1.286784493","1.192633786","1.191543734","1.11907854","1.107089166","1.040038178","1.017429596","0.998333932","0.961666671","0.94422382","0.910334267","0.911075106","0.878259341","0.872146175","0.868439665","0.862332879","0.829237388","0.829498251","0.802296826","0.811170557","0.79532089","0.812552695","0.775156966","0.793809338","0.775165017","0.789127393","0.777685761","0.781771567","0.781812885","0.798490063","0.780116983","0.79421018","0.774692921","0.776708541","0.767109988","0.780632794","0.773679713","0.777874613","0.783124444","0.778657916","0.772723892","0.766781617","0.789569602","0.798845422","0.785088206","0.779553327","0.798576148","0.794816594","0.798468572","0.77511313","0.802765678","0.801498543","0.799522717","0.819693459","0.807018758","0.814412257","0.813734238","0.81257528","0.819637186","0.820671281","0.826603014","0.826529952","0.830177872","0.826241619","0.836961083","0.839640126","0.832387477","0.843177226","0.831606563","0.852051771","0.845469101","0.861880657","0.855638089","0.859603045","0.869192697","0.861914376","0.881832036","1822-74-8","CSC=C","InChI=1S/C3H6S/c1-3-4-2/h3H,1H2,2H3
","C=CSC"
"1824-81-3","568.3945972","553.2355367","536.5428537","520.813753","505.7950629","491.9736565","478.2999864","465.199265","452.6763121","440.7117573","429.2901148","418.3131711","407.7438047","397.2881726","386.9220643","376.6518429","366.5985521","356.7770589","347.1929985","337.8396623","328.6655522","319.6460695","310.7586176","302.0954802","293.6293263","285.4309294","277.3472803","269.412115","261.6791537","254.1983281","175.0095349","169.6165188","164.4331402","159.2662221","154.2789863","149.4484173","144.779544","140.2772766","135.9184739","131.7266697","127.680969","123.7934525","120.0559032","116.4762549","113.0611784","109.7996657","106.7071301","103.7705455","101.0118191","98.43071136","96.02937606","93.83299658","91.83793648","90.07422835","88.54715425","87.29023035","86.35429227","85.81814188","85.98087872","86.94445716","84.89423662","83.18820308","81.6538566","80.34692009","79.10801315","77.72134589","76.56610318","75.66832115","74.67755835","73.7356234","73.06427017","72.6325434","71.86348439","71.39579079","71.30375115","70.95279406","70.73472551","71.04708965","71.90178588","71.38507295","71.44876486","72.50518335","72.95083315","73.11520108","73.68244419","74.20499907","74.70493241","75.2461083","75.76834519","76.29275461","76.83055373","77.37726079","77.93241062","78.49840458","79.06985089","79.64751211","80.23590891","80.82284222","81.41623825","82.01407039","1824-81-3","CC1=CC=CC(N)=N1","InChI=1S/C6H8N2/c1-5-3-2-4-6(7)8-5/h2-4H,1H3,(H2,7,8)
","Cc1cccc(N)n1"
"1838-13-7","27.77112819","24.15913738","17.54478639","15.99068774","14.9790938","13.7536395","12.40953451","11.2481192","10.41931464","9.558987384","8.559134352","7.753669063","7.123762158","5.915837456","4.853853667","3.966051041","3.194961757","2.58634757","2.155490967","1.951158296","1.903834343","1.950071492","2.15033635","2.159054769","2.268074798","2.329036227","2.398892587","2.446054537","2.488188621","2.581690063","2.61450138","2.603848807","2.673144284","2.68694128","2.675318916","2.679761613","2.728403211","2.787639972","2.829151924","2.856683027","2.876600672","2.897358126","2.919495275","2.939754135","2.96274042","2.99500705","3.020422131","3.041896893","3.064211411","3.092495395","3.12608645","3.155548945","3.18343931","3.210999446","3.239211339","3.267854051","3.285939926","3.300137002","3.313452068","3.32605073","3.336977766","3.348833498","3.363658303","3.378717692","3.393495504","3.407244916","3.419891581","3.428571798","3.437165762","3.445601391","3.454971018","3.463788041","3.472527206","3.483072509","3.495175802","3.507068762","3.51658425","3.525265489","3.532099207","3.537033198","3.541371481","3.545197462","3.549899146","3.554807296","3.559955416","3.564817524","3.569268974","3.574218113","3.580462186","3.586787777","3.593588027","3.599098201","3.603880703","3.609289666","3.614510797","3.619859603","3.625710561","3.62747548","3.629269453","3.63087259","1838-13-7","BN(C)C","InChI=1S/C2H8BN/c1-4(2)3/h3H2,1-2H3
","CN(C)B"
"1871-52-9","44.09614363","41.47247232","39.95299363","38.60124675","37.32354341","36.08616162","34.84602751","33.65549019","32.51624647","31.42247442","30.35063699","29.2938832","28.29309597","27.30796883","26.38897784","25.48052633","24.62199429","23.78905129","22.96401499","22.17424139","21.41089099","20.68720548","20.01009469","19.34150459","18.71947076","18.08706704","17.47231642","16.88032728","16.37247641","15.8541312","15.31076981","14.83542879","14.39487811","13.91438479","13.49214605","13.09780789","12.64954936","12.32154807","11.9337372","11.61124201","11.21974521","10.96128572","10.66723881","10.35919602","10.08124213","9.825227438","9.579095491","9.294859264","9.091570822","8.856829375","8.625860953","8.45507638","8.35117398","8.080820553","7.82053723","7.762568862","7.630889768","7.431090862","7.281126047","7.146877725","7.028682332","6.904944108","6.751751331","6.655157327","6.539653016","6.43043645","6.311189641","6.220993237","6.124007231","6.047333623","5.940946122","5.842428104","5.780652413","5.671754541","5.59945011","5.543319363","5.44370667","5.370661067","5.306060366","5.235364402","5.183209707","5.133225023","5.053644946","4.985145441","4.924118855","4.858401764","4.804367771","4.759476211","4.719907845","4.661366554","4.611839313","4.568872158","4.522371081","4.463166174","4.404134233","4.357366478","4.331027637","4.284847201","4.236037732","4.200525713","1871-52-9","C1C\C=C/C=C\C=C/1","InChI=1S/C8H10/c1-2-4-6-8-7-5-3-1/h1-6H,7-8H2/b2-1-,5-3-,6-4-
","C1=CC=CCCC=C1"
"1878-18-8","4.015151132","2.753410014","2.129024206","1.563896366","1.239515015","1.001231985","0.997691969","1.00701227","1.009460068","0.983291522","0.955687741","0.933483253","0.949340541","0.98249456","1.028634555","1.007780661","1.000071042","1.029126972","1.043708484","1.077766287","1.090317254","1.126412322","1.10748404","1.12422412","1.154489865","1.180899784","1.192286352","1.191220674","1.203008481","1.22865521","1.257879898","1.270408399","1.270876609","1.274091675","1.292135464","1.329454672","1.321585542","1.316373694","1.340873531","1.366103584","1.377814951","1.385425258","1.379789923","1.402804349","1.407057504","1.405078459","1.415909684","1.433701398","1.4335637","1.437089347","1.449140761","1.453764308","1.466976567","1.460929874","1.47016791","1.48691874","1.479193397","1.477496292","1.496144531","1.504308184","1.500987848","1.510416269","1.516953924","1.510898103","1.521022441","1.521049451","1.519624866","1.528104901","1.536201994","1.528487718","1.535224382","1.539110367","1.542935465","1.547970651","1.535781","1.541088798","1.556643595","1.540162006","1.551863564","1.548099771","1.552415827","1.55062713","1.549533853","1.558281883","1.557286509","1.555716901","1.549851422","1.563444182","1.558103838","1.555821829","1.56964908","1.55713721","1.563401812","1.562727211","1.557747107","1.562679921","1.56223219","1.567073291","1.55691671","1.56654773","1878-18-8","CCC(C)CS","InChI=1/C5H12S/c1-3-5(2)4-6/h5-6H,3-4H2,1-2H3
","CCC(C)CS"
"2004-70-8","29.44720585","24.83406188","20.83582171","17.5492569","14.89003551","12.34808346","10.61965998","9.257260275","8.171734114","7.271542201","6.55744574","5.969434574","5.469161826","5.069928005","4.742797556","4.437232978","4.184338051","3.976177332","3.780252421","3.623326042","3.479545795","3.346805967","3.240110099","3.136551834","3.042329353","2.965734471","2.896704778","2.830146245","2.768603616","2.712449132","2.659402382","2.617220297","2.574948206","2.532551639","2.493366024","2.466194983","2.427164837","2.400142958","2.377757843","2.356136883","2.335806625","2.306352365","2.283551312","2.274805095","2.253546082","2.232771772","2.217404879","2.200145859","2.193459563","2.175906947","2.163385648","2.148548137","2.142944527","2.132703852","2.118993689","2.110226795","2.104506875","2.092963743","2.082071508","2.075688981","2.068926707","2.064163701","2.058766703","2.05138998","2.040032275","2.03292016","2.026864244","2.02516033","2.023857412","2.020184153","2.010521065","2.003357052","2.000167645","1.994213587","1.990267571","1.98666724","1.980424573","1.976698","1.972852269","1.969829171","1.969154163","1.96535306","1.961858759","1.961602474","1.958276861","1.955758037","1.951497735","1.950651591","1.950156401","1.945383818","1.941527207","1.939001457","1.938292308","1.93831774","1.937809114","1.936728892","1.935510083","1.93441508","1.932028655","1.928366401","2004-70-8","C\C=C\C=C","InChI=1S/C5H8/c1-3-5-4-2/h3-5H,1H2,2H3/b5-4+
","C=C/C=C/C"
"2084-18-6","2.110554712","1.552270114","1.410375391","1.424846811","1.472157999","1.506113107","1.501385233","1.547291347","1.563152962","1.582409946","1.615071277","1.642214214","1.68178254","1.704651355","1.70924831","1.752368073","1.770810417","1.806867886","1.823459971","1.847783892","1.874375943","1.901475342","1.923414973","1.94837501","1.978077772","1.990330889","2.009273333","2.029075689","2.047426582","2.065407471","2.081703329","2.093021294","2.109704272","2.123513472","2.136750142","2.145823248","2.165033036","2.166889816","2.182963621","2.19128526","2.203118772","2.206419057","2.217709918","2.229692972","2.239999896","2.241887992","2.246334105","2.257541121","2.263102809","2.266912051","2.276004905","2.27655148","2.281813984","2.285501956","2.288825592","2.289908929","2.294438092","2.294844625","2.298844331","2.306390923","2.307654588","2.306849153","2.307956714","2.313187181","2.311245844","2.315651987","2.311610063","2.317079577","2.315168385","2.317868325","2.316559009","2.317308635","2.315082446","2.315776377","2.316725596","2.318195512","2.318591059","2.318766654","2.315903786","2.31360882","2.315580019","2.312124987","2.313050924","2.31203328","2.310271939","2.30997671","2.308470926","2.306797197","2.306483637","2.305766031","2.303923968","2.302155853","2.300985875","2.300223143","2.29668525","2.296579619","2.29608292","2.29320119","2.295526453","2.293857283","2084-18-6","CC(C)C(C)S","InChI=1/C5H12S/c1-4(2)5(3)6/h4-6H,1-3H3
","CC(C)C(C)S"
"2237-30-1","74.79322364","72.82561086","70.81678406","67.17970324","64.40866914","61.73106381","60.02622515","58.21504634","56.05216511","50.69778906","49.02381646","47.78098747","46.17778211","44.42663236","43.197957","42.25162662","40.80630001","39.66261279","38.89721886","17.31296202","36.77706463","36.13185723","35.09475591","34.36839465","33.70024457","32.90764674","32.43239913","32.2699172","31.8407414","31.14532562","30.71172872","30.17972208","29.8038725","29.29748373","28.65878533","27.21892682","26.69604149","26.2160824","25.75936757","25.2719782","24.83264391","24.41984309","23.9599312","23.57848421","23.21804447","22.77827464","22.37553688","22.01136025","21.61662408","21.2680862","20.90277913","20.55457028","20.20798482","19.89245563","19.54301452","19.24981109","18.92799362","18.64143308","18.3578889","18.0557015","17.78188267","17.50637699","17.26175887","16.99403631","10.78639423","10.87273076","10.89439149","10.89872698","10.93805771","10.98581854","10.98342999","10.95689274","10.96573992","10.96387873","10.89571577","10.8247157","10.71616536","10.61159398","10.51449156","10.37826873","10.29225003","10.22423077","10.13275366","10.04457686","9.961716653","9.88586814","9.839592171","9.75973526","9.696498732","9.655655798","9.588720629","9.576253518","9.513540941","9.489379544","9.428195604","9.416634402","9.397837926","9.36343362","9.324076005","9.294899298","2237-30-1","NC1=CC=CC(=C1)C#N","InChI=1S/C7H6N2/c8-5-6-2-1-3-7(9)4-6/h1-4H,9H2
","c1cc(cc(c1)N)C#N"
"2295-31-0","2.539164694","1.357682375","1.052204553","0.804937048","0.846511866","0.753244062","0.681377083","0.763923126","0.723338038","0.773022199","0.758814094","0.721218468","0.74211423","0.767810257","0.780888644","0.734788107","0.785853901","0.76842308","0.788255937","0.780047633","0.780119246","0.780250702","0.791269222","0.810001614","0.77868263","0.792895066","0.811947687","0.788973049","0.801131241","0.797390601","0.783334585","0.803733584","0.811868647","0.785808007","0.778384916","0.819433653","0.790296925","0.779319901","0.764802989","0.794321441","0.79088514","0.769152596","0.765328572","0.774204282","0.799838349","0.790326257","0.774479996","0.771945432","0.761438208","0.773899908","0.793658064","0.796501218","0.789758413","0.785947293","0.781276373","0.778838982","0.781713471","0.791015704","0.804402627","0.801961649","0.785597637","0.77631496","0.771170542","0.774111053","0.76904895","0.763783776","0.767929827","0.770597374","0.77901549","0.785063701","0.782925284","0.772915097","0.766223759","0.756492273","0.747983029","0.746199132","0.748212677","0.75061814","0.753706433","0.754164704","0.759192398","0.767664161","0.776373185","0.786921382","0.799316956","0.810291007","0.817565654","0.824431125","0.825184062","0.822401053","0.816909515","0.809710858","0.80271133","0.795195565","0.788407327","0.77990205","0.771070795","0.763804615","0.75736856","0.75355401","2295-31-0","O=C1CSC(=O)N1","InChI=1S/C3H3NO2S/c5-2-1-7-3(6)4-2/h1H2,(H,4,5,6)
","C1C(=NC(=O)S1)O"
"2466-76-4","267.0568385","246.3269718","227.0097134","207.6903522","189.190709","171.8322169","155.7568201","140.960693","127.5676299","115.5295848","104.8653096","95.59145503","74.49521694","68.76070641","63.16964899","57.86911461","52.79471555","48.00483956","43.53126534","38.78813895","34.9449866","31.41574358","28.18736793","21.75795739","18.45663419","15.64093873","13.34253717","11.55507916","10.4837972","10.08683587","9.802486435","10.73136941","9.818998347","9.055387135","8.426576097","7.947176154","7.586303162","7.261523665","7.087312087","6.934436613","6.794145947","6.679386538","6.564276261","6.438629306","6.328162966","6.222603878","6.10678157","5.998786608","5.891886384","5.787521443","5.684751333","5.581323485","5.492168158","5.393423769","5.307522562","5.221525774","5.130788949","5.040456462","4.954041685","4.880879737","4.803041326","4.726289821","4.656204265","4.579020403","4.511212184","4.451008385","4.381415013","4.323168606","4.257271506","4.202351087","4.140079282","4.087794518","4.029354159","3.982960031","3.932734699","3.880746668","3.838203958","3.786981609","3.750948418","3.703119077","3.667863769","3.623809957","3.59229222","3.55253191","3.517494263","3.48407322","3.45486366","3.424321458","3.391517614","3.365363532","3.33746711","3.312462494","3.286361165","3.261970887","3.237889541","3.217714743","3.192137442","3.178686049","3.151670505","3.139135089","2466-76-4","CC(=O)N1C=CN=C1","InChI=1S/C5H6N2O/c1-5(8)7-3-2-6-4-7/h2-4H,1H3
","CC(=O)n1ccnc1"
"2637-34-5","76.82696752","79.92848023","87.04685281","91.46330661","93.98014793","96.88762107","95.21706327","93.5278749","91.9214151","90.45995032","89.09268889","87.69867971","86.41141808","85.09847901","83.84499861","82.61366645","81.42384291","80.24804451","79.12442673","78.01614264","76.89765317","75.82583669","74.82787498","73.82389123","72.86036372","71.89141507","70.95149368","70.10179043","69.20351202","68.32869568","67.51931708","66.68826404","65.89314045","65.14008329","64.36175662","63.65877014","62.90966373","62.24468953","61.54192633","60.90636038","60.24945677","59.63615271","59.02154147","58.44106061","57.84958822","57.31574702","56.7454056","56.24921436","55.71425688","55.21530943","54.75338622","54.24651855","53.81562565","53.35515219","52.93423291","52.52866871","52.11683949","51.72328325","51.34307504","51.02144196","50.61086318","50.30485673","49.99636988","49.65692446","49.31673702","49.06777058","48.82532835","48.50250627","48.23234874","48.01208447","47.83034947","47.55430971","47.33816023","47.11621537","46.98277333","46.83316889","46.59152797","46.45688956","46.28439057","46.20489743","46.11433568","46.00363888","45.88972457","45.76609626","45.67815477","45.62810195","45.57519651","45.54598422","45.49313734","45.43035886","45.38431153","45.31449788","45.27584708","45.24292237","45.21021808","45.21330153","45.19298848","45.18153846","45.17291714","40.95805453","2637-34-5","S=C1NC=CC=C1","InChI=1S/C5H5NS/c7-5-3-1-2-4-6-5/h1-4H,(H,6,7)
","c1ccnc(c1)S"
"26981-93-1","125.6149916","136.439737","144.4470311","150.1457376","154.2639935","158.073563","161.5968996","164.5952735","167.2066263","169.5611404","171.5913289","173.0362918","174.1506105","173.3040152","173.4141133","58.11936927","56.8345492","55.64185058","54.54262999","53.5475164","52.6365942","51.48375878","50.41602079","49.40781103","48.49454823","47.60074168","46.81477893","46.15757368","45.47355126","44.78709224","44.08158321","43.24275978","42.50284786","41.77375582","41.15043822","40.60418273","40.20242438","39.71970246","40.0194771","39.60909593","39.0550173","38.32813081","37.65842307","37.07137792","36.47806284","35.91708959","35.40144504","35.0075252","34.61157218","34.33758765","34.1769684","34.08801688","33.91392757","33.72414838","33.51269872","34.99069766","35.20754677","35.04743515","34.24178478","33.89645858","33.57806338","32.90582551","32.66677497","32.47983297","31.93915623","31.85488844","31.81319435","31.46210212","31.68286125","31.89292095","31.40661654","31.10049745","30.84051832","30.45793762","30.28759059","30.16518036","29.90238614","29.90629461","30.09206661","30.08011621","30.25038538","30.76038749","30.1235296","30.11831239","29.57914586","29.64914666","29.57075557","29.33736443","29.38671931","29.38738458","29.60614237","29.81306628","29.81050642","29.91979258","33.51882136","33.45370439","33.50220824","33.63411647","33.59584079","33.24193516","26981-93-1","CN=N","InChI=1S/CH4N2/c1-3-2/h2H,1H3
","CN=N"
"271-89-6","63.67591748","79.18969434","91.30577353","100.94508","108.8406233","115.2037549","120.3896458","124.6184683","128.0708101","118.3651277","117.6577175","117.2062991","116.896325","116.7350729","116.6749507","116.6609355","116.7047245","116.789455","116.8988064","117.0290024","117.1849268","117.3536648","117.5303128","141.5381708","141.5088064","141.5449496","141.5099053","141.4779349","141.434063","141.3768709","141.2543285","141.1572923","140.9690323","140.7778298","140.5343444","140.1090917","137.9259059","135.9180756","133.9916962","132.2102173","130.5323513","128.981055","127.5268873","126.1805692","124.9058392","123.7187594","122.619237","121.5989207","120.653969","119.7753069","118.9479947","117.2118616","116.4788491","115.7822404","115.1377953","114.5085713","113.9373264","113.4108713","112.9053784","112.4134083","111.9488833","111.5124087","111.1021154","110.7122286","110.3380842","109.9902228","109.6731871","109.3604452","109.0521437","108.7859825","108.5068424","108.2625476","108.0135107","107.7942058","107.5630859","107.3734093","107.1675986","106.9767572","106.8123351","106.6361522","106.4638483","106.3154522","106.1744567","106.0388891","105.8999918","99.40603095","98.78109269","98.17307121","97.57855824","96.99629673","96.42977586","95.87391422","95.33714325","94.81080122","94.29651968","93.79213557","93.3010428","92.82102693","92.35207536","91.89447687","271-89-6","O1C=CC2=CC=CC=C12","InChI=1S/C8H6O/c1-2-4-8-7(3-1)5-6-9-8/h1-6H
","c1ccc2c(c1)cco2"
"273-09-6","726.8157302","701.0917993","676.4646411","652.1358847","628.1295228","604.8016601","583.097455","561.5721015","540.7882847","520.6901896","501.2739452","482.4520638","464.5804711","448.0313734","432.9320893","419.3760422","408.4193403","398.8713959","389.553877","380.4068512","371.513215","362.8771487","354.4389559","346.1992293","338.1027946","330.1394598","322.3097233","314.6193117","307.0657413","299.6352247","292.3438344","285.218416","278.2213731","271.3647419","264.6641244","258.1148605","251.7199605","245.4929772","239.437194","233.5522298","227.8492998","222.3357115","217.0175049","211.911157","207.0242553","202.3648831","117.2114067","112.9274587","108.9314417","105.2234238","101.8017739","98.67625758","9.294294239","7.766317389","6.762444167","6.767417238","6.791433737","6.997038552","7.148886533","7.369042079","7.603060381","7.815727895","8.058889891","8.407844746","8.75959425","9.154422536","9.565543094","9.967396708","10.43957575","134.2236","131.5519754","128.9563775","126.4398412","123.99667","121.6208168","119.3297913","117.1094143","114.9546158","112.8691445","110.8467345","108.8954164","107.0237285","105.2295623","103.5009514","101.823993","100.2270231","98.71037753","97.275478","95.86778497","94.54881189","93.32631611","92.1106165","90.99075901","89.95996846","88.93891754","88.01610548","87.15292491","86.32129996","85.63207478","84.87470176","273-09-6","O1N=C2C=CC=CC2=N1","InChI=1S/C6H4N2O/c1-2-4-6-5(3-1)7-9-8-6/h1-4H
","c1ccc2c(c1)non2"
"273-53-0","15.87973102","18.27422503","22.02420158","25.37135816","28.5827357","32.40538187","34.20192819","35.00642257","35.18895424","35.00706428","34.76798084","34.79779138","34.69478217","34.69070001","34.63960768","34.73335886","34.8906859","35.0668447","35.30419368","35.57010055","35.88990449","36.27386246","35.55271226","35.53908992","35.60694368","35.69947973","35.83853036","36.04209049","36.31671011","36.64048548","37.02565891","37.45711962","37.9909897","38.60746497","39.26512804","40.02516641","40.89438286","40.92302202","41.26856347","42.26007642","43.53193453","45.09378655","47.30096901","50.77632334","55.4274227","49.23765533","47.03480639","44.43072549","42.02878423","32.62982143","30.89970037","29.66544907","28.58733617","27.61308334","26.7396005","26.02743899","25.37633064","24.75747665","24.33328047","23.95997533","23.66260155","23.42358393","23.42825205","23.10413732","23.31942198","23.21753084","23.31016019","23.42413026","23.53912836","23.77649706","23.99445194","24.21149474","24.41007578","24.56839876","24.73568491","24.93978314","25.10139536","25.23199767","25.36554845","25.52119588","25.67142557","25.77429096","25.87411055","25.97724856","26.09041037","26.20490719","26.3210773","26.39496385","26.45333187","26.53547194","26.60911227","26.70423011","26.78264497","26.85774499","26.89873153","26.9288355","26.97890477","27.02645624","27.07936477","27.13462781","273-53-0","O1C=NC2=CC=CC=C12","InChI=1S/C7H5NO/c1-2-4-7-6(3-1)8-5-9-7/h1-5H
","c1ccc2c(c1)nco2"
"274-40-8","55.54589501","62.27897366","67.09535532","70.073327","72.57683912","74.95590967","77.38742174","79.74269957","82.1589684","83.88435229","85.48018365","86.73120782","69.15455864","66.7216803","64.51761236","62.42059234","60.21347814","58.19313244","56.15239024","54.28060995","52.41293161","50.63339567","48.93334039","47.22640441","45.52998561","43.97203902","42.31242237","40.76667664","39.24113236","37.83647983","36.51801618","35.28027846","34.19920753","33.20390967","32.0805605","31.01794037","29.99128603","29.01375108","28.06356064","27.18178057","26.31414773","25.50113921","24.72231964","23.98346514","23.27912175","22.62602995","21.8517359","21.42670513","20.95467388","20.4947278","20.03755125","19.69374428","19.33087698","18.98346123","18.62771131","18.27293186","17.92505461","17.61066825","17.32919078","17.34753927","17.04709768","16.86051988","16.76255343","16.56880847","16.50090774","16.43494845","16.40243325","16.38038608","16.33800496","16.37580784","16.44109274","16.52670869","16.68146005","16.86651782","17.10110654","16.97593157","16.04577573","15.11141894","14.27411191","13.44052617","12.72865691","12.0976484","11.55753697","11.07363375","10.7455851","10.65771446","10.7347351","10.68606174","10.96115166","11.13659015","11.00945113","11.06293936","10.82434433","10.90294287","10.82378004","10.88143524","11.22168764","11.27038671","11.34866299","11.42741373","274-40-8","C1=CN2C=CC=CC2=C1","InChI=1S/C8H7N/c1-2-6-9-7-3-5-8(9)4-1/h1-7H
","c1ccn2cccc2c1"
"274-76-0","141.983874","143.7025362","142.151218","140.1620203","138.2617006","133.5923042","131.5332195","129.5253624","125.607011","111.9585761","110.2021763","97.21138108","97.04586659","96.9468586","96.97810493","97.13620926","97.42408828","97.74731055","98.13734928","98.62614274","99.20692063","99.8502016","100.5347132","101.2436874","102.0207988","102.8923417","103.8085032","104.753145","105.6947941","106.6597183","107.723687","108.8444309","109.9394607","111.0174365","112.0842593","113.2288264","114.4626132","115.7224492","116.9387144","118.07367","119.2393063","120.4560311","121.8251891","123.1892481","124.4783536","124.9523375","124.8824284","124.854569","124.8469035","124.8545361","124.8931618","124.948246","125.0478186","125.1946599","125.3928171","125.6428504","125.9501494","126.344285","126.8310711","127.4159884","128.125797","129.0573598","130.3926752","131.3104968","132.3328697","133.2503121","135.3815057","135.9759285","136.7277332","137.7103894","139.1497381","140.5572127","141.2200145","142.0047373","143.0244655","144.3152864","145.5226722","146.6077114","147.6295041","148.6606712","149.7201556","150.7936165","151.8807753","152.9636271","154.0497553","155.136912","156.2204178","157.3086578","153.3398458","151.823501","150.327688","148.8607233","147.4281528","146.0128454","144.6325502","143.2732471","141.9420663","140.6385199","139.3625953","138.1117439","274-76-0","C1=CN2C=CC=CC2=N1","InChI=1S/C7H6N2/c1-2-5-9-6-4-8-7(9)3-1/h1-6H
","c1ccn2ccnc2c1"
"2802-62-2","8.689515447","6.905179699","5.723472805","2.317435615","1.905595251","1.700874869","1.613276569","1.671890171","1.764575276","1.798775449","1.726907762","1.633597299","1.585054155","1.626441627","1.660352684","1.609512879","1.560435586","1.49577228","1.573191568","1.501500948","1.512780847","1.438750391","1.523691098","1.470632109","1.406440983","1.439207469","1.431316209","1.408152724","1.411874128","1.367555614","1.357396834","1.349647822","1.356730028","1.319027529","1.338711784","1.308348063","1.301526586","1.309930378","1.274404496","1.29039723","1.26446004","1.257482578","1.243861828","1.235625358","1.233008687","1.219896755","1.219671948","1.199744688","1.20655211","1.186036621","1.170191894","1.186051775","1.165499743","1.183256747","1.148874473","1.126202187","1.173835777","1.137343351","1.122757014","1.154057261","1.104675958","1.106875689","1.148892337","1.095439959","1.086614932","1.123198383","1.096524079","1.061839365","1.08544508","1.114445243","1.05999412","1.038909096","1.067806999","1.098984046","1.053021577","1.028830123","1.036268448","1.069533838","1.062637924","1.03206668","1.020505329","1.030327073","1.050071646","1.037142219","1.010709685","1.004164049","1.019457675","1.041093847","1.041673628","1.015895793","0.995025837","0.990013722","0.997712219","1.015536131","1.026506088","1.011286672","0.986507568","0.97093673","0.972600839","0.980822236","2802-62-2","FC1=CC(F)=NC=N1","InChI=1S/C4H2F2N2/c5-3-1-4(6)8-2-7-3/h1-2H
","c1c(F)ncnc1F"
"2819-48-9","23.09421466","16.07721148","13.28159567","11.73547525","10.51065056","9.521340572","8.682066351","7.916218028","7.280352384","6.713266811","6.233438054","5.800392434","5.397787314","5.040373474","4.681099881","4.351821107","4.100826298","3.855907318","3.606852629","3.404551679","3.222161344","3.028147948","2.870014436","2.728281286","2.573823192","2.455861196","2.338610661","2.230971453","2.135691529","2.043379318","1.945017804","1.863565242","1.802218243","1.738928821","1.671049333","1.609272612","1.548432297","1.507608585","1.45686403","1.404721435","1.351723607","1.302173065","1.292599547","1.244607905","1.219395424","1.164217543","1.172505079","1.110865119","1.095127432","1.072418898","1.046468004","1.02950911","0.99141131","0.965997087","0.95836824","0.94801557","0.922463858","0.900876236","0.879197806","0.866426856","0.866145359","0.861291508","0.851937542","0.832541078","0.811251771","0.792470549","0.778929856","0.778456557","0.774285717","0.774798875","0.770955371","0.760345067","0.742960285","0.725774054","0.709603007","0.69687951","0.689548851","0.692781519","0.702057599","0.708580211","0.710925421","0.713639763","0.710461952","0.706426353","0.691035099","0.673202326","0.66081222","0.642158704","0.625768126","0.613139963","0.601514312","0.594981884","0.591715003","0.591927877","0.601885223","0.60607554","0.609571519","0.617365824","0.623326482","0.622484417","2819-48-9","C=C1CCCCC1=C","InChI=1S/C8H12/c1-7-5-3-4-6-8(7)2/h1-6H2
","C=C1CCCCC1=C"
"287-27-4","16.42602765","17.96730177","20.65999075","22.56644063","24.2046261","25.61851104","26.99282189","28.3038597","29.63839039","30.92998935","32.21073773","33.48051771","34.72314929","35.96469499","37.18222763","38.37892289","39.55716293","40.71694837","41.86880875","42.99354636","44.10491985","45.19555985","46.27209124","47.3219109","48.37590218","49.4050532","50.50907761","51.52127057","52.5241683","53.74289772","54.7044106","55.63045835","56.5438097","57.44790356","58.35024035","59.25480283","60.1137677","60.96551773","61.81721324","62.68168607","63.50251582","64.32441733","65.1420857","65.95974864","66.77932921","67.58238473","68.39206392","69.18293808","69.95959192","70.73752214","71.49012466","72.31831178","73.20480311","74.13890048","75.10226626","76.07381291","77.15548833","77.90226789","78.67358126","79.46912452","80.27948644","82.09752711","82.59758695","83.13139951","83.58365359","83.99803192","84.43804109","84.90065106","85.38096316","85.73960316","86.11439278","86.50733688","86.91219253","87.31546891","87.64161716","87.97822564","88.32409784","88.67800263","89.03867909","89.4040106","89.66412322","89.92838611","90.19815148","90.47226856","90.75170237","91.0342882","91.3147322","91.54374868","91.76721704","91.99224977","92.2171639","92.44466579","92.66826904","92.88503053","93.10594454","75.91590962","75.85097112","75.78473754","75.71102472","75.63535834","287-27-4","C1CSC1","InChI=1S/C3H6S/c1-2-4-3-1/h1-3H2
","C1CSC1"
"287-92-3","2.344424451","1.781603036","1.471701653","1.334411372","1.158212791","1.106340286","1.000585744","0.92824815","0.869095334","0.828645285","0.787453042","0.809523693","0.755965738","0.745908008","0.733610491","0.727092469","0.712877119","0.714034451","0.687719536","0.688473322","0.693685159","0.667432424","0.66352233","0.65750038","0.650832527","0.648501952","0.635735552","0.631618384","0.637278243","0.628599434","0.625561692","0.615306874","0.617369653","0.623802982","0.622768105","0.61340545","0.607852934","0.602916423","0.618290171","0.598267578","0.608436318","0.601655587","0.600330871","0.594365867","0.60087143","0.599032608","0.593267548","0.592821053","0.591763217","0.589985838","0.595336309","0.584820869","0.589494792","0.593627331","0.588445338","0.580354343","0.58235937","0.590929335","0.588630777","0.585557263","0.582403559","0.576709899","0.578499951","0.577771187","0.581519595","0.58429819","0.582114186","0.574814595","0.571480543","0.572866043","0.578749208","0.583516791","0.584360517","0.581451273","0.57335966","0.568661958","0.568094607","0.569134566","0.573926254","0.576383577","0.577770206","0.57850103","0.576632544","0.572908615","0.570911826","0.567918301","0.566168662","0.566798741","0.567643693","0.568956541","0.571962784","0.574335019","0.574869257","0.574428719","0.572041884","0.569247836","0.565842726","0.566511987","0.5685776","0.569570101","287-92-3","C1CCCC1","InChI=1S/C5H10/c1-2-4-5-3-1/h1-5H2
","C1CCCC1"
"288-13-1","31.30778301","26.40662113","23.27057511","20.49358243","18.20003993","16.15675968","14.37680105","12.84709457","11.52244621","10.37465227","9.357514009","8.477037626","7.726150628","7.076039828","6.476075789","5.953485505","5.506169771","5.107152651","4.757718114","4.442842391","4.181898943","3.912417232","3.677240255","3.490740059","3.300555688","3.125235619","2.999119721","2.845650709","2.729800879","2.609435275","2.513847288","2.413049226","2.320365312","2.245564263","2.171940909","2.096818751","2.037502648","1.987395632","1.935161389","1.876502664","1.821726158","1.792857801","1.754957685","1.711264973","1.664740544","1.622316736","1.613518751","1.609430133","1.559654624","1.497047675","1.480242739","1.478874374","1.472896349","1.445239087","1.418488233","1.400858546","1.383466203","1.35640682","1.328905573","1.313224225","1.306490344","1.301742711","1.298473756","1.284135244","1.269494309","1.252390892","1.243140701","1.234170551","1.223537542","1.21562955","1.212484501","1.199982549","1.189330802","1.177994818","1.165355037","1.155338165","1.145155572","1.132662732","1.124593968","1.118609691","1.117431901","1.111995452","1.104770666","1.101793334","1.099109496","1.09677425","1.094547763","1.09199279","1.092048682","1.093313946","1.091987292","1.087690768","1.084028215","1.081266461","1.079706603","1.078102256","1.074822472","1.070436848","1.06477439","1.06069929","288-13-1","N1C=CC=N1","InChI=1S/C3H4N2/c1-2-4-5-3-1/h1-3H,(H,4,5)
","c1c[nH]nc1"
"288-14-2","91.74742366","88.36709134","84.94917674","81.49485957","78.0847116","70.77884629","67.37632725","64.0800359","60.97164863","57.98993035","55.13121979","52.44241454","49.9184875","47.47158766","45.15185691","42.98268292","40.92943897","38.95196006","37.09417732","35.35023534","33.71379255","32.15360782","30.68306222","29.31739119","28.01510978","26.78658753","25.61152029","24.53107966","23.48802519","22.54638944","21.60152112","20.76325432","19.93407529","19.17628899","18.43433337","17.76652005","17.13741575","16.52291248","15.9518633","15.40454275","14.8843259","14.40790202","13.95373418","13.51849116","13.10406317","12.71632851","12.35306417","11.99784144","11.6692589","11.34954214","11.0558202","10.75824232","10.48822964","10.22931426","9.97649208","9.743076194","9.519322866","9.301548176","9.094803895","8.891937444","8.708435986","8.511171471","8.361438665","8.178482909","8.022781726","7.874928761","7.724685498","7.58068797","7.446866099","7.309835775","7.190795388","7.064238848","6.959737323","6.841568147","6.718415653","6.632018445","6.528090766","6.413142152","6.326741142","6.24321652","6.154291063","6.071782061","5.989447043","5.905318006","5.8410157","5.755392618","5.675427387","5.620185624","5.563560164","5.47782568","5.403218612","5.35137623","5.306101071","5.237587781","5.181779298","5.132872567","5.08763478","5.02885095","4.960539021","4.916954588","288-14-2","O1C=CC=N1","InChI=1S/C3H3NO/c1-2-4-5-3-1/h1-3H
","c1cnoc1"
"288-16-4","76.09499899","63.40782313","62.13998021","59.71080899","58.28328624","56.91315816","55.66855435","53.4215865","51.86151418","49.41432523","47.29656608","44.93401248","42.59475171","40.32672905","38.00275962","36.79450211","33.58657422","31.51259697","29.49897447","27.63370867","25.92699212","24.39897335","23.3679083","22.52530217","21.83422515","21.19836694","20.53813854","18.93801118","17.41240097","16.18310414","15.00316126","13.86082519","12.77669839","11.76090548","10.84178551","9.934453369","9.082644016","8.305051238","7.584593397","6.926947855","6.358386358","5.757237062","5.223183404","4.724221611","4.299263782","3.963966717","3.689123419","3.505531836","3.222411673","2.995221921","2.825758763","2.804132847","2.934080682","2.983144953","2.914309269","2.841956969","2.830284812","2.833953336","2.810240169","2.796442637","2.791574236","2.779935028","2.776799493","2.762187233","2.751139926","2.754452473","2.760690794","2.741747584","2.731567469","2.731773327","2.730531904","2.717604687","2.709850274","2.713507509","2.705970652","2.701754707","2.694757792","2.698677757","2.70125137","2.694401561","2.68613986","2.683886433","2.681147113","2.676748576","2.681380855","2.687105536","2.688409271","2.68868995","2.68612091","2.692130455","2.703682362","2.70398894","2.70248442","2.700424513","2.704200071","2.703329838","2.712896063","2.717435361","2.723259139","2.722849858","288-16-4","S1C=CC=N1","InChI=1S/C3H3NS/c1-2-4-5-3-1/h1-3H
","c1cnsc1"
"288-32-4","21.15005148","16.65082525","13.92598006","12.10506124","10.7315297","9.762891387","8.876503852","8.183715589","7.541995591","6.946973211","6.434460695","5.954009487","5.498750324","5.140517397","4.81838481","4.533675983","4.258444144","4.019949686","3.782436293","3.559815279","3.395207663","3.183503429","3.061648596","2.893800909","2.788105933","2.674718709","2.537506831","2.448543874","2.3385639","2.21537696","2.191007435","2.104290638","1.99241562","1.955915272","1.910241887","1.83865886","1.796072015","1.76944903","1.708456087","1.631533309","1.58511585","1.553400795","1.535469088","1.503387237","1.479028442","1.434431532","1.389831306","1.364264188","1.343238134","1.332778142","1.307869367","1.301806758","1.264326687","1.246915015","1.236696103","1.229049948","1.204874026","1.205064459","1.183366641","1.161758321","1.148215832","1.135970588","1.135718983","1.121207514","1.111439298","1.10477174","1.097144892","1.087151336","1.074147411","1.063488712","1.05257789","1.056321434","1.047657714","1.033699029","1.032730852","1.03128559","1.028866809","1.017348348","1.003878738","0.998744393","0.993927284","0.986072053","0.97760336","0.973149296","0.969627668","0.966571382","0.961536146","0.957514553","0.955355215","0.957227073","0.961773977","0.964601112","0.958588135","0.950292269","0.940044743","0.935045328","0.933356991","0.930543671","0.927471668","0.92802065","288-32-4","N1C=CN=C1","InChI=1S/C3H4N2/c1-2-5-3-4-1/h1-3H,(H,4,5)
","c1c[nH]cn1"
"288-42-6","51.33894297","37.69498265","29.54968132","24.57139929","21.42677878","18.9802623","17.05835295","15.36542252","14.04734659","12.99462946","12.19676355","11.39149531","10.84197096","10.21377273","9.663074636","9.120336267","8.66373636","8.135656951","7.725287548","7.343418452","7.011118369","6.711866487","6.474924408","6.236097854","6.028444264","5.807718776","5.629025031","5.450645556","5.240566715","5.061659793","4.91308205","4.772210124","4.632196951","4.524353566","4.392920042","4.303509438","4.226109687","4.14865898","4.042488948","3.953198074","3.904032227","3.821202538","3.748021536","3.672503728","3.616281986","3.574777647","3.502742802","3.446598856","3.404577223","3.379636903","3.353976231","3.30860686","3.25820525","3.217485039","3.186395784","3.159371199","3.142525626","3.118039028","3.088829557","3.043374975","3.015048885","2.990250274","2.96213584","2.945541063","2.933810373","2.928080121","2.907606142","2.889980385","2.874907041","2.843936092","2.82473319","2.816664684","2.80597794","2.791371547","2.784337049","2.77962566","2.770972971","2.759523822","2.749208292","2.736703261","2.718467231","2.699909996","2.687857653","2.677038766","2.670998262","2.666899647","2.659356902","2.654888661","2.654684706","2.662513836","2.656630416","2.651376301","2.653603798","2.654565499","2.651207233","2.642692974","2.637348398","2.626431112","2.618917983","2.606674218","288-42-6","O1C=CN=C1","InChI=1S/C3H3NO/c1-2-5-3-4-1/h1-3H
","c1cocn1"
"288-47-1","203.5089151","179.555195","163.6099478","149.4830015","136.0714413","123.2259527","108.1205213","98.80883679","86.63409651","77.02595803","68.31172156","60.32098061","53.07695976","48.44633017","41.48043943","35.10146655","29.46611975","29.18413769","25.85084544","21.70855198","19.0067753","14.61503601","13.03600124","10.07096535","8.4761033","7.763153498","7.705286546","8.053615586","8.674297939","9.473011673","10.50320214","11.8429963","11.84051495","11.77991709","11.87595903","12.02422345","12.22613587","12.36094662","12.54417619","12.75507883","12.94368764","13.12014161","13.28159521","13.44490049","13.58550532","13.70690557","13.81143467","13.95206812","14.05521052","14.14900943","14.21593172","14.28563262","14.34388112","14.39609361","14.45396506","14.5006663","14.54193251","14.57074837","14.60108839","14.6305216","14.65474402","14.69257974","14.71804107","14.72509826","14.73533658","14.75437682","14.774693","14.78627289","14.78791434","14.79613171","14.8046663","14.82524327","14.83446442","14.84606611","14.84331953","14.84342729","14.84163798","14.84809399","14.85377086","14.85869843","14.86555861","14.86723368","14.86786164","14.86888731","14.86880264","14.86629127","14.8669965","14.86851935","14.867909","14.86824492","14.86923384","14.87137953","14.87306768","14.87357497","14.86944441","14.86220859","14.85590927","14.85216152","14.85170835","14.8529745","288-47-1","S1C=CN=C1","InChI=1S/C3H3NS/c1-2-5-3-4-1/h1-3H
","c1cscn1"
"289-80-5","80.68629537","82.42581837","82.30954474","82.30501774","82.74716323","84.26899733","84.95302194","85.2512291","85.46808708","95.50687949","84.13781755","83.80987453","83.24715856","82.52166477","81.7486442","80.74155673","79.55937123","78.37910018","69.84394973","66.23785228","62.78904349","59.44233398","56.22116767","53.19632496","50.23861902","47.43910852","44.75818617","42.20285501","39.80887631","37.50673422","35.37518926","33.37367443","31.51839159","29.8093574","28.26735565","26.86060444","25.61989246","24.5478732","23.62682942","22.91351384","22.36212493","22.10068352","22.32296345","22.6291666","23.0542056","23.57703255","24.16849439","30.60653392","33.14553598","32.31133161","31.44525222","30.62001547","29.80454066","29.00237843","28.19343809","27.43338774","26.65170299","25.89063573","25.15275502","24.41426545","23.70083041","23.05262988","22.38748097","21.71680352","21.08538415","20.4858591","19.89430743","16.33949378","15.67689953","15.05041408","14.46918811","13.87716141","13.33283713","12.84356444","12.33732931","11.82070059","11.35435932","10.93384303","10.53584333","10.14034265","9.79536767","9.446100641","9.156039156","8.872820657","8.586374195","8.351443164","8.163737228","8.043795104","8.004610936","8.119719731","8.304941004","8.446828106","8.510823942","8.273821706","8.043140881","7.846772221","7.665097868","7.510855374","7.380873963","7.281428514","289-80-5","C1=CC=NN=C1","InChI=1S/C4H4N2/c1-2-4-6-5-3-1/h1-4H
","c1ccnnc1"
"289-95-2","19.922981","22.60905982","18.89152663","17.30272166","15.9001451","14.38126408","13.34379391","12.21419715","11.26918173","10.33958927","9.7532047","8.855804471","8.303598033","7.747925798","7.17778999","6.739730629","6.360992755","6.063347879","5.959428384","5.990849647","6.409090592","6.919721025","7.54002557","8.216268645","8.10920367","8.291299555","8.421602564","8.546879158","8.777191175","8.786280292","8.783559385","8.753839995","8.747309989","8.761520164","8.810362325","8.899109162","8.983599069","9.004813281","8.979686361","8.76464528","8.749164204","8.724567126","8.574210679","8.398452721","8.210000446","8.062221537","7.933493027","7.817501649","7.714688867","7.620782115","7.53618178","7.474756693","7.406792628","7.357146598","7.315444485","7.253545098","7.193222211","7.145983533","7.104345648","7.062293879","7.01389194","6.965796714","6.913452938","6.867218923","6.8270751","6.785689492","6.750851221","6.722143023","6.693362115","6.65632967","6.624171562","6.601079526","6.574578076","6.541315222","6.510901917","6.492075944","6.469443809","6.444290544","6.413501747","6.387563412","6.369333365","6.347155763","6.323653177","6.302597456","6.279926133","6.261184197","6.246057844","6.228422406","6.211307329","6.190839311","6.171559855","6.149959403","6.135625876","6.12254192","6.109960452","6.099085749","6.089611364","6.08102145","6.069918427","6.056942527","289-95-2","C1=CN=CN=C1","InChI=1S/C4H4N2/c1-2-5-4-6-3-1/h1-4H
","c1cncnc1"
"290-37-9","34.53955637","27.42550254","24.51454167","24.16363257","23.98360486","23.80218031","23.87664937","24.00403717","24.40361875","24.46577589","24.45974643","24.39418657","24.3298601","24.05996941","23.8871748","23.51703058","23.15928613","22.65396714","22.25155488","22.12277654","21.51389814","20.98281211","20.58658621","20.23006549","18.8765661","18.33923353","17.79149281","17.16637851","16.56577112","15.98396216","15.35625048","14.81803543","14.25943579","13.77645122","13.27299797","12.75090757","12.32548024","11.8103955","11.41549177","11.05331512","10.55155813","10.20399602","9.844697544","9.497561513","9.171859644","8.847906348","8.571801727","8.302626255","8.041576972","7.82013317","7.572348458","7.404649079","7.234784562","7.054586505","6.936609632","6.823142149","6.671210361","6.559689166","6.512723403","6.497857646","6.374067116","6.332837238","6.380286823","6.355224725","6.370259107","6.386329331","6.368824426","6.392086918","6.440526512","6.501128729","6.551783365","6.581765647","6.596397939","6.601656179","6.615410742","6.623118488","6.649193616","6.669176196","6.674563948","6.692422087","6.716378256","6.731937255","6.735725505","6.738297792","6.737759031","6.749791123","6.747225134","6.762353485","6.766724668","6.780986234","6.788749717","6.790046583","6.797857101","6.809856595","6.820795248","6.835251028","6.848649672","6.84964278","6.852690199","6.860735153","290-37-9","C1=CN=CC=N1","InChI=1S/C4H4N2/c1-2-6-4-3-5-1/h1-4H
","c1cnccn1"
"29456-04-0","2.917614847","1.942561403","1.661207546","1.50387541","1.41176213","1.369395389","1.29818059","1.248083581","1.201998025","1.164887272","1.137491569","1.089217103","1.069696872","1.057290673","1.02584027","1.03582122","0.995373453","0.98759701","0.979947202","0.95011993","0.925217207","0.920853366","0.910062711","0.904414965","0.889830673","0.886483305","0.85719068","0.871187453","0.844827338","0.825231078","0.830907816","0.83295307","0.816029369","0.807149189","0.798740456","0.798839122","0.803383005","0.793702846","0.778173775","0.77864522","0.782754228","0.768151259","0.764904778","0.757646315","0.750695711","0.752169626","0.751308208","0.744079808","0.740702907","0.74055112","0.739393892","0.731149528","0.726224502","0.718751038","0.715140271","0.719521443","0.715173527","0.713656061","0.713860889","0.702658954","0.70546968","0.704732","0.698790025","0.694437337","0.697432771","0.695026391","0.687662546","0.693572071","0.682375481","0.691262032","0.675460818","0.687499376","0.681359554","0.676009518","0.674699025","0.675143524","0.677474622","0.66678282","0.675471574","0.669356779","0.66351623","0.672181908","0.660452601","0.66230317","0.671664615","0.660221692","0.653852646","0.664156413","0.661432571","0.65441011","0.658483883","0.668188868","0.658607789","0.65313468","0.651886698","0.651973719","0.646202588","0.640902481","0.649725228","0.651018953","29456-04-0","CC(O)=C","InChI=1S/C3H6O/c1-3(2)4/h4H,1H2,2H3
","C=C(C)O"
"300-57-2","100.4955353","67.62445946","63.61195345","58.79053334","55.63951614","52.88470524","50.13934715","47.76922814","45.41771982","43.25897174","41.19671344","39.16582396","37.24313528","35.47351204","33.76196969","32.11258415","30.51567936","29.02029983","27.61972153","26.23837324","24.9606523","23.70616638","22.50545656","21.3932304","20.33815835","19.31375453","18.34188237","17.41302665","16.56254886","15.71040834","14.91974486","14.15812869","13.43675728","12.76909111","12.11221451","11.52047298","10.92180813","10.35942435","9.870014589","9.355710952","8.877055022","8.456642441","8.035165312","7.651873931","7.23351717","6.886570961","6.562419125","6.223061557","5.960181497","5.663083845","5.376249659","5.141687865","4.89756126","4.689236062","4.454694292","4.243251514","4.074441035","3.899129874","3.735816512","3.596608541","3.450941628","3.30949053","3.173517025","3.050097603","2.915934972","2.834447422","2.725703561","2.624536935","2.537308499","2.448768073","2.398377269","2.336688857","2.236921119","2.205667795","2.126284907","2.097573838","2.050533504","1.977992187","1.973369923","1.912468175","1.879813828","1.871191771","1.82073715","1.794103399","1.790157656","1.752577931","1.752912727","1.716768812","1.719695457","1.709523398","1.681533597","1.695917384","1.688568108","1.673550762","1.657265977","1.686598391","1.647218318","1.67475575","1.672840487","1.684080483","300-57-2","C=CCC1=CC=CC=C1","InChI=1S/C9H10/c1-2-6-9-7-4-3-5-8-9/h2-5,7-8H,1,6H2
","C=CCc1ccccc1"
"300-87-8","41.18537019","34.55954175","30.00227148","28.378123","26.4024308","24.15903524","22.83978182","21.67227425","20.52680463","19.48023516","18.57186166","17.69942877","16.85284305","16.10389648","15.34217995","14.67412069","14.01533881","13.4163974","12.82501363","12.2626612","11.76819244","11.27503884","10.82872094","10.37396294","9.982000427","9.574468024","9.217428919","8.857384463","8.516025197","8.211960401","7.92992527","7.637612191","7.378664784","7.106795266","6.882621031","6.654178983","6.417144624","6.232310516","6.040050728","5.838690707","5.679456863","5.486787464","5.346569432","5.186917219","5.038508213","4.915134077","4.764532357","4.654537065","4.536742708","4.4041568","4.309805276","4.191547066","4.099903508","4.004485566","3.904747223","3.830444211","3.742171122","3.653023902","3.596939839","3.528029533","3.439815441","3.367143407","3.324334895","3.248671868","3.169037354","3.118612236","3.092190671","3.047074084","2.962605294","2.912431075","2.866063004","2.833884535","2.801918745","2.740814739","2.687125895","2.663113299","2.61606778","2.615098286","2.560694062","2.518555414","2.480219198","2.436876804","2.426922725","2.404089229","2.381662064","2.348749249","2.3117741","2.276329954","2.252038969","2.243573607","2.230647177","2.216935082","2.185145781","2.159012531","2.123001086","2.087438635","2.071267915","2.063902073","2.059563038","2.049659259","300-87-8","CC1=CC(C)=NO1","InChI=1S/C5H7NO/c1-4-3-5(2)7-6-4/h3H,1-2H3
","Cc1cc(C)on1"
"302-84-1","7.67151861","2.378878189","1.913418511","1.62986786","1.469244236","1.391441037","1.320507175","1.255209762","1.206838728","1.128573102","1.08442327","1.049472918","1.055940131","0.992265247","0.95481208","0.938591338","0.912376637","0.892155567","0.864501064","0.848846296","0.833931533","0.777416775","0.753975067","0.799901048","0.769043795","0.723144534","0.74763042","0.70128256","0.699056771","0.699455644","0.676154642","0.678464805","0.663133474","0.645763079","0.647463685","0.614953869","0.616302323","0.638629713","0.608179023","0.620454206","0.59281431","0.581840499","0.592036459","0.569462958","0.562940689","0.575958859","0.556810605","0.5594405","0.567331147","0.564753987","0.523949066","0.523233523","0.546818425","0.556972544","0.531050218","0.50864178","0.512326021","0.532871787","0.539971842","0.521010524","0.501165143","0.48468375","0.492680509","0.50244198","0.51742987","0.504898952","0.491269328","0.484846666","0.48214393","0.487192701","0.494069968","0.49919667","0.503683917","0.480097261","0.466419343","0.457774638","0.450276369","0.446412254","0.453176021","0.466610882","0.482915164","0.504637444","0.509211113","0.50517053","0.491926471","0.479711288","0.465357656","0.449254112","0.437142016","0.429804213","0.427254842","0.428304126","0.433221093","0.444500029","0.45906647","0.466860478","0.470332948","0.475872043","0.479411159","0.481400208","302-84-1","NC(CO)C(O)=O","InChI=1/C3H7NO3/c4-2(1-5)3(6)7/h2,5H,1,4H2,(H,6,7)
","C(C(C(=O)O)N)O"
"31575-35-6","10.38961428","6.290129891","4.656004696","4.52058596","3.355842722","3.491198573","2.694195681","2.673386201","2.308301303","2.05994686","2.087010276","1.847453879","1.896072502","1.613331412","1.497088937","1.643999819","1.438139812","1.493964982","1.338782993","1.348935207","1.375988717","1.285265235","1.369006745","1.335489988","1.219488917","1.257723557","1.230620955","1.206568065","1.210621993","1.207306945","1.156866166","1.181057007","1.202905315","1.09603987","1.106638574","1.147938034","1.017157971","0.99926986","1.075587737","1.05169429","0.995522142","0.982926679","1.002814146","0.925346855","0.956054721","1.009516179","1.026637525","0.977507278","0.927740247","0.988810418","1.042379579","1.052742619","0.992294844","0.918545113","0.922041374","0.970624101","1.010884075","1.033226272","1.038680061","1.047862858","1.055985871","1.078759187","1.089984381","1.074741196","1.049125481","1.062874725","1.076536141","1.114224066","1.156572071","1.191520445","1.19743309","1.167030609","1.117756678","1.099533798","1.086312013","1.094293579","1.117851611","1.147429225","1.192722158","1.230794377","1.255326821","1.262030312","1.277670349","1.267962547","1.268989093","1.275301434","1.277603482","1.285303535","1.287651272","1.292182332","1.304538467","1.316487025","1.315744255","1.321767018","1.341140787","1.358312077","1.370853443","1.379985189","1.399949905","1.415434509","31575-35-6","FC1=NC=CC=N1","InChI=1S/C4H3FN2/c5-4-6-2-1-3-7-4/h1-3H
","c1cnc(F)nc1"
"3223-70-9","13.81465249","20.51235502","29.5846895","34.89131753","39.35759837","43.99274276","48.84003239","51.76545937","54.5087998","57.02484419","58.36233524","59.89524414","60.2959862","60.7795935","60.59079512","56.31492092","51.87587447","47.64963448","43.63604281","39.83911109","36.25919349","32.90338566","29.77218735","26.87716806","24.23235399","21.85175964","19.75287661","17.96494307","16.53519921","15.53650684","15.13948639","15.65602116","16.28460494","16.8848917","17.48896763","18.53548111","19.03695954","19.87858007","20.27385395","18.96689977","18.02470508","16.54202479","14.87165101","13.49336873","12.47647932","11.90687135","11.96810961","12.60753133","10.9022092","9.52120653","8.626086704","8.295010771","9.085826625","10.036313","10.72457712","10.9555603","10.39424385","9.891294595","9.583804035","9.497874995","9.564763609","9.661811465","9.722495069","9.733898898","9.714794583","9.683165606","9.647771533","9.621112853","9.602297514","9.572264052","9.55445911","9.567422767","9.551962085","9.536549389","9.525534345","9.499989272","9.486477045","9.476665533","9.470940956","9.466817526","9.461414784","9.458506537","9.459760442","9.463903173","9.469512738","9.475575383","9.483944398","9.493668998","9.507490419","9.524186627","9.541798111","9.558588992","9.566398791","9.588244259","9.61273558","9.639523421","9.66651499","9.695277969","9.723195463","9.75408137","3223-70-9","ClC=C=C","InChI=1/C3H3Cl/c1-2-3-4/h3H,1H2
","C=C=CCl"
"334-88-3","2.150529653","1.898641672","1.97574425","2.00264576","1.991389884","1.916614305","1.872538672","1.795991673","1.721153642","1.67543761","1.626034595","1.585140019","1.52775253","1.491259413","1.458763005","1.43329333","1.404944434","1.373809579","1.353282369","1.34233769","1.309099739","1.295210553","1.27360073","1.248799581","1.24286394","1.23729702","1.217440921","1.201886183","1.187625022","1.175559389","1.171781561","1.154050535","1.146810691","1.143753228","1.128882169","1.116654847","1.115244216","1.106292074","1.095952931","1.093238462","1.092525949","1.08197354","1.073187515","1.068471272","1.069096375","1.063277623","1.054257866","1.049757015","1.046647243","1.04137979","1.04137162","1.03512947","1.03424014","1.029025508","1.026047088","1.02647178","1.016648858","1.017058266","1.011646407","1.015478926","1.011952364","1.003290526","0.999614992","1.005902302","1.009415663","0.99955175","0.987168631","0.987150939","0.995375382","0.995635252","0.98682045","0.983328596","0.986589822","0.986645631","0.983238335","0.979575051","0.979331548","0.984292034","0.980284731","0.971028519","0.96598959","0.962401575","0.967099183","0.976629139","0.974956545","0.970999544","0.963855593","0.956390283","0.95375321","0.955511705","0.961614977","0.964015584","0.963535567","0.96435534","0.964959853","0.965097693","0.962474029","0.961986178","0.960368135","0.958919537","334-88-3","C=[N+]=[N-]","InChI=1S/CH2N2/c1-3-2/h1H2
","C=[N+]=[N-]"
"334-99-6","28.44554976","20.97601576","18.45002119","16.8837003","14.96900864","13.81116323","12.91910736","12.14615074","11.30542187","9.577324578","9.201651569","8.922972774","8.700373142","8.486229336","8.27556687","8.001826637","7.78650673","7.608698738","7.403024535","7.180999191","7.01387781","6.857977151","6.621464631","6.472246135","6.313092027","6.125974499","5.953026516","5.728697252","5.561245007","5.403846636","5.281532013","5.14754041","4.956773683","4.891173184","4.719596254","4.638037158","4.569189491","4.493565463","4.376072641","4.348604287","4.252649257","4.224234946","4.135092317","4.089265806","4.040983036","3.978073913","3.876649919","3.824904155","3.733612153","3.711546951","3.624535531","3.595459869","3.530790643","3.516264615","3.467083388","3.435294321","3.422926561","3.348162492","3.35781427","3.266920856","3.239649146","3.201732225","3.140710228","3.119565766","3.089570132","3.048435204","3.047833107","3.022030272","3.00882468","3.012295512","2.961645012","2.978297815","2.938764553","2.900022312","2.937872569","2.863238623","2.879803755","2.886064384","2.861228831","2.864588041","2.870834339","2.829165678","2.844762507","2.851613984","2.831854068","2.821403405","2.845347401","2.822341102","2.807594856","2.864504411","2.821634222","2.828326018","2.842776469","2.847267312","2.821253813","2.850600671","2.854924264","2.8558075","2.86117158","2.902108012","334-99-6","FC(F)(F)N=O","InChI=1S/CF3NO/c2-1(3,4)5-6
","C(F)(F)(F)N=O"
"33504-43-7","188.7315357","171.1769879","164.2957748","164.1173703","159.7214448","155.2429716","152.4480016","151.1707916","149.2771839","147.306327","145.6279846","144.5266954","142.6362076","141.335965","139.6939196","138.3954339","137.3898056","136.1986829","134.8613283","133.8919789","133.0654648","131.9936545","130.9767086","130.2641197","129.4536305","128.5805228","127.9365749","127.2709562","126.5967747","126.2597669","125.7361062","125.1326334","124.6394287","124.2054245","123.8100087","123.4044291","122.991248","122.6960084","122.4164268","122.1324705","121.8412753","121.6571167","121.4515866","121.115778","120.9558192","120.8342623","120.7112654","120.8393761","120.8021744","120.7465782","120.6870275","120.72101","120.7514768","120.7606203","120.7958399","120.7072362","120.845127","120.9174411","120.9867429","121.1469999","121.3113058","121.4706615","121.5738686","121.7496132","121.9667394","122.1610512","122.3726959","122.594605","122.7696075","123.068305","123.2571322","123.5129319","123.7603416","124.0219001","124.3140398","124.5521791","124.8138824","125.0665061","125.3743565","125.697956","125.9503978","126.2737069","126.4977643","126.8069669","127.0588265","127.4012254","127.7006097","127.9700676","128.3310774","128.5587855","128.8543311","129.1224942","129.4377571","129.7210644","130.0049308","130.3305488","130.6119342","130.5488479","130.1556799","129.7399679","33504-43-7","NC1=CC=CC=CC1=O","InChI=1S/C7H7NO/c8-6-4-2-1-3-5-7(6)9/h1-5H,(H2,8,9)
","c1ccc(c(=O)cc1)N"
"3438-46-8","11.78810446","18.94061559","23.62928657","28.82263071","32.9310477","36.52848832","39.34180373","41.50595521","43.12160616","44.23311958","44.92379425","45.17820617","45.07731879","44.71633049","44.09539928","43.29666181","42.3482452","41.23521341","40.0344868","38.69215367","26.4743366","23.51141444","20.72349268","18.14843736","15.75629723","13.56890722","11.58318512","9.795089182","8.224663166","6.888606868","5.788060538","4.975814598","4.523560029","4.666803613","4.964446583","5.147835241","5.41174438","5.736188922","6.139678795","6.443856732","7.733787565","7.822151562","7.642349076","7.278871742","7.124438219","6.853361712","6.614423203","6.611898309","6.437209549","6.006306717","5.708592171","5.563496152","5.712061221","5.90879287","6.010346195","5.883180982","5.697647138","5.549966558","5.46046298","5.348520188","5.303236841","5.266955525","5.242122078","5.20891937","5.180112485","5.150814331","5.120330309","5.099311321","5.070612489","5.056324461","5.029198125","5.019237951","4.995861139","4.990219357","4.973298794","4.966639501","4.953916627","4.947775531","4.938731342","4.930069622","4.932392251","4.91531454","4.91327379","4.913764047","4.909235814","4.907072491","4.898340251","4.901574862","4.900104956","4.888931261","4.898168989","4.89718998","4.887288789","4.895845453","4.901294066","4.89348591","4.898454686","4.906233671","4.900355466","4.905010156","3438-46-8","CC1=CC=NC=N1","InChI=1S/C5H6N2/c1-5-2-3-6-4-7-5/h2-4H,1H3
","Cc1ccncn1"
"350-03-8","30.41056462","21.08026177","21.51950764","19.65180614","20.05004454","19.12509746","19.05455127","18.57659855","18.23710034","17.82866839","17.31711694","16.66509527","16.31365516","13.76958015","12.89990886","12.05836333","11.29205047","10.60625653","9.972609692","9.425851132","8.994127272","8.582811423","8.308237047","8.198875675","8.23314028","8.424184031","8.633017677","8.961223748","7.833102634","7.397193732","6.971054609","6.637039652","6.262720666","5.925811008","5.603166377","5.275198398","5.009093245","4.722985159","4.468162888","4.215213408","4.018241436","3.88593568","3.674497562","3.504684305","3.394405878","3.279623014","3.172918776","3.104833649","3.110854897","2.994806959","2.941495368","2.969987654","2.980889739","2.913884396","2.875880753","2.872543344","2.872765703","2.858771812","2.849896633","2.840002033","2.835214311","2.813262144","2.799618824","2.777343157","2.771277389","2.784335615","2.804869606","2.829909831","2.856067088","2.858164333","2.864369742","2.870653167","2.875135324","2.88151251","2.895588932","2.906961283","2.909834266","2.918769092","2.914575994","2.908283448","2.910841303","2.909828281","2.912065761","2.915021211","2.916111064","2.922984093","2.933117424","2.945304934","2.952353538","2.95608924","2.959231858","2.96077914","2.962171435","2.963367726","2.96002747","2.95732515","2.95460431","2.951702896","2.948806855","2.946879192","350-03-8","CC(=O)C1=CC=CN=C1","InChI=1S/C7H7NO/c1-6(9)7-3-2-4-8-5-7/h2-5H,1H3
","CC(=O)c1cccnc1"
"352-93-2","17.62777198","12.81975637","10.12524402","8.343891924","7.027056778","5.993571208","5.05930802","4.407028807","3.788875925","3.317509817","2.869111717","2.553844406","2.256123064","2.002351783","1.833809169","1.622805412","1.486244897","1.343151351","1.227769147","1.155278827","1.067082196","0.990316429","0.894509087","0.839814085","0.804438232","0.757091373","0.724500207","0.678515318","0.633625545","0.589057407","0.59095495","0.574937312","0.536481107","0.527290534","0.511567333","0.470815046","0.495465618","0.472633546","0.471546682","0.471724968","0.417327448","0.469042093","0.441422213","0.42693584","0.415139684","0.438227627","0.380206461","0.462931642","0.391349396","0.440208556","0.409361442","0.422769103","0.394377375","0.412812285","0.419452902","0.40696861","0.408807181","0.466885113","0.401944372","0.389599678","0.423266049","0.434528291","0.415151906","0.421722493","0.44500749","0.409592184","0.425288673","0.480263402","0.443388644","0.423810317","0.480835748","0.479268184","0.419632536","0.416404272","0.471584511","0.471903055","0.416736096","0.410334276","0.466633936","0.504198759","0.497227637","0.467815702","0.456744863","0.466901233","0.45119352","0.462227822","0.473105026","0.48761279","0.509839528","0.500039108","0.490100716","0.486404313","0.482260902","0.481295906","0.479565634","0.468401176","0.478177636","0.50376645","0.524507184","0.532963006","352-93-2","CCSCC","InChI=1S/C4H10S/c1-3-5-4-2/h3-4H2,1-2H3
","CCSCC"
"3581-87-1","82.24518195","51.1870236","45.67999172","40.65357412","36.23315037","32.38237423","29.02950849","26.01482783","23.0770074","20.84766003","18.72595138","16.78851213","14.98093474","13.31134665","11.77312939","10.33733968","9.0748631","7.890810667","6.839479416","5.902711859","5.073537216","4.369530774","3.779629739","3.300458933","2.959713085","2.796882783","2.715364903","2.696530785","2.694810603","2.701158867","2.710564445","2.715997578","2.717580164","2.70807961","2.704443628","2.705048685","2.708699605","2.707520968","2.698403074","2.69268247","2.703167366","2.683152681","2.680294457","2.667238613","2.650787725","2.640049094","2.636625815","2.630436975","2.618834617","2.608600465","2.609039466","2.599228309","2.578644641","2.571395636","2.568062154","2.564353984","2.552834034","2.542005261","2.531874199","2.531042484","2.535403828","2.52240829","2.511408768","2.499747515","2.504959092","2.497412545","2.49275783","2.481644908","2.471218765","2.46347036","2.46505381","2.459788247","2.471311883","2.458816522","2.445027432","2.435818237","2.442100011","2.447319686","2.449952208","2.456173768","2.449765413","2.435009425","2.419773399","2.424351398","2.428292232","2.43495119","2.436353848","2.425523777","2.417892844","2.414835042","2.415292235","2.421650179","2.428069128","2.440694914","2.44222798","2.435934999","2.432333216","2.425067188","2.407045193","2.414343936","3581-87-1","CC1=NC=CS1","InChI=1S/C4H5NS/c1-4-5-2-3-6-4/h2-3H,1H3
","Cc1nccs1"
"359-10-4","2.086660504","1.951869926","1.995067567","1.988063235","1.985776748","1.950852993","1.880494922","1.831287423","1.788068111","1.733110471","1.700022695","1.641078401","1.592207975","1.560058148","1.535067169","1.509047613","1.454186227","1.427237554","1.403767178","1.378206629","1.353077066","1.331561556","1.308713279","1.296720699","1.268607055","1.259762292","1.235844962","1.229118263","1.215923137","1.195446843","1.189004141","1.174910556","1.168442873","1.157208083","1.136496429","1.130236136","1.122779428","1.122429439","1.106694506","1.101769915","1.100968024","1.082768132","1.090997247","1.073095353","1.075824953","1.062134499","1.065271476","1.052819666","1.047198997","1.054785597","1.042600875","1.040780224","1.044599532","1.033987172","1.023312054","1.022857854","1.023391961","1.017514517","1.01891454","1.015913403","1.013493809","1.007775312","1.004721593","1.00626346","1.006386112","1.002529482","0.996069257","0.992598274","0.994648074","0.994669208","0.997885851","0.996418045","0.990412652","0.983706258","0.984039896","0.98366281","0.980283092","0.981600393","0.982028702","0.985054559","0.985379774","0.982555315","0.976770365","0.972333245","0.973194948","0.971683284","0.97121228","0.970991688","0.970638847","0.970106763","0.970933705","0.970314996","0.968768941","0.968253219","0.966962504","0.965261545","0.964481916","0.967160955","0.966957631","0.965046626","359-10-4","FC(F)=CCl","InChI=1S/C2HClF2/c3-1-2(4)5/h1H
","C(=C(F)F)Cl"
"36439-78-8","207.8268111","202.3069773","197.9240251","193.7921226","190.1821419","187.0682183","183.7076309","180.0803951","175.9104008","171.2301829","166.2989704","161.2967632","156.530474","152.0092488","147.5864378","143.2059022","138.7132959","134.1308071","129.5676865","125.3433404","121.4393216","117.90606","114.5743083","111.2920127","107.9410074","104.6042179","101.4211015","98.41688181","95.66767165","93.17537818","90.87939436","88.62545416","86.38179259","84.17521492","82.01017081","79.94445257","77.93241587","76.06634054","74.35621131","72.79475736","57.15491271","56.59151027","56.06305765","55.57017403","55.07273328","54.56912231","54.06708105","53.56586442","53.07158125","52.57421365","52.08246214","51.59414019","51.1110149","50.6287746","50.15449936","49.68364107","49.21967754","48.75805528","48.30274927","47.84517141","47.4076752","46.96699207","46.53477406","46.10878811","45.68575486","45.2736592","44.86097484","44.46362413","44.06492714","43.67281365","43.28766591","42.91333615","42.54240655","42.17477742","41.81487296","41.46080401","41.11226908","40.77212016","40.4351091","40.10298721","39.77799693","39.46078701","39.14426148","38.8390669","38.53582364","38.23699475","37.94269948","37.65285604","37.37836013","37.09892534","36.8256873","36.55625082","36.29747122","36.0370634","35.78276547","35.53527293","35.29094065","35.05121446","34.81619839","34.58909137","36439-78-8","C=C1C2CCC(C2)C1=C","InChI=1/C9H12/c1-6-7(2)9-4-3-8(6)5-9/h8-9H,1-5H2
","C=C1C(=C)C2CCC1C2"
"371-40-4","45.34095123","49.17511331","55.64227585","62.17546582","67.69533134","72.31081263","76.06849442","78.90703369","72.95337229","71.14433508","69.35792692","67.64081857","66.03125791","64.53575421","63.13762451","62.09635833","61.27914331","61.27133238","61.62673976","61.99986199","62.4005754","62.82043208","62.63008443","59.96101929","57.42237645","55.01431563","52.77925482","50.71674421","48.91291594","47.53219691","46.48700549","44.53297343","42.67723686","40.84792954","39.06935955","37.39191903","35.77322254","34.21687055","32.7905884","31.35851618","29.92086167","28.57834598","27.21521585","25.92788674","24.6522591","23.42909702","22.27433833","21.10170975","20.00896646","18.98109007","14.88084213","14.14059437","13.43926601","12.76252888","12.1106024","11.48650758","10.93128793","10.39350699","9.903171555","9.453579623","9.054560435","8.719776513","8.464160756","8.346440221","8.385142682","8.454760218","8.550604333","8.458192665","8.546038771","8.513590353","8.510408858","8.616246677","8.533026124","8.396562849","8.390875579","8.303930039","8.236914693","8.130298206","8.038097302","7.913836577","7.853758054","7.708732798","7.635696654","7.69353504","7.541087555","7.532409972","7.46044696","7.412654081","7.209574471","6.953521154","6.902857435","6.865312995","6.8251241","6.870034723","6.754880408","6.719360735","6.690050181","6.700290759","6.678372559","6.691980327","371-40-4","NC1=CC=C(F)C=C1","InChI=1S/C6H6FN/c7-5-1-3-6(8)4-2-5/h1-4H,8H2
","c1cc(ccc1F)N"
"371-41-5","115.5373239","103.0606682","91.07181137","81.85894088","75.80697636","74.20323914","74.4729019","74.64497823","75.30094276","76.20783037","77.29951043","78.43143086","79.37666553","80.1066338","80.54689552","81.0012111","81.50040595","82.090621","82.77441752","83.59550532","84.62029578","85.61004766","86.48097173","87.26895176","88.15528222","89.19977129","90.40217763","91.72726888","93.0699946","94.4064487","95.73204004","97.03918455","98.31014394","99.52601025","100.6635696","101.6736896","102.3999293","102.9878893","103.5765875","104.2096179","104.8674632","105.5725151","106.3408367","107.23421","107.64234","108.0839611","109.2701451","110.073174","113.9442389","113.2900913","112.9212061","112.9530735","113.7429138","113.3211676","112.7588771","112.599977","112.9528817","114.1988297","115.2559608","115.0084002","117.5166385","118.4701854","119.3105563","119.618215","118.885572","117.9776434","116.9173119","116.5996632","117.04974","116.5560153","116.914336","117.2643826","115.6478267","115.8476682","116.0315525","116.2137895","116.3832747","116.550863","116.7139984","116.8714462","117.0269129","117.1717501","117.3167364","117.451009","117.5785479","117.6858465","117.7888463","117.8912971","117.9838568","118.0712107","118.1498786","118.2252583","118.2829863","118.3433029","118.400246","118.4498811","118.4960935","118.5307456","118.567805","118.606593","371-41-5","OC1=CC=C(F)C=C1","InChI=1S/C6H5FO/c7-5-1-3-6(8)4-2-5/h1-4,8H
","c1cc(ccc1F)O"
"372-19-0","71.22010291","65.26100951","61.01044918","58.47183294","43.14455478","41.98508368","41.5416523","41.44135843","41.44286761","41.11457051","40.37876097","39.85548932","39.43657602","38.88410445","38.08050522","37.39358015","36.80535425","35.98914494","34.95841065","34.21349377","33.43338251","29.49375023","28.31223573","27.16908542","26.03048849","24.9664168","23.95991061","22.95439926","22.02095566","21.1527323","20.33159868","19.53579388","18.78102156","18.07235383","17.45735227","16.86547948","16.34064248","15.91743917","15.63451418","15.48115471","15.3918498","15.41283236","15.50266688","15.65317781","15.97457439","16.30779837","15.9230066","14.48037333","14.02922649","13.59283629","13.18967893","12.78388402","12.42865776","11.12121723","10.87095767","10.63682774","10.42859395","10.22768174","10.02531039","9.843850919","9.675457704","9.526792053","9.378037681","9.487467829","9.326896197","9.182964154","9.046314135","8.839232929","8.762828579","8.679035641","8.626678332","8.570431207","8.533958958","8.546106963","8.474227237","8.547082342","8.498276754","8.499718072","8.496671907","8.531273086","8.546590678","8.572655726","8.624730701","8.669901556","8.701374045","8.701657592","8.725086773","8.773230297","8.806926186","8.844147773","8.869419806","8.877132821","8.917975651","8.952106878","8.969242559","8.988210484","9.025505621","9.046209686","9.051573837","9.07837705","372-19-0","NC1=CC=CC(F)=C1","InChI=1S/C6H6FN/c7-5-2-1-3-6(8)4-5/h1-4H,8H2
","c1cc(cc(c1)N)F"
"372-47-4","44.71354304","34.68244603","27.66695939","24.39737087","22.40922011","21.03559991","19.27364476","17.80298072","16.84679108","15.91989968","15.10141314","14.34797144","13.5343992","12.87275453","12.27650421","11.69661516","11.16334672","10.62587321","10.14155775","9.696290236","9.282247242","8.804996966","8.470689596","8.005476663","7.709410433","7.373461694","7.012420409","6.728610328","6.457988643","6.224528799","6.017410539","5.790521121","5.646596778","5.628525091","5.682757034","5.987726715","5.935957512","5.908609252","5.877200198","5.856784589","5.848592547","5.893303531","6.006614773","6.151091809","6.353916245","6.545184893","6.785325949","6.999371148","7.268258368","7.511516064","7.826060403","8.108080373","8.438944437","8.412885081","7.719958492","7.532957851","7.372884826","7.203310169","7.122116094","7.018212966","6.917702692","6.817155645","6.708824008","6.595372169","6.505026423","6.421933896","6.359039616","6.26533777","6.160783379","6.093656128","6.024578547","5.944013086","5.860100142","5.800762722","5.713384244","5.658621827","5.612384317","5.542817589","5.487499275","5.457395965","5.401546238","5.346840705","5.318820698","5.292920912","5.264216354","5.255946536","5.177981406","5.132095992","5.117717655","5.093879825","5.049073266","5.027827514","4.994302306","4.985364226","4.956248285","4.95803834","4.959240449","4.937968998","4.925534293","4.904402292","372-47-4","FC1=CC=CN=C1","InChI=1S/C5H4FN/c6-5-2-1-3-7-4-5/h1-4H
","c1cc(cnc1)F"
"372-48-5","44.77357718","38.52947914","31.20786618","27.42981082","24.67411244","21.59051025","20.09556325","19.20371206","18.70044624","18.28303709","18.24481175","18.15815568","18.24296185","18.5194627","18.50970918","18.53053151","18.53499464","18.54548265","18.64205612","18.64549235","18.7902665","18.83936352","18.96279636","19.08331857","19.16907678","19.30379446","19.42339409","19.56616538","19.65965682","19.76588596","19.8877574","19.97283494","20.05431029","20.10468916","20.15252677","20.17649534","19.79144121","19.34639216","18.84745765","18.41702299","18.01813085","17.6905098","17.33918533","17.00980106","16.70517104","16.3955014","16.13019393","15.89743712","15.68593297","15.47112081","15.25332752","15.07278642","14.89041414","14.71442429","14.59325442","14.44939604","14.34629587","14.2204858","14.0837364","13.99097128","13.90357496","13.83926428","13.74948074","13.66947661","13.60195691","13.52816299","13.44833221","13.37771887","13.31082944","13.28574798","13.22469588","13.19335393","13.1269705","13.11153921","13.06371158","13.03103867","12.96007774","12.94057873","12.87573226","12.83092239","12.79972319","12.74181268","12.73518075","12.68490872","12.63567362","12.61433518","12.57592305","12.54039045","12.50861809","12.46349559","12.43553502","12.40770901","12.37185385","12.33974033","12.32400865","12.2945522","12.25567816","12.22458128","12.20597278","12.1678979","372-48-5","FC1=CC=CC=N1","InChI=1S/C5H4FN/c6-5-3-1-2-4-7-5/h1-4H
","c1ccnc(c1)F"
"3725-30-2","15.57162681","8.373822145","4.596156947","4.207577732","3.553706118","2.594668998","2.572535727","2.301880553","1.870342635","1.895010796","1.71392768","1.47810683","1.499945487","1.37015399","1.258765762","1.272187694","1.133577689","1.087365136","1.090618213","0.985863357","0.993019698","0.955867725","0.873179371","0.910601825","0.823027293","0.826739001","0.808813712","0.746329408","0.78163172","0.738354666","0.725702222","0.70305334","0.672669917","0.675485411","0.644548438","0.65808703","0.607418752","0.637964351","0.604873065","0.594441269","0.582276164","0.583671431","0.5497803","0.560016228","0.546357428","0.531115519","0.529720958","0.519440947","0.5102132","0.515012523","0.491128229","0.499326662","0.484791314","0.495894293","0.475689925","0.480667975","0.485832578","0.459341708","0.480372421","0.438881777","0.461414796","0.424193632","0.450087701","0.437270365","0.429834712","0.434761296","0.429220939","0.421080894","0.407903848","0.416299669","0.425461148","0.412248564","0.424461167","0.415276091","0.397556983","0.411105099","0.400961972","0.37616753","0.386161629","0.40364327","0.377433336","0.376392187","0.394606066","0.383742653","0.373779636","0.392384247","0.401918433","0.380563368","0.364384803","0.379214352","0.384859787","0.358944312","0.335251925","0.350955834","0.373486076","0.378188174","0.374309474","0.376677833","0.372501288","0.37726788","3725-30-2","C1\C=C/C\C=C/C=C\1","InChI=1S/C8H10/c1-2-4-6-8-7-5-3-1/h1-4,7-8H,5-6H2/b3-1-,4-2-,8-7-
","C1=CCC=CCC=C1"
"3839-50-7","134.6314797","176.8347734","187.5154825","196.6831601","206.3911141","215.9062649","224.8321751","233.4345082","241.4869693","248.8856424","216.0040804","221.0660471","226.5037411","231.5411882","236.661455","241.601819","246.3281859","251.2671331","256.2032689","261.0358321","265.7160405","270.4786387","275.032405","279.5692379","284.3107275","290.9917399","297.6707854","301.4029597","306.1528106","360.4021428","365.2792765","369.9907353","374.5421843","378.9631413","383.2233679","387.3494754","391.3369615","395.1947613","398.9246054","402.5270706","406.0170355","409.3909724","412.6449365","415.7999528","418.8501984","421.8089039","424.6713148","427.4527731","430.1475403","432.7533895","435.2955329","437.8065303","440.3250214","442.8035522","445.2497583","447.6744251","450.078095","452.4720165","454.8554654","457.2333804","459.6160212","462.0156904","464.4786494","467.0172949","469.6384375","472.3475757","475.1569523","478.0804944","481.1301932","484.3164673","487.663274","435.5374289","436.601387","437.7394154","438.5825241","439.8236396","441.1492789","442.1752045","443.6057262","444.7707203","445.8260691","446.9334738","448.1179634","448.854521","449.902067","451.0135408","451.5310046","452.4192557","453.3782751","453.8428673","454.5259739","455.2681428","456.0762243","456.5625748","456.9716441","457.4492401","457.6249469","458.1847149","458.8058195","410.5423225","3839-50-7","CC=C1C=CC=C1","InChI=1S/C7H8/c1-2-7-5-3-4-6-7/h2-6H,1H3
","CC=C1C=CC=C1"
"3877-15-4","13.78486334","9.609517571","7.541948335","6.128543984","5.101472816","4.298808608","3.690427406","3.229658969","2.829703299","2.515063258","2.231665648","2.027806045","1.835250293","1.680853445","1.528810146","1.423808047","1.29957403","1.226412613","1.159159507","1.067761083","1.003374922","0.95158825","0.899474301","0.878233844","0.818298433","0.793040698","0.749169927","0.718002082","0.690930314","0.662164481","0.628084713","0.61078318","0.602798606","0.596906818","0.580970193","0.540649593","0.531298564","0.53126421","0.501470517","0.468032516","0.481117775","0.461565045","0.442072147","0.465966166","0.428482434","0.451257032","0.432880734","0.413520942","0.404354551","0.390250337","0.398122913","0.383501866","0.40563054","0.395150004","0.375577418","0.381688147","0.347424241","0.382880903","0.33726793","0.356977499","0.384848917","0.344151979","0.355696172","0.33737556","0.314135754","0.342419618","0.345322475","0.32253016","0.335343596","0.351376327","0.320418923","0.299102826","0.309244033","0.329618213","0.32356015","0.309484315","0.29164733","0.308591195","0.328611724","0.33589052","0.324989204","0.311186525","0.320448219","0.33228005","0.333896299","0.319261076","0.304965856","0.300840114","0.314481423","0.321099447","0.330364244","0.338639179","0.330731996","0.322693375","0.313748188","0.308194061","0.311501496","0.317100782","0.324095697","0.337239586","3877-15-4","CCCSC","InChI=1S/C4H10S/c1-3-4-5-2/h3-4H2,1-2H3
","CCCSC"
"4054-38-0","136.7641574","131.4954892","126.3882828","121.2569847","116.1528137","111.2056043","106.4770677","102.0091546","97.7305225","93.65756047","89.84312548","86.19255504","82.77177203","79.55295329","76.49613345","73.62221679","70.90278","68.32015827","65.90788771","63.65046972","61.49950765","59.45749915","57.54721822","55.73687533","54.01176181","52.4054748","50.88906226","49.42884514","48.07667962","46.76562451","45.55353822","44.4023602","43.26792057","42.26783738","41.26788343","40.32409638","39.45504536","38.60275363","37.7925436","37.0373495","36.30308679","35.62349156","34.97145972","34.34823158","33.75711521","33.17277336","32.63255855","32.10524096","31.63920416","31.16193783","30.68623384","30.2923496","29.86682807","29.45961633","29.09109636","28.73104844","28.38929652","28.0495001","27.72968611","27.42755916","27.12843542","26.85650895","26.56403567","26.32695272","26.05695505","25.83214961","25.57667343","25.38761726","25.15513529","24.93316252","24.75153901","24.5547013","24.3658943","24.18670812","24.01691485","23.85147094","23.68601935","23.53140446","23.38389718","23.23934019","23.08796916","22.96080889","22.82676258","22.70904506","22.57311348","22.45324275","22.33816124","22.22241214","22.10861151","22.00994976","21.90658032","21.80892514","21.7034572","21.61249853","21.52409386","21.44341855","21.35833957","21.25704941","21.16402104","21.08462796","4054-38-0","C1CC=CC=CC1","InChI=1S/C7H10/c1-2-4-6-7-5-3-1/h1-4H,5-7H2
","C1=CCCCC=C1"
"4143-41-3","145.204655","148.9891287","153.8451909","156.4601222","156.6555604","155.2292266","152.7971636","149.5509063","145.7195767","142.8449691","138.8118957","134.8034818","130.9477281","127.1971223","123.725477","120.4468599","117.4342356","114.6670607","111.9572175","109.5218856","105.8636414","102.4894455","100.6696735","99.85607743","99.24376099","97.1492074","95.90068346","94.54230009","93.54465602","92.64943676","91.65559943","90.71167952","89.8122124","89.03495394","88.41563263","88.08138542","86.14433261","85.96655561","85.46386646","85.22871794","85.70803462","85.64411845","85.40785911","84.6862334","80.01053141","78.89803092","77.86004919","76.90441822","75.95383782","74.44743145","73.00246761","71.62087797","70.30232672","69.04987694","67.87133115","81.40167378","65.73464835","64.78690281","63.92694772","63.15875231","62.49406796","61.93989897","60.52259814","59.1658923","57.87263794","56.64337935","55.48039116","54.38735866","53.36881007","52.4287382","51.5721671","50.80592689","50.13477177","49.57344847","49.13368938","48.83458277","48.70258451","48.80547331","49.35787031","49.66559037","48.57890285","47.54110869","46.55999184","45.62614463","44.76361117","43.99497851","43.32302501","42.75002161","42.30613886","42.00301006","41.89119188","42.06808029","42.68042188","43.24496541","43.75475123","44.19212014","44.57026791","44.87732439","45.09753957","45.23340272","4143-41-3","CN=NC","InChI=1S/C2H6N2/c1-3-4-2/h1-2H3
","CN=NC"
"4164-28-7","10.24475441","8.813519308","7.206178412","6.095557827","5.296318703","4.745129399","4.255782891","3.899715793","3.584368937","3.290975205","3.049378154","2.817954887","2.654401883","2.474251778","2.316777415","2.176907671","2.04797097","1.964660107","1.827682151","1.758327162","1.666206448","1.559516412","1.543523039","1.424146137","1.390051045","1.336290025","1.266643956","1.211771651","1.210700662","1.139180682","1.075003798","1.093872295","1.03084948","0.970228863","0.979092673","0.962147104","0.902526094","0.863674141","0.871526757","0.845177976","0.810212189","0.774805577","0.799982723","0.782496548","0.734902821","0.69401449","0.715475228","0.728752091","0.698499664","0.648621319","0.631119638","0.650884008","0.673850216","0.635981998","0.59006331","0.573553072","0.581237284","0.60721645","0.608062417","0.558421136","0.528861542","0.516824317","0.526857009","0.559232943","0.576773281","0.526772428","0.494673728","0.473404583","0.466456652","0.486236017","0.512115462","0.53350837","0.492546025","0.457547812","0.43801403","0.433445822","0.439535182","0.460564977","0.476556951","0.489526782","0.455552755","0.425821023","0.399894107","0.382658873","0.376764937","0.39719202","0.424200875","0.444755756","0.454738687","0.441258549","0.408911835","0.383541727","0.366895614","0.355522767","0.344736769","0.354423992","0.376484144","0.393955508","0.414612105","0.424931334","4164-28-7","CN(C)[N+]([O-])=O","InChI=1S/C2H6N2O2/c1-3(2)4(5)6/h1-2H3
","CN(C)N(=O)=O"
"4170-30-3","80.74701483","66.43444068","63.88053037","57.44416703","56.22767859","56.95910492","59.34111145","58.11307861","63.82457909","60.70397015","59.30987724","60.66259393","63.37674952","67.63682153","72.14143275","76.74829339","81.37140001","85.90613185","90.08122649","93.90158477","97.35233725","100.4672322","103.3081592","105.806948","108.0382178","110.1253754","111.9754745","113.6726878","115.1807327","116.5844583","117.8852142","119.0865449","120.2260367","121.2686019","122.2714248","123.3066795","124.0701749","124.8017329","125.5253589","126.3006461","127.0754817","127.7947683","128.4618525","129.214623","129.9185855","130.5757326","131.2863504","131.9936479","132.6969599","133.4011728","134.1317799","134.9362977","135.7061775","136.3844707","136.9641609","137.4080402","137.8505571","138.344931","138.9199211","139.6142113","140.3224921","140.8803469","141.5161023","142.2564643","142.8528362","143.4964212","144.238419","144.837605","145.5783502","146.2262916","146.954143","147.6188325","148.3835252","149.0617949","149.8133995","150.6079308","151.3597522","152.1240844","153.0947014","154.0394429","154.8741857","155.3824686","155.674417","156.038262","156.4891786","158.9936063","159.4300117","160.1592998","161.114367","161.9178445","162.3102815","163.2163622","164.2638853","165.497389","166.8752917","168.0614774","168.9941026","169.7826883","174.2005104","174.9541235","4170-30-3","C\C=C/C=O","InChI=1S/C4H6O/c1-2-3-4-5/h2-4H,1H3/b3-2-
","C/C=C\C=O"
"420-12-2","32.50538675","32.82108089","31.06867705","32.21769915","31.02022806","30.14449254","29.34021354","28.67734211","27.8783788","27.06505448","26.30005972","25.65601437","25.03273774","24.4004986","23.88279305","23.34626727","22.87079399","22.38374289","21.95812404","21.55539933","21.2179137","20.91278076","20.63352575","20.38918514","20.13475701","19.98013929","19.82989964","19.7218906","19.6761008","19.62439681","19.66328435","19.7390973","19.86712423","20.09298244","20.4575117","21.02905193","18.25935496","17.80657534","17.42979038","17.11984075","16.69054698","16.34927838","16.04748468","15.67055586","15.34270054","15.0539717","14.77842439","14.44756464","14.16342399","13.86970832","13.60577258","13.36382969","13.12040574","12.88068432","12.65839205","12.44189324","12.24295012","12.05126447","11.85525404","11.67664578","11.47996736","11.28427964","11.09860144","10.93539198","10.7950368","10.65491477","10.52774297","10.39586911","10.27288053","10.15884683","10.04815723","9.918836364","9.789629374","9.668186241","9.558023191","9.454259058","9.357285258","9.268043742","9.188760755","9.107125963","9.023686833","8.948960215","8.882888805","8.820996977","8.761119726","8.70232356","8.64677577","8.600676687","8.553360049","8.503841565","8.45917231","8.417934185","8.378390033","8.340687435","8.300272422","8.260819263","8.224904887","8.180459059","8.135533853","8.093008094","420-12-2","C1CS1","InChI=1S/C2H4S/c1-2-3-1/h1-2H2
","C1CS1"
"4556-23-4","24.49279104","16.8778871","15.26655579","15.29117994","14.12870533","14.15696859","13.92416631","14.09631814","14.2592033","14.44511338","14.62269288","14.76761904","15.11641921","15.2285841","15.456782","15.62258804","15.83402799","16.12684196","16.50220328","16.8626373","17.24622759","17.58985061","22.94363399","23.00037585","22.99775687","22.99327776","23.00893986","22.96360678","22.8953494","22.9141452","22.8217934","22.72971841","22.64788306","22.57428241","22.45966728","22.34023436","22.28175994","22.10079109","22.01955521","21.86931109","21.69591295","21.6338641","21.42432856","21.25088239","21.09883458","20.93101616","20.73920502","20.55180556","20.39822223","20.18991104","17.83733915","17.44781659","17.1339588","16.76297606","16.4359396","16.13534133","15.83416937","15.52487232","15.25135239","14.97459303","14.74887367","14.50789026","14.27973988","14.0871021","13.90859109","13.74414392","13.60056544","13.48288088","13.40788137","13.37874676","13.40774546","13.44034203","13.48563853","13.51376361","13.56952543","13.63746146","13.68198998","13.74446936","13.83370701","13.9088691","13.9690964","14.04686405","14.13136418","14.22472078","14.31327549","14.37982147","14.4606678","14.53383465","14.64085013","14.70638466","14.77336656","14.85531185","14.90689964","14.97347625","15.06165991","15.12880473","15.1815627","15.22597199","15.28073493","15.33370733","4556-23-4","S=C1C=CNC=C1","InChI=1S/C5H5NS/c7-5-1-3-6-4-2-5/h1-4H,(H,6,7)
","c1c[nH]ccc1=S"
"460-12-8","56.67852648","47.99612466","41.09086602","30.46033021","27.0703176","23.4865974","20.21786672","16.90808348","14.70527921","12.44616185","9.101693071","7.55004063","6.814257539","6.748653263","6.352853157","5.881772389","5.612158276","5.436107448","5.337362026","5.182181053","5.123170194","4.952034644","4.840156849","4.691398651","4.612633641","4.485912312","4.336835331","4.244767842","4.09270771","3.979905128","3.835963633","3.726464966","3.621816039","3.541553967","3.43305573","3.296115143","3.23608012","3.14511566","3.036062139","2.976567086","2.895259671","2.800769488","2.748762498","2.669656445","2.588647072","2.551447346","2.486005787","2.433844418","2.361253369","2.320187405","2.283251096","2.219672182","2.165484902","2.139408412","2.101635042","2.049657475","2.017092624","1.977087753","1.937874849","1.922282936","1.891616271","1.849321279","1.816270383","1.792762884","1.781715994","1.751680493","1.719250207","1.691988304","1.679440851","1.667467224","1.646970534","1.617361204","1.600822831","1.582383256","1.562367789","1.559479484","1.540529539","1.524079526","1.500703873","1.476199053","1.468631072","1.472205258","1.474506881","1.456889688","1.436188085","1.411457553","1.394338572","1.39058144","1.396465749","1.391562732","1.392822743","1.379626498","1.361424664","1.348050961","1.336545989","1.329490227","1.325510245","1.330960142","1.329917574","1.323110035","460-12-8","C#CC#C","InChI=1S/C4H2/c1-3-4-2/h1-2H
","C#CC#C"
"461-72-3","19.48089953","2.484993793","2.984024338","3.005158818","3.274846785","3.495686366","3.689615675","3.817036946","3.931198982","4.006617839","4.091939053","4.103690903","4.126194443","4.162103577","4.130072282","4.122948283","4.121736672","4.097638288","4.080796311","4.055963183","4.033761596","3.997798586","3.971988425","3.941719852","3.914569657","3.882976377","3.854441426","3.822860154","3.791262062","3.761778468","3.74009407","3.712079722","3.681679059","3.658961855","3.632021352","3.606652665","3.578465583","3.547713976","3.5257963","3.497444366","3.471634527","3.445558472","3.424865159","3.399951999","3.377817936","3.356853454","3.334663396","3.309354854","3.291513312","3.270363744","3.254817496","3.226474758","3.204907412","3.188330094","3.170364696","3.151637204","3.130443837","3.117076015","3.09752656","3.08067258","3.060309225","3.044983217","3.032599932","3.011375237","2.998892653","2.985009914","2.97172155","2.951366216","2.936928547","2.926243035","2.909974652","2.89777281","2.883729669","2.868583108","2.857498502","2.850486411","2.833654355","2.820746599","2.809041962","2.794154286","2.783237574","2.77504219","2.759969622","2.750178471","2.735431152","2.729467702","2.71707407","2.709633453","2.695867706","2.690980503","2.679224303","2.670482445","2.659976359","2.651866981","2.639400932","2.633555435","2.621309683","2.616571347","2.604517175","2.5987443","461-72-3","O=C1CNC(=O)N1","InChI=1S/C3H4N2O2/c6-2-1-4-3(7)5-2/h1H2,(H2,4,5,6,7)
","C1C(=NC(=N1)O)O"
"462-06-6","12.56729786","9.13680955","7.351284964","5.876494221","4.835377124","3.811983163","3.043574488","2.358793968","2.308749394","2.058613043","1.916894663","1.899874087","1.923051243","2.350284909","2.066342453","2.1134934","2.074313162","2.136571741","2.147212368","2.120521041","2.203460862","2.086062023","2.162108858","2.044555589","2.101882286","2.08303815","1.943904728","1.872707702","1.775801153","1.827609187","1.772581808","1.628737271","1.641837163","1.743130018","1.72821353","1.894127869","2.126567848","2.406696026","2.673384128","3.019978985","3.396870143","3.786186222","4.285787127","4.762082273","5.344009239","5.9719331","6.555047859","7.167249406","7.834709854","8.543953566","9.258917367","10.02917434","10.82729485","11.64418364","12.45479276","13.31096603","14.17267685","15.01455711","15.87654336","16.7732683","17.74698466","14.91083072","14.85329857","14.64507007","14.61737641","14.89870788","15.08765271","14.8377332","14.66883283","14.65747508","14.74348239","14.76056872","14.74483356","14.74258359","14.76121655","14.78280016","14.80291298","14.81587896","14.83606154","14.85647751","14.87866516","14.8959963","14.9264323","14.95191446","14.98354748","15.016795","15.0593873","15.09479796","15.1272181","15.16421966","15.19784463","15.23388007","15.2718239","15.31165333","15.34887148","15.38913043","15.43007165","15.47410546","15.51836756","15.56808972","462-06-6","FC1=CC=CC=C1","InChI=1S/C6H5F/c7-6-4-2-1-3-5-6/h1-5H
","c1ccc(cc1)F"
"462-08-8","66.89067287","56.26951127","52.58654951","48.86260856","46.57269301","44.27464333","42.19064414","40.19085589","38.12101234","36.23768061","34.48479691","32.74732184","31.04899238","29.4639101","27.99537827","26.46842832","25.12743104","23.68928449","22.48112589","21.22209093","20.00655036","18.91422788","17.8108953","16.63010891","15.75743997","14.69415028","13.79007175","13.0018486","12.04697402","11.29776293","10.56157499","9.828938164","9.070003841","8.496440148","7.839423094","7.344833206","6.831172074","6.327803707","5.982692037","5.507400416","5.274130824","5.17226582","5.067074412","4.993061161","4.909437002","4.934384626","4.937668974","4.970905879","5.019206452","5.060054932","5.15452007","5.305811645","5.403756947","5.548694716","5.720190006","5.875254805","6.056551979","6.32574354","6.581026715","6.843186666","7.135800476","7.429879577","7.733294624","8.024343633","8.506309937","8.895107578","10.01782312","9.806779217","9.507780122","9.204111337","8.933707218","8.701099651","8.493399524","8.337383019","8.114631033","7.903509925","7.726870458","7.588814667","7.507360088","7.335017226","7.189094157","7.079078575","7.022450636","7.046228347","6.927201073","6.795996009","6.713171217","6.694010919","6.791542782","6.850512683","6.750165321","6.678357404","6.682842062","6.737000981","6.742053622","6.724357949","6.722024981","6.732478892","6.740563572","6.750280632","462-08-8","NC1=CC=CN=C1","InChI=1S/C5H6N2/c6-5-2-1-3-7-4-5/h1-4H,6H2
","c1cc(cnc1)N"
"463-71-8","145.0926137","124.5838664","118.1396095","113.9372638","109.5042848","105.8667652","103.4085345","98.52420014","94.55845695","91.55470915","87.71494064","84.19660611","81.70142626","79.98128226","77.45711019","74.47691854","72.33165449","70.70336792","68.75086361","67.08719864","65.58604739","63.58572209","62.39828658","60.93612366","59.66616977","58.4286481","57.31827523","56.24337174","55.20137339","54.24830351","53.32825935","52.50714114","51.74018487","51.01814139","50.33594882","49.67728772","49.09110363","48.56280902","48.05047555","47.60548931","47.1847567","46.77476071","46.41305141","46.04047946","45.72609927","45.43788532","45.15324939","44.93039787","44.71853158","44.49436295","44.31122782","44.12699696","43.98719846","43.85145298","43.69250312","43.60921741","43.47505569","43.42771572","43.358327","43.25770445","43.23323861","43.15677033","43.14884342","43.11216826","43.08201661","43.06161456","43.03640164","43.05109201","43.04847769","43.03325442","43.04713335","43.07678146","43.0907697","43.09561395","43.15377015","43.18884718","43.1988015","43.21759904","43.28692519","43.31758001","43.35567555","43.39741386","43.44691393","43.5166503","43.55873257","43.60164558","43.65125803","43.69645924","43.77335004","43.80599635","43.87704184","43.92730154","43.97326065","44.03115937","44.08980403","44.14751859","44.21524966","44.26391899","44.32074079","44.37573193","463-71-8","ClC(Cl)=S","InChI=1S/CCl2S/c2-1(3)4
","C(=S)(Cl)Cl"
"4749-28-4","30.80809829","28.65562225","26.23379423","24.50362905","22.57268668","20.91665981","19.08422548","17.61729914","11.40018398","10.66580271","9.971942003","9.342113395","8.790532628","8.263627993","7.791293798","7.343390884","6.947673553","6.566330905","6.199613135","5.868752347","5.545353834","5.264721235","5.025396307","4.795678744","4.569448786","4.340440561","4.14627838","3.983406495","3.790655459","3.622746792","3.499956045","3.349548238","3.193618195","3.091717586","2.982955737","2.850563696","2.780673976","2.652188061","2.567821302","2.486156413","2.383361953","2.330358188","2.229521575","2.195673971","2.102140307","2.067027557","1.969205916","1.946792148","1.874944475","1.834056418","1.765738529","1.742144085","1.674443839","1.665866645","1.592194655","1.577080446","1.526973221","1.491308958","1.465966084","1.416351641","1.417438587","1.353097796","1.34876416","1.305060699","1.282349867","1.259724016","1.231023049","1.209940474","1.206593451","1.156401415","1.150732466","1.136410536","1.094513539","1.097540041","1.080995484","1.041859513","1.038309256","1.031891306","0.998558406","0.988546597","0.990239388","0.954853615","0.930310659","0.94324243","0.926219384","0.89360981","0.894514316","0.909333299","0.878002852","0.843357841","0.85518734","0.855482519","0.822630151","0.805738885","0.812249441","0.81909175","0.790041113","0.775707811","0.77380224","0.780622769","4749-28-4","CC(=C)[N+]([O-])=O","InChI=1S/C3H5NO2/c1-3(2)4(5)6/h1H2,2H3
","C=C(C)N(=O)=O"
"496-11-7","13.78150773","10.74486098","8.570376484","7.493995833","7.243215957","7.115613704","6.949111001","6.590692155","6.60867866","6.585071568","6.549302014","6.72060727","6.769577329","6.923374044","6.789183595","6.737682337","6.734793199","6.85798089","6.920448991","6.89382818","6.828044583","6.799400553","6.778959154","6.763699577","6.742575613","6.716265481","6.642674783","6.548308338","6.43849714","6.32537579","6.245047359","6.151622979","6.066265513","5.920257999","5.786265293","5.596446005","5.426708204","5.265051241","5.162435508","5.002010137","4.859601868","4.6790882","4.602368874","4.627367492","4.680214315","4.751777994","4.943725726","5.136070085","5.148834796","4.615459573","4.211997375","3.750802933","3.467634088","3.405365008","3.351657508","3.326883658","3.428489585","3.281963197","3.331507421","3.617701497","3.5955086","3.369697703","3.277377156","3.331288565","3.239575559","3.299291702","3.224641502","3.236570043","3.185841744","3.246180514","3.190390773","3.192838365","3.172026705","3.229659523","3.206734264","3.201648958","3.177229238","3.172237659","3.217363629","3.58873604","3.58292886","3.586033636","3.571061549","3.569665528","3.586737619","3.571114379","3.567738291","3.583373156","3.605961844","3.558525057","3.52382439","3.511833905","3.525567882","3.554467131","3.533628628","3.488971418","3.455977127","3.427596139","3.439787837","3.451540068","496-11-7","C1CC2=CC=CC=C2C1","InChI=1S/C9H10/c1-2-5-9-7-3-6-8(9)4-1/h1-2,4-5H,3,6-7H2
","c1ccc2CCCc2c1"
"496-14-0","170.5746302","156.7152879","144.6366274","131.6369502","123.8622803","119.406028","115.7835191","112.7628269","110.4713701","108.5906689","106.9713301","105.6065082","104.4556357","104.039312","102.9017558","101.0040242","100.2296248","99.59371512","99.09523081","98.76711187","99.56913684","99.49519637","99.51981313","98.55459443","98.92937547","99.18865382","100.4220033","100.7801666","101.1779437","101.5988997","100.8336293","101.2428587","101.6278126","101.9731163","102.2615753","102.4850076","102.612415","102.6086546","98.62232373","94.77209118","91.12618781","87.63881543","84.35023001","81.22067759","78.26833611","75.47581643","72.83456163","70.3427826","68.00398342","65.80055281","63.73110387","61.7947656","59.9890293","58.28924974","56.71289496","55.23554935","53.86194654","52.59065806","51.3964595","50.30687834","49.26239902","48.31315052","47.42429981","46.58618085","45.81337749","45.08728974","44.41002913","43.76967132","43.16741597","42.60542726","42.07340542","41.57127712","41.09424964","40.64512449","40.21565971","39.81059266","39.42674662","39.0548209","38.70099039","38.36389632","38.04031439","37.73348615","37.43460733","37.14890089","36.8747306","36.61156788","36.35297694","36.10932882","35.86530735","35.63965109","35.41374805","35.19972905","34.99331673","34.78771498","34.59282173","34.40830496","34.21416205","34.03620994","33.86780863","33.69719791","496-14-0","C1OCC2=CC=CC=C12","InChI=1S/C8H8O/c1-2-4-8-6-9-5-7(8)3-1/h1-4H,5-6H2
","c1ccc2COCc2c1"
"496-16-2","83.71959605","38.02725715","40.80052045","43.33488997","43.75108409","45.78225465","48.5419036","49.55185479","51.62294349","53.32313574","54.74664543","56.52050284","57.76157367","59.06837434","60.65099229","63.24796675","62.14805306","63.61551213","64.7774811","65.27397678","65.16840656","64.69563828","64.19401113","63.66867458","63.11000826","62.51637605","61.89100366","61.23243681","60.56110283","59.86196852","59.21615879","58.55163113","57.85726619","57.18621466","56.51867212","55.87292988","56.28363144","55.71932769","55.16967745","54.63369663","54.1189321","53.61693274","53.13724917","52.60185854","52.13518892","51.71100319","51.35357698","50.99673415","50.6790813","50.40119289","50.12690568","49.91698127","49.70966829","49.56091442","49.42750116","49.30120264","49.22210562","49.12917965","49.06670734","49.02082199","48.98025857","47.81332884","47.79377836","47.77282813","47.75546615","47.71541814","47.70646787","47.69424083","47.68167615","47.65942029","47.65203547","47.60767571","47.59276237","47.5543191","47.5020992","47.49554645","47.43084682","47.36616868","47.34449372","47.30787186","47.2503566","47.20036535","47.17397134","47.13710364","47.06193431","46.99020996","46.92737872","46.89091167","46.85941088","46.79880327","46.72352677","46.66069718","46.59789835","46.55009386","46.5026261","46.46225881","46.42999612","46.36953743","46.30609445","46.24184882","496-16-2","C1CC2=CC=CC=C2O1","InChI=1S/C8H8O/c1-2-4-8-7(3-1)5-6-9-8/h1-4H,5-6H2
","c1ccc2c(c1)CCO2"
"500-22-1","69.75376225","62.39705636","58.60572498","54.96535916","50.29968158","41.78609116","44.00446923","40.49670338","38.93013575","37.16740233","35.74935845","34.4671726","32.59602674","31.00850286","29.3969603","27.94673098","26.18367969","24.55666605","22.99749509","21.4119516","19.95647618","18.52644197","16.74082671","15.41972271","14.30269531","13.20572993","13.67411778","11.99811143","10.49369868","9.133372195","7.871620137","6.794361039","5.804771645","4.973027802","4.296290006","3.739845698","3.378719424","3.289088209","3.59210604","3.202834918","2.890419865","2.5544053","2.327456323","2.090559179","1.914704723","1.768743197","1.63395562","1.534600803","1.476405398","1.449093448","1.412313688","1.389432419","1.363604407","1.342894883","1.301844981","1.311002674","1.307138743","1.275946847","1.266583553","1.255158266","1.27561471","1.242810427","1.23614795","1.217424439","1.225407832","1.228001223","1.205926963","1.187201843","1.199706535","1.187603601","1.18858728","1.1721112","1.17308712","1.171656804","1.153929744","1.150118829","1.136079974","1.118515117","1.13161602","1.109893393","1.093449381","1.10453194","1.090586634","1.069274408","1.084046137","1.075918107","1.062679893","1.052980409","1.050092574","1.037312127","1.036830275","1.035991353","1.019014844","1.024354705","1.028756927","1.022648309","0.986365141","0.980529283","1.001908718","0.998356115","500-22-1","O=CC1=CC=CN=C1","InChI=1S/C6H5NO/c8-5-6-2-1-3-7-4-6/h1-5H
","c1cc(cnc1)C=O"
"503-30-0","54.74798867","36.22913604","27.61529427","22.48875636","17.93574812","18.14704347","16.20473359","18.33637744","20.35686487","22.04656964","25.133235","23.92608565","23.02028008","22.59041717","21.36583609","20.83846236","20.50984799","20.30013036","20.20935","20.18377972","20.19457295","20.22348697","20.25831939","20.29832211","20.32795561","20.3660796","20.38976364","20.41717699","20.43140141","20.44760359","20.4635568","20.46763873","20.4887887","20.48435445","20.48501108","20.50044074","20.48721705","20.48662319","20.49656982","20.47963799","20.47013142","20.4727301","20.47343207","20.4566599","20.44508489","20.44316857","20.43661663","20.42222798","20.41228477","20.40354943","20.39956268","20.38319547","20.36604864","20.3622718","20.35538083","20.34700456","20.32950831","20.30893552","20.30072824","20.29562701","20.29382304","20.28247991","20.2523852","20.24011857","20.23669577","20.23260857","20.21259154","20.19690385","20.1858165","20.18169246","20.16871052","20.16022001","20.15122202","20.14160452","20.12168845","20.10714097","20.10532904","20.10129631","20.09532552","20.07686004","20.0649753","20.05373579","20.04037992","20.03200578","20.0281673","20.02242921","20.02197149","20.0069557","19.9909886","19.97642691","19.96291765","19.95778569","19.95296426","19.94848667","19.9431755","19.93850602","19.93197462","19.92150602","19.91025789","19.89489972","503-30-0","C1COC1","InChI=1S/C3H6O/c1-2-4-3-1/h1-3H2
","C1COC1"
"504-24-5","25.09094372","20.7445143","18.6212016","17.21405595","16.33711042","15.73878901","15.24067325","14.90287687","14.61992428","14.49460528","14.31719897","14.26636677","14.2595741","14.26102295","14.29022033","14.34581844","14.45679667","14.53087306","14.63484941","14.78663458","14.93381097","15.112157","15.3026951","15.43219025","15.62981385","15.8702583","16.0705719","16.27071483","16.44242403","16.68499014","16.92514352","17.1393581","17.34576846","17.51188533","17.48715169","17.51730854","17.51509877","17.62476629","17.63976351","17.72204771","17.70985365","17.78807974","17.85177482","18.00845556","18.07342879","18.11589704","18.08364775","18.09348364","18.15750079","18.06728957","18.16013096","18.17817753","18.16628196","18.15960951","18.25551495","18.26274791","18.28629875","18.35450585","18.31537353","18.45428426","18.47422768","18.44001967","18.49581535","18.5806189","18.59664773","18.62272177","18.63932353","18.70488782","18.74443119","18.79574772","18.77352505","18.83838557","18.89119521","18.89934337","18.96311587","18.96910677","19.04984735","19.03629395","19.07030615","19.09938905","19.10384592","19.18321445","19.16137709","19.23814733","19.19305753","19.26988176","19.25929815","19.34068777","19.34270545","19.41003567","19.37453347","19.41843157","19.44126686","19.43830702","19.47211431","19.49530383","19.50877805","19.52330589","19.54858186","19.54863377","504-24-5","NC1=CC=NC=C1","InChI=1S/C5H6N2/c6-5-1-3-7-4-2-5/h1-4H,(H2,6,7)
","c1c[nH]ccc1=N"
"504-29-0","283.4594756","272.3369024","262.8841734","252.8014103","242.5120243","233.0465078","222.8149414","213.3290845","204.1180109","195.2361507","83.24396715","75.14998364","67.59423482","60.65390417","54.19409786","41.53929177","37.58815987","33.86184074","30.33160305","27.01524679","23.90669431","20.98393401","18.26550551","15.77663931","13.48329449","11.43702165","9.643848709","8.129971505","6.960385422","6.307712733","6.801759297","6.62135628","7.287843061","7.078667535","7.223931638","7.538937235","8.038731743","8.449787118","9.059675275","9.104492675","9.6244166","9.595547919","10.30237753","10.43656401","11.07644597","11.6214461","12.27511586","12.90161438","13.66173694","14.39720626","15.16753785","15.90609338","16.86464533","17.38878553","18.27708146","18.9494592","19.91810134","20.87991774","21.86756568","22.92644313","23.99020315","25.02829536","26.26970168","27.40730553","28.76872282","29.8739484","31.15009279","99.21079734","96.60187984","94.08989183","91.6262202","89.27954099","86.83856428","84.53094554","82.28258381","80.15381976","78.09260811","75.86703334","73.8164112","71.90583097","70.07125144","68.12784337","66.35812231","64.67116642","63.07064361","61.03107681","59.08893517","54.54403413","53.14791081","51.95380082","50.98298918","50.25403346","52.37699476","51.35933871","50.4444062","49.7096232","48.75908105","48.00047519","47.37740155","46.74839348","504-29-0","NC1=CC=CC=N1","InChI=1S/C5H6N2/c6-5-3-1-2-4-7-5/h1-4H,(H2,6,7)
","c1ccnc(c1)N"
"504-60-9","49.35898347","46.17900445","43.37497885","40.96937821","39.68166595","37.89640624","36.59143855","35.52744571","34.2584546","33.50477902","32.43232556","31.58705325","30.78534679","30.07987891","29.38166477","28.70889027","27.98646323","27.44388896","26.87509636","26.18754759","25.60495718","25.12287159","24.69528006","24.19530536","23.7514722","23.32989942","22.83198809","22.46937896","22.03610693","21.68250999","21.34289411","21.00903253","20.67078831","20.38412282","19.99667016","19.76229452","19.42356134","19.19051999","18.94495593","18.68793195","18.46921925","18.22205755","18.00366433","17.76008785","17.54354391","17.36750606","17.18857217","17.0001894","16.81953517","16.67253652","16.52975555","16.35347084","16.1728965","16.0494609","15.93387591","15.76160407","15.60723666","15.51910459","15.45206712","15.30506944","15.14759663","15.04507507","14.98180461","14.91140974","14.78857072","14.66525992","14.5653241","14.49233276","14.44088273","14.34908192","14.245988","14.16165585","14.10109166","14.06339767","14.02589077","13.97578293","13.8901898","13.80463797","13.71779621","13.64432259","13.60255947","13.59003561","13.5666753","13.53034994","13.47124091","13.41378093","13.34615992","13.27877504","13.22451575","13.19191219","13.17509515","13.15741144","13.14007386","13.1161038","13.08740783","13.05779548","13.01816164","12.97316689","12.92749353","12.88450572","504-60-9","C\C=C\C=C","InChI=1S/C5H8/c1-3-5-4-2/h3-5H,1H2,2H3/b5-4+
","C=C/C=C/C"
"5049-61-6","30.90751618","28.43636128","28.20202524","27.34852361","27.55455502","26.89532502","26.99247034","26.87075839","26.62656354","26.31244281","26.18728207","26.12817306","26.0473394","26.00258386","25.99562027","26.0216546","25.97700038","26.07852211","26.10508517","26.19024378","26.26990628","26.3807857","26.4474052","26.62571977","26.7383809","26.90535617","27.0696007","27.22882859","27.42346031","27.61523465","27.85445848","28.03637775","28.2428832","28.57012975","28.74330487","28.97567415","29.21723227","29.45676121","29.68716458","29.95368128","30.21993213","30.45743396","30.77070699","31.06591769","31.32592","31.6678827","31.99157658","32.26071478","32.55928677","32.86747839","33.16111944","33.45696862","33.78617859","34.08393109","34.41424723","34.74972173","35.06622758","35.38320527","35.68875921","36.01159093","36.32190353","36.63862346","36.96008111","37.27028175","37.44835182","37.48645962","37.68728321","37.88575769","38.08300425","38.28953927","38.49908238","38.68691163","38.89554737","39.12093155","39.32075488","39.52499765","39.75169121","39.96022017","40.15657977","40.38764358","40.58086805","40.78494532","41.00754813","41.29169789","41.48407946","41.63226823","41.80297658","41.97258194","42.11806957","42.28459533","42.42504324","42.58545013","42.72304062","42.88662541","43.02669289","43.17014591","43.30320158","43.44939516","43.58490076","43.71976222","5049-61-6","NC1=CN=CC=N1","InChI=1S/C4H5N3/c5-4-3-6-1-2-7-4/h1-3H,(H2,5,7)
","c1cnc(cn1)N"
"505-23-7","28.17112334","24.2167957","12.379008","10.3861885","10.62404817","10.98272437","10.2154918","10.51046501","10.96995764","10.49349836","10.51623426","10.79773869","10.39656456","10.24097889","10.22526004","9.719121164","9.513897595","9.434338682","8.850073655","8.694548745","8.368452406","7.701139342","7.470275852","7.20524849","6.936471225","6.480339567","6.197492029","5.798006907","5.456643613","5.110559537","4.772493149","4.494118272","4.192830652","3.77989833","3.350759037","2.947373592","2.517424381","2.181344258","1.908206791","1.596648497","1.361434024","1.175710642","1.035697013","0.973501586","1.053320392","1.199218973","1.374134993","1.165244282","1.072437296","0.992357133","0.955263436","1.015274549","0.902060697","0.856345479","0.862851675","0.856743008","0.917340986","0.939338186","0.926447506","0.92539069","0.933341202","0.943898692","0.953711983","0.965211349","0.975522627","0.978566911","0.983947012","0.996149663","1.009609286","1.017387602","1.034871899","1.069941135","1.103391907","1.12387655","1.145165271","1.171575485","1.199072339","1.22027142","1.242223054","1.264152238","1.286911308","1.30711313","1.327291406","1.350251754","1.371871678","1.391255295","1.409048916","1.427787763","1.446802801","1.465826717","1.482736174","1.49805445","1.512888861","1.528150592","1.543073148","1.558166353","1.57332451","1.587003215","1.600282386","1.613742845","505-23-7","C1CSCSC1","InChI=1S/C4H8S2/c1-2-5-4-6-3-1/h1-4H2
","C1CSCSC1"
"505-29-3","33.44556327","25.43768449","19.83011234","16.63286655","14.83239087","13.75381426","12.41764432","11.33825834","10.26334757","9.403633062","8.696847403","8.111274683","7.41159573","6.935636893","6.388960193","5.913963373","5.530613014","5.181407436","4.801387493","4.506037792","4.202551723","3.919348727","3.671385204","3.45376353","3.245769777","3.058077769","2.878834266","2.729605428","2.560880288","2.416096293","2.320435067","2.21834636","2.036138601","1.966881474","1.92769935","1.774813025","1.756426005","1.629575684","1.583553413","1.55370176","1.449646033","1.430187599","1.351426449","1.348852025","1.291107298","1.248796179","1.212807446","1.202444956","1.164209024","1.152142098","1.094636278","1.076978734","1.054531769","1.042048731","1.055766652","1.017183424","0.997640623","0.982519493","0.960806654","0.995101521","0.999110722","0.983018687","0.978974678","0.996825632","0.999445076","1.014220279","1.043735646","1.037517828","1.044396077","1.063514095","1.085543129","1.092752255","1.115245818","1.14600918","1.160395528","1.172398453","1.189392022","1.221748318","1.229455562","1.242868246","1.244128507","1.287623066","1.321152041","1.352336539","1.348720525","1.337085531","1.346880379","1.395323453","1.459227453","1.481111574","1.474089004","1.452030445","1.433362079","1.450295203","1.50062026","1.562324147","1.612049576","1.626606231","1.602030511","1.579417145","505-29-3","C1CSCCS1","InChI=1S/C4H8S2/c1-2-6-4-3-5-1/h1-4H2
","C1CSCCS1"
"507-40-4","23.69486975","17.01252203","14.25809024","14.23901712","13.20287672","13.47225911","13.19890589","13.35147863","16.8085524","16.22852102","15.55508009","18.00942843","16.86746712","16.08914805","15.3483401","14.61558961","13.04922556","13.49251688","12.77806564","12.24128571","11.71102542","11.27682892","10.86520376","10.50174252","10.17860337","9.961222334","9.686850265","9.617075573","9.490039768","9.489398625","9.551233534","9.727830803","10.07254091","8.592690831","7.706980709","7.419878124","7.058454405","6.799499587","6.44434976","6.170300027","5.828301586","5.599625541","5.325140879","5.109145719","4.82526002","4.611251347","4.422758211","4.176248901","3.965369749","3.821596972","3.626481666","3.508472861","3.410420381","3.227981489","3.19256041","3.084146567","3.028519637","2.958772208","3.061069665","2.877070075","2.975993821","2.925109202","3.006699609","2.998022366","3.081153609","3.072411632","3.111794017","3.124468056","3.105614862","3.127756448","3.166640098","3.183099468","3.24419009","3.201057204","3.219840634","3.240478843","3.256801788","3.286742162","3.328159694","3.312845037","3.303498632","3.308859574","3.311811334","3.325663738","3.344829108","3.364069551","3.38986829","3.361468715","3.35511262","3.359774193","3.357270356","3.366772117","3.377576534","3.386752733","3.398455035","3.42471869","3.42153108","3.401248446","3.402815577","3.403103883","507-40-4","CC(C)(C)[Cl]=O","InChI=1S/C4H9ClO/c1-4(2,3)5-6/h1-3H3
","CC(C)(C)[Cl]=O"
"51-17-2","257.243217","231.6970785","211.7867477","189.5986828","181.5335281","176.0589621","171.551205","166.9352321","162.4729459","158.2264213","154.2073206","150.6123768","147.50774","144.8430429","142.5627318","140.6461503","139.0436086","137.8086669","136.9015088","136.2881195","136.0637029","136.1458398","135.5789739","135.2543955","135.1320229","135.2336233","135.5413391","136.0802799","136.8565525","137.9150954","139.2595206","140.7275919","142.3036017","144.394752","146.1489867","147.7173458","149.3716263","150.9330047","152.384888","153.716965","154.9156957","151.0373633","147.2750373","143.8023178","140.6230842","137.6983925","135.0403763","132.5989309","130.3738302","128.4093394","126.6029982","124.9766389","123.5261764","122.2493424","121.1111307","120.1049728","119.2173734","118.4394995","117.7688848","117.1690563","116.6505508","116.198231","115.8109489","115.463445","115.1426703","114.8836527","114.6569506","114.4599112","114.2883729","114.1179992","113.989447","113.8648154","113.7602562","113.6563774","113.5740591","113.4939879","113.4092489","113.3402737","113.2878066","113.2167272","113.1818851","113.1373309","112.9944863","112.956193","112.8692488","112.8330697","112.77501","112.7301599","112.6842165","112.6182528","112.567371","112.5177833","112.4563491","112.3773485","112.3234589","112.3180211","112.2405165","112.194976","112.123644","112.0581758","51-17-2","N1C=NC2=CC=CC=C12","InChI=1S/C7H6N2/c1-2-4-7-6(3-1)8-5-9-7/h1-5H,(H,8,9)
","c1ccc2c(c1)nc[nH]2"
"513-44-0","19.36616493","13.74897394","4.449352771","3.527469193","2.9224391","2.53876356","2.120811097","1.83231421","1.626794632","1.509073407","1.420885875","1.356665889","1.286404017","1.223992351","1.133082669","1.056722262","0.992859566","0.917656454","0.903180225","0.870978425","0.841213378","0.853270054","0.838145952","0.773392143","0.711383433","0.700037622","0.664126588","0.679742418","0.668630641","0.637157424","0.640315483","0.624233738","0.618597581","0.57946435","0.555813266","0.535839489","0.520167234","0.525832268","0.524183051","0.532082989","0.514517068","0.503312682","0.497508909","0.490816496","0.484840216","0.458497442","0.465434058","0.454603222","0.440866987","0.455653952","0.451731163","0.415473347","0.447794169","0.416822207","0.432124775","0.424292207","0.40698642","0.411658839","0.397813662","0.410168476","0.38935572","0.415973196","0.375221158","0.411215418","0.374521006","0.390861522","0.358908673","0.385380934","0.371708401","0.346021301","0.379585061","0.364404169","0.375671539","0.353992345","0.346689515","0.364682568","0.349260726","0.35705173","0.357310192","0.343986686","0.353501458","0.33843824","0.328742124","0.335700018","0.326632037","0.315511995","0.337467141","0.359521963","0.343973998","0.33117337","0.344605464","0.333302572","0.306391945","0.304181437","0.328078756","0.32775352","0.323315803","0.317978806","0.332694266","0.332743858","513-44-0","CC(C)CS","InChI=1S/C4H10S/c1-4(2)3-5/h4-5H,3H2,1-2H3
","CC(C)CS"
"516-06-3","2.544056271","2.137833417","2.252562506","2.435606713","2.526608136","2.614713864","2.671745405","2.648371231","2.68566079","2.710642323","2.61887247","2.597556034","2.481211957","2.452930806","2.380659076","2.339324938","2.297958457","2.216574379","2.151435987","2.108236454","2.064325074","2.018899014","1.952053058","1.914908048","1.878996421","1.840156161","1.795259155","1.744554518","1.718566629","1.688799011","1.653325418","1.622388859","1.597198979","1.578679753","1.550732915","1.521238586","1.501623304","1.484906705","1.466690342","1.450289797","1.430162815","1.411478797","1.395273268","1.380357631","1.360572","1.354301076","1.343691168","1.316732278","1.315787542","1.299788915","1.287090063","1.283873189","1.261127019","1.26510807","1.242821185","1.25573932","1.225014741","1.230329868","1.211473825","1.212767981","1.207305695","1.190028757","1.193353423","1.180112326","1.182049395","1.175452372","1.161108665","1.159415257","1.156867802","1.147756762","1.147680244","1.136893757","1.13220137","1.139645332","1.135260552","1.114878292","1.110382197","1.124669247","1.127807926","1.108402189","1.090184712","1.092148434","1.110220604","1.107311493","1.085932407","1.074353634","1.077066608","1.087513176","1.091578937","1.085410601","1.076603691","1.069526719","1.065942","1.065730135","1.069114316","1.064718562","1.062707923","1.062944902","1.06476497","1.06629552","516-06-3","CC(C)C(N)C(O)=O","InChI=1/C5H11NO2/c1-3(2)4(6)5(7)8/h3-4H,6H2,1-2H3,(H,7,8)
","CC(C)C(C(=O)O)N"
"52-90-4","2.944421028","2.272244281","2.488840768","2.381279945","2.463984783","2.601868414","2.669005949","2.727895657","2.744904771","2.782593726","2.788375047","2.7441027","2.794391964","2.759848822","2.776704953","2.733647439","2.745487547","2.713476127","2.702641266","2.689942349","2.666647151","2.641665267","2.624679809","2.60754748","2.586252142","2.565108239","2.547416326","2.526798723","2.511239631","2.4960312","2.472346965","2.458419296","2.440301807","2.421440854","2.400957613","2.387162904","2.369343032","2.347224372","2.333216388","2.321023619","2.308948955","2.293338431","2.283853059","2.266537623","2.249982136","2.236558122","2.225138518","2.208346738","2.197430438","2.186021476","2.172252987","2.157783459","2.150336891","2.139581284","2.127624392","2.116156613","2.104883291","2.098078707","2.078986525","2.078787863","2.062994255","2.053109714","2.045177939","2.037090877","2.02612076","2.021478381","2.011916503","2.002191858","1.996527737","1.985181267","1.975663452","1.968413698","1.9669309","1.952327103","1.947406115","1.941710308","1.930894218","1.928890454","1.922589832","1.910080035","1.910493659","1.902971853","1.894041204","1.883323388","1.881077349","1.87418897","1.865796935","1.864317522","1.85843782","1.852011028","1.847137867","1.844427164","1.839240985","1.834273368","1.828061356","1.822909953","1.818017691","1.815933033","1.807809286","1.805822442","52-90-4","NC(CS)C(O)=O","InChI=1/C3H7NO2S/c4-2(1-7)3(5)6/h2,7H,1,4H2,(H,5,6)
","C(C(C(=O)O)N)S"
"526-73-8","45.41151559","36.91298129","32.60487843","29.27418017","26.50090525","24.57476121","22.74500482","21.03103328","19.69268125","18.29453128","17.3007558","16.35286709","15.27232855","14.56256405","13.7537293","13.02675362","12.41756315","11.75670016","11.2563728","10.71070969","10.20274125","9.651490358","9.306002464","8.806937587","8.419529711","7.967409373","7.604513698","7.181608662","6.881407598","6.502877607","6.177380088","5.837182377","5.519798036","5.229621051","4.922077098","4.692306833","4.40380773","3.992574249","3.5499588","3.228019346","2.867025959","2.579938397","2.345798839","2.143286169","2.069869439","2.085618773","2.115276458","2.194897431","2.14964805","2.273072072","2.41456509","2.585808258","2.760245632","2.936919658","3.142395717","3.338588092","3.558349609","3.77244449","4.011760872","4.28693499","4.533468064","4.855550122","5.128906113","5.475333755","5.776331096","6.115716768","6.435606261","6.804925658","7.09294585","7.468688514","7.791432724","8.090447438","7.999313704","8.039727085","6.91743893","6.913184652","6.911692878","6.906521516","6.910175186","6.909999576","6.917430681","6.89161274","6.894721262","6.886928176","6.894256393","6.899027848","6.892488403","6.900545725","6.884854738","6.883714505","6.872740023","6.869593615","6.861800198","6.866440884","6.864924133","6.869235585","6.872757713","6.878389743","6.875781654","6.878009431","526-73-8","CC1=CC=CC(C)=C1C","InChI=1S/C9H12/c1-7-5-4-6-8(2)9(7)3/h4-6H,1-3H3
","Cc1cccc(C)c1C"
"52682-05-0","7.340958762","3.817903846","2.925077134","1.931490026","1.344308986","1.453052545","1.45542225","1.330129451","1.02278808","0.835530796","0.887168971","0.960802052","0.912330678","0.737330072","0.624476418","0.697589282","0.737107432","0.707242958","0.640948859","0.572231059","0.553631004","0.633365766","0.609397683","0.59543498","0.491204879","0.493987288","0.465547118","0.578928674","0.510176442","0.526604568","0.462322969","0.419023416","0.511794676","0.468138631","0.486151667","0.504811228","0.411304419","0.390024952","0.442309923","0.429177328","0.413905305","0.457672767","0.491015528","0.436954479","0.376015287","0.351377076","0.419003162","0.447100311","0.422091859","0.393486946","0.384054896","0.412646886","0.424295736","0.398374128","0.373923849","0.371454973","0.381565715","0.405738612","0.418197559","0.416160302","0.382232338","0.367433092","0.353444045","0.342615095","0.352872956","0.388556017","0.402571527","0.413925538","0.417940218","0.394693969","0.364801482","0.343476503","0.33925633","0.338210887","0.344798041","0.351863121","0.365671632","0.378856173","0.382078092","0.383628538","0.381213497","0.379705747","0.371919272","0.36150849","0.360575047","0.353391508","0.351450259","0.352004551","0.344794896","0.347715862","0.350664284","0.353376847","0.35281155","0.355318389","0.358050982","0.36119818","0.366574385","0.368966536","0.37499051","0.376256708","52682-05-0","None","InChI=1S/C6H10N2/c1-6-3-2-4-8(6)5-7/h6H,2-4H2,1H3/t6-/m0/s1","C[C@H]1CCCN1C#N"
"52730-19-5","5.122465871","3.054887085","2.336693888","1.721835979","1.34721855","1.140769937","1.043248038","0.981441116","0.903427529","0.800032869","0.729665254","0.683663642","0.640569055","0.619119483","0.607505442","0.550856503","0.500980268","0.51175368","0.502750508","0.480241067","0.453254503","0.443214023","0.420761307","0.397026353","0.447589399","0.34670871","0.411121889","0.386903315","0.391468168","0.317433595","0.442119334","0.348699817","0.334010378","0.338353777","0.367462499","0.356076763","0.302746874","0.367145654","0.328538845","0.322234786","0.380781859","0.360608139","0.272285378","0.319782144","0.394252331","0.337958782","0.297021663","0.330301093","0.343189916","0.29629973","0.298006562","0.35530087","0.360919711","0.31026504","0.280694734","0.298203253","0.336271893","0.34668149","0.329895828","0.320988143","0.331799682","0.343756334","0.355649039","0.332191533","0.308627073","0.298876951","0.309698913","0.319456226","0.336148824","0.339019483","0.334507689","0.338260575","0.374814157","0.37993603","0.367009362","0.350379815","0.312014537","0.289511588","0.28761023","0.288282161","0.319392018","0.359700333","0.39588803","0.407979167","0.404618617","0.378129716","0.345072506","0.315299503","0.296539616","0.286568783","0.302596796","0.327166928","0.355991144","0.38584331","0.412695871","0.434839222","0.428118209","0.416137824","0.393867584","0.368342475","52730-19-5","None","InChI=1S/C5H8N2/c1-5-2-3-7(5)4-6/h5H,2-3H2,1H3/t5-/m0/s1","C[C@H]1CCN1C#N"
"5275-46-7","8.009865851","4.425053948","3.041106032","2.340643333","1.920704958","1.657624554","1.432477884","1.242278813","1.136371389","1.057655441","0.971692251","0.898136469","0.847586086","0.806739159","0.758169725","0.740616764","0.682618096","0.664001919","0.628243492","0.616377555","0.579255675","0.583869873","0.557202023","0.530393123","0.538446999","0.51293582","0.505854689","0.495568221","0.50561031","0.49414689","0.465095455","0.448678438","0.443156416","0.441375752","0.442031453","0.416329109","0.402945388","0.397676098","0.393657733","0.408198525","0.398376358","0.401213929","0.404591931","0.382420817","0.372307704","0.389309914","0.39168266","0.389365592","0.356377348","0.355667132","0.363422003","0.385957473","0.367621084","0.352142361","0.352952636","0.339652882","0.367123701","0.356141796","0.342589507","0.354138693","0.327600996","0.342161363","0.382690411","0.306588604","0.336435423","0.360631434","0.348078232","0.300803921","0.35173271","0.337741569","0.330068046","0.338620461","0.320515407","0.331464533","0.359363067","0.294786751","0.387511","0.296923336","0.351656258","0.343414101","0.330078474","0.346188233","0.321019475","0.363333335","0.314963302","0.344951391","0.371172643","0.301951064","0.352583774","0.363686368","0.30424228","0.349845748","0.371760433","0.326264762","0.330662825","0.352551067","0.330291206","0.332565478","0.346852768","0.350520658","5275-46-7","CC(C)(N=O)[N+]([O-])=O","InChI=1S/C3H6N2O3/c1-3(2,4-6)5(7)8/h1-2H3
","CC(C)(N=O)N(=O)=O"
"529-19-1","176.8122302","166.7886991","151.7944855","141.094485","135.0642645","130.4702451","126.3110145","123.0121554","120.1707669","117.7275185","115.7149678","113.9586902","112.4689527","111.1867167","109.9186879","108.9718876","107.734324","107.0047727","106.1353406","105.0402229","104.3071784","104.1527899","101.7080663","100.4147855","101.3165371","100.6230461","100.4872549","100.4372663","99.37969236","98.42121127","97.71669228","97.47649738","97.01412807","96.58106459","96.32088867","96.17679165","96.46702131","96.86902651","97.283336","97.74785069","96.40284938","96.88581743","97.40687661","97.95475517","100.4161356","101.0803447","101.7700079","102.5121558","103.29694","103.3055831","102.7629565","102.4993622","102.480948","102.6867793","103.1040115","103.6648088","104.3017404","104.9935567","105.7609487","106.5491225","107.3602807","108.1884316","109.0469832","109.9087523","110.7763869","111.6642324","112.5236467","113.4066127","114.2873903","115.1460181","116.0058499","116.8735221","117.7156618","118.5551177","119.367194","120.1753662","120.9663679","121.7328405","122.4850504","123.2179353","123.936012","124.6242401","125.2959103","125.9509162","126.5789763","127.1842736","127.7634227","128.3367483","128.8680683","129.3815578","129.8783158","130.3445103","130.7915796","131.2176389","131.6277467","132.0242655","132.3813469","132.7400637","133.0657912","133.3795638","529-19-1","CC1=CC=CC=C1C#N","InChI=1S/C8H7N/c1-7-4-2-3-5-8(7)6-9/h2-5H,1H3
","Cc1ccccc1C#N"
"533-37-9","87.94402902","86.66934384","85.31539007","83.04765948","80.97521051","78.97209655","77.10782322","75.4217669","73.96692356","72.62857764","71.53367523","70.59385698","69.73772082","69.0220161","68.41652404","67.89953769","67.51536836","67.1997792","66.99361344","66.88267059","66.84253136","66.87827426","69.53407532","69.58410848","69.72895577","69.95241767","70.23909039","70.21375547","69.66196802","69.10313647","68.51382078","67.88867766","67.2626519","66.61334571","65.94818152","65.25432456","64.5686896","63.87472107","63.17501459","62.48092493","64.75807588","64.05378479","63.35697925","62.69812423","62.04864029","61.44115234","60.87713414","60.37257005","59.93696084","59.5829631","59.34859355","58.66579845","58.87591143","58.47200923","58.0605258","57.6604613","57.39650255","57.53998983","57.82079222","57.86012412","57.97226343","58.17066479","58.19503225","58.31932682","58.4671873","58.55239859","58.5749976","58.56664149","58.62353173","58.70208526","58.7388767","58.77529331","58.84191422","58.9126173","58.93992971","58.9675792","58.9965259","59.02872929","59.05694738","59.08622661","59.12224349","59.14794389","55.92324542","55.94568483","55.95258184","55.96791722","55.9969445","56.04395684","55.61811849","55.61635594","55.60636952","55.60253605","55.62038063","55.63705234","55.3529912","55.35879121","55.35838829","55.35682507","55.34910349","55.34147788","533-37-9","C1CC2=CC=CN=C2C1","InChI=1S/C8H9N/c1-3-7-4-2-6-9-8(7)5-1/h2,4,6H,1,3,5H2
","C1Cc2cccnc2C1"
"533-75-5","1002.053134","976.9305582","954.6547199","932.5917714","909.8022107","888.2094247","869.589203","851.1593803","833.9537798","816.4659248","799.3265075","782.5124412","766.0340389","749.944266","734.2322746","718.9682346","704.1691657","689.857678","675.9847556","662.6206517","649.7394822","637.2844295","625.3401907","393.1494971","383.8371613","374.8864127","366.2647672","358.0921996","350.7560037","342.7379192","335.6171268","328.9203415","322.101468","315.2816994","308.7882938","302.4658866","296.2900298","290.2418599","284.3808134","278.6855142","273.1443463","267.7825772","262.5622464","257.4988662","252.5942821","247.8367743","243.231196","238.7385344","234.3250323","230.0362086","225.875588","221.849621","217.9504115","214.1675265","210.5140349","206.9710085","203.5465804","200.2486871","197.066627","193.9891484","190.8968309","187.9064048","185.0138587","182.224366","179.5399248","176.9559265","174.4711461","172.0968236","169.8156193","167.6445433","165.5773582","163.5888448","161.6079964","159.7142244","157.9280089","156.2383922","154.6625387","153.1871248","151.8203252","150.5679248","149.4229073","148.4115131","147.5241362","146.7685993","146.1456108","145.6333243","157.9015507","156.8677648","155.9005947","154.9894033","154.136998","153.3511359","152.6419942","151.9916625","151.3837327","150.8689506","150.3979947","150.0063667","149.695333","149.5569568","533-75-5","OC1=CC=CC=CC1=O","InChI=1S/C7H6O2/c8-6-4-2-1-3-5-7(6)9/h1-5H,(H,8,9)
","c1ccc(c(=O)cc1)O"
"534-22-5","19.35447765","10.64631616","7.32428756","5.696915981","4.66875176","3.97132634","3.43795267","3.018451642","2.722805724","2.492876136","2.283452073","2.138415565","1.969791635","1.840909285","1.701686981","1.605106234","1.515505394","1.459214679","1.406213172","1.34256714","1.286412146","1.221383751","1.176553329","1.127490644","1.090623949","1.064399551","1.038208811","1.008843021","0.998256236","0.956425205","0.908817351","0.910890173","0.885284952","0.860001052","0.861760512","0.831911156","0.833123822","0.798512827","0.793780718","0.763832033","0.775108993","0.738928537","0.761920032","0.725966404","0.740954916","0.72449534","0.717680139","0.702384875","0.693520785","0.692082376","0.65262255","0.658539833","0.676775025","0.668164622","0.668842585","0.655511303","0.630191916","0.64230992","0.649933281","0.637738137","0.635478511","0.651661709","0.63047735","0.610323338","0.615177052","0.618079233","0.608687472","0.608554926","0.600543372","0.615083311","0.603187707","0.593174533","0.603091487","0.603091086","0.603714244","0.600380609","0.595258705","0.594707489","0.603446877","0.601988496","0.604218145","0.596032612","0.596623995","0.600801843","0.60151305","0.60603422","0.596814322","0.594783307","0.589184659","0.583904795","0.589688237","0.59475957","0.594228115","0.606229596","0.595842981","0.591593566","0.593359696","0.583550508","0.588753101","0.602778543","534-22-5","CC1=CC=CO1","InChI=1S/C5H6O/c1-5-3-2-4-6-5/h2-4H,1H3
","Cc1ccco1"
"536-74-3","53.36928955","51.57370821","46.23783137","43.92504334","40.86930414","38.33729203","35.50710483","33.11125373","30.98445376","29.21977961","28.46035267","26.38829824","24.2387601","24.50818453","23.76299931","23.17946086","22.80776158","22.51470589","22.24764913","22.03387629","21.81927003","21.61141131","21.46377602","21.27024496","21.09293816","20.92544434","20.77474545","20.63280525","20.49224157","20.35531973","20.22277475","20.10655686","19.98419064","19.87866988","19.78113877","19.6748664","19.57531004","19.48351039","19.394538","19.31642345","19.23084459","19.16012474","19.09758962","19.02539417","18.95330352","18.88282859","18.81940512","18.76805147","18.71549899","18.66723337","18.61868892","18.57271547","18.53901395","18.4954655","18.45330823","18.40557561","18.36397202","18.32076304","18.28918979","18.25492881","18.22526363","18.19931937","18.16955218","18.1398296","18.1118899","18.08124657","18.05882233","18.03494487","18.00603451","17.98311426","17.96137539","17.94086895","17.91625128","17.89519841","17.87631187","17.85596202","17.84419304","17.83349965","17.81654574","17.79942821","17.78317722","17.76749886","17.7580337","17.74934344","17.73791049","17.7228184","17.70719285","17.69448268","17.68571005","17.67622238","17.67188965","17.66810133","17.66184474","17.65222984","17.63872546","17.62515849","17.61323782","17.60218273","17.59404579","17.58802378","536-74-3","C#CC1=CC=CC=C1","InChI=1S/C8H6/c1-2-8-6-4-3-5-7-8/h1,3-7H
","C#Cc1ccccc1"
"536-75-4","153.8398048","139.966861","129.3335343","119.3728753","110.6199602","102.6339503","98.13199576","94.29603258","92.18441288","91.22865255","90.2059619","89.18672553","88.29211813","87.52039796","86.87708936","86.3128069","85.84492895","85.52036419","85.27523148","85.12876316","85.14248984","85.24502618","85.42241253","85.76825917","86.18765842","86.77085289","87.51315731","88.33929376","89.49297136","90.3517566","91.14512209","92.01217549","92.92378654","93.84780754","94.84745619","95.84157089","96.86232861","97.86179684","98.88609814","99.90427553","100.878869","101.8153398","102.7242903","103.5680963","104.3328469","104.9790441","101.0206592","96.70707239","92.64828891","88.82594774","85.20549942","81.80643892","78.64628199","75.68077146","72.92874454","70.39806166","68.05161467","65.91644826","63.94881447","62.16720935","60.55214013","59.10800896","57.7969332","56.63274098","55.57557931","54.64080632","53.79196985","53.02270936","52.33794008","51.72682703","51.14555201","50.62806608","50.13775869","49.70613489","49.2872792","48.9028551","48.54712864","48.21799775","47.89623426","47.59829432","47.31468652","47.03971677","46.7936285","46.54751986","46.3178222","46.09054922","45.87947015","45.67018636","45.47159011","45.28256074","45.09359687","44.91999172","44.74515561","44.57690728","44.41184868","44.24968185","44.1001833","43.96747255","43.82015134","43.69355686","536-75-4","CCC1=CC=NC=C1","InChI=1S/C7H9N/c1-2-7-3-5-8-6-4-7/h3-6H,2H2,1H3
","CCc1ccncc1"
"536-78-7","99.50142918","68.08434565","62.74675942","58.20986419","54.17090045","50.4429664","47.20787837","44.2073335","41.54079553","39.13116227","36.90242183","34.91191714","33.0379841","31.35543544","29.83233928","28.38084146","27.10152005","25.90094615","24.86572302","23.90347202","23.01775411","22.2042109","21.45086494","20.74754622","20.12237505","19.53530747","19.03836409","18.53981802","18.10091223","17.6869929","17.3393137","17.00833922","16.67259444","16.3871428","16.13154223","15.89090988","15.67984035","15.4610447","15.28434689","15.11104068","14.94712448","14.80034816","14.66461711","14.55525051","14.41757095","14.3118846","14.21779395","14.1266905","14.04124716","13.96931191","13.88760621","13.83232041","13.76370645","13.71652924","13.66009443","13.60502665","13.56838673","13.50253352","13.50014043","13.42535255","13.39884863","13.38555029","13.33049698","13.32630951","13.27652282","13.26369743","13.25186015","13.20704256","13.20706663","13.18785833","13.15711441","13.14804474","13.15919798","13.1278195","13.1083719","13.10619953","13.1080772","13.08559507","13.0826041","13.07908187","13.06912482","13.05593399","13.04579865","13.05110838","13.05418688","13.04316215","13.02687855","13.01830296","13.0211466","13.03677384","13.03683673","13.02238828","13.00946726","12.99400688","12.99269351","13.00047435","13.0141134","13.01145225","13.00353486","12.99647544","536-78-7","CCC1=CC=CN=C1","InChI=1S/C7H9N/c1-2-7-4-3-5-8-6-7/h3-6H,2H2,1H3
","CCc1cccnc1"
"539-80-0","608.4715907","592.7740425","579.584454","571.7075983","564.8172373","556.4570501","547.0401969","538.3200238","528.0078146","517.4276641","506.7859437","495.9503216","475.0542647","463.0581461","451.4090375","440.0340131","428.9363383","418.1033213","407.4787234","397.0897768","386.9026112","376.9113578","367.1480449","357.5917734","348.2472987","339.1148308","330.190768","321.4707123","312.9741603","304.7025552","296.647886","288.7980956","281.1812418","273.7880415","266.6129302","259.6683312","252.9578258","246.474709","240.2352615","234.2329514","228.4726553","222.9748511","217.7254433","212.744857","208.0452177","203.6306525","199.5179374","195.7083931","192.0393531","188.5323424","185.0289606","181.8337468","178.5048192","175.5918876","172.544265","169.6521631","167.2582401","164.507498","161.8665393","159.8752038","158.4245778","155.500072","153.3173355","152.2306993","151.0152819","149.0874424","146.9520565","145.1486156","143.7532495","142.4412139","141.0701014","139.6009451","138.0669385","136.5307233","135.0472364","133.6282903","132.271237","130.9576804","129.679114","128.4199473","127.1874983","125.9745161","124.7893296","123.6263815","122.493495","121.3839442","120.303592","119.2460029","118.2128782","117.2016401","116.2157988","115.2490667","114.3068546","113.3825464","112.4798354","111.5962198","110.7292024","109.8818828","109.051145","108.2322164","539-80-0","O=C1C=CC=CC=C1","InChI=1S/C7H6O/c8-7-5-3-1-2-4-6-7/h1-6H
","c1cccc(=O)cc1"
"540-80-7","377.3388987","348.0976261","341.8328857","342.260573","344.7458902","310.4575651","303.9510058","303.9743924","298.5399154","296.1990331","292.6721438","294.5979922","299.6487017","306.6675833","312.115581","319.4588573","327.9842025","336.8457891","346.0257003","357.4948685","368.4795462","379.9228854","391.3984795","400.2023957","410.6858185","419.0972737","420.6620746","418.3414532","416.2679458","414.3959019","412.7519226","411.307212","410.0461223","408.9568822","408.0035265","407.2094001","406.5095974","405.9652893","405.4738887","405.1350136","404.8143658","404.6302194","404.4815249","404.3920796","404.422762","404.4282558","404.5646661","404.6805925","404.889572","405.1587052","405.3821478","405.7364758","406.0605542","406.4458019","406.9009335","407.3091648","407.8513441","408.313062","408.8610421","409.4451374","410.0052452","410.7057859","411.0303674","410.7124271","410.5154153","410.1801544","409.9164286","409.7765328","409.5082297","409.2623521","409.1399957","409.0122272","408.8080722","408.715198","408.7420089","408.6115417","408.485062","408.4672933","408.6019381","408.5574303","408.5883813","408.7378499","408.986683","409.0105161","409.1768786","409.4438304","409.7634623","409.6150526","409.5132393","409.5546798","409.7468566","410.0949359","410.6298138","411.3673179","449.3352626","447.9798565","446.6863016","445.4940344","444.3848336","443.3716667","540-80-7","CC(C)(C)ON=O","InChI=1S/C4H9NO2/c1-4(2,3)7-5-6/h1-3H3
","CC(C)(C)ON=O"
"541-47-9","11.69194149","16.36416734","18.56819712","21.07383214","22.48189679","23.89681074","24.21470889","24.32534531","24.14938567","23.63544179","22.91067093","21.97890778","21.04935742","19.89417055","18.7304406","17.56263591","16.46549061","15.44945909","14.53231145","13.77824673","12.88185494","12.27796495","11.96662594","11.52205968","11.17806046","11.20257628","11.54941617","11.44988482","11.46554501","11.5044822","11.5004818","11.50684753","11.50937368","11.51499477","11.52159787","11.52061339","11.52191788","11.52692098","11.52563953","11.52623077","11.52276453","11.52008948","11.51828973","11.51301726","11.51131018","11.5043035","11.50142522","11.49250807","11.48834306","11.47874439","11.47153797","11.46306663","11.45292689","11.44448844","11.43555155","11.42571587","11.4133258","11.40211299","11.39371126","11.37811934","11.11729283","11.09245357","11.06477152","11.03884527","11.01165149","10.98551152","10.96354425","10.93718286","10.91369854","10.89112121","10.86664012","10.84613394","10.82543358","10.80226437","10.78181651","10.76247867","10.74063061","10.72308948","10.70640122","10.6864304","10.66981173","10.65199954","10.63468385","10.61823171","10.6043525","10.58953313","10.57487299","10.55941219","10.5444718","10.53352161","10.51627714","10.50408419","10.49282676","10.4792444","10.46770183","10.45567971","10.44447983","10.43490241","10.42286568","10.41378989","541-47-9","CC(C)=CC(O)=O","InChI=1S/C5H8O2/c1-4(2)3-5(6)7/h3H,1-2H3,(H,6,7)
","CC(=CC(=O)O)C"
"541-58-2","27.11384403","26.15399064","25.02436147","24.08185954","23.2063857","19.67998052","19.02172651","18.34048163","17.72418759","17.09780688","16.55509584","15.98757808","15.42759134","14.90395615","14.3898643","13.93373538","13.47354465","12.99162161","12.56641567","12.18957419","11.73796251","11.38626103","11.01040253","10.6653957","10.32931724","9.991642624","9.688178084","9.358735587","9.079495352","8.783512214","8.503184634","8.252328177","7.935055687","7.76290433","7.528736082","7.341389272","7.154469965","6.870739726","6.679708024","6.505155745","6.276676877","6.17252042","6.044985183","5.775123706","5.60175269","5.542979828","5.421068067","5.216950061","5.049755351","4.958096086","4.872812829","4.761035385","4.620986694","4.477375962","4.36517634","4.278483347","4.197498896","4.098612531","4.009809606","3.926776432","3.835512031","3.75014475","3.662185511","3.589342175","3.514603003","3.443285044","3.371173053","3.310803843","3.250349448","3.18378309","3.121236165","3.051846389","2.980848089","2.913740537","2.879336242","2.847390448","2.816444088","2.768438758","2.716662409","2.660476647","2.599083868","2.555539672","2.519947571","2.496588486","2.466264442","2.445953285","2.413582116","2.384542901","2.33548496","2.283799267","2.243073612","2.21083221","2.181421255","2.151987761","2.123913698","2.09865389","2.076790303","2.058547265","2.042041241","2.024839159","541-58-2","CC1=NC(C)=CS1","InChI=1S/C5H7NS/c1-4-3-7-5(2)6-4/h3H,1-2H3
","Cc1csc(C)n1"
"541-59-3","120.8714539","123.5414394","127.5903397","127.8623785","129.1225093","131.0875572","134.2161604","135.1483917","132.6951567","132.5215855","131.3391583","130.1000182","128.5728627","126.7575124","124.6027697","122.2188197","119.6310859","116.856293","113.2557682","109.8099359","106.5524709","103.2565149","99.87823039","96.47201218","93.04359455","89.64969964","86.22165139","82.78129415","79.42147969","76.10469756","72.83972242","69.64086832","66.55147434","63.43661321","60.44769477","57.54985608","54.75368924","52.01855074","49.38995963","46.86789257","37.73745168","34.66424784","31.9527112","29.60917039","27.66106308","26.16052025","25.17481136","24.92265944","25.79157803","26.64388105","27.83651597","24.29749193","23.05117147","21.89386325","20.83573644","19.88961825","19.08038344","18.21135372","17.71578608","16.93219184","16.47617903","16.16038237","15.58192327","15.96948305","16.01426732","15.20631524","15.13353467","15.36003202","15.03886072","14.84355525","14.78886169","14.68442508","14.60238339","14.53907888","14.48354374","14.43058905","14.39012435","14.34987899","14.3171308","14.29116918","14.26452616","14.25500612","14.24522734","14.23776966","14.23416282","14.2357261","14.24074147","14.25070817","14.25986931","14.27430901","14.28897577","14.3077662","14.32955142","14.35048523","14.37242906","14.39967832","14.42640321","14.45613235","14.4862195","14.51892906","541-59-3","[K+].[Ag+].O=C1[N-]C(=O)C=C1.O=C1[N-]C(=O)C=C1","InChI=1S/2C4H3NO2.Ag.K/c2*6-3-1-2-4(7)5-3;;/h2*1-2H,(H,5,6,7);;/q;;2*+1/p-2
","C1=CC(=O)N=C1[O-].C1=CC(=O)N=C1[O-].[Ag+].[K+]"
"542-92-7","167.6411559","175.5434837","181.3602011","185.043956","187.0247973","187.722524","187.484674","186.5399192","146.1193274","141.3676203","136.8363378","132.5294739","128.400064","124.4562081","120.6551146","117.0517631","113.5971519","110.3044576","107.1568707","104.1348629","101.2378808","98.48265097","95.86462533","93.32457576","90.91823638","88.61601252","86.39897438","84.29302611","82.28664398","80.33424945","78.48415075","76.71772072","75.03177105","73.39390108","71.82326316","70.32869659","68.90273591","67.51944541","66.21214445","64.92751583","63.7321342","62.54570203","61.43980673","60.35322896","59.33711496","58.333035","57.38725558","56.46515988","55.5896302","54.74032408","53.91621395","53.1396885","52.39472212","51.66058108","50.94991792","50.26926154","49.61691185","48.99076234","48.38619309","47.79942634","47.24267613","46.69926325","46.17698944","45.66791009","45.1739632","44.69429962","44.23351999","43.7884256","43.36784731","42.96331407","42.55254414","42.15674757","41.79298815","41.42856715","41.06506369","40.73359401","40.39565861","40.07497821","39.77375457","39.45771918","39.17628144","38.88996406","38.61145153","38.34252528","38.08512956","37.82909253","37.59089154","37.34336835","37.12363275","36.8883857","36.67971657","36.45435875","36.25653622","36.04945212","35.86238585","35.66544433","35.47296341","35.31140621","35.11981938","34.94268543","542-92-7","C1C=CC=C1","InChI=1S/C5H6/c1-2-4-5-3-1/h1-4H,5H2
","C1=CCC=C1"
"54290-41-4","42.11838292","40.06667327","37.7537129","35.50147357","33.24215916","31.17273671","29.13498437","27.24181356","25.46529874","23.78175182","22.28614168","20.29515428","18.95639924","17.69958212","16.54680472","15.50475559","14.52682394","13.65964629","12.85999362","12.10023122","11.43991642","10.80103955","10.24069588","9.713800786","9.225054106","8.777664677","8.361143032","7.976086084","7.616867084","7.289032364","6.976808265","6.694120025","6.430792481","6.17531777","5.942382785","5.737014361","5.537255124","5.342182173","5.164993025","4.999138908","4.836202787","4.692555113","4.554628314","4.420495964","4.300152161","4.18742603","4.075891179","3.974521379","3.881493637","3.781764939","3.700267858","3.599917056","3.531996621","3.459323365","3.383685713","3.316139115","3.251981127","3.190124827","3.13169152","3.074567256","3.021435089","2.968150975","2.918987933","2.872703529","2.82865548","2.789570224","2.744324184","2.703417354","2.66496968","2.633162087","2.595421419","2.563820126","2.530903877","2.49738864","2.469156268","2.442570812","2.41409143","2.392618687","2.362292462","2.335988827","2.313617277","2.294717702","2.272470738","2.246506663","2.227730547","2.205527995","2.194100472","2.173129389","2.154100129","2.136673229","2.118331428","2.102654526","2.088244659","2.075205319","2.057036883","2.048386103","2.026775043","2.019640476","2.011114417","1.990999326","54290-41-4","C=C1CC=CCC1=C","InChI=1S/C8H10/c1-7-5-3-4-6-8(7)2/h3-4H,1-2,5-6H2
","C=C1CC=CCC1=C"
"544-25-2","25.994681","41.76868529","54.86710998","64.72257041","75.05962081","83.98352058","92.06081924","98.87422773","104.9037741","109.7592161","113.2657565","116.2826198","118.7144714","120.4711541","121.0536977","121.416286","121.7542884","120.7153843","119.6620369","118.5250046","116.648826","114.7637637","112.6113174","61.66514884","55.54467373","49.73950352","44.25647319","39.11842749","34.29605673","29.84480642","25.72164413","21.98219461","18.62798706","15.68743141","13.20684361","11.24100017","9.92281383","9.800782528","10.02744012","10.55212818","10.75406576","11.33764783","11.22680873","12.01237923","12.34140098","12.94430743","13.17725281","13.90485005","22.25266074","22.08834175","23.81333858","23.56208964","22.8552933","22.45170454","22.08144227","21.74035414","21.12578109","20.57449087","20.0898206","19.58981181","18.96744287","18.49771552","18.04715976","17.66601744","17.09087511","16.54663758","16.14307031","15.34527149","14.82057325","14.50980884","14.09493344","13.81628925","13.56313571","13.50268683","13.69302574","13.43467742","13.15056502","13.0306048","12.9829882","12.87641962","12.7864916","12.70953604","12.63306094","12.55439797","12.4743432","12.39367983","12.3205006","12.24539632","12.15413837","12.07958091","12.01745032","11.94189174","11.87325718","11.81370984","11.75504465","11.69876411","11.65081597","11.59952714","11.55672228","11.51508311","544-25-2","C1C=CC=CC=C1","InChI=1S/C7H8/c1-2-4-6-7-5-3-1/h1-6H,7H2
","C1=CC=CCC=C1"
"55-21-0","26.68062314","12.97231557","9.606388668","8.387543496","4.882164815","4.866268084","4.367906264","3.358357041","3.45893325","3.305160757","2.424305244","2.845148567","2.441589624","1.987992016","2.60577086","1.773706729","1.919790399","2.081107275","1.440849617","1.909706967","1.657649483","1.413785671","1.647292991","1.404817827","1.365120645","1.406490986","1.32455454","1.281887731","1.285343541","1.284704358","1.113270212","1.140035287","1.283975972","0.998729094","1.079488429","1.253024054","0.940161407","1.00335374","1.195870244","0.946011258","0.925800202","1.093496711","0.938003591","0.87013952","0.983134857","0.988238949","0.872678456","0.924336186","0.900510279","0.925379996","0.840617406","0.851242087","0.846906704","0.847808783","0.867568104","0.788133905","0.820349113","0.871312401","0.831723036","0.767575312","0.818035607","0.872820159","0.817654865","0.763149891","0.756970928","0.787689903","0.840302721","0.75648181","0.715004402","0.727864437","0.801299368","0.818439522","0.725948462","0.703998786","0.736080918","0.803517164","0.804152556","0.711921906","0.685126144","0.713236351","0.762278902","0.795799645","0.753849041","0.704936074","0.705722064","0.724694699","0.746602611","0.762519125","0.758068997","0.704539968","0.699839211","0.700693171","0.7020801","0.731141767","0.703571891","0.734238181","0.705236558","0.716475072","0.721545269","0.722095524","55-21-0","NC(=O)C1=CC=CC=C1","InChI=1S/C7H7NO/c8-7(9)6-4-2-1-3-5-6/h1-5H,(H2,8,9)
","c1ccc(cc1)C(=N)O"
"553-97-9","66.58242822","69.80540741","73.48829643","77.51107116","81.68061547","85.37960419","88.71689368","89.14196992","89.69945947","90.29431017","90.89534868","91.59298054","92.27229571","93.00740413","93.71859978","94.46427556","95.1942364","95.92473248","96.7016014","97.35775656","98.10257538","98.84152953","99.52308241","100.2724457","101.0274281","101.6540204","102.3148179","102.9701843","103.5981344","104.2577675","104.8331945","105.4228558","106.0469814","106.6157065","107.2029463","107.7833724","108.3372357","108.9195055","109.4480988","110.0187486","110.5697305","111.1111245","111.6420599","112.1963196","112.7328685","113.2631572","113.8182973","114.3355256","114.8663633","115.4060328","115.9405149","116.4637144","117.0071399","117.5616144","118.0731936","118.6108906","119.1640379","119.7014594","120.2695201","120.7957624","121.3530042","121.9156416","122.4617404","123.0435351","123.6056108","124.2414087","124.8653248","125.3650744","125.9776301","126.6263492","127.1859472","128.9629558","129.2339397","129.4424031","129.6532885","129.8786892","130.0967422","130.3343771","130.5625635","130.8012692","130.9947481","131.1973638","129.4753089","129.5659153","129.6757868","129.7582006","129.7634067","129.8014062","129.8363977","129.7678201","129.7366664","129.6656445","129.5556985","129.493944","129.4438635","129.3245903","129.2226346","129.1328887","129.0568191","128.9514861","553-97-9","CC1=CC(=O)C=CC1=O","InChI=1S/C7H6O2/c1-5-4-6(8)2-3-7(5)9/h2-4H,1H3
","CC1=CC(=O)C=CC1=O"
"554-14-3","72.96312972","78.70466226","83.41511373","87.25713502","89.55358651","90.78099007","90.89717384","90.35542389","89.31887916","87.71459213","83.51236511","79.0832349","74.85965784","70.83697455","67.03125058","63.42240022","59.98629481","56.74703565","53.67642925","50.76926817","48.02419155","45.43306988","42.98022297","40.66720704","38.48285776","36.42466424","34.47536186","32.63748951","30.90940716","29.27428357","27.73551632","26.28103746","24.92286796","23.6284584","22.4157869","21.27506558","20.19185931","19.17570448","18.21742207","17.31700928","16.46851354","15.66847769","14.91947852","14.2094081","13.54313219","12.91782882","12.32993739","11.7734459","11.24997975","10.76104232","10.30343966","9.872390417","9.465948678","9.089163805","8.732321959","8.400544584","8.085688972","7.799249222","7.520319672","7.265740244","7.026911554","6.806229714","6.597908755","6.40774402","6.226938047","6.066245855","5.909379986","5.768153182","5.637687434","5.521216735","5.408667747","5.309923763","5.219249382","5.135258225","5.060901282","4.992902493","4.932407115","4.883229171","4.832318874","4.79473568","4.760998485","4.729417991","4.707782829","4.690722684","4.676620192","4.667135902","4.662351018","4.659844255","4.663277462","4.671926155","4.67992905","4.696178322","4.714104243","4.73975749","4.764403961","4.790599438","4.815892435","4.838615554","4.862239631","4.885124647","554-14-3","CC1=CC=CS1","InChI=1S/C5H6S/c1-5-3-2-4-6-5/h2-4H,1H3
","Cc1cccs1"
"556-61-6","26.16559971","49.79309849","59.411309","68.756232","76.86436047","86.07463586","94.22109528","101.4013992","107.6676628","113.1118289","117.7873546","121.6739335","124.8384445","127.3923558","129.4001687","130.8333033","131.8133323","106.4267026","102.8782025","99.5358346","96.41650917","93.52350912","90.89856572","88.44368211","86.18067586","84.18015116","82.4098949","80.85780433","79.58739015","78.58469713","77.87071931","77.46396703","77.42503597","77.83423006","78.9338393","81.08810071","83.32085636","85.27489358","98.0003281","95.76686723","93.38442682","91.1828995","89.21376281","86.91062012","84.75041187","82.77155787","81.00675583","78.95889269","76.99572182","75.22721935","73.62118905","71.96836797","70.34619452","68.896965","67.37380062","65.86720839","64.46465703","63.07525971","61.70104225","60.4642521","59.25956081","58.00093762","56.87511628","55.86777053","54.72540425","53.7054303","52.80534547","51.82412018","50.93877868","50.13463902","49.29790884","48.56266289","47.88880994","47.15316327","46.51284177","45.95417475","45.3332989","44.78902882","44.31375397","43.84658802","43.36160028","42.9365211","42.56355474","42.23698065","41.87917335","41.5223896","41.20452119","40.92452396","40.87450899","40.64646386","40.40408863","40.16309509","39.94636715","39.75170288","39.57107766","39.40686244","39.25676661","39.11628356","38.98620483","38.86138913","556-61-6","CN=C=S","InChI=1S/C2H3NS/c1-3-2-4/h1H3
","CN=C=S"
"556-88-7","14.52628117","10.55815712","9.658601684","9.257623113","8.943171296","7.883166709","7.450209988","7.404963381","7.054525747","6.697708452","6.599730528","6.258598025","5.988071445","5.899246251","5.525114205","5.304406575","5.1148311","4.821245736","4.632034817","4.402401495","4.141833902","3.979949872","3.905887422","4.061653727","4.128919249","4.232535129","4.290599871","4.393788401","4.475168923","4.562664961","4.574229891","4.648646532","4.68867695","4.734751552","4.774347864","4.89265424","4.960800619","4.935276819","5.13616951","5.1798913","5.225517148","5.427664626","5.472231919","5.521469982","5.674589794","5.758585293","5.821509238","5.900836599","5.9742766","6.030276543","6.095005483","6.149871897","6.203639306","6.256817214","6.312633368","6.348240579","6.394082442","6.435747243","6.465800054","6.500638642","6.529782633","6.561569973","6.588688194","6.617936454","6.632727263","6.66215298","6.677828799","6.69372388","6.711630176","6.729393855","6.739592966","6.766097725","6.772868554","6.780146702","6.790894837","6.800897152","6.807604939","6.821109595","6.821961225","6.835273251","6.838424205","6.841490126","6.855558664","6.853560407","6.85843461","6.871231342","6.863787099","6.865816868","6.874736061","6.874337665","6.869607057","6.870829919","6.879968154","6.878405003","6.874993228","6.87492224","6.882779479","6.877925493","6.8761176","6.87715677","556-88-7","NC(N)=N[N+]([O-])=O","InChI=1S/CH4N4O2/c2-1(3)4-5(6)7/h(H4,2,3,4)
","C(=N)(N)NN(=O)=O"
"556-90-1","12.89121416","11.7757067","11.92991032","11.827094","12.18847124","12.61085986","12.93732084","8.565264596","7.813672664","7.192853045","6.895186077","6.68195548","6.570727569","6.782078202","7.291711817","7.993580523","8.858082807","9.774804732","10.5836706","10.61176408","11.19478034","9.40106004","9.331983801","9.245171916","9.092263553","8.961746185","8.86591132","8.687915886","8.553306913","8.48590034","8.314788929","8.184377274","8.110867436","8.015220533","7.880122022","7.797156626","7.808105047","7.865675203","7.682376028","7.56796472","7.545259115","7.620142791","7.637661728","7.581712908","7.50383481","7.428985442","7.375433037","7.316651366","7.26286349","7.199865798","7.148932305","7.079175259","7.017953644","6.977555101","6.929059208","6.882993438","6.834132575","6.786275111","6.742518393","6.703563106","6.673528924","6.644490203","6.613744777","6.580130972","6.550553581","6.527588187","6.506375994","6.488369846","6.473764313","6.463939199","6.451319863","6.440517917","6.431308485","6.422532419","6.416457446","6.41369417","6.411609678","6.410817922","6.410506761","6.410982896","6.412219694","6.414168893","6.41678481","6.419670262","6.422091254","6.424118453","6.426435335","6.429849537","6.434043174","6.438702059","6.444048372","6.450695411","6.457794161","6.465788947","6.47417198","6.483379175","6.493336119","6.503592148","6.514088017","6.524839788","556-90-1","NC1=NC(=O)CS1","InChI=1S/C3H4N2OS/c4-3-5-2(6)1-7-3/h1H2,(H2,4,5,6)
","C1C(=NC(=N)S1)O"
"557-22-2","107.5446223","105.4540054","103.7549049","102.0587342","100.3222479","98.46413239","96.57394266","94.61576659","92.46025474","90.31483581","88.10596578","85.86721137","83.57003217","81.28511582","79.03253806","56.14001228","54.94963383","53.74764011","52.54857397","51.37369604","50.26530635","49.16907061","48.13070905","47.09103611","46.11540316","45.15492238","44.21134115","43.31510755","42.44738496","41.58138919","40.73230838","39.94094075","39.1446128","38.37829007","37.62191753","36.90745688","36.2248708","35.53552125","34.91314756","34.28220039","33.64316883","33.04067408","32.47641145","31.93247287","31.40982286","30.90498363","30.40369988","29.93837836","29.49476976","29.07269909","28.671939","28.26902984","27.905461","27.5698045","27.25589779","26.94714446","26.67501152","26.4283034","26.21744344","26.02319201","25.86489655","25.74162675","25.64656735","25.59941471","25.5940212","25.64321583","25.75905748","26.00110721","26.31201373","26.66742449","27.00238116","27.26898027","27.63435072","27.98950593","28.28094245","28.61226922","28.90660698","29.20643317","29.5448558","29.91695938","30.37152845","30.65866419","31.02197275","31.35096477","31.71996737","32.75647399","33.07711908","33.59857462","33.88412221","34.10977477","34.44510943","35.50151229","35.61404112","35.81287931","36.10682044","36.41559546","36.55676823","36.77814142","49.53782448","49.28498002","557-22-2","C1CSSC1","InChI=1S/C3H6S2/c1-2-4-5-3-1/h1-3H2
","C1CSSC1"
"557-30-2","17.97920676","10.8091857","5.276088338","4.253760381","3.590135537","2.943418245","2.545074258","2.315177764","2.080752423","1.847228473","1.724486467","1.617217778","1.478355556","1.403418623","1.320100489","1.234352121","1.161611412","1.115021364","1.078321711","1.022162698","0.982540215","0.947339508","0.921344081","0.877436602","0.841968537","0.830200765","0.79362549","0.77347107","0.750625343","0.72887192","0.717074326","0.684879834","0.689868784","0.664944439","0.651784072","0.65149044","0.626737301","0.593878407","0.58562891","0.589512116","0.585222101","0.562606234","0.552285121","0.555153652","0.555412921","0.529433154","0.521965719","0.527882839","0.500187253","0.496128516","0.494530869","0.471185736","0.48535793","0.474942261","0.458760998","0.470675557","0.455279161","0.474584382","0.446609342","0.456700573","0.430228039","0.442197186","0.418220977","0.430109868","0.4081093","0.424847705","0.403947434","0.424824831","0.406373026","0.421063227","0.413549353","0.391010554","0.403888627","0.379414391","0.389422941","0.383521458","0.372042111","0.393814009","0.385068139","0.382233926","0.39349558","0.370400027","0.360924617","0.37026309","0.363426921","0.3543614","0.376704928","0.381016758","0.365551954","0.355782761","0.371882601","0.370999106","0.352463959","0.339373314","0.353111828","0.359998614","0.352306267","0.342544197","0.359000292","0.376097773","557-30-2","ON\C=C\N=O","InChI=1S/C2H4N2O2/c5-3-1-2-4-6/h1-3,5H/b2-1+
","C(=C\N=O)/NO"
"558-37-2","4.2080838","3.256814197","2.717117492","2.482057552","2.135923199","1.88930789","1.667104806","1.458827052","1.303195168","1.151613515","1.165253515","0.993715957","0.9341705","0.953153082","0.880796099","0.797226292","0.730181312","0.657170072","0.624592668","0.623887053","0.67079642","0.701371296","0.660379448","0.563442651","0.495018539","0.458392702","0.453739299","0.480382429","0.509911118","0.546658569","0.585104168","0.598782764","0.576453441","0.545357729","0.526436217","0.505140092","0.483750203","0.470758945","0.460195768","0.463633308","0.470788161","0.477623114","0.48689709","0.494363957","0.500152641","0.509021618","0.514613385","0.525027039","0.534923798","0.540841235","0.542656252","0.54439691","0.54390912","0.541141335","0.538509789","0.533105539","0.522108075","0.512887787","0.504507768","0.496488615","0.490346597","0.485987846","0.481808045","0.477797864","0.473948552","0.470251894","0.466700176","0.463286149","0.460002995","0.456844304","0.453804037","0.45087651","0.448056363","0.445338546","0.44271829","0.440191097","0.437752716","0.436377092","0.43549162","0.434634723","0.433805236","0.433002049","0.432224104","0.431470396","0.430523664","0.429075441","0.427673361","0.426315517","0.425000098","0.423863251","0.423955818","0.424248568","0.424575589","0.424928648","0.425271774","0.425605324","0.425929641","0.426245051","0.426551869","0.426850394","558-37-2","CC(C)(C)C=C","InChI=1S/C6H12/c1-5-6(2,3)4/h5H,1H2,2-4H3
","C=CC(C)(C)C"
"56-40-6","2.611908141","1.725775479","1.677204426","1.685698816","1.76992364","1.759499259","1.752849363","1.765315831","1.751116028","1.76122108","1.757426067","1.752681509","1.685082088","1.644702766","1.638859479","1.657720143","1.587069172","1.566482671","1.562915956","1.522410718","1.504624282","1.482632727","1.476708653","1.437289574","1.435326438","1.401909343","1.400074674","1.378788927","1.359774462","1.335971242","1.343859783","1.321451808","1.31248031","1.290632497","1.271601518","1.261704912","1.254515059","1.237183308","1.240000445","1.202940335","1.23381403","1.201346361","1.197295188","1.187874912","1.182231307","1.174050543","1.168697635","1.153327646","1.145571364","1.15020629","1.132211974","1.140755663","1.111773544","1.130069335","1.103980884","1.109009572","1.102355325","1.096003387","1.089451076","1.098387076","1.08184691","1.079056949","1.065618275","1.070271913","1.07034172","1.058437008","1.062329963","1.053385978","1.046927792","1.054697189","1.044316391","1.039208785","1.0405246","1.03298886","1.027441519","1.038626087","1.030291293","1.01749472","1.007397054","1.022740963","1.024264807","1.016495769","1.006035742","1.006800178","1.000382496","1.005732625","1.003244611","1.003302736","1.004664133","0.989662389","0.991904169","0.990551829","0.98955937","0.998612887","0.991869153","0.986196168","0.976709355","0.972009087","0.974633488","0.983621613","56-40-6","NCC(O)=O","InChI=1S/C2H5NO2/c3-1-2(4)5/h1,3H2,(H,4,5)
","C(C(=O)O)N"
"56-41-7","50.55968952","62.05463233","71.34011204","83.35137918","93.93941129","103.6707226","112.3444433","120.019899","126.7446941","132.6358402","137.6787576","141.9531287","145.5227619","148.425792","150.7338051","134.7661599","127.9456013","121.3682275","115.0100908","108.8826221","103.0031479","97.34379475","91.9317996","86.76932175","81.86474451","77.18906527","72.7888945","68.65917221","64.78134629","61.19389303","57.90258014","54.90726676","52.22898628","49.87717683","47.89066436","46.32079595","45.2196909","44.73572214","45.40226544","46.52219801","47.73856132","49.07658756","50.48684926","51.99369676","53.5432264","55.15385382","56.81358546","58.52820049","60.28602699","62.04297313","63.93033216","65.71743295","67.48229522","93.16385213","88.18828808","86.65442121","85.16022965","83.66973473","80.96653615","79.42351012","77.90809112","76.51204266","75.07625536","73.72314804","72.42702929","71.11967692","69.91426165","68.70827484","67.52750123","66.44831233","65.32836866","64.28410153","63.32037887","62.3588538","61.36391983","60.44107208","59.59211589","58.76049387","57.89936651","57.10139814","56.34190897","55.59991028","54.90596481","54.21864168","53.54575016","52.91986434","52.296176","51.70930332","51.16117701","50.6062014","50.0616469","49.55550187","49.07030755","48.59223076","48.12581953","47.6812585","47.26934259","46.87742585","46.46073135","46.06810282","56-41-7","CC(N)C(O)=O","InChI=1/C3H7NO2/c1-2(4)3(5)6/h2H,4H2,1H3,(H,5,6)
","CC(C(=O)O)N"
"5628-77-3","370.8123881","357.6927598","344.4388784","330.96785","317.9072627","305.4354391","293.6084302","282.4332617","271.8961631","261.9752709","252.6349964","243.8393221","235.5550058","227.7481594","220.3371844","213.2819352","206.5534152","200.0889526","193.884855","187.8995415","182.1807765","176.6462444","171.3886309","166.3861656","161.5856929","157.025824","152.6617075","148.4888861","144.5063339","140.6916178","137.0068388","133.479539","130.1032113","126.8557538","123.7387642","120.7601126","117.9106296","115.1931931","112.6045601","110.1267188","107.7808298","105.5529391","103.4516729","63.79445684","62.02182545","60.33137926","58.71862517","57.18688662","55.72930315","54.34649261","53.03499215","51.78843826","50.60783749","49.49630225","48.44649978","47.45019341","46.51303411","45.62546529","44.78882235","44.00004156","43.2556048","42.55324304","41.88881027","41.26105562","40.66134522","40.09772182","39.56508141","39.04931286","38.56469804","38.10312198","37.66135437","37.24028867","36.83837455","36.45355762","36.08437736","35.72336618","35.37883527","35.05204241","34.7346315","34.4280703","34.13066347","33.84549761","33.5697838","33.29874166","33.03816001","32.78200212","32.53967967","32.30241356","32.06852418","31.84263833","31.61715509","31.401633","31.19409615","30.98845039","30.78707635","30.591292","30.40379069","30.21526382","30.03020249","29.85379434","5628-77-3","COC1=CC=CC2=C1OC(=O)C(=C2)C1=NN=C(O1)C1=CC=C(C=C1)[N+]([O-])=O","InChI=1S/C18H11N3O6/c1-25-14-4-2-3-11-9-13(18(22)26-15(11)14)17-20-19-16(27-17)10-5-7-12(8-6-10)21(23)24/h2-9H,1H3
","COc1cccc2cc(c3nnc(c4ccc(cc4)N(=O)=O)o3)c(=O)oc12"
"563-46-2","23.95787266","19.37447874","17.77191579","17.398795","17.81864606","18.95236579","18.33140439","18.48827896","18.55464211","17.93717868","17.66117304","17.35210603","16.47421103","15.8687943","15.30505749","14.53340599","13.6864625","12.82473092","12.03458635","11.36727707","9.814814597","8.562344551","7.476014755","6.372587382","5.410369555","4.555509502","3.941260578","3.181270571","2.595689261","2.125426562","1.819151929","1.724634737","1.867906203","2.053148754","1.80434462","1.627098659","1.473061625","1.280565299","1.233715657","1.16191186","1.102366739","1.151969815","1.123158303","1.173205265","1.177646504","1.239655294","1.213297577","1.322303685","1.32183977","1.42622569","1.405421804","1.467821814","1.544905092","1.572725929","1.635234553","1.649335959","1.663258006","1.716903557","1.786037325","1.825099687","1.833053351","1.840104253","1.875048704","1.885338231","1.917026279","1.942643004","1.964356735","1.976261468","2.001444301","2.025593902","2.042328326","2.049205718","2.05567641","2.061367467","2.063483483","2.063901046","2.064809602","2.064528272","2.065752093","2.067642294","2.070608924","2.073216911","2.075907437","2.077942196","2.079338157","2.080758636","2.081676775","2.082331847","2.082612342","2.08278021","2.082074889","2.081289763","2.080207596","2.078680243","2.077006069","2.075935997","2.074929051","2.073287312","2.071467994","2.069747258","563-46-2","CCC(C)=C","InChI=1S/C5H10/c1-4-5(2)3/h2,4H2,1,3H3
","CCC(=C)C"
"563-78-0","19.54870092","14.5152078","12.04546546","10.2189745","9.016409154","7.950121845","7.172378244","6.47197978","5.928414615","5.53318415","5.133286326","4.806552374","4.503888716","4.341433289","4.10643838","3.986231399","3.814906779","3.685117077","3.626426707","3.496285976","3.381775064","3.351435956","3.303052888","3.231569005","3.165825005","3.1107164","3.078913915","3.041048497","3.018236343","3.010373511","2.975802671","2.924702754","2.911852574","2.889796429","2.866695473","2.835913904","2.809477933","2.794903858","2.787863163","2.773304068","2.76690794","2.761193255","2.754744225","2.74975278","2.742144025","2.734503286","2.727443605","2.722336114","2.713318716","2.704879763","2.695845507","2.689311813","2.684618524","2.683311992","2.679822482","2.674957501","2.669782468","2.662816256","2.655884657","2.64890995","2.6432548","2.638306125","2.633266456","2.629372523","2.626637327","2.62427006","2.62189558","2.619902382","2.617612791","2.615628996","2.612982707","2.610404592","2.608178164","2.607309561","2.606643497","2.605952374","2.605669051","2.604312898","2.602372394","2.599732758","2.597495155","2.595821753","2.593973217","2.592464412","2.591232138","2.590316745","2.589767241","2.5894402","2.589123002","2.588809609","2.588268669","2.588021117","2.587410739","2.586682914","2.585976999","2.585292131","2.584622492","2.583900636","2.58299875","2.582118649","563-78-0","CC(C)C(C)=C","InChI=1S/C6H12/c1-5(2)6(3)4/h6H,1H2,2-4H3
","C=C(C)C(C)C"
"563-79-1","53.21830279","45.18461937","39.04069996","33.96190707","29.46097264","25.77607093","22.61021529","19.94898033","17.66678272","15.7088839","14.06138052","12.63000384","11.4169224","10.34529856","9.425062521","8.622949743","7.924742436","7.316401778","6.76054727","6.274036642","5.86586397","5.438778795","5.117219588","4.832789734","4.523874566","4.296180817","4.07748016","3.87989507","3.684913616","3.512629263","3.350517124","3.213980186","3.074584221","2.971684962","2.841021119","2.762100399","2.651157419","2.566171504","2.47456338","2.41251128","2.321925969","2.275109568","2.197662204","2.142455225","2.091745404","2.042484178","1.986790653","1.942071534","1.905092064","1.868496392","1.825248229","1.788081706","1.750059345","1.715564825","1.68344008","1.658609421","1.631988911","1.599757142","1.569815932","1.552831947","1.529721613","1.505600875","1.486230425","1.471516843","1.450645766","1.431068456","1.410418259","1.400370213","1.37951701","1.366535985","1.353291768","1.337573846","1.326205694","1.314542081","1.298684711","1.290063796","1.275047621","1.264420707","1.258847713","1.251201828","1.240180813","1.229692748","1.21691156","1.213208947","1.202369675","1.196245997","1.1895926","1.184896587","1.172048516","1.169079382","1.161724418","1.155280339","1.151554683","1.140971087","1.135882036","1.132373286","1.124988695","1.121811174","1.115606932","1.114013828","563-79-1","CC(C)=C(C)C","InChI=1S/C6H12/c1-5(2)6(3)4/h1-4H3
","CC(=C(C)C)C"
"563-80-4","17.39046586","14.6993453","12.84037598","11.43845665","10.52485846","9.57630898","9.114535085","8.454904254","8.001484647","7.479002899","7.003740138","6.440194498","6.181426374","5.822370179","5.423662989","5.088520642","4.934331681","4.492235834","4.288144616","4.09494756","3.697994317","3.573556939","3.402809318","3.201730019","3.092273149","2.826920224","2.614653572","2.537788272","2.277570568","2.18925903","2.158415887","2.087520895","1.932063265","1.839087607","1.837440481","1.725165194","1.531033119","1.451085959","1.505652193","1.48419129","1.358955717","1.185606115","1.148484371","1.208896263","1.294955028","1.252201482","1.096293994","0.981015358","0.951219763","1.002828406","1.008336735","1.014821862","1.014051118","0.977526546","0.96401257","0.927919597","0.881826379","0.871902443","0.884895014","0.846213991","0.85698134","0.874782411","0.890411271","0.862563438","0.857440005","0.871823493","0.88475911","0.869627177","0.864698944","0.882043733","0.893266791","0.873637789","0.843954784","0.840832665","0.844695965","0.860138216","0.860932997","0.860584439","0.877115757","0.895101692","0.909439106","0.923529253","0.931696497","0.935097699","0.923730926","0.922943351","0.922694311","0.915486447","0.909523172","0.900502901","0.889443673","0.896006396","0.899825085","0.914532834","0.921011656","0.92831186","0.935145134","0.9436136","0.950844406","0.951972145","563-80-4","CC(C)C(C)=O","InChI=1S/C5H10O/c1-4(2)5(3)6/h4H,1-3H3
","CC(C)C(=O)C"
"57-13-6","1.846158776","1.057377505","0.775982216","0.66876685","0.603272726","0.570861211","0.574564303","0.535997148","0.556970021","0.579835309","0.547417656","0.531329491","0.607919402","0.570273558","0.57941711","0.596535837","0.589550662","0.602141347","0.610232867","0.621278818","0.625059831","0.63958279","0.638649565","0.630381092","0.637410177","0.646169146","0.64343929","0.644342758","0.656649866","0.655743132","0.65005049","0.65359503","0.659698688","0.655717598","0.654516031","0.65345504","0.658108877","0.673042536","0.664842765","0.650924783","0.660565344","0.67050529","0.653501053","0.670747687","0.670826454","0.666593622","0.673641186","0.672604648","0.676622286","0.665709334","0.672261258","0.67043069","0.67439232","0.679996542","0.681483903","0.692016438","0.669446155","0.672654063","0.674683412","0.662509774","0.674327246","0.673906851","0.67184262","0.682492092","0.681608043","0.678029982","0.682659038","0.680637381","0.68641535","0.675623156","0.679835166","0.676955519","0.6807563","0.677581474","0.684526699","0.678868394","0.678159004","0.68130696","0.681195649","0.684704797","0.687459964","0.684727196","0.683120143","0.680367547","0.682131297","0.68376921","0.679080973","0.679378332","0.676649677","0.67527298","0.674081207","0.67698702","0.681019347","0.682312789","0.683396394","0.680110978","0.67836475","0.675476306","0.675438663","0.680656137","57-13-6","NC(N)=O","InChI=1S/CH4N2O/c2-1(3)4/h(H4,2,3,4)
","C(=N)(N)O"
"57-71-6","25.33596327","18.43564664","15.64097298","13.77055619","12.37707164","11.0681114","10.17199012","9.344064352","8.597156219","7.915237961","7.330410894","6.809455573","6.32304784","5.898581797","5.482244265","5.106206965","4.752997276","4.443561177","4.176121083","3.893224024","3.63430781","3.409459739","3.205873274","3.002981698","2.842741608","2.66315515","2.505333481","2.352615987","2.216220826","2.105531361","1.989487096","1.888503292","1.770460158","1.671153036","1.577413383","1.489694632","1.425430127","1.359139283","1.294971343","1.214279118","1.154009139","1.110179947","1.067044234","1.002959842","0.941546796","0.93283323","0.888056999","0.830663034","0.822775212","0.773389442","0.722806513","0.728325471","0.671051747","0.658031417","0.641581263","0.59891715","0.607036617","0.561199109","0.572985747","0.53585155","0.534999151","0.513127005","0.498182447","0.4748403","0.46185152","0.442316074","0.437306565","0.42268855","0.434059273","0.399427771","0.425088401","0.394553384","0.415196486","0.388527628","0.391335439","0.388336404","0.341786935","0.360718631","0.335569232","0.338435228","0.365020367","0.345495054","0.38030398","0.384203548","0.354221698","0.366947679","0.330224578","0.318309785","0.346647919","0.343712835","0.344764757","0.383404501","0.372109776","0.348094076","0.37380776","0.374016123","0.32777537","0.332120042","0.376528769","0.371563278","57-71-6","CC(=O)C(\C)=N/O","InChI=1S/C4H7NO2/c1-3(5-7)4(2)6/h7H,1-2H3/b5-3-
","C/C(=N/O)/C(=O)C"
"57466-64-5","19.20416498","16.36061723","13.42108546","11.26072737","9.151340006","7.02912942","5.942845867","5.24049327","4.869338347","4.595660325","4.636287113","4.417043524","4.200138869","3.982769811","3.821768214","3.640116404","3.453901774","3.406657601","3.252895245","3.194352624","3.156480108","3.118408792","3.15305996","3.094847915","3.113827216","3.072345598","3.068336827","3.072144015","3.092593363","3.025784679","3.021848331","3.033495625","3.022902498","3.021101867","3.014319521","3.029496278","3.004400802","2.986652474","2.985079051","2.967305593","2.937823865","2.928291659","2.906260835","2.889934502","2.882939587","2.879612981","2.879392657","2.87405673","2.864562912","2.864263908","2.863920742","2.863177299","2.832696753","2.800284977","2.775982013","2.758832332","2.746538457","2.739544682","2.730127402","2.721074759","2.714785881","2.710446638","2.708592164","2.707103886","2.706902344","2.706028816","2.703674274","2.700564079","2.698513415","2.694997097","2.693475377","2.693560737","2.694218559","2.692108981","2.689592932","2.687081308","2.683779431","2.678965197","2.671573198","2.664382704","2.658423044","2.652665118","2.639133935","2.623604856","2.610956324","2.599474234","2.588143242","2.578440773","2.57036435","2.565146749","2.559534661","2.554598508","2.549256394","2.543223821","2.537323497","2.531634272","2.526093391","2.520976304","2.516262082","2.511891978","57466-64-5","C\C(CS)=C\Cl","InChI=1S/C4H7ClS/c1-4(2-5)3-6/h2,6H,3H2,1H3/b4-2-
","C/C(=C/Cl)/CS"
"57470-34-5","68.8399833","83.66598592","83.71609193","81.15560539","79.96933338","79.54192656","79.39184164","78.36279715","78.12673016","77.60594917","77.26963181","77.03715718","76.64214499","76.48460788","76.23878369","76.08227884","75.95357338","75.85688704","75.74325162","75.72162566","75.71443865","75.73238858","75.79268042","75.82356845","75.85581269","75.96172886","76.09385998","76.18312928","76.31683404","76.45978373","76.60178989","76.8476419","76.96138497","77.16862427","77.4204165","77.56402556","77.81697235","78.07239222","78.25004214","78.49602214","78.78411931","78.9944672","79.24583653","79.55850871","79.7895909","80.04406093","80.32407305","80.60616794","80.86612685","81.13337348","81.4152188","81.70422243","81.97844598","82.23877458","82.53167243","82.81858367","83.12797407","83.38741588","83.66862115","83.95821164","84.25730208","84.55621036","84.83292259","85.13087677","85.43387749","85.78718479","86.1613805","86.52763585","86.86131944","87.20201842","87.52345594","87.84015111","88.22817961","88.54071368","88.92089255","89.23441303","89.56258877","89.84254125","90.17218846","90.45579512","90.76761581","91.09135563","91.06220924","91.0256194","90.97969998","90.98671043","91.01121345","91.00870725","90.99210421","90.99574925","91.04445829","91.07521173","91.11419869","91.15125081","91.17040157","91.18889904","91.22034666","91.24257514","91.28907272","91.29383151","57470-34-5","None","InChI=1S/C6H8O2/c1-3-4-5(2)6(7)8/h3H,1-2H3,(H,7,8)/t4-/m0/s1","CC=C=C(C)C(=O)O"
"583-58-4","34.33796476","29.51271578","25.88809689","24.12248182","22.57769752","21.11775994","20.20721231","19.16781468","18.24558868","17.49266358","16.78642017","16.08580937","15.52094035","14.99282795","14.40135345","13.93735458","13.55061704","13.13596315","12.76171696","12.46799335","12.11269496","11.90882085","11.56474722","11.41079544","11.18260456","10.99718433","10.80554349","10.63292479","10.55825264","10.3865287","10.24843208","10.16130685","10.08958712","9.985196807","9.904403799","9.845026497","9.765550525","9.692226876","9.641107469","9.629366158","9.57630225","9.499769211","9.462262221","9.443196518","9.42455804","9.404488527","9.392752208","9.35947252","9.328896837","9.295763231","9.294240334","9.296533266","9.289620357","9.272712607","9.250524383","9.246128509","9.247803894","9.240458816","9.234493973","9.227065504","9.230215522","9.228736193","9.241133778","9.236560284","9.221588993","9.210671487","9.196714591","9.190573334","9.180562203","9.180434081","9.197896804","9.21014896","9.218051104","9.224343646","9.220528472","9.217005976","9.218808576","9.224139262","9.222653894","9.219375639","9.218437767","9.230015356","9.235329058","9.240270672","9.2462297","9.244037051","9.238079628","9.232991519","9.232712973","9.233430756","9.242164279","9.246088879","9.246973229","9.245483034","9.243000371","9.243017732","9.242081412","9.24440534","9.253221224","9.259085558","583-58-4","CC1=CC=NC=C1C","InChI=1S/C7H9N/c1-6-3-4-8-5-7(6)2/h3-5H,1-2H3
","Cc1ccncc1C"
"583-61-9","38.48360837","33.79337831","30.38909588","27.13451193","25.46296157","24.22753439","22.91780237","21.90605479","21.00018274","20.15032121","19.3686424","18.69810079","18.05410572","17.39072868","16.82150282","16.327795","15.89597009","15.40709189","15.00288044","14.63845687","14.23476594","13.95707587","13.61923287","13.36043734","13.11214686","12.81832705","12.65271964","12.37631129","12.23512135","12.02959079","11.85414989","11.73259581","11.5658957","11.47292515","11.32305616","11.22193131","11.15414274","11.00071514","10.96115844","10.90368157","10.76282154","10.7451325","10.70592802","10.57887505","10.54895754","10.56488309","10.4814586","10.40373523","10.41134105","10.40975417","10.33869455","10.28846602","10.28473528","10.28613149","10.27205324","10.21868959","10.20705715","10.19710327","10.19585564","10.18191072","10.166792","10.15430753","10.13735119","10.13037153","10.12777802","10.12502119","10.12886997","10.1315937","10.11791193","10.10040521","10.0991115","10.0985798","10.10802135","10.11619426","10.12795662","10.13195504","10.11740842","10.10788966","10.09653452","10.08700634","10.09051739","10.09775799","10.11354781","10.12840322","10.1383521","10.14268617","10.13709652","10.12837125","10.11815467","10.1092008","10.10139412","10.10215665","10.10839321","10.11878377","10.1289803","10.14168768","10.15040807","10.15730634","10.16358365","10.16125877","583-61-9","CC1=CC=CN=C1C","InChI=1S/C7H9N/c1-6-4-3-5-8-7(6)2/h3-5H,1-2H3
","Cc1cccnc1C"
"583-63-1","30.0811769","28.87683394","26.9546717","26.26675012","27.48814362","28.90198707","27.66646907","26.63605679","26.287381","26.62015197","27.32300241","26.73685197","26.21606427","25.90470993","25.89573435","26.35029059","26.27601653","26.0005131","25.7949564","25.80487854","26.08535028","25.91972382","25.70064119","25.61302469","25.67913905","25.85085687","25.68497275","25.54788244","25.47571575","25.53362686","25.54105998","25.36127586","25.28583074","25.25180641","25.32594739","25.23667768","25.06440226","24.97663831","24.99369125","25.02275628","24.81991636","24.76875782","24.71664021","24.65973471","24.5991257","24.4755904","24.35045842","24.26833462","24.29271818","24.20055514","24.06371444","23.93633982","23.87251012","23.8347765","23.68682778","23.56099802","23.49697015","23.42759477","23.36452023","23.20439111","23.09220515","22.99606191","22.88663837","22.82203323","22.63466292","22.37585111","22.12507445","21.88118995","21.65132738","21.42779604","21.20633444","20.97104404","20.73920379","20.50266479","20.28779383","20.06247752","19.82803832","19.62708164","19.41573353","19.2165787","19.01459463","18.80179347","18.58598081","18.38233803","18.18092153","17.95570524","17.74719082","17.55323424","17.36848735","17.19827994","17.04122185","16.85472711","16.65279555","16.46072121","16.2570177","16.07227322","15.88596381","15.70218321","15.53605656","15.37333788","583-63-1","O=C1C=CC=CC1=O","InChI=1S/C6H4O2/c7-5-3-1-2-4-6(5)8/h1-4H
","C1=CC(=O)C(=O)C=C1"
"58372-16-0","432.5861342","399.5091279","373.6538875","354.173327","340.8170224","315.035301","286.2312934","270.6822465","257.5393743","246.6887922","238.3840303","221.733328","218.1174933","215.9566002","214.3592648","212.9117949","211.5032942","210.1413012","208.9804158","207.9721686","207.0730088","206.2638723","205.5937084","204.9595723","204.3837459","203.8685461","203.4041348","203.0648714","202.6668512","202.2823176","201.9323712","201.7013754","201.4123653","201.1285623","200.8663673","200.7073996","200.4682223","200.2496861","200.0223735","199.884383","199.6489538","199.4130682","199.1792242","198.9935408","198.6809421","198.3389618","198.0708184","197.6581812","197.2118837","196.6979564","196.1567859","195.5977948","194.9415497","194.2639542","192.0477332","188.7997271","185.6308613","182.5699362","179.5790887","176.6798344","173.8419684","171.1189364","168.4160153","165.7837838","163.2607035","160.7595948","158.3304828","155.966996","153.7056279","151.4594734","149.2740626","147.1493265","145.1188935","143.1024741","141.1346286","139.2269984","137.3714216","135.6015591","133.8449858","132.1820198","130.5584621","128.9283605","127.3386793","125.7900841","124.283097","122.820034","121.5281401","120.132995","118.7732443","117.5143448","116.2177604","114.9552985","113.7263733","112.5334433","111.4233728","110.2887929","109.19281","108.1209039","107.1668464","106.2085472","58372-16-0","CC1CC(=O)CC1C","InChI=1/C7H12O/c1-5-3-7(8)4-6(5)2/h5-6H,3-4H2,1-2H3
","CC1CC(=O)CC1C"
"586-96-9","17.80901333","14.81720289","13.11026045","11.94653157","11.24436389","10.29555559","9.756293961","9.310376234","8.859439276","8.412270428","7.898732357","7.506132704","7.21143999","6.793114129","6.553867741","6.146332523","5.906580378","5.534719988","5.276962916","4.997191907","4.675747376","4.526933949","4.361475166","4.069690104","3.86197105","3.747659392","3.556820097","3.422770745","3.197844232","3.057447947","2.959430011","2.801543357","2.688662123","2.583709727","2.449359955","2.379299373","2.291596152","2.207606871","2.071027688","1.977038342","1.97351208","1.882109492","1.80182616","1.797454798","1.772602414","1.679226949","1.588718294","1.543496971","1.554083967","1.577702113","1.472519872","1.397746128","1.390944991","1.387315753","1.373500228","1.365506958","1.338431148","1.312204224","1.256791717","1.234090454","1.235380519","1.26544995","1.28868573","1.235244188","1.178941767","1.152589029","1.162793169","1.171985338","1.186274358","1.161398694","1.15346984","1.145698778","1.153936675","1.15621005","1.161396081","1.164010928","1.153650958","1.131641497","1.113181333","1.119605341","1.131922253","1.13450646","1.123799913","1.125346975","1.139833845","1.136228864","1.123595387","1.134294313","1.143613203","1.145828055","1.140405857","1.148641993","1.16480583","1.181025904","1.185534468","1.184092365","1.185145854","1.189052651","1.189950928","1.182313788","586-96-9","O=NC1=CC=CC=C1","InChI=1S/C6H5NO/c8-7-6-4-2-1-3-5-6/h1-5H
","c1ccc(cc1)N=O"
"589-93-5","35.40848875","32.04929122","27.41493902","25.33569545","23.8786585","22.61573019","21.35102515","20.42806957","19.52132006","18.66854481","17.93526104","17.20709699","16.58142353","16.01140072","15.48730356","14.99355916","14.54948727","14.12536467","13.7435708","13.42660264","13.08052927","12.78979266","12.55333399","12.28891704","12.12531134","11.85937965","11.72817728","11.51085293","11.4147969","11.23288039","11.15231815","11.0049025","10.93897315","10.82910729","10.75086987","10.69825984","10.58964898","10.56193996","10.54336435","10.45681907","10.41364675","10.39634318","10.34901893","10.30753676","10.29020065","10.29441242","10.24000652","10.21023648","10.22419118","10.24623331","10.2067233","10.17735286","10.16728381","10.19852276","10.22829974","10.21034542","10.17340299","10.16475725","10.18125222","10.21751866","10.22529796","10.21761076","10.19278759","10.18890354","10.18940261","10.21376902","10.2353577","10.24992767","10.25444622","10.23481292","10.21770882","10.22282159","10.2413689","10.2625261","10.28648717","10.30168592","10.32268265","10.33546729","10.33900388","10.33072995","10.324199","10.32189728","10.32245547","10.33212379","10.34623101","10.36165455","10.38579281","10.39941337","10.40904776","10.41775834","10.41970121","10.42238856","10.42333639","10.41126326","10.40502653","10.39914712","10.39746572","10.3989017","10.40344354","10.41161968","589-93-5","CC1=CC=C(C)N=C1","InChI=1S/C7H9N/c1-6-3-4-7(2)8-5-6/h3-5H,1-2H3
","Cc1ccc(C)nc1"
"590-19-2","9.695488583","7.095668431","6.465951633","5.391976045","5.000375543","4.228670595","3.941080505","3.369482597","3.112975024","2.726925666","2.59822274","2.332043584","2.132161488","1.920790135","1.667591998","1.692604648","1.588068336","1.394275567","1.35466144","1.284526546","1.219481625","1.146059769","1.079125734","1.033912303","1.004643382","0.942595288","0.894917355","0.87000174","0.859660875","0.848629297","0.84235943","0.809657579","0.766404435","0.71217062","0.686868461","0.684921455","0.676001662","0.672922777","0.685759959","0.687935997","0.676157063","0.659500267","0.654862376","0.668184236","0.653169121","0.642747329","0.640866107","0.637743842","0.643358456","0.639372744","0.647818984","0.653680345","0.646902018","0.636702201","0.631447148","0.638687135","0.65197265","0.658231366","0.651573057","0.635402811","0.625839026","0.622833552","0.620002657","0.617333857","0.614421128","0.612118838","0.609257122","0.602588798","0.596178546","0.590342876","0.587632081","0.589017359","0.58869796","0.588975174","0.587562933","0.586629281","0.582697823","0.577207059","0.573304891","0.570090595","0.568080818","0.568054872","0.568028895","0.568055634","0.573161519","0.580398153","0.587422835","0.594416999","0.60239055","0.611112281","0.617140007","0.622315185","0.625729719","0.628762656","0.629404209","0.629699715","0.629753911","0.628730868","0.629249946","0.628616203","590-19-2","CC=C=C","InChI=1/C4H6/c1-3-4-2/h4H,1H2,2H3
","C=C=CC"
"591-22-0","145.0362512","134.0539093","125.4817024","118.404892","112.4792269","107.7457602","103.191487","98.7368888","94.62139393","90.93904606","87.62764284","84.48842646","81.44193379","78.64635557","75.99187673","73.30591392","70.74063429","68.35503533","66.15815824","64.18322616","62.20553751","60.34644702","58.63800589","57.02121788","55.41197561","53.78908735","52.20222284","50.69230417","49.30825407","48.04014257","46.87280719","45.79357201","44.78110724","43.82020259","42.8888277","42.02023289","41.20142099","40.42315699","39.6911609","38.99402861","38.30074772","37.64090861","37.02121543","36.43567534","35.87609192","35.36009967","34.86159433","34.37357165","33.92949938","33.49214859","33.07591141","32.68539371","32.30361896","31.93744052","31.59868443","31.26235214","30.92894546","30.61756096","30.32367716","30.03671735","29.76427766","29.49812485","29.25350797","29.02068914","28.78932896","28.56859409","28.361231","28.16070624","27.96793906","27.80152061","27.61445657","27.43110409","27.25666087","27.08539087","26.91908631","26.74915133","26.6041403","26.45842105","26.30924454","26.16862415","26.04865858","25.90689763","25.78948915","25.66966129","25.55040169","25.44790411","25.3352877","25.23825284","25.12976624","25.03604737","24.94170722","24.85096578","24.76968197","24.68063043","24.60111965","24.51646296","24.43389026","24.3539548","24.280183","24.20507667","591-22-0","CC1=CC(C)=CN=C1","InChI=1S/C7H9N/c1-6-3-7(2)5-8-4-6/h3-5H,1-2H3
","Cc1cc(C)cnc1"
"591-27-5","60.00511703","58.2636753","54.97336116","51.27870201","47.49883155","22.3820976","20.41884545","14.18906209","14.21221935","14.49106875","14.77185725","14.92852862","14.96210303","15.05887797","15.28375071","15.62637574","15.86864787","16.02372716","16.18202637","16.52188228","16.89890274","17.11595526","17.20282284","17.40028709","17.73254549","18.00883242","18.34301401","18.67637522","19.0222816","19.37124931","19.43219989","19.62105679","19.77068093","19.82563922","19.83953409","19.78545747","19.7775154","19.79498699","19.7717909","19.83677269","19.84941601","19.87942724","19.90820792","19.92085845","19.93670606","19.95242981","19.97338774","19.99041845","20.00783086","20.02857179","20.04537985","20.06205145","20.07474536","20.09891882","20.10475675","20.10752496","20.11019009","20.11751564","20.11065218","20.1113702","20.12047021","20.11646166","20.11974128","20.11939075","20.12080882","20.12104067","20.11735855","20.12100472","20.11344505","20.1131736","20.11121865","20.10860026","20.10381889","20.10082346","20.09960764","20.09175071","20.08853432","20.08621114","20.08125262","20.07609353","20.07412571","20.0707865","20.06357136","20.05449135","20.04916072","20.04677164","20.04070278","20.03533405","20.02692596","20.02430317","20.01430617","20.0071569","20.00662292","19.99905975","19.9953951","19.98537496","19.98150587","19.96921642","19.96681652","19.96382858","591-27-5","NC1=CC=CC(O)=C1","InChI=1S/C6H7NO/c7-5-2-1-3-6(8)4-5/h1-4,8H,7H2
","c1cc(cc(c1)O)N"
"591-49-1","43.73395157","54.22850483","61.96675616","67.09785622","70.36189379","72.27656713","73.1521735","73.30344647","73.00059317","72.39884743","71.60768554","64.03716024","61.64672584","59.46678292","57.45321469","55.62305891","53.93893618","52.40177123","50.98837857","49.69233095","48.49567048","47.39243035","46.3720038","45.43440151","44.57126946","43.77023697","43.02454648","42.32844228","41.68580851","41.08946969","40.53842899","40.02079596","39.53554841","39.0793006","38.66357417","38.26045504","37.88643203","37.54957245","37.20674699","36.91650092","36.61410643","36.33817183","36.09756429","35.84366916","35.61749324","35.39934295","35.18684432","34.99537927","34.81797967","34.64167091","34.47184719","34.31620615","34.16371391","34.01838303","33.87970247","33.74894197","33.6269822","33.50900435","33.39688893","33.289255","33.18704617","33.08711538","32.99303643","32.90517383","32.81949345","32.73735863","32.6577024","32.57979823","32.50434667","32.43361039","32.36541016","32.29991091","32.2393279","32.18054315","32.12271319","32.06717493","32.01179429","31.95963022","31.91055444","31.86358917","31.81551077","31.76985638","31.72578556","31.68378596","31.64170985","31.60220645","31.56461232","31.52762198","31.49239793","31.45887678","31.4254129","31.39199897","31.35990511","31.32887717","31.30000501","31.27159908","31.24462816","31.21832181","31.19179066","31.16630904","591-49-1","CC1=CCCCC1","InChI=1S/C7H12/c1-7-5-3-2-4-6-7/h5H,2-4,6H2,1H3
","CC1=CCCCC1"
"591-93-5","176.8403853","162.6027705","155.7065296","140.3615017","134.3411355","128.7765284","123.6132337","118.8103101","114.3444578","106.7797074","103.0574498","99.58310985","96.34519448","93.33616387","90.51227622","87.91032301","85.46993644","83.19226467","81.07394057","79.08125069","77.21567274","75.50395902","73.87835432","72.33916241","70.90004635","69.55100493","68.32187715","67.11263515","66.02495755","64.98139136","64.01143164","63.08436558","62.21110793","61.3949012","60.61436544","59.88524195","59.18951621","58.54399976","57.93335237","57.33074533","56.76888502","56.27233576","55.76460336","55.26665159","54.83172235","54.41669683","53.99408207","53.61215601","53.2313268","52.89180685","52.53810901","52.23474374","51.91539077","51.6457987","51.3310942","51.09383106","50.83790788","50.56914889","50.35895944","50.13808514","49.91207951","49.70752642","49.51018913","49.31387476","49.13077217","48.95459867","48.78413514","48.62469567","48.46820389","48.31314413","48.16225434","48.02588371","47.90723469","47.77633997","47.64757699","47.51259064","47.39235407","47.28791865","47.19163557","47.08699954","46.9829697","46.8740545","46.77534899","46.68299479","46.59582632","46.51702367","46.43508964","46.35878542","46.2788757","46.19636153","46.11866465","46.04622746","45.97469236","45.90858534","45.85025602","45.78918151","45.72721854","45.6670502","45.61062564","45.55097797","591-93-5","C=CCC=C","InChI=1S/C5H8/c1-3-5-4-2/h3-4H,1-2,5H2
","C=CCC=C"
"591-95-7","8.830229322","6.607105292","5.855686611","5.002237498","4.43222404","3.894179445","3.516054235","3.036868677","2.629878504","2.388905329","2.229741935","1.950517107","1.792636816","1.616088595","1.589588336","1.369009055","1.316728909","1.155468559","1.140077311","1.011384015","0.909973154","0.958120462","0.917083102","0.795828118","0.770427674","0.805903524","0.786053023","0.701030897","0.626321522","0.645799933","0.689383796","0.702183904","0.678158424","0.642633548","0.604288819","0.60110689","0.618924252","0.626897225","0.644745625","0.633927447","0.615733798","0.575339567","0.538390424","0.504476548","0.507062887","0.531343046","0.545618287","0.561920564","0.587430378","0.615506986","0.641995998","0.661045697","0.679747249","0.672397185","0.661161751","0.65102937","0.642826395","0.629116251","0.613217849","0.607539889","0.600748459","0.594164521","0.588798037","0.581658613","0.579795458","0.580965381","0.586176192","0.594790539","0.603248629","0.611405317","0.618911436","0.626123679","0.633088225","0.640036657","0.650080942","0.659010441","0.662808513","0.662757164","0.663218691","0.665189719","0.663222142","0.661998216","0.65977493","0.656069946","0.652463795","0.648953385","0.645899007","0.644122159","0.642391108","0.640704481","0.640253401","0.641487321","0.645141138","0.649174976","0.653812345","0.658541611","0.663140478","0.66761358","0.671965353","0.676189061","591-95-7","CCC=C=C","InChI=1/C5H8/c1-3-5-4-2/h5H,1,4H2,2H3
","C=C=CCC"
"5919-26-6","7.914213623","7.519314077","6.967575623","6.444749602","5.986662247","5.328593878","4.894063683","4.485244616","4.296655684","3.972566076","3.736780114","3.488057867","3.228380478","3.012953155","2.861200442","2.684167075","2.563759393","2.440136747","2.365377374","2.232520515","2.063487548","1.972529224","1.914136174","1.819607406","1.694765395","1.577990156","1.480198095","1.432394792","1.441019128","1.390141065","1.309358911","1.249110834","1.199569735","1.160895983","1.147979919","1.144782434","1.148692585","1.137197653","1.067660053","0.987986828","0.925782257","0.864006925","0.814094677","0.781084704","0.760360401","0.764957573","0.771682687","0.793414183","0.808338175","0.83921947","0.840477614","0.829812767","0.791636668","0.75178584","0.719106384","0.687369984","0.64320187","0.604141038","0.578869234","0.563358487","0.556472611","0.539688093","0.525161216","0.515275784","0.513796309","0.51544048","0.516975078","0.518994957","0.524902175","0.531266941","0.545040828","0.556203978","0.565297481","0.578120432","0.59063229","0.590910235","0.591094018","0.59141021","0.588503929","0.58462753","0.580153529","0.57867811","0.575431678","0.571586667","0.566993573","0.560759942","0.555756538","0.547255385","0.537480162","0.527969407","0.518714309","0.509706386","0.500399133","0.49279087","0.488156779","0.484570351","0.48283781","0.48114761","0.480296732","0.481232401","5919-26-6","[O-][N+](=O)C1=CC=CN1","InChI=1S/C4H4N2O2/c7-6(8)4-2-1-3-5-4/h1-3,5H
","c1cc([nH]c1)N(=O)=O"
"592-41-6","2.420650329","1.658829192","1.429865837","1.387845582","1.290055614","1.240729369","1.178060455","1.064966485","1.031924085","0.944190238","0.971897301","0.864325594","0.85510755","0.765420482","0.76564569","0.73243489","0.677857958","0.682203382","0.612493149","0.604168205","0.642687823","0.567314949","0.52444844","0.561915539","0.543468521","0.474092596","0.44499538","0.507674065","0.527104407","0.441332425","0.401676332","0.394340069","0.45548736","0.484437707","0.442854653","0.39979685","0.362570863","0.372983373","0.426153912","0.466366435","0.479983476","0.432126244","0.377770029","0.342668599","0.321048536","0.324519093","0.339438138","0.367762028","0.39281796","0.411236922","0.409345172","0.383095045","0.350207886","0.319951131","0.299046041","0.28753057","0.282062097","0.284701227","0.30304648","0.323377703","0.34414339","0.366216343","0.382233325","0.392259331","0.400823697","0.400574179","0.398615604","0.385166478","0.363756279","0.342370698","0.320236526","0.299667731","0.285511488","0.275989564","0.268970731","0.265802329","0.263153866","0.261149633","0.26217583","0.265210405","0.269315708","0.274109774","0.2804883","0.286670333","0.293172578","0.301493602","0.308475872","0.315977113","0.320712423","0.323319291","0.323564803","0.32360086","0.322914975","0.32050011","0.318123729","0.315785678","0.313485751","0.311325987","0.307871785","0.303810829","592-41-6","CCCCC=C","InChI=1S/C6H12/c1-3-5-6-4-2/h3H,1,4-6H2,2H3
","C=CCCCC"
"592-57-4","86.81364126","78.35962545","67.27607963","60.40413879","57.61947113","54.77029415","52.70712134","51.02009333","49.01432879","47.0897539","45.51299461","43.96330057","42.58279542","41.07666092","39.82414989","38.50839448","37.23681378","36.06444831","35.02144263","33.98572135","32.8877061","31.92933792","30.96630232","30.12966294","29.19543678","28.47775823","27.63045916","26.91847096","26.1758376","25.51976845","24.90568175","24.2984699","23.65132702","23.04966453","22.53726065","22.0056035","21.46190377","21.01084451","20.54226747","20.05635409","19.67689028","19.24572802","18.81723135","18.47965779","18.08001303","17.73746099","17.38275243","17.07491341","16.7400841","16.46837656","16.17771794","15.87096797","15.61905941","15.34208336","15.0989887","14.86597475","14.61585328","14.42116172","14.14565773","13.97827213","13.7697882","13.5726851","13.36848466","13.21365153","13.04060522","12.81709204","12.70187377","12.55559218","12.36988955","12.22062215","12.08237153","11.94364703","11.81941556","11.6698266","11.54103149","11.45902803","11.36355643","11.18203474","11.06050057","10.98901996","10.88183922","10.7565825","10.67943263","10.62470617","10.5542278","10.4085047","10.27074203","10.19041337","10.14480322","10.08480721","9.987690511","9.893598087","9.820501095","9.767502995","9.71440791","9.647907919","9.558500013","9.484680081","9.414713711","9.359096453","592-57-4","C1CC=CC=C1","InChI=1S/C6H8/c1-2-4-6-5-3-1/h1-4H,5-6H2
","C1=CCCC=C1"
"593-54-4","20.0622676","16.26406987","13.39227113","11.5012384","11.63646671","16.3475413","21.14162513","18.89387252","16.75571261","14.78255834","13.2414407","11.5873554","10.45012573","10.50621109","10.75807201","10.95693546","11.24833909","11.52926135","11.83586759","12.08216956","12.28549601","12.49263996","12.68553466","12.82932575","12.951375","13.05966795","13.09845409","13.16144498","13.22646209","13.28682567","13.32841489","13.35676829","13.37944774","13.39675144","13.40956666","13.41867468","13.42502958","13.42951847","13.43200693","13.43294636","13.43303885","13.43271087","13.43145152","13.43021007","13.42862808","13.42718287","13.42453732","13.42165668","13.41879257","13.41550215","13.41220208","13.40796346","13.40283189","13.39814761","13.39298956","13.38566849","13.37929468","13.37261792","13.36660626","13.36209141","13.35830974","13.35580882","13.35353646","13.35101636","13.3467878","13.34180659","13.33692433","13.3306627","13.32416992","13.31774613","13.31119365","13.30536312","13.29954079","13.2941592","13.28880087","13.28376314","13.27838403","13.27279505","13.26734731","13.26247103","13.25716727","13.25104857","13.24482565","13.23876478","13.23229509","13.22622699","13.22076752","13.21542166","13.21000952","13.20473489","13.19931199","13.19435766","13.18954566","13.18504474","13.18043531","13.17662707","13.17296646","13.16914126","13.16575847","13.16242028","593-54-4","CP","InChI=1S/CH5P/c1-2/h2H2,1H3
","CP"
"594-09-2","61.40651286","48.81735577","43.15707487","38.10547346","33.59984576","29.6547645","26.05067107","22.94876805","20.16093804","17.71370255","15.49139728","13.60675493","11.89897154","10.42659834","9.122562852","8.002979244","7.004350879","6.140086124","5.396955106","4.749694204","4.182468129","3.714400138","3.30357888","2.937163001","2.634278081","2.368368145","2.138307888","1.956766391","1.804131196","1.668980705","1.564837764","1.479232265","1.410770784","1.349233653","1.310336015","1.274438016","1.257914584","1.237950475","1.23907867","1.243344282","1.273858654","1.2715962","1.287869794","1.300882024","1.328446511","1.352514868","1.369114436","1.405633633","1.405978313","1.449955678","1.460164652","1.496034077","1.500815628","1.533941655","1.550153027","1.574607444","1.594560291","1.605834216","1.629765336","1.639580918","1.652875858","1.670283225","1.672993153","1.690807417","1.70171114","1.70614649","1.721488919","1.732262038","1.745871792","1.750133538","1.765274564","1.780717623","1.789512405","1.796858981","1.806625426","1.81293644","1.825285344","1.833975126","1.843238966","1.851883925","1.859974441","1.866027633","1.875622731","1.884859204","1.891658624","1.900187969","1.909228053","1.91877717","1.928229422","1.929991648","1.936785576","1.942950631","1.945322678","1.951388097","1.95962839","1.968058671","1.974205685","1.978602935","1.981310067","1.985711337","594-09-2","CP(C)C","InChI=1S/C3H9P/c1-4(2)3/h1-3H3
","CP(C)C"
"60-27-5","37.25287825","33.29446726","31.68004662","30.06676259","28.49145497","26.89798958","25.36152034","23.90929744","22.55589984","21.22195731","19.95561577","18.78604337","17.63884131","16.62744575","15.6919638","14.67569476","13.83628989","13.00424378","12.23856626","11.51440091","10.83153749","10.16944396","9.61106406","9.026556894","8.549182813","8.048796162","7.575157625","7.200577179","6.817559517","6.424122805","6.085436643","5.810137585","5.546431752","5.281937736","5.0108336","4.790372811","4.570017029","4.388296798","4.213376135","4.03799832","3.892026356","3.747012015","3.614495872","3.47201407","3.382013427","3.256947684","3.147413161","3.075478502","2.970620708","2.886287616","2.818870687","2.734605499","2.662075283","2.599862927","2.539640939","2.470286687","2.411314986","2.376722147","2.320461923","2.266279372","2.202566135","2.157771436","2.122823753","2.086141649","2.055066042","2.014363258","1.979909799","1.946420889","1.915501247","1.879311453","1.844715077","1.814697106","1.785034022","1.765467586","1.744566508","1.724483497","1.700063287","1.671567458","1.649228291","1.628140742","1.606234187","1.592283393","1.574020339","1.558521698","1.541432729","1.521944452","1.50110544","1.486266361","1.47150691","1.451226931","1.434454639","1.424578522","1.41351734","1.405434435","1.39773405","1.384349193","1.368222273","1.350038862","1.333963583","1.322377319","60-27-5","CN1CC(=O)N=C1N","InChI=1S/C4H7N3O/c1-7-2-3(8)6-4(7)5/h2H2,1H3,(H2,5,6,8)
","CN1CC(=NC1=N)O"
"600-14-6","358.0481407","315.4527784","327.1916211","341.0324216","355.617984","367.0458966","377.1612043","384.8406545","382.5511337","366.3068851","339.2491824","336.2031576","330.6859002","218.7363642","214.0369293","211.2978056","208.8499881","207.8385337","206.2138463","203.8138335","201.2150278","197.9891884","194.6323814","190.8462442","186.9128832","182.8270996","178.8347758","174.6744216","170.689063","166.8223457","163.1714028","159.8341299","156.6352248","153.604444","150.8217071","156.879841","153.6694986","150.5707948","147.6664023","144.8773461","142.1929412","139.6782169","137.2407656","111.9382502","110.4562587","109.2081343","108.2048771","107.7745978","107.5843824","107.2235187","106.9924997","107.0235149","106.4997979","106.0062487","105.6303172","104.9175666","105.6832353","105.1065948","104.4594742","103.8988178","103.5055592","102.7566544","102.4728701","103.1425353","104.1333032","102.9491337","101.7359269","101.2798843","102.0444732","101.293792","100.8794553","100.1726947","99.76138227","99.63451309","99.03332051","98.60968467","98.14253737","97.83183086","97.31817208","96.82820219","96.53107355","96.20607936","95.79273877","95.29135889","94.80398982","94.31109768","94.06760487","101.4160501","101.4720187","101.3452633","101.3428142","101.3190026","101.2783076","101.3170992","92.35696929","91.75866624","91.51784907","91.32992483","91.1420062","90.98852392","600-14-6","CCC(=O)C(C)=O","InChI=1S/C5H8O2/c1-3-5(7)4(2)6/h3H2,1-2H3
","CCC(=O)C(=O)C"
"600-24-8","22.22270034","36.81481024","41.62792415","45.9696992","50.02828499","53.76057107","57.18597133","60.31968759","63.14501111","65.67040095","67.91862318","69.88096646","71.58368925","73.03735815","74.24895433","75.24786792","76.04283644","76.66026339","56.75032816","56.19666556","55.71634839","55.36021384","55.108889","54.9616856","54.94230535","55.05257509","55.29641249","55.69118788","56.25563527","57.01505868","58.0293001","59.48281736","61.3250661","62.92008292","65.87028253","67.25895193","68.73968047","71.07619323","72.60385722","69.08048657","68.35414802","67.68895126","67.07274003","66.13316614","65.26559033","64.46074426","63.71078688","63.02504585","62.3005628","61.42399835","60.59428837","59.81917694","59.0952988","58.42905927","57.67811312","56.88179377","56.1278151","55.43306239","54.76259482","54.15186223","53.57288826","52.87045577","52.13525233","51.45016757","50.79665875","50.17133723","49.58302237","49.03467982","48.52139845","48.03089362","47.57372535","47.0042149","46.39046048","45.80102468","45.24706847","44.70671618","44.19970268","43.71219701","43.24718194","42.81385924","42.38934449","41.98500233","41.60292084","41.17075367","40.72748641","40.28970317","39.87523401","39.48275899","39.10055967","38.73690179","38.38199355","38.05153415","37.71390079","37.40970705","37.11161073","36.8255365","36.55805626","36.29111558","36.03903682","35.7339807","600-24-8","CCC(C)[N+]([O-])=O","InChI=1/C4H9NO2/c1-3-4(2)5(6)7/h4H,3H2,1-2H3
","CCC(C)N(=O)=O"
"600-40-8","15.72976228","29.13957449","34.06311251","35.97848946","41.53563046","46.74700572","51.50894095","55.78083854","59.72320407","63.30054815","66.49700383","69.35083269","71.87820664","64.32657578","64.3888736","64.5648494","64.8567426","65.25963228","65.77033382","66.41492333","67.16292952","68.0700035","69.10123265","70.29343781","71.66676563","73.26092712","75.12147787","77.46046788","80.77460799","80.03682828","79.33755832","78.43912958","77.61985213","76.59245403","75.63240091","74.5782717","73.52820465","72.38936245","71.3002302","70.11062523","68.972142","67.76597806","66.60089851","65.38063649","64.21226384","62.97568345","61.82585786","60.58418019","59.37437969","58.22071519","57.00820504","55.86756782","54.71976912","53.56330767","52.49063999","51.43810273","50.29421172","49.23952335","48.26418965","47.28762495","46.26458771","45.31211622","44.43169753","43.59765339","42.72089907","41.91614492","41.13105178","40.31158479","39.55275634","38.84163553","38.07279787","37.36654821","36.70818622","35.99992889","35.34859807","34.75173112","34.12048554","33.50420904","32.9405935","32.42623488","31.84489776","31.30473714","30.82301544","30.36010299","29.85979791","29.39907493","28.97847121","28.60881311","28.16252275","27.76016535","27.38067439","27.04499841","26.7378541","26.43602317","26.07522141","25.74498754","25.451577","25.17913366","24.94147271","24.72993829","600-40-8","CC([N+]([O-])=O)[N+]([O-])=O","InChI=1S/C2H4N2O4/c1-2(3(5)6)4(7)8/h2H,1H3
","CC(N(=O)=O)N(=O)=O"
"611-14-3","60.65847216","52.60367226","47.72002763","43.05897332","38.73189225","35.16827924","32.20143035","27.9334666","26.50857795","26.26443167","25.44008419","25.01132595","24.85454624","24.80329473","24.83105621","24.8363075","24.91121337","25.02701472","25.16670149","25.37117794","25.59118048","25.87357225","26.17904978","26.51249856","26.91350581","27.37641347","27.90357471","28.44741785","29.03861072","29.80295658","30.49120059","31.07108139","31.64019971","32.23728448","32.82711701","33.40885452","33.98147966","34.4877499","34.96607625","35.41157864","35.52976981","33.56394755","31.71319362","30.01227294","28.48544123","27.06792037","25.77107802","24.60174638","23.57480566","22.68894581","21.91386445","21.223326","20.63976025","20.18130829","19.77272305","19.42868123","19.12509363","18.87918012","18.66566738","18.46286204","18.30889965","18.14083944","17.98854708","17.87956473","17.73526344","17.66801287","17.51489137","17.43804308","17.34941087","17.24095023","17.1617046","17.0831504","16.99095969","16.9264797","16.85854376","16.7697868","16.70518226","16.62668407","16.56902866","16.50035977","16.44234789","16.37565712","16.31271054","16.2443506","16.19800155","16.12257579","16.05571057","16.03991404","15.97267169","15.91834063","15.86273306","15.83945303","15.76253588","15.72487637","15.66892568","15.62749455","15.57747103","15.54430583","15.48411052","15.44610175","611-14-3","CCC1=CC=CC=C1C","InChI=1S/C9H12/c1-3-9-7-5-4-6-8(9)2/h4-7H,3H2,1-2H3
","CCc1ccccc1C"
"611-21-2","148.3070445","169.6376627","189.5298144","202.132363","211.8329588","220.0794817","227.3707404","234.0376705","226.0842098","233.3467418","251.0780762","255.9565794","260.4583306","264.6784898","272.2029399","272.9450234","273.5074743","273.8942767","264.8903223","262.2224531","259.7247335","257.377438","255.1871697","253.1606429","251.2286789","249.4650498","247.8166464","246.2624939","244.8016892","243.4652764","242.2013615","241.0196066","239.925497","238.8988276","237.9531517","237.0496794","236.2137213","235.4331897","234.7004348","234.0283233","233.3778297","232.7881123","232.2354171","231.7117089","231.2199926","230.7759107","230.329144","229.9170101","229.5419414","228.109161","225.5060618","223.0041154","220.5868082","218.2859797","216.0624004","213.9331603","211.8825128","209.9211687","208.0574679","206.2752249","204.5406857","202.903273","201.3398962","199.8301049","198.4236426","197.072941","195.7748993","194.5547896","193.3798679","192.2565578","191.2054407","190.204049","189.2305075","188.3228156","187.4700141","186.6510556","185.8822882","185.1560761","184.4628156","183.8139102","183.200378","182.6230968","182.0694498","181.5479421","181.0570058","180.5875584","180.1468409","179.7431995","179.3431264","178.9778453","178.6247691","178.2962751","177.9799719","177.6777544","177.3927812","177.114734","176.86396","176.6034636","176.3691118","176.1263309","611-21-2","CNC1=CC=CC=C1C","InChI=1S/C8H11N/c1-7-5-3-4-6-8(7)9-2/h3-6,9H,1-2H3
","Cc1ccccc1NC"
"616-02-4","1.75480224","1.621422976","1.851036611","2.303972352","2.74571526","2.722165543","2.982511076","3.243657611","3.446233412","3.6424171","3.836351338","3.970492174","4.119946787","4.254376434","4.370226287","4.471563615","4.542233688","4.626156968","4.682050976","4.730613465","4.776072519","4.808157132","4.846533605","4.864518765","4.889394567","4.902827682","4.913381144","4.921018001","4.927968245","4.926532417","4.929199968","4.926491386","4.92376226","4.911575029","4.907827348","4.901459498","4.893868234","4.887280396","4.879941479","4.869287947","4.864151947","4.851254422","4.841344573","4.831903743","4.824487391","4.812618743","4.804286873","4.79753197","4.785892705","4.779857011","4.768591181","4.760985612","4.754547791","4.747635091","4.73964576","4.73435991","4.72336171","4.718245654","4.711785792","4.705625949","4.704241255","4.696753813","4.688885677","4.68440622","4.681990468","4.676204556","4.674060106","4.667205794","4.665145767","4.661715162","4.656337853","4.655387987","4.649861495","4.646126579","4.645065016","4.644466294","4.641207006","4.639777848","4.636827507","4.635269454","4.634532873","4.631555458","4.632039858","4.631392735","4.629925255","4.628601273","4.627619494","4.626659766","4.62751427","4.625499935","4.624622606","4.625945131","4.624702406","4.623008276","4.624990707","4.622907858","4.624426065","4.623243767","4.622991551","4.626373496","616-02-4","CC1=CC(=O)OC1=O","InChI=1S/C5H4O3/c1-3-2-4(6)8-5(3)7/h2H,1H3
","CC1=CC(=O)OC1=O"
"6163-64-0","16.4811672","11.97328612","9.937125731","8.955595893","7.772728268","6.875110538","6.129679228","5.482337588","4.983470725","4.467473779","4.014835233","3.61794386","3.29389182","3.034539484","2.776491303","2.519538934","2.308623856","2.085092573","1.966340072","1.789293384","1.70353548","1.595466297","1.445166983","1.383500558","1.288521494","1.212990529","1.133162298","1.064023722","1.020280869","0.968105444","0.933918456","0.89209099","0.857083064","0.798063602","0.765233064","0.721283301","0.71167944","0.695768769","0.670530849","0.639122293","0.627875141","0.62112176","0.575395548","0.575352821","0.559416933","0.542981347","0.555197835","0.533940958","0.49984341","0.522453997","0.478027974","0.483852157","0.473154004","0.469240604","0.440857259","0.497553776","0.458343194","0.457044546","0.473522671","0.423194198","0.436689129","0.436989011","0.417163436","0.420806712","0.431419365","0.459578586","0.428548365","0.385037886","0.401706175","0.459568951","0.441843007","0.393471215","0.388035528","0.422329149","0.437587038","0.425418484","0.416612219","0.407090149","0.408699688","0.416227162","0.439196762","0.453025837","0.4308351","0.409341749","0.40280871","0.419545018","0.423231527","0.425612585","0.442010776","0.449436748","0.454095732","0.440673345","0.422555919","0.409923702","0.423025018","0.449975421","0.465846785","0.468558642","0.452071006","0.443877099","6163-64-0","CSC(C)(C)C","InChI=1S/C5H12S/c1-5(2,3)6-4/h1-4H3
","CC(C)(C)SC"
"6165-96-4","78.37858283","87.03087088","89.61764248","86.45671459","83.96039255","69.94295092","58.47926613","52.25541148","47.0592991","42.77262524","39.43956023","37.66287568","7.452577341","7.694212343","7.886072251","8.057997237","8.219529673","8.359788931","8.518233449","8.645842101","8.694511199","8.751986414","8.814607926","8.872879407","8.934108086","9.012098382","9.089500928","9.164433314","9.242729184","9.322692398","9.395200406","9.479596815","9.556278056","9.632398369","9.703212557","9.787158557","9.861610971","9.920358277","9.987692258","10.05682008","10.11835435","10.1835316","10.24204756","10.29287092","10.33723978","10.40005257","10.44698323","10.50134243","10.54654916","10.59552143","10.63241089","10.68859574","10.72072435","10.7689392","10.81167335","10.84307852","10.88816589","10.92396484","10.9649884","11.00301643","11.03536728","11.06064134","11.08853953","11.12671875","11.15064798","11.1758205","11.20602483","11.23632106","11.26108849","11.28353125","11.30942375","11.33217387","11.35671702","11.38763539","11.4155133","11.4350829","11.44894021","11.47409646","11.49624689","11.51757597","11.53747089","11.55128926","11.56786544","11.58552405","11.6079128","11.62263384","11.63184856","11.64152652","11.655349","11.67166828","11.68983011","11.7070006","11.72265483","11.73189446","11.74053044","11.74978509","11.76275608","11.77884803","11.79344823","11.80650793","6165-96-4","COC(=O)CN1C(=S)S\C(=C\C2=CC=C(C=C2)N(C)C)C1=O","InChI=1S/C15H16N2O3S2/c1-16(2)11-6-4-10(5-7-11)8-12-14(19)17(15(21)22-12)9-13(18)20-3/h4-8H,9H2,1-3H3/b12-8+
","CN(C)c1ccc(cc1)/C=C/1\C(=O)N(CC(=O)OC)C(=S)S1"
"618-36-0","32.85073782","27.81391084","31.8219848","24.20051731","22.56206745","20.80539818","19.41749892","18.0985972","16.9817529","16.05137614","15.14602724","14.28763279","13.50006878","12.80742976","12.14039934","11.5617018","11.1303218","10.60694857","10.21438539","9.782375128","9.405460697","9.092119805","8.626680108","8.144180045","7.727925319","7.348704311","6.985507355","6.696101713","6.501310793","6.215144797","5.839917215","5.505206991","5.227760053","4.99650054","4.852159301","4.849218988","5.048334269","5.137369981","4.879322712","8.747501973","8.322874618","7.892370253","7.588959017","7.338429424","7.112856737","6.886776381","6.630541132","4.608196674","4.582057841","4.59139451","4.580930343","4.58882607","4.57672439","4.569663016","4.547714593","4.561798598","4.536587481","4.544944367","4.537768949","4.524792937","4.520637674","4.51846516","4.507193915","4.507242498","4.505673071","4.501108605","4.495363391","4.492522568","4.48784796","4.491262119","4.482790059","4.480900345","4.4767803","4.477319626","4.466507181","4.468515349","4.466585392","4.46867657","4.45336715","4.467720939","4.452966277","4.461341996","4.449061851","4.446572664","4.444022196","4.438529925","4.435607621","4.438575722","4.426024205","4.434816742","4.425107084","4.417258292","4.425691074","4.415630587","4.422690236","4.414280889","4.408430246","4.408528125","4.398285571","4.400038402","618-36-0","CC(N)C1=CC=CC=C1","InChI=1/C8H11N/c1-7(9)8-5-3-2-4-6-8/h2-7H,9H2,1H3
","CC(c1ccccc1)N"
"62-53-3","95.10754545","91.80434669","85.71683062","88.1596643","83.71969108","83.29290378","81.71421385","79.76736982","79.34295206","78.19293827","77.38052741","76.64730579","76.19694322","75.95298889","75.37420856","74.31211389","73.95856235","73.55837798","72.90685041","72.33866926","72.41790594","71.76801029","71.05024032","70.91072572","70.63743856","70.43876233","70.38579927","69.9442575","69.66073368","69.32812037","69.39291636","69.12453005","68.99684836","69.05220341","68.8810118","68.6378767","68.62208516","68.50867508","68.62059517","68.37546865","68.29872092","68.21061886","68.21133792","68.28261441","68.16746481","68.10058924","67.97359018","68.07917591","68.13041373","68.14715215","68.0620371","67.94877942","67.98822119","68.02023877","68.10299234","68.1167411","68.02799721","67.84363249","67.54277725","67.39555029","67.03080068","66.70672864","66.49502033","66.17956661","65.98152308","65.67815001","65.40656271","65.2965822","64.97680879","64.66505296","64.51356352","64.34064474","64.05353445","63.82083183","63.64592242","63.38512883","63.21374917","63.05185706","62.85670979","62.60403743","62.34873804","62.23299017","62.14123541","61.90549387","61.61784702","61.47611555","61.41424546","61.25314306","60.98572389","60.78054637","60.66721556","60.57074464","60.38123023","60.14739384","60.04896828","59.93121581","59.80358664","59.64681435","59.45258902","59.36391864","62-53-3","NC1=CC=CC=C1","InChI=1S/C6H7N/c7-6-4-2-1-3-5-6/h1-5H,7H2
","c1ccc(cc1)N"
"620-14-4","129.180253","88.59869289","79.41408024","73.3221348","69.7569604","67.0362569","65.04400959","63.55782819","62.43931485","61.64911026","61.22612469","60.73954529","60.25036759","59.92120757","59.71831039","59.63390499","59.65611935","59.73177897","59.87706417","60.0446217","60.28095917","60.52229295","60.76304437","61.00464038","61.22437819","61.39285257","61.51233636","61.52628106","61.20531814","58.87278734","56.64714654","54.57967562","52.64443193","50.87744943","49.20826877","47.67992725","46.26481413","44.95220676","43.74794311","42.6548471","41.66843985","40.74445344","39.92989801","39.1724899","38.47352914","37.84211034","37.28848542","36.7627733","36.29142572","35.85964642","35.46573497","35.09453736","34.75205809","34.44124336","34.16641986","33.89850057","33.64768458","33.4066032","33.19165623","32.99604991","32.79436928","32.60829472","32.44720668","32.27953328","32.12799252","31.98444789","31.84135349","31.71526073","31.5863441","31.46486106","31.34322912","31.22964051","31.12478455","31.01567686","30.90632366","30.81141534","30.71309574","30.6188851","30.52974936","30.44269222","30.35597744","30.27547905","30.19559087","30.10923275","30.06559185","29.99714669","29.91473434","29.85001123","29.77809426","29.7158726","29.61553087","29.54838886","29.49105353","29.42527663","29.37193558","29.30768896","29.25201788","29.19900494","29.14423753","29.08914281","620-14-4","CCC1=CC=CC(C)=C1","InChI=1S/C9H12/c1-3-9-6-4-5-8(2)7-9/h4-7H,3H2,1-2H3
","CCc1cccc(C)c1"
"620-22-4","404.8768421","375.8053695","348.7960072","325.4240135","305.4742742","289.047241","276.3106125","265.1616372","255.2482426","246.3033257","238.0721738","230.3665554","223.0595604","216.0511724","209.3679095","202.871125","196.4833146","190.1996318","184.0204714","177.92013","171.8617779","165.8564398","159.907284","154.0210409","148.1865429","142.4331183","136.7358281","131.1066317","124.6585447","118.4320394","112.3921835","106.5342529","100.839732","95.33230772","89.98162175","84.82542581","79.83415127","75.04062769","70.45338431","66.07700717","61.93787541","58.03469607","54.37991897","51.00831362","47.94349455","45.21898978","42.91766546","41.126897","40.31916607","40.25293604","40.37409351","40.65799511","41.1045646","41.68633073","42.38078777","43.14153559","45.55893209","45.39144986","45.36386684","45.52294185","45.75984836","46.03507191","46.2918522","46.61025768","46.91038096","47.25153453","47.58516314","47.96431409","48.32688589","48.73568769","49.16115778","49.59868639","50.04781212","50.49297269","50.97122847","51.46297048","51.94206869","52.45173929","52.97080619","53.4724351","53.97865627","54.51784571","55.01575626","55.55803537","56.05555088","56.57480413","57.09250363","57.58548675","58.09369356","58.57438778","59.07158672","59.53384327","60.01325589","60.45746531","60.88919572","61.31081967","61.75236266","62.15689584","62.54541979","62.92290016","620-22-4","CC1=CC=CC(=C1)C#N","InChI=1S/C8H7N/c1-7-3-2-4-8(5-7)6-9/h2-5H,1H3
","Cc1cccc(c1)C#N"
"622-37-7","51.31918852","49.73595484","47.49024056","45.93466321","44.90260503","43.39145042","41.88010217","40.71043487","39.31196787","37.99952427","36.87185971","35.69071321","34.49051591","33.35553501","32.33797329","31.29831316","30.22472008","29.18440865","28.26437366","27.38370485","26.39886836","25.51153224","24.62817969","23.86804794","23.03533446","22.28320743","21.46124622","20.86746106","20.02841897","19.48320417","18.67269686","18.20642208","17.48738678","17.02625148","16.31742547","15.90811156","15.28779361","14.8886069","14.31699268","13.89150304","13.43307764","13.01948139","12.62372728","12.19875818","11.84767214","11.4542108","11.13112065","10.77772244","10.47417417","10.15309169","9.848711926","9.576632664","9.280218024","9.066853776","8.763217324","8.543501735","8.281660674","8.109669126","7.85623893","7.683922675","7.46626156","7.288969189","7.093651209","6.928416226","6.765540818","6.596044569","6.47086356","6.304655319","6.199868845","6.019468395","5.920399149","5.794247322","5.674820746","5.576350989","5.450914013","5.37092529","5.242852511","5.183160884","5.079172156","4.999112665","4.916624389","4.846337519","4.779520789","4.693655596","4.6389875","4.569599236","4.508678521","4.478482373","4.394248924","4.338652992","4.317556635","4.282028888","4.224353719","4.178148943","4.150036962","4.098694881","4.121277701","4.037655692","3.998733439","4.027943102","622-37-7","[N-]=[N+]=NC1=CC=CC=C1","InChI=1S/C6H5N3/c7-9-8-6-4-2-1-3-5-6/h1-5H
","c1ccc(cc1)N=[N+]=[N-]"
"622-96-8","141.2494945","121.0391116","111.2972886","103.4452689","96.84394983","92.53554004","89.15946684","85.2479026","84.0952649","83.43853166","82.49979931","81.709539","81.05310322","80.4145105","79.78249736","79.10290245","78.37382483","78.79889022","77.02686252","74.94726718","73.00669968","69.9141641","69.46240858","67.85029238","66.33692751","64.90331767","63.55315394","62.27333835","61.06413068","59.93931208","58.88096461","57.88757691","56.92944317","56.03157248","55.20748638","54.39138509","53.64794793","52.94558804","52.26592202","51.64641663","51.04895351","50.4947324","49.95124759","49.45548564","48.9966199","48.53708558","48.10447666","47.72398004","47.32816124","46.95477488","46.60503729","46.27654416","46.0612977","45.76456104","45.47534804","45.24055037","44.96859444","44.7122077","44.46629918","44.23517391","44.00955387","43.70801361","43.50226208","43.31014075","43.11614159","42.93458459","42.76832533","42.71750459","42.55349019","42.43745503","42.28413769","42.13962","41.99261737","41.85922058","41.72429416","41.59619079","41.478433","41.36077525","41.29291142","41.17893978","41.06770286","40.97303008","40.87339843","40.76281013","40.66889055","40.56974974","40.47729361","40.39140287","40.30152871","40.21550114","40.13448273","40.11121621","40.03175775","39.95511146","39.87784396","39.8177711","39.74571615","39.67738898","39.61489992","39.54883352","622-96-8","CCC1=CC=C(C)C=C1","InChI=1S/C9H12/c1-3-9-6-4-8(2)5-7-9/h4-7H,3H2,1-2H3
","CCc1ccc(C)cc1"
"622-97-9","88.19464223","74.40204098","88.50032618","86.12577365","73.85082354","73.45802243","73.144533","72.95824333","72.89616544","73.03782005","73.24876563","73.60678746","74.05263574","74.59273937","75.26591779","76.00356922","77.18665107","78.03821482","78.88611915","79.84420415","80.49428038","81.19325139","81.92351244","81.57078573","81.07846978","80.70090778","80.2982481","79.93479745","79.64590471","79.41089876","79.28909393","79.19749234","79.1927456","79.30473903","79.42392265","79.5902246","79.72859361","79.91044594","80.10207168","80.26008969","80.40181155","80.56727761","80.75001195","80.90608213","81.07795508","81.27657309","81.47118376","81.65912289","81.84691348","82.05784718","82.24700637","82.42981275","82.58752949","82.77001391","82.94117466","83.14016312","83.34489842","83.5165092","83.6737914","83.83722941","84.02742562","84.18183525","84.36168173","84.53429414","84.6926167","84.85475157","85.01709886","85.17166538","85.33895047","85.52397736","85.66073574","85.81335093","85.95466666","86.09945027","86.23723847","86.39070575","86.52477883","86.66012104","86.79003854","86.91898505","87.04437053","87.16617255","87.27974181","87.39089614","87.50717233","87.63196739","87.73194595","87.82947095","87.94546007","88.05088111","88.14547889","88.23646685","88.33887885","88.42360255","88.51577408","88.60151142","88.67594351","88.75555624","88.8291491","88.89896327","622-97-9","CC1=CC=C(C=C)C=C1","InChI=1S/C9H10/c1-3-9-6-4-8(2)5-7-9/h3-7H,1H2,2H3
","C=Cc1ccc(C)cc1"
"624-65-7","53.66299031","47.97987253","42.57611271","37.82385764","33.58157296","29.86036226","26.61889742","23.77116417","21.33808346","19.21121244","17.39134797","15.78075527","14.11136241","12.89791531","11.81703506","10.88584294","10.05840745","9.330382932","8.67375887","8.097887629","7.581747871","7.120809849","6.712222614","6.336320173","5.996506358","5.692248162","5.415008349","5.157756965","4.923491216","4.718167469","4.521704984","4.339764368","4.177598961","4.024350652","3.882294337","3.759300254","3.631132082","3.513845593","3.413210757","3.314494452","3.233317845","3.139640854","3.056598964","2.983704266","2.90229043","2.842306334","2.774873437","2.716876327","2.654729464","2.604358586","2.553876164","2.509483676","2.469137482","2.421312638","2.380471898","2.339669032","2.304772335","2.262357364","2.235236805","2.204897877","2.173174192","2.140544722","2.110241978","2.086050054","2.061990294","2.035631032","2.01326579","1.987828895","1.969270163","1.950784991","1.926999483","1.908787443","1.893330503","1.871626469","1.855360753","1.841451488","1.820411674","1.808394228","1.795624438","1.776843092","1.771749023","1.750302686","1.74147723","1.729276469","1.720558201","1.703407489","1.690763051","1.68139898","1.671242764","1.664733596","1.651925397","1.641361456","1.630839999","1.625344737","1.61215244","1.603067262","1.599092841","1.588836188","1.58152158","1.575827878","624-65-7","ClCC#C","InChI=1S/C3H3Cl/c1-2-3-4/h1H,3H2
","C#CCCl"
"624-89-5","9.410799267","9.788488337","6.239520397","3.512113791","1.624095896","1.221831467","2.094724899","3.365494236","5.277370384","7.581733404","10.24286635","13.42360493","14.65691635","8.111067499","8.849189032","9.050753828","7.079207819","6.978451736","7.064289964","7.094603586","7.132772173","7.178005342","7.223321134","7.264001768","7.298602059","7.321649361","7.347400686","7.37137871","7.393819123","7.410826979","7.426220709","7.449590427","7.455199109","7.46832845","7.486694686","7.499628321","7.502848343","7.50303782","7.51850289","7.539409231","7.548972242","7.559248637","7.563646754","7.577338098","7.586590707","7.596455142","7.615637653","7.623740812","7.624044872","7.632481023","7.640428893","7.644913015","7.663108864","7.667900444","7.682372493","7.694030239","7.693024871","7.702517633","7.709230076","7.716538223","7.718679088","7.730895432","7.738958504","7.747015588","7.754580764","7.768290828","7.770518368","7.77221301","7.781616635","7.79284017","7.781297563","7.801803075","7.799792553","7.804273814","7.808232054","7.819813322","7.817925485","7.81967655","7.82493255","7.82636356","7.837350853","7.834789172","7.844747069","7.848712561","7.853368948","7.862832675","7.86408484","7.867078013","7.872020893","7.876522502","7.875161309","7.88512532","7.887646115","7.883759753","7.888830222","7.892682265","7.892012137","7.894924503","7.900884279","7.899714147","624-89-5","CCSC","InChI=1S/C3H8S/c1-3-4-2/h3H2,1-2H3
","CCSC"
"624-92-0","127.7825314","54.1179602","65.56228328","77.37676885","89.03193972","99.7693447","109.8385621","119.0817896","128.1827658","135.5023141","142.6829148","149.2402776","155.1926641","160.5643045","165.4257064","169.7645271","179.2742164","177.3924","175.6242623","174.0152184","172.5066567","171.125243","169.8355781","168.6462738","167.5580304","166.5701816","165.6515403","164.8108691","164.0668435","163.4114811","162.8315408","162.3090551","161.8841151","161.5350392","161.2675841","161.1021022","160.9930495","161.011309","161.0999879","161.3137786","161.6109017","162.0607991","162.6328441","163.3476433","164.2397176","165.3030419","166.5885726","168.152123","169.0195657","167.2131984","165.3800831","163.5618428","161.7138633","159.8375914","157.976905","156.1167451","154.2541401","152.4098346","150.2390361","147.8748145","145.5678371","143.2529639","140.9662003","138.6927829","136.4558265","134.266154","132.0727602","129.9055939","127.8241718","125.7416204","123.6861052","121.6986515","119.7251507","117.8071681","115.9184279","114.0695577","112.2579815","110.4779391","108.7508795","107.0656877","105.427173","103.821604","102.2532157","100.7445161","99.28275479","97.85286156","96.46525102","95.13309342","93.83118503","92.59616677","91.38446785","90.20573788","89.08139182","87.99641713","86.95820733","85.94005989","84.98023609","84.05542424","83.13213716","82.3068058","624-92-0","CSSC","InChI=1S/C2H6S2/c1-3-4-2/h1-2H3
","CSSC"
"625-27-4","7.66211969","5.918503903","4.387670731","3.863988653","2.493513731","2.621088405","2.325757636","2.004007129","2.260913904","2.200408547","2.219973345","1.640436907","1.448451427","1.375738021","1.282641791","1.192643889","1.212638721","1.258820082","1.278769759","1.29050463","1.32099804","1.358015649","1.295633946","1.26413361","1.214431185","1.192837784","1.831645074","1.844768334","1.681379278","1.676994669","1.655644123","1.642196865","1.858341645","1.149630704","1.109377788","1.092680328","1.105195113","1.138261027","1.141021432","1.128942796","1.111441093","1.10561597","1.119309667","1.117233779","1.119123475","1.126502444","1.132699184","1.139572264","1.145735259","1.142429562","1.131228418","1.123236279","1.124169258","1.12270237","1.116428294","1.1223702","1.136549132","1.151776854","1.156767061","1.148694752","1.140928794","1.138392718","1.136194995","1.136300596","1.132194917","1.128953352","1.126297294","1.124732099","1.127999502","1.130294301","1.138123059","1.147262039","1.148599005","1.147450656","1.143667237","1.142045567","1.13922129","1.138751878","1.142511605","1.147061833","1.148680249","1.150097724","1.149100995","1.150275359","1.152466903","1.150464822","1.150560014","1.152540654","1.154994821","1.157360247","1.159297265","1.161013673","1.162030739","1.159146798","1.157187644","1.155814489","1.156410096","1.157009428","1.157611666","1.158214556","625-27-4","CCC=C(C)C","InChI=1S/C6H12/c1-4-5-6(2)3/h5H,4H2,1-3H3
","CCC=C(C)C"
"625-34-3","34.69317296","28.19784596","18.97926338","20.31982273","23.4578226","26.45454419","28.8498817","30.87692074","32.46592955","33.97663401","35.27424748","36.56102318","37.45508386","38.35691311","39.18095635","40.06236013","40.59021066","41.20034248","41.74210708","40.76021323","39.9372218","39.19493215","38.47585398","37.73113795","36.97267605","36.33534817","35.57447888","34.94680946","34.25886244","33.63913195","33.02062808","32.3687698","31.77210657","31.22066287","30.6195838","30.05603319","29.50478874","28.94542874","28.43248164","27.89339486","27.40881359","26.91039997","26.43135702","25.96947933","25.47230185","25.05857695","24.61492596","24.13484809","23.72002452","23.34787959","22.95242444","22.55517851","22.18719784","21.80279544","21.43900878","21.11134772","20.78040396","20.45720723","20.15981983","19.86269819","19.58751341","19.28983532","19.04275895","18.78522739","18.52421013","18.2949229","18.00982412","17.80014657","17.59503299","17.4269128","17.25702535","17.12828712","17.00281124","16.93518065","16.86281394","16.84796136","16.7726987","16.70634427","16.69588865","16.71086238","16.75260095","16.77008291","16.82834675","16.86914849","16.84126532","16.91526031","16.96345131","17.19429595","17.16186628","17.22310411","17.37515934","17.70352468","17.77370881","17.82097026","17.9896575","18.16369451","18.30260483","18.36594424","18.44666618","18.65105658","625-34-3","CC(=O)C(C)=O","InChI=1S/C4H6O2/c1-3(5)4(2)6/h1-2H3
","CC(=O)C(=O)C"
"625-80-9","29.98870338","26.69533001","23.90133533","21.37937176","18.35837347","16.18032045","14.29619009","12.68194176","11.23192413","9.981914808","8.904050065","7.992975886","7.175935403","6.457160532","5.819584537","5.284664661","4.822473321","4.391605334","4.028393849","3.70375878","3.415836483","3.162908616","2.948934443","2.739178813","2.562765016","2.409528824","2.26939063","2.139604658","2.036463771","1.923582801","1.848566283","1.7640271","1.701164432","1.62953802","1.58415655","1.529112884","1.486363616","1.4459748","1.42322515","1.39319073","1.365852628","1.341212035","1.324367092","1.30627836","1.289326323","1.294155574","1.281791386","1.271969108","1.264493621","1.268138497","1.258251575","1.263318093","1.267260982","1.260005529","1.267005809","1.279593652","1.283812054","1.286237364","1.298976042","1.30538564","1.315059057","1.324656379","1.349166735","1.349593071","1.367050044","1.379227807","1.396368834","1.409618879","1.423315193","1.439450532","1.450616457","1.46048443","1.47346346","1.487630603","1.501458267","1.512190346","1.527077287","1.536556538","1.547231674","1.55807082","1.565933796","1.578318146","1.588310519","1.597124159","1.601971771","1.614666336","1.625575866","1.631385285","1.63984023","1.645645618","1.65432168","1.659582465","1.666566564","1.672902742","1.682173846","1.689441788","1.699457615","1.701957306","1.705882192","1.710163968","625-80-9","CC(C)SC(C)C","InChI=1S/C6H14S/c1-5(2)7-6(3)4/h5-6H,1-4H3
","CC(C)SC(C)C"
"625-84-3","251.5105394","230.6637911","224.9458385","214.5776631","208.7426555","200.8078072","191.9779366","180.499402","170.1173017","159.5831666","148.8424136","137.986697","127.3265742","117.7293063","107.6308652","97.96946532","88.88793633","81.91519286","76.02922152","62.89505775","55.94522753","50.0582616","43.28101978","37.39603318","32.4082677","28.3415398","25.22334652","23.34709171","23.14140587","23.73453979","25.07490605","27.47194311","29.55545156","31.20589294","33.37736443","36.24673361","39.42282121","42.51584022","45.62242687","47.86902141","48.87999538","49.44831833","48.79553104","49.64181262","50.48176199","51.24505364","51.95710448","52.61908951","31.52864981","31.48932655","31.46465681","31.43257661","31.42659069","31.41898631","31.4218306","31.43737963","31.4767638","31.48109571","31.5050247","31.52391563","59.25687375","59.26389379","59.27154453","59.26501573","59.24673529","59.22150509","59.18877576","59.15288397","59.11005522","59.06432751","59.0160277","58.9668974","58.90076441","58.86201582","58.80625042","58.7469982","58.70338162","58.63564681","58.58211371","58.53759432","58.48060889","58.43876443","58.38845522","58.34827726","58.30607501","58.26375786","58.22573362","58.1921373","58.15948706","58.12555234","58.10374489","58.07693106","58.05772309","58.03233201","58.02106536","58.00544591","58.00272936","57.99109263","57.98861283","57.98685023","625-84-3","CC1=CC=C(C)N1","InChI=1S/C6H9N/c1-5-3-4-6(2)7-5/h3-4,7H,1-2H3
","Cc1ccc(C)[nH]1"
"625-86-5","28.23963787","27.3310285","26.23412498","25.03101581","23.93413781","22.87874781","20.64595919","19.52887249","18.46893139","17.4947958","16.47255815","15.64054223","14.72297198","13.95847574","13.22059093","12.51106005","11.85418087","11.25903404","10.67465504","10.15390734","9.650207646","9.186407326","8.761316343","8.350898839","7.969885059","7.608315008","7.284099274","6.992754544","6.680404948","6.405784277","6.170328802","5.928294732","5.718731948","5.492359352","5.300781345","5.111293006","4.950479992","4.771387933","4.622931835","4.468872022","4.344924509","4.212205908","4.074983173","3.976917032","3.861425459","3.748694539","3.661932971","3.569775182","3.478290856","3.396409058","3.309558974","3.243087981","3.167911864","3.104887074","3.028681114","2.972350628","2.914951434","2.858454247","2.809492349","2.754595115","2.704864026","2.658906849","2.610956409","2.57460875","2.54053185","2.494813239","2.451223666","2.422504323","2.387964745","2.341459909","2.314823463","2.293282088","2.276451285","2.23917137","2.204630685","2.17903525","2.151325756","2.131627991","2.102421652","2.084262893","2.071157495","2.054670151","2.039364562","2.01100386","1.990779558","1.970020057","1.953081123","1.938679207","1.927020842","1.912587847","1.894952835","1.876432414","1.86100772","1.848298101","1.8344743","1.821609812","1.809399791","1.800869697","1.788851898","1.773717054","625-86-5","CC1=CC=C(C)O1","InChI=1S/C6H8O/c1-5-3-4-6(2)7-5/h3-4H,1-2H3
","Cc1ccc(C)o1"
"626-60-8","55.66327465","50.39072787","42.51194454","35.84516076","31.13828672","26.97266057","24.07987469","22.93396844","22.10677997","21.66224489","21.30702247","21.01545479","20.75399191","20.53823259","20.36868408","20.27251575","20.23313068","20.23584037","20.25432179","20.42437792","20.5810039","20.83510219","21.15667761","21.49490078","21.95490069","22.47828923","23.06050625","23.77424938","24.49459227","25.35995686","26.27601684","27.34998594","28.55666489","28.96758349","29.16945601","29.16745127","29.19766257","29.17741288","29.15445798","29.12013325","29.07992566","28.24039119","26.22842853","24.57548064","23.28071068","22.38546868","21.80439953","21.44237706","21.19329813","20.99233514","20.86703256","20.75190898","20.66510029","20.59331581","20.50994961","20.43870584","20.36163516","20.30152887","20.24587288","20.19971035","20.14782","20.09603015","20.04587416","20.0038247","19.97603749","19.93496603","19.91035268","19.87538602","19.85307152","19.8142013","19.77942182","19.75031314","19.72500748","19.70703748","19.66872429","19.65129552","19.62112373","19.5950482","19.58517073","19.54471693","19.52116211","19.49868273","19.47007667","19.44714753","19.42456488","19.40715505","19.38874426","19.35919846","19.3423571","19.31122255","19.28690533","19.28453201","19.2504748","19.22872895","19.20349211","19.1835084","19.19395168","19.1559845","19.13398991","19.12085418","626-60-8","ClC1=CC=CN=C1","InChI=1S/C5H4ClN/c6-5-2-1-3-7-4-5/h1-4H
","c1cc(cnc1)Cl"
"626-64-2","54.10184655","54.25662027","54.26034178","54.09416589","53.60663548","52.95403373","52.09445392","42.7497479","40.96138409","39.23951922","37.65989479","36.11112834","34.58451077","33.15549742","31.80300825","30.50374078","29.25546788","28.07159434","26.90504971","25.83081494","24.77528357","23.78080072","22.82729628","21.92624254","21.08572373","20.2390463","19.43790393","18.68268924","17.95785386","17.29702806","16.63014476","15.98581205","15.41217439","14.83204788","14.2821732","13.77721671","13.26076155","12.79085287","12.3394866","11.90693984","11.49840031","11.10520104","10.70466969","10.35846695","10.01775515","9.696163746","9.378054674","9.063295507","8.771066721","8.521702325","8.24276026","7.995496914","7.750840144","7.518766111","7.298491453","7.095899812","6.884350215","6.691897192","6.510329702","6.32860538","6.159478997","5.990083708","5.837891444","5.681186985","5.54865698","5.401039424","5.273965483","5.151878372","5.020121068","4.898375326","4.783717947","4.685860382","4.573049346","4.470301001","4.395518637","4.289774889","4.189717536","4.113924343","4.03181915","3.937869124","3.866279282","3.801962246","3.730615111","3.650070348","3.592290065","3.529747957","3.461858595","3.393493229","3.339144663","3.291209903","3.232117469","3.186229642","3.12862117","3.090284025","3.038162863","2.995727097","2.953926692","2.900148356","2.855180222","2.818927493","626-64-2","O=C1C=CNC=C1","InChI=1S/C5H5NO/c7-5-1-3-6-4-2-5/h1-4H,(H,6,7)
","c1c[nH]ccc1=O"
"6264-93-3","61.70275624","69.52748261","74.40764679","79.16439985","83.49470592","87.42426094","91.02119153","93.79278907","96.50002953","99.06499564","101.2476595","102.6932323","103.9691056","105.4063362","106.9012119","107.7705968","108.4799436","109.2413652","110.1036977","110.9750421","111.3145833","111.7601603","112.2649555","112.9345214","113.779647","114.220066","114.894123","115.3013336","115.864287","115.2731899","115.221594","114.9396203","114.1298189","113.502824","113.1509048","113.3012388","113.5912832","113.8056959","88.78494158","88.84900581","88.78857588","88.73076974","88.72934857","88.82788453","89.03226426","89.31054017","89.67318704","90.1193289","90.62559942","91.20041845","91.84540511","92.53293963","93.29337195","93.93034437","92.95652399","92.29092657","91.32498951","90.49820225","89.54140067","88.71492508","89.06983674","88.41790701","86.90461639","86.24446098","85.59905575","84.94962739","84.48017828","83.27859659","84.16228509","83.26408475","82.72768424","81.86146401","81.53107567","80.78920791","80.43392117","79.87821359","79.8852322","79.30931068","78.94010258","78.45685111","77.99022275","77.75215489","77.32667112","77.04995801","76.82632064","76.92806456","76.72506751","76.55258231","76.37075399","76.20138794","76.0680969","75.89283862","75.82694584","75.94616682","75.99335076","75.97421081","75.94000219","75.88139105","75.89092768","75.89511968","6264-93-3","NC1=CC=CC=CC1=O","InChI=1S/C7H7NO/c8-6-4-2-1-3-5-7(6)9/h1-5H,(H2,8,9)
","c1ccc(c(=O)cc1)N"
"628-29-5","10.32393525","7.429271585","5.557822478","4.195252245","3.286949396","2.653413162","2.270887881","1.92584459","1.703381491","1.54327042","1.431042141","1.345243863","1.282094661","1.237721467","1.196704691","1.164085952","1.148565038","1.132999499","1.129417233","1.115698436","1.116932956","1.117246512","1.132509407","1.119846523","1.13174523","1.131553143","1.158532473","1.159085592","1.16713446","1.17270207","1.177235057","1.199932889","1.212050412","1.221940646","1.240920591","1.241901527","1.256836686","1.272876772","1.282983299","1.29510774","1.307605856","1.319274045","1.330725237","1.341954442","1.352744834","1.361169664","1.38086931","1.382005773","1.396246462","1.41340417","1.420904906","1.435317612","1.446770644","1.455070534","1.46520095","1.474099639","1.487155706","1.495364608","1.508137856","1.51552228","1.52328557","1.534047681","1.54248667","1.557714101","1.558233607","1.575216282","1.57726976","1.587992651","1.593936275","1.600217073","1.614089971","1.621754668","1.62832652","1.638284266","1.643287513","1.65363688","1.659795755","1.662481439","1.671919136","1.68202428","1.681868333","1.691094243","1.698143971","1.702705341","1.714943384","1.723013309","1.728143163","1.734319975","1.741733894","1.74403465","1.744231484","1.754018608","1.762900911","1.769355298","1.773137933","1.777120711","1.78256874","1.792934822","1.788154275","1.795694628","628-29-5","CCCCSC","InChI=1S/C5H12S/c1-3-4-5-6-2/h3-5H2,1-2H3
","CCCCSC"
"628-72-8","121.1848239","121.3775925","98.30436596","96.4452726","94.62965245","92.74419501","90.92240889","89.3892853","87.94376505","86.60726397","85.45635822","84.43216388","83.54554068","82.71097794","81.96010408","81.33814384","80.80854243","80.32255384","79.95038323","79.6585248","79.42998502","79.2438326","79.0902821","79.03324382","79.01040027","79.03241613","79.10235291","79.20785437","79.36369473","79.54982002","79.77712632","80.01558449","80.27346726","80.57744755","80.91782789","81.27644034","81.62757182","82.02415597","82.43967504","82.85657315","83.3605753","83.8197784","84.29782458","84.79205741","85.30828237","85.8357593","86.38207667","86.91581121","87.46301359","88.05441646","88.65438147","89.26650275","89.84440882","90.53861111","91.14767087","91.77360574","92.41425158","93.11540857","93.80819276","94.4865282","95.22825606","95.94455769","96.66952732","97.44250161","98.24155065","99.07859293","99.90233195","100.7729815","101.6568098","102.5718159","103.5475187","104.8307909","105.7600877","106.5875843","107.4187628","108.2593337","109.11089","109.9669352","110.8165012","111.650214","112.4901126","113.3341593","114.1814345","115.0152301","115.8305942","116.6513789","117.4491051","118.2378147","119.0179827","119.7621632","118.1479055","116.3670984","114.6795149","113.0629775","111.5607191","110.1410804","108.8083126","107.5622806","106.4105602","105.3483411","628-72-8","CC\C=C\C=C\C","InChI=1S/C7H12/c1-3-5-7-6-4-2/h3,5-7H,4H2,1-2H3/b5-3+,7-6+
","C/C=C/C=C/CC"
"632-15-5","27.65827548","25.8056489","24.41567719","23.56858561","22.76783355","22.00298575","21.33842133","20.63618457","19.9759584","19.33557236","18.67288339","17.69819782","17.12490552","16.57087678","16.08208651","15.57214052","15.11850337","14.65119089","14.18874223","13.78436041","13.40410328","12.98263793","12.64445711","12.29340023","11.98149975","11.60382203","11.32616192","11.00210535","10.75305175","10.46846717","10.23317505","9.93993604","9.75412651","9.46948224","9.245819962","9.10806759","8.852000253","8.658723087","8.498902488","8.272844812","8.115612182","7.976273925","7.78645087","7.610501746","7.524696411","7.399175831","7.213","7.057856546","6.967865513","6.876904079","6.720574327","6.568534345","6.471044429","6.406369571","6.347558365","6.242918951","6.111867872","5.998505554","5.904086987","5.835549956","5.776058825","5.716635077","5.65173303","5.551944409","5.462019919","5.38565596","5.314074922","5.256125633","5.216486197","5.187966389","5.155885209","5.117947252","5.044698492","4.971113716","4.898264718","4.830111009","4.764415487","4.714330706","4.673885917","4.653734341","4.633214118","4.61940651","4.587990414","4.55294131","4.499224388","4.440164373","4.387707823","4.336950291","4.302776884","4.265886674","4.238420846","4.216841735","4.202106814","4.187573448","4.1795068","4.161172027","4.1435978","4.119515222","4.097173578","4.069527631","632-15-5","CC1=CSC=C1C","InChI=1S/C6H8S/c1-5-3-7-4-6(5)2/h3-4H,1-2H3
","Cc1cscc1C"
"632-22-4","43.70933133","34.60145749","28.3340847","23.29390384","19.04549998","15.46682793","12.50338873","10.01820996","7.951333894","6.236409246","4.84969528","3.744070603","2.844166061","2.144627105","1.60332581","1.227354913","0.926814342","0.775395598","0.713112085","0.705217445","0.761210594","0.822887843","0.936605165","1.061669611","1.16164088","1.329483002","1.46795572","1.604374543","1.75218483","1.900276131","2.055141371","2.211590601","2.33131199","2.47352442","2.60836033","2.736033368","2.853951686","2.988746752","3.105040476","3.219531001","3.311848499","3.408874984","3.506450977","3.606273879","3.69825254","3.776623984","3.863242048","3.95943658","4.034747953","4.097118309","4.182823603","4.240406556","4.300942517","4.353615738","4.445702555","4.483971348","4.528776238","4.595773769","4.647569567","4.703998412","4.741348395","4.794182266","4.836472988","4.861634094","4.911495098","4.937166201","4.984970619","5.017105195","5.06582311","5.101338873","5.123752063","5.155962664","5.176936027","5.22788536","5.246884277","5.260606997","5.309332686","5.315083537","5.349331277","5.377136451","5.392133309","5.410765344","5.44362622","5.455681847","5.485836385","5.501755787","5.515601913","5.544831039","5.572767292","5.565284183","5.594364138","5.611305221","5.624880289","5.653063397","5.660723016","5.666870114","5.690100492","5.694445952","5.702115487","5.723843188","632-22-4","CN(C)C(=O)N(C)C","InChI=1S/C5H12N2O/c1-6(2)5(8)7(3)4/h1-4H3
","CN(C)C(=O)N(C)C"
"634-97-9","58.45832894","46.44819535","41.94680768","39.13068678","37.21809803","35.51297124","34.0293879","32.69679403","31.49708273","30.32284568","29.29353018","28.31141548","27.36004627","26.45383376","25.65086603","24.8404219","24.09434809","23.42871866","22.80128004","22.12739536","21.53059748","21.01636944","20.49850838","19.97729191","19.54625931","19.08127235","18.69846213","18.28141568","17.93120147","17.59593204","17.27336024","16.94567448","16.68411666","16.37428123","16.15086103","15.87784329","15.66042287","15.44908184","15.23902686","15.04868821","14.84868501","14.68037053","14.53384314","14.36932616","14.21765218","14.08727026","13.9476084","13.80524882","13.70075762","13.57025968","13.45966652","13.37993694","13.27801143","13.18206562","13.09947133","13.02725448","12.93870048","12.85386357","12.7935598","12.75056387","12.69026718","12.60166041","12.55050792","12.51212792","12.48160371","12.42983069","12.35738746","12.31432645","12.28393806","12.26696741","12.24775122","12.21373614","12.16983585","12.11921256","12.07716984","12.04994538","12.03442612","12.0310261","12.01466068","11.99263357","11.97363436","11.94094476","11.92296509","11.90190831","11.88048554","11.86733744","11.84789873","11.83065225","11.81664765","11.80671238","11.79490462","11.78554059","11.779079","11.77475269","11.76665583","11.75875819","11.75127371","11.73275799","11.71946083","11.70281395","634-97-9","OC(=O)C1=CC=CN1","InChI=1S/C5H5NO2/c7-5(8)4-2-1-3-6-4/h1-3,6H,(H,7,8)
","c1cc(C(=O)O)[nH]c1"
"637-50-3","45.41904889","44.50904232","42.90079756","41.70207516","40.53692633","39.46812222","37.91881572","36.49941342","35.13742972","33.78326702","30.44725554","28.98917444","27.63338917","26.3843361","25.11140801","23.96476556","22.87022507","21.84247653","20.87596565","19.95137963","19.03176391","18.24293181","17.42007554","16.68988754","16.00189068","15.30223431","14.70429579","14.10929818","13.53773501","13.02585445","12.52407883","12.05724802","11.61136057","11.17340016","10.77268302","10.39561453","10.0292552","9.700872506","9.366561311","9.058384331","8.767520447","8.478971765","8.216003749","7.954979566","7.712095096","7.492389745","7.271239902","7.067859276","6.875577509","6.685150384","6.501035196","6.332914089","6.172251146","6.010559696","5.878186835","5.725506496","5.590711166","5.462537415","5.339065332","5.213066834","5.099389605","5.003097657","4.884497446","4.796707444","4.697574924","4.595381252","4.516884865","4.434407779","4.352480859","4.274001156","4.196557948","4.127010464","4.054278928","3.992228796","3.927753238","3.870663201","3.806570281","3.743931793","3.698981258","3.644031326","3.595792177","3.538005025","3.503089765","3.44807289","3.41161101","3.359636673","3.329413792","3.28082058","3.251959999","3.206405446","3.166518581","3.147834576","3.109595516","3.084191443","3.042306864","3.005242988","2.99019852","2.958630411","2.935335263","2.905509507","637-50-3","C\C=C\C1=CC=CC=C1","InChI=1S/C9H10/c1-2-6-9-7-4-3-5-8-9/h2-8H,1H3/b6-2+
","C/C=C/c1ccccc1"
"638-02-8","36.61501723","35.72539378","32.91884831","31.12000681","29.7084794","28.2935624","27.05470616","26.03031026","25.02908921","23.94509342","22.99181994","22.16203515","21.39721127","20.6110681","19.89363337","19.21345155","18.52232772","17.87925112","17.30808886","16.72333364","16.17529997","15.65146407","15.17623698","14.68982132","14.24979181","13.79516916","13.37360522","13.02582361","12.62622156","12.26140703","11.92891341","11.59880768","11.31414644","11.00038817","10.72129326","10.41829744","10.20338506","9.912621024","9.68512549","9.432962226","9.229299047","9.02983361","8.821344532","8.651546305","8.472456361","8.255275353","8.089372387","7.937033338","7.800701618","7.658890895","7.489426166","7.355753754","7.208468692","7.074207679","6.952167082","6.854992503","6.771299938","6.653723152","6.528580993","6.402281105","6.302690236","6.221832055","6.156444977","6.062227978","5.98250251","5.882696318","5.791430133","5.716192314","5.656290477","5.595849176","5.542089417","5.48170123","5.403706014","5.326081654","5.259257517","5.204709015","5.15126357","5.102112727","5.052687617","4.995754678","4.954882269","4.904510879","4.856008886","4.825708737","4.797356344","4.765684939","4.735127726","4.702614995","4.663332643","4.612864566","4.562697738","4.511150615","4.461572972","4.418027802","4.374542588","4.336271852","4.310078895","4.29479081","4.274435956","4.254546232","638-02-8","CC1=CC=C(C)S1","InChI=1S/C6H8S/c1-5-3-4-6(2)7-5/h3-4H,1-2H3
","Cc1ccc(C)s1"
"638-46-0","13.14495109","8.177510119","6.191128171","4.882149728","3.947620344","3.315365567","2.806479382","2.427087667","2.12393223","1.86046468","1.676311426","1.487579189","1.387917789","1.257065538","1.158355632","1.088588477","0.989825994","0.933760446","0.879568361","0.840602819","0.812360333","0.769315862","0.719105579","0.714122366","0.663397338","0.639842922","0.623674541","0.592475938","0.559811199","0.546265812","0.542197252","0.527757292","0.499583987","0.483262945","0.493580844","0.477629275","0.443678467","0.463028166","0.437128168","0.429711886","0.441635969","0.40018003","0.427107326","0.404200388","0.410023733","0.390165795","0.391884817","0.37383581","0.38729866","0.367366848","0.387394615","0.355845663","0.362789561","0.346027655","0.346946366","0.374389427","0.355110287","0.37753966","0.385034275","0.330274759","0.354254632","0.390353818","0.360286763","0.332266888","0.353863909","0.355446893","0.343611635","0.342689416","0.357877359","0.363329578","0.359921505","0.363648168","0.364469654","0.359905712","0.353430241","0.356667794","0.34476438","0.336313531","0.351695596","0.360421962","0.369764435","0.376309029","0.367423923","0.365728211","0.363503802","0.359014548","0.350261499","0.353325539","0.355305545","0.360419072","0.362649854","0.36958065","0.376900427","0.386749828","0.380703683","0.385732145","0.371467654","0.365178198","0.356098903","0.357732697","638-46-0","CCCCSCC","InChI=1S/C6H14S/c1-3-5-6-7-4-2/h3-6H2,1-2H3
","CCCCSCC"
"64-19-7","28.26661527","22.59513235","17.5561533","14.11694361","11.49503228","9.477616057","7.969606552","6.795647229","5.8395794","5.117709958","4.522879408","4.058410713","3.663569804","3.352352715","3.092194335","2.876395234","2.690313467","2.543677343","2.411007845","2.303437856","2.20063023","2.130965189","2.058168138","1.999638639","1.9365513","1.902622125","1.866742673","1.834831485","1.801982903","1.782727349","1.758671589","1.736051191","1.73041554","1.713868114","1.702500007","1.691637122","1.689623804","1.683766486","1.677360397","1.6801353","1.67757334","1.670373024","1.671897053","1.665142934","1.670797371","1.671440172","1.663346027","1.668092211","1.662069689","1.669002672","1.666176437","1.668358888","1.669919568","1.665947743","1.662815829","1.667709291","1.67075051","1.672139909","1.672668623","1.677208607","1.670482581","1.671415432","1.672109519","1.676523086","1.676658899","1.680021811","1.678001754","1.671735576","1.678937781","1.67210578","1.672110279","1.675113647","1.673268703","1.668335248","1.673029628","1.664085275","1.668270483","1.66863317","1.660860376","1.671854438","1.658797249","1.668755665","1.660470772","1.65828378","1.664460485","1.651769317","1.672810193","1.653822986","1.655582367","1.664056898","1.651373672","1.65864768","1.658787316","1.646950246","1.657980202","1.663442395","1.647393099","1.650260524","1.662845085","1.653523642","64-19-7","CC(O)=O","InChI=1S/C2H4O2/c1-2(3)4/h1H3,(H,3,4)
","CC(=O)O"
"646-05-9","16.83405389","14.44480784","12.21362892","10.50969071","9.183743152","7.985786539","6.993697283","6.199401581","5.423962778","4.886178519","4.413700254","3.933217239","3.574252033","3.241626943","3.007486324","2.784020955","2.587033345","2.393245727","2.228468569","2.11834693","1.972618211","1.871967587","1.789171351","1.695340138","1.64142788","1.571065305","1.513446899","1.455442463","1.396664419","1.352268991","1.308878865","1.257844204","1.226620045","1.195644282","1.179530669","1.12888788","1.111047175","1.093619807","1.069147051","1.040407243","1.031706323","1.017914304","0.988687705","0.983284973","0.970987667","0.961025196","0.92890276","0.932363403","0.917834603","0.933194334","0.879193298","0.900978015","0.873923707","0.873950187","0.881197661","0.862652294","0.852659677","0.833765749","0.850124699","0.84046996","0.815032851","0.842315222","0.825091463","0.796259134","0.810127717","0.817187723","0.800045413","0.791830375","0.797121201","0.786045402","0.774276134","0.787898976","0.796341153","0.782740297","0.762526697","0.76004403","0.78207009","0.781122704","0.772522274","0.760332535","0.753925345","0.762779794","0.765951351","0.762468125","0.756762112","0.750400493","0.752656345","0.760359361","0.755126882","0.749730989","0.742257008","0.736745399","0.73347241","0.735396882","0.737276005","0.732063605","0.725401609","0.724035848","0.7270232","0.73237828","646-05-9","CC#CC=C","InChI=1S/C5H6/c1-3-5-4-2/h3H,1H2,2H3
","C=CC#CC"
"65-85-0","30.01809209","22.11846615","14.65244343","15.23722162","13.55484494","13.03721411","13.81692259","13.21619419","13.24446546","13.04721109","20.04758856","19.14834127","18.67534049","17.85890677","17.3776449","16.61343858","16.15865674","13.54092344","13.30104917","13.39524088","12.99980895","12.99685817","12.91274348","12.68539225","12.76649396","12.10910797","11.76232817","11.2911105","10.84027168","10.56955457","10.07807511","9.692173052","9.229036596","8.728611863","8.475421908","7.98070165","7.672272401","7.219340431","6.816987715","6.413613713","6.064213568","5.766635466","5.43097938","5.04947237","4.749512823","4.461819089","4.256032098","4.026343204","3.786985168","3.644714588","3.596040777","3.680199637","3.79738848","4.034138237","4.397820848","3.934099157","3.36634874","3.179458495","2.806908988","2.582375359","2.419229082","2.252681339","2.055547344","1.911913525","1.810276285","1.679268577","1.62469752","1.542652572","1.474138693","1.495730603","1.407937289","1.483154042","1.514346038","1.490667706","1.516273946","1.529089739","1.480946419","1.506445713","1.469949956","1.484351311","1.485206645","1.505838086","1.512118453","1.523079519","1.530620983","1.536294947","1.544419107","1.571015976","1.58489072","1.607346503","1.64888868","1.655218328","1.674797057","1.731000051","1.752102388","1.786056896","1.803470962","1.817552202","1.870450839","1.88502664","65-85-0","OC(=O)C1=CC=CC=C1","InChI=1S/C7H6O2/c8-7(9)6-4-2-1-3-5-6/h1-5H,(H,8,9)
","c1ccc(cc1)C(=O)O"
"65212-00-2","6.298199122","4.890976451","3.994814466","3.2771071","2.737603838","2.327570423","2.017087687","1.781679849","1.593052304","1.425865057","1.309540422","1.203619979","1.098255362","1.017213406","0.961953006","0.929469622","0.841119907","0.788921504","0.805240775","0.724413711","0.703725636","0.674661114","0.654549048","0.645307421","0.597028174","0.60834128","0.557459264","0.570060087","0.537341416","0.497892077","0.560538393","0.462110754","0.506743611","0.495881096","0.412266363","0.484638081","0.488409312","0.396586593","0.428128912","0.479426825","0.414786112","0.370800822","0.401981053","0.441331482","0.394401064","0.369877598","0.369479845","0.403950667","0.413464115","0.371960577","0.354589755","0.350529317","0.375229989","0.38153634","0.366752122","0.350848399","0.333070084","0.324680447","0.34314935","0.358469262","0.366533863","0.345224986","0.326269569","0.312131867","0.302900243","0.309710097","0.330741766","0.347805189","0.35751137","0.333712325","0.312520493","0.295575","0.286199902","0.286278001","0.300674886","0.318639266","0.336135959","0.348172923","0.351032082","0.338601416","0.322537095","0.306482925","0.290883419","0.278441459","0.270511894","0.275927485","0.289623313","0.309312408","0.322470472","0.339192869","0.350978986","0.357720596","0.345991337","0.329014115","0.311483708","0.293733097","0.279184636","0.264442305","0.249132955","0.239619517","65212-00-2","None","InChI=1S/C7H17N/c1-6(8-5)7(2,3)4/h6,8H,1-5H3/t6-/m0/s1","C[C@@H](C(C)(C)C)NC"
"66-22-8","35.94843559","17.73625063","22.74607931","25.74224378","52.8611205","49.40735755","46.10901257","42.92791918","39.86968769","36.91960633","34.08179985","31.3612615","28.76107907","26.32892862","24.04462071","21.79773196","19.77080464","17.81694832","16.04752707","14.35920423","12.84043546","11.41243043","10.15654425","9.049460173","8.084878847","7.288481556","6.699812597","6.32653364","6.241673342","6.658746966","7.132952702","7.613608446","7.43370043","7.245338475","7.149087615","6.974685875","6.843751286","6.787092795","6.645976806","6.579493572","6.508021087","6.406116578","6.392558868","6.289498666","6.113277817","5.815045032","5.683104344","5.696423053","5.483949569","5.558609709","5.467923876","5.434988521","5.40683681","5.353831737","5.300513609","5.263716716","5.224629948","5.186471598","5.140571047","5.089045621","5.039200108","4.991536867","4.954284417","4.913802998","4.880901158","4.844294541","4.811390684","4.778308892","4.744991574","4.71238701","4.681072885","4.650451438","4.625219199","4.60104573","4.576017817","4.553004173","4.532573176","4.513246873","4.499070813","4.483520555","4.469775026","4.45568193","4.441179059","4.431553161","4.422979764","4.41436406","4.405506485","4.39729155","4.38808945","4.377711412","4.370784866","4.36625242","4.362942606","4.360375564","4.358913235","4.355835987","4.355539001","4.355020829","4.354998873","4.355159466","66-22-8","O=C1NC=CC(=O)N1","InChI=1S/C4H4N2O2/c7-3-1-2-5-4(8)6-3/h1-2H,(H2,5,6,7,8)
","c1cnc(nc1O)O"
"66079-11-6","16.44161588","14.86824752","13.83281542","13.06759652","12.38369767","11.77104049","11.18102564","10.57972622","10.08319534","9.660000294","9.257052139","8.871264391","8.500163585","8.083068203","7.806140503","7.4936085","7.196184016","6.99887807","6.624645508","6.42413794","6.25179818","5.952317113","5.748005166","5.652263352","5.417930117","5.190584433","5.022924347","4.953020344","4.802875241","4.59848287","4.437076574","4.346033908","4.279880022","4.199961553","4.042960965","3.901816326","3.775158383","3.681883033","3.647378475","3.599201018","3.536155989","3.441073258","3.319528784","3.220021705","3.127839926","3.055459983","3.005054273","2.971076298","2.954926138","2.937809789","2.922629572","2.913382654","2.879524134","2.84358699","2.786718512","2.721517983","2.653500309","2.594273546","2.531236762","2.482932107","2.441265826","2.404709109","2.376268356","2.348524015","2.33163764","2.318406726","2.301966526","2.288262114","2.277888795","2.266346376","2.256953997","2.253868046","2.252430644","2.234301139","2.213007443","2.193780456","2.173245866","2.14844336","2.123103294","2.103264738","2.079936422","2.056631697","2.035026693","2.012090488","1.988692211","1.966664732","1.948125288","1.932505888","1.917595567","1.905863895","1.895788641","1.885151778","1.872983548","1.862943977","1.8552759","1.849328204","1.844234101","1.839025929","1.83407786","1.830797672","66079-11-6","None","InChI=1S/C8H10/c1-4-2-5-3-6-7(4)8(5)6/h5-8H,1-3H2","C=C1CC2CC3C1C23"
"67-51-6","69.85780725","64.22348131","59.88204798","57.00641239","54.4604046","51.98697457","49.71168866","47.5596855","45.61340637","43.79589439","42.11029152","40.56719316","39.15049939","37.86327776","36.68687827","35.60230564","34.61835977","33.72901227","32.89972593","32.10805217","31.39179221","30.70289265","30.05863225","29.48740979","28.93187521","28.44080794","27.97195975","27.53731238","27.13011994","26.76279336","26.43634832","26.10333213","25.79853079","25.49819744","25.24933303","25.01169339","24.75460814","24.54128914","24.33846987","24.118356","23.93227737","23.76995809","23.61011301","23.44932836","23.29875698","23.16911034","23.02943017","22.90614193","22.78436267","22.678071","22.57388515","22.47279677","22.37240142","22.26926635","22.18136835","22.10414927","22.02693654","21.95476726","21.8863511","21.81889896","21.75132756","21.6843242","21.61998191","21.55900026","21.50064408","21.44852719","21.39732911","21.34896892","21.30163215","21.2557991","21.21359413","21.1707729","21.1301416","21.08877703","21.04808512","21.00703327","20.96922535","20.93406668","20.90082889","20.86895954","20.83750754","20.80713821","20.77812069","20.75031438","20.72529074","20.70005378","20.67606809","20.65251529","20.62957988","20.60753651","20.58407176","20.5616711","20.53984688","20.51964581","20.50026806","20.48146173","20.46307289","20.44527333","20.42803526","20.41164718","67-51-6","CC1=CC(C)=NN1","InChI=1S/C5H8N2/c1-4-3-5(2)7-6-4/h3H,1-2H3,(H,6,7)
","Cc1cc(C)n[nH]1"
"67-64-1","57.98717197","36.48328893","31.22666209","28.25915708","25.47656972","24.01012304","22.45516818","21.08309024","20.17406872","19.41132502","18.53920688","17.77611866","17.12940774","16.46419751","15.79310664","15.23423357","14.76034635","14.26966484","13.79485941","13.42908154","13.02990006","12.5749968","12.19393822","11.8668054","11.50960974","11.19365916","10.87567776","10.6078909","10.3589388","10.09853353","9.821878668","9.619142028","9.356057877","9.19717491","8.920225835","8.761345552","8.530434499","8.399777212","8.197687445","8.041149664","7.872335471","7.720217354","7.618635545","7.446722747","7.33078956","7.181351278","7.042132349","6.95371398","6.828827511","6.705517105","6.608448959","6.480666469","6.397480341","6.346383352","6.254329767","6.138489396","6.066351736","5.987710024","5.893634328","5.81790546","5.770966753","5.705785327","5.619322292","5.537840069","5.471080829","5.420935703","5.357254276","5.300647771","5.261742132","5.229703035","5.173132457","5.111865974","5.044920848","5.010258737","4.968754807","4.946230596","4.908093059","4.860841473","4.805157406","4.764388522","4.72833259","4.702087405","4.653463215","4.604669348","4.574849615","4.529080563","4.509808061","4.48952478","4.469765842","4.465415168","4.430890118","4.390478244","4.35883168","4.32182734","4.285592242","4.261309338","4.243269683","4.229344931","4.224634886","4.209851756","67-64-1","CC(C)=O","InChI=1S/C3H6O/c1-3(2)4/h1-2H3
","CC(=O)C"
"674-76-0","9.203219514","7.334148554","6.183579491","5.651521497","4.933570841","4.424308147","4.036349283","3.764445479","3.42159889","3.257391478","2.907740931","2.6917465","2.402148479","2.190938428","2.155688587","1.967595159","1.766534652","1.659851678","1.553185712","1.428278675","1.417804269","1.400015487","1.319908323","1.136509713","1.023960219","0.970967376","0.963517646","1.016352121","1.012111545","0.934431289","0.846181358","0.788334477","0.745915204","0.71264559","0.700096686","0.707906499","0.728355775","0.750315915","0.746772463","0.6931451","0.642018745","0.593261259","0.554712041","0.535792169","0.529212244","0.535384493","0.550630898","0.564699975","0.575925722","0.582026149","0.586289593","0.588144434","0.591540157","0.593800329","0.600145301","0.597362616","0.593618289","0.590076682","0.586723857","0.580630093","0.56267198","0.54506602","0.527961354","0.510597241","0.494882846","0.482297379","0.471761615","0.460744473","0.450141632","0.444140947","0.439441533","0.434908949","0.432966885","0.43139533","0.42987717","0.428410076","0.426991842","0.425586781","0.423563215","0.422945293","0.422936556","0.423699885","0.424432849","0.425321473","0.42786726","0.429260795","0.43044305","0.431582859","0.433544049","0.436063545","0.438521324","0.440652233","0.443354587","0.446728456","0.45000307","0.453182222","0.456681979","0.460111707","0.463445359","0.466686431","674-76-0","C\C=C\C(C)C","InChI=1S/C6H12/c1-4-5-6(2)3/h4-6H,1-3H3/b5-4+
","C/C=C/C(C)C"
"675-20-7","2.295755674","2.206125746","2.335481533","2.406717366","2.449273481","2.414318796","2.398731596","2.357391687","2.297366958","2.225412581","2.199631778","2.146269493","2.107235803","2.063096699","2.026623371","2.014427959","1.98326034","1.947436466","1.904241179","1.88179496","1.87187726","1.854756854","1.828608638","1.821677936","1.797787652","1.779278831","1.758901319","1.742683142","1.734901501","1.724665389","1.702005333","1.704089001","1.684770241","1.681539515","1.666585848","1.659886644","1.645069065","1.631080288","1.639591343","1.614713172","1.607310427","1.603474492","1.609189876","1.591879016","1.581731231","1.581270353","1.57795065","1.57061931","1.565556566","1.555278603","1.548024658","1.54311051","1.54584659","1.548720641","1.537931146","1.53409531","1.523418898","1.522525409","1.51858992","1.51808722","1.518857489","1.508037006","1.500386543","1.506577101","1.50522075","1.504268374","1.501428867","1.49862986","1.483781421","1.486809673","1.487876097","1.491473189","1.48146861","1.472235353","1.477112614","1.48067535","1.478267101","1.473352441","1.466922259","1.466950025","1.472506201","1.474807723","1.464753771","1.45936119","1.461514129","1.461339258","1.465744885","1.467517376","1.463786998","1.458928717","1.452419235","1.44890305","1.448893767","1.454285896","1.458639738","1.46057887","1.458290944","1.454177202","1.448556285","1.442949918","675-20-7","O=C1CCCCN1","InChI=1S/C5H9NO/c7-5-3-1-2-4-6-5/h1-4H2,(H,6,7)
","C1CCN=C(C1)O"
"685-91-6","136.136836","135.3581689","132.9019584","129.4023581","112.5267648","107.1041312","101.9313509","97.12344967","92.60035579","88.33127254","84.34606348","80.58066333","77.08855234","73.76596001","70.67035729","67.75658888","64.99711468","62.42194792","60.01061473","57.72479213","55.59454851","53.58291203","51.67141628","49.90120013","48.22109554","46.66548829","45.14481872","43.75990648","42.44007455","41.18724936","40.01334063","38.9028757","37.84293189","36.86154884","35.92806297","35.04635985","34.20502182","33.40710405","32.6729734","31.96091785","31.27211761","30.63255093","30.00963573","29.43980227","28.88291564","28.37123324","27.86355478","27.39218384","26.9441771","26.51969485","26.09721323","25.69645402","25.33510788","24.97737015","24.6218383","24.30572064","23.98919759","23.69426354","23.40483631","23.12948538","22.86571924","22.61332419","22.37035989","22.14490357","21.9192161","21.71044327","21.48200335","21.29419859","21.1092676","20.90188972","20.74191719","20.58404454","20.3902715","20.24825046","20.12244259","19.95113096","19.79907726","19.67829888","19.54131139","19.39390688","19.27746852","19.17485163","19.05682028","18.93968807","18.83529686","18.73981142","18.62688992","18.52547537","18.43318395","18.34326671","18.24731466","18.14953443","18.06629673","17.99492178","17.92938512","17.85219602","17.76711422","17.68459114","17.60709741","17.54529013","685-91-6","CCN(CC)C(C)=O","InChI=1S/C6H13NO/c1-4-7(5-2)6(3)8/h4-5H2,1-3H3
","CCN(CC)C(=O)C"
"6851-93-0","36.52646174","39.33195704","41.0440458","41.51968791","41.05629211","40.14061294","38.84256187","37.43546502","35.80893983","34.03188507","32.39346474","30.08206608","28.59621704","27.39852845","26.46525879","25.73673087","14.34131565","13.57184633","13.01272634","12.55763251","12.24527529","11.99263712","11.78651286","11.61469559","11.46571351","11.37066265","11.24601127","11.13901034","11.04786455","10.95215391","10.8610507","10.77772046","10.7089718","10.63210779","10.55606021","10.47877169","10.3896499","10.3254232","10.25875396","10.1850165","10.1158554","10.04953713","9.980660988","9.899311314","9.81897178","9.751289755","9.687931","9.627256518","9.560453917","9.496930056","9.439503018","9.381419719","9.324512669","9.264345363","9.193294807","9.127280061","9.070086942","9.015023594","8.960883443","8.909921533","8.856611661","8.802512798","8.753433745","8.709167159","8.6695648","8.630169942","8.592659478","8.553611983","8.512391097","8.466557815","8.417855455","8.371572303","8.325713468","8.281900006","8.239417463","8.198790421","8.162049787","8.128145143","8.09376041","8.059031717","8.021584333","7.984179729","7.947979045","7.914752909","7.886427369","7.861493582","7.83711842","7.811550759","7.786546262","7.763063537","7.741684397","7.721430685","7.701676012","7.681671342","7.661971756","7.640038125","7.6168179","7.593943936","7.571574383","7.549898178","6851-93-0","CC=S","InChI=1S/C2H4S/c1-2-3/h2H,1H3
","CC=S"
"6890-62-6","409.233191","405.7729488","400.0103205","394.0421669","387.9015671","382.1870041","376.593995","371.2831738","366.2493503","361.493744","357.017381","352.8125166","348.8726194","345.1959835","341.7762116","338.6048638","335.4646946","332.1635802","328.7081315","305.888553","301.3024282","296.6237411","291.9415699","287.2421969","282.5397028","277.8677287","273.2436138","268.6916734","264.2097595","259.8123174","255.4986251","251.2967678","247.2108432","243.2683249","239.4609791","235.8344051","232.4245519","229.2593583","226.4101393","157.553569","20.14573673","20.18637972","20.2728998","20.28285838","20.54387047","20.59191236","20.55468598","20.41874201","20.54702066","20.36950939","20.36134774","20.43374855","21.52979208","21.90989699","21.67634803","21.98850719","21.76594934","22.07417149","21.81988703","21.92991088","21.62974348","21.32193679","21.40754842","21.06402783","21.12284312","20.73979864","20.7874312","20.39518021","20.41000588","20.02631317","20.02712402","20.02952585","19.6819416","19.67264866","19.66557408","19.38298231","19.36583484","19.3495879","19.32812631","19.15793398","19.12815393","19.1057279","19.07917598","19.0633209","19.04533834","18.98031217","18.96000182","18.9386663","18.91939649","18.90397787","18.89174537","18.86991123","18.84503488","18.83085189","18.81253631","18.85520856","18.84182527","18.83220259","18.82541907","18.82061227","6890-62-6","ON1C=CC(=O)C=C1","InChI=1S/C5H5NO2/c7-5-1-3-6(8)4-2-5/h1-4,8H
","c1cn(ccc1=O)O"
"690-94-8","42.34149907","37.30182003","33.46480181","30.23281955","27.64187351","25.44811625","23.61546632","22.11457619","18.54379244","17.2850834","16.33116791","15.51959804","14.93616066","14.49334765","14.07369875","13.78389714","13.56875759","13.41892623","13.29858081","13.22567941","13.08107163","12.96510657","12.86313634","12.79089187","12.72091285","12.64616727","12.57990176","12.51921601","12.46206819","12.40693298","12.32914146","12.24854952","12.178987","12.10491906","12.03914225","11.98210691","11.92474747","11.86553111","11.81093059","11.75552705","11.69937101","11.64813041","11.60023786","11.55409701","11.51240477","11.46919315","11.4261772","11.38415235","11.34497417","11.308929","11.27619977","11.2434606","11.21035105","11.17857934","11.1491732","11.12070572","11.09229779","11.06490793","11.04027726","11.01534167","10.99130787","10.96736945","10.94443215","10.92285509","10.90274037","10.88389354","10.86592875","10.84817779","10.83130029","10.81432044","10.79770601","10.78179983","10.76669816","10.75119092","10.73603954","10.721756","10.70842911","10.69561059","10.68296438","10.6702075","10.65688073","10.64280022","10.62897011","10.61545612","10.60233494","10.58974917","10.57724156","10.56500973","10.55341426","10.54160368","10.53000479","10.51881183","10.50785371","10.49714615","10.48678602","10.47675674","10.46704658","10.45759237","10.4483856","10.43995658","690-94-8","CC(C)(O)C#CC=C","InChI=1S/C7H10O/c1-4-5-6-7(2,3)8/h4,8H,1H2,2-3H3
","C=CC#CC(C)(C)O"
"691-37-2","8.014089813","7.021134635","6.265066862","5.546060145","5.186163102","4.515648156","4.221917924","3.803305601","3.490130934","3.332342121","3.16182441","2.938743255","2.747108651","2.633276926","2.529857353","2.447776947","2.323752941","2.206785911","2.1017299","2.015798731","1.957412269","1.907010626","1.860787135","1.844824534","1.825881546","1.807781145","1.790546141","1.766070222","1.726645995","1.697424152","1.664896875","1.633412171","1.605957187","1.588705168","1.566571958","1.546561603","1.522629659","1.498817949","1.474619681","1.452041826","1.430946205","1.411208715","1.396166947","1.383061511","1.370770023","1.35922744","1.348374992","1.339294537","1.333848174","1.328711598","1.323862023","1.318968162","1.312682111","1.306728124","1.30108346","1.295727271","1.290640419","1.285805311","1.281205753","1.276826822","1.272654747","1.268676807","1.264881234","1.261257133","1.257794405","1.254483675","1.251316238","1.248283997","1.245379415","1.242595469","1.239925612","1.23736373","1.234904112","1.232541416","1.230838441","1.22956285","1.228336332","1.227156409","1.226020754","1.224927186","1.223873655","1.222858234","1.22187911","1.220934576","1.220023026","1.219142944","1.2182929","1.217471545","1.216677604","1.215909873","1.215167212","1.214448544","1.213752846","1.213079152","1.212426544","1.211794154","1.211181155","1.210586763","1.210010234","1.20945086","691-37-2","CC(C)CC=C","InChI=1S/C6H12/c1-4-5-6(2)3/h4,6H,1,5H2,2-3H3
","C=CCC(C)C"
"691-38-3","10.38018418","4.937334879","3.595481844","3.072857142","2.393176413","2.046358667","1.903741334","1.607293376","1.534402681","1.361920678","1.268816646","1.235195821","1.084970404","1.08232065","0.941317167","0.968790948","0.861088281","0.896518001","0.797130824","0.82295663","0.750647862","0.79937576","0.718444239","0.714757101","0.669413416","0.717312568","0.627910591","0.660077821","0.634985103","0.601325397","0.627312959","0.583263032","0.575565964","0.582087231","0.563693471","0.554681376","0.528965159","0.579086656","0.503177209","0.518071369","0.58233184","0.48446826","0.480849266","0.546696626","0.511447127","0.454295868","0.487474229","0.515583956","0.470991726","0.447365197","0.474985993","0.508197594","0.463933356","0.440133928","0.443566731","0.461850935","0.493598382","0.449225207","0.427462005","0.417335459","0.440133244","0.468847445","0.489101692","0.464971869","0.420770682","0.391628724","0.371986982","0.3784578","0.408029418","0.443188914","0.46174972","0.462193103","0.47512612","0.454378537","0.419600727","0.402704691","0.409247968","0.399197691","0.38707293","0.394228538","0.402066104","0.404377195","0.394452857","0.393573578","0.400115372","0.401182934","0.403234077","0.405222765","0.410348221","0.416444411","0.426371807","0.434004689","0.437433496","0.438066651","0.432744071","0.428820604","0.428362505","0.42878596","0.425555572","0.420909632","691-38-3","C\C=C/C(C)C","InChI=1S/C6H12/c1-4-5-6(2)3/h4-6H,1-3H3/b5-4-
","C/C=C\C(C)C"
"693-98-1","18.07493715","5.752959803","4.429717632","3.65100806","3.25125649","3.02922104","2.892173701","2.774221013","2.708496414","2.644508083","2.619937666","2.60640448","2.559818665","2.525490261","2.510429631","2.477835679","2.424951202","2.427615446","2.372561728","2.334987714","2.336225598","2.263359666","2.274642247","2.200939689","2.194528637","2.154656163","2.12815962","2.084306467","2.061437822","2.030237103","1.98913176","1.973687973","1.938548502","1.917040477","1.894716231","1.851266962","1.848719182","1.800791891","1.802542002","1.752313444","1.734874037","1.723869865","1.680628595","1.668251344","1.656867068","1.622826374","1.603380593","1.606011822","1.56830114","1.532978116","1.551840138","1.523720207","1.481862509","1.473953973","1.492747792","1.438081122","1.420474233","1.439052651","1.433020847","1.382387884","1.356444152","1.369267908","1.388161991","1.343874444","1.314398831","1.305871025","1.323404034","1.33012042","1.292577125","1.256953148","1.238835032","1.253750971","1.278613021","1.271177647","1.234227547","1.202982185","1.190403814","1.199560361","1.215752185","1.222799649","1.200147767","1.168784832","1.146409113","1.135214631","1.142846581","1.158720368","1.168300311","1.166458783","1.140662411","1.118701266","1.096059168","1.083918642","1.08930312","1.099115762","1.112195977","1.121564081","1.119002771","1.101345039","1.078270944","1.065100487","693-98-1","CC1=NC=CN1","InChI=1S/C4H6N2/c1-4-5-2-3-6-4/h2-3H,1H3,(H,5,6)
","Cc1ncc[nH]1"
"694-53-1","253.4309955","232.0520035","211.3912485","192.8799175","177.156722","164.586481","154.4377651","145.7552193","138.209488","119.3804152","113.7321392","106.7765388","102.8739014","99.93093078","97.53193595","95.26438941","92.67616018","90.09512407","87.57968435","84.99942279","82.39584277","79.72193747","77.00104324","74.20683196","71.36470071","68.42962244","65.47588592","62.45585605","59.41503163","56.35578472","53.28905123","50.22853393","47.20261239","44.25027676","41.35164991","38.57002199","35.91588314","33.45954497","31.20022457","29.19885578","27.55080456","26.34848879","25.78787498","26.52237005","27.49159743","28.56496225","29.85416046","31.83239929","33.21511148","34.99530488","36.81896604","38.95913209","41.70632632","44.04063022","47.16459062","50.31420999","52.72637351","55.40401943","27.63154667","25.98247501","24.22496192","22.65661864","21.55650306","20.06725035","19.09167464","18.53241322","17.3719756","16.77221401","16.53951886","15.98858709","16.24955597","16.40010864","16.07136374","17.06142203","17.92822492","17.79749802","18.02320068","18.58696897","19.07215144","19.59835885","20.15448157","20.74529229","21.35611461","21.99053775","22.64504967","23.32300886","24.01624593","24.72701194","25.44970415","26.18251054","26.91765015","27.65657843","28.3898187","29.11812429","29.82991931","30.52680597","31.20927725","31.86838855","32.51195191","33.1398707","694-53-1","[SiH2]C1=CC=CC=C1","InChI=1S/C6H7Si/c7-6-4-2-1-3-5-6/h1-5H,7H2
","c1ccc(cc1)[SiH2]"
"694-59-7","640.3943536","614.7537429","580.1742764","545.5116328","287.921928","286.5574478","285.4365515","284.7394303","278.1481145","269.7990738","261.7035113","254.1894376","233.9844957","230.6590015","227.5336543","224.680833","222.0828926","219.5573595","217.1674644","215.1536468","212.0661692","206.6697044","201.6134922","196.8498129","192.3175093","188.0301129","184.0098181","180.2784494","176.4992595","172.8723895","169.548666","166.5427555","163.9128184","161.6364135","155.1356386","145.551077","140.2120527","135.0841983","130.1694085","125.5031217","121.034721","116.7924697","112.8054167","109.0389615","105.5348448","102.2602653","99.26276728","96.54547754","94.16227691","92.08949526","90.44439077","89.37450018","94.04994599","91.62646164","89.31235458","87.0697844","84.95828562","82.9581388","81.04806528","79.24945187","77.56612749","75.99286618","74.543963","73.19461666","71.94938403","70.83096267","69.83530867","68.92168999","68.15394961","67.47439683","66.91549585","66.53855115","66.13311651","65.78676656","65.50801461","65.23047354","64.95596461","64.70647658","64.46234667","64.23071837","64.01838301","63.8006513","63.61533161","63.43818207","63.27599835","63.10808149","62.96154244","62.81582888","62.69480842","62.57148662","62.4535353","62.36914743","62.26304414","62.17956053","62.09673908","62.03526623","62.05046591","61.99543555","61.95357345","61.92749443","694-59-7","[O-][N+]1=CC=CC=C1","InChI=1S/C5H5NO/c7-6-4-2-1-3-5-6/h1-5H
","c1ccn(=O)cc1"
"694-87-1","43.52214256","31.21712726","23.74038698","18.89337892","13.99945882","12.32052096","12.65411192","13.93681892","14.43850085","15.0814622","15.83432612","16.51037269","17.12843509","17.70617179","18.23137914","18.71262975","19.21899637","19.65891321","20.12972306","20.57052855","21.02863995","21.4644752","21.89197302","22.3545851","22.80597531","23.29630666","23.7341971","24.19783664","24.63464873","25.10511899","25.55812006","25.98545936","26.41997575","26.86559356","27.23077878","27.43715358","27.50727422","27.57729897","27.62413318","27.69440945","27.78055882","27.84196199","27.88417807","27.96262534","28.03191695","28.1044611","28.16519505","28.26324012","28.33738555","28.40342728","28.48575302","28.56012587","28.61975835","28.68807526","28.74561785","28.80855346","28.89732481","28.95719","29.00890446","29.07954208","29.14278328","29.19632741","29.26118742","29.31761862","29.36436945","29.41363831","29.46933318","29.53049805","29.5827835","29.62431958","29.68163673","29.73413719","29.77305474","29.82108699","29.87628954","29.92860384","29.96278744","30.0218788","30.06022171","30.09963969","30.14134174","30.168092","30.22680685","30.25580193","30.28867524","30.33444692","30.36728745","30.40355208","30.4286272","30.47215402","30.49605559","30.52272361","30.5711972","30.57910741","30.61552546","30.64720101","30.66872157","30.7012068","30.72369974","30.75210291","694-87-1","C1CC2=CC=CC=C12","InChI=1S/C8H8/c1-2-4-8-6-5-7(8)3-1/h1-4H,5-6H2
","c1ccc2CCc2c1"
"694-91-7","3.855165986","2.533405845","1.855937075","1.666322474","1.502778394","1.482307115","1.532081399","1.476111756","1.506979358","1.535692772","1.536006779","1.585006296","1.590141331","1.622031206","1.624076424","1.641026661","1.64648055","1.65627607","1.683367722","1.680480182","1.687871698","1.689194553","1.687838974","1.706399923","1.714275374","1.705695059","1.715172507","1.69173423","1.707737","1.713478122","1.707356019","1.701941506","1.722754702","1.700004943","1.70088156","1.693500516","1.69417464","1.68865492","1.684846021","1.678275952","1.693684065","1.66649335","1.669328374","1.669424396","1.657540981","1.659604617","1.648241567","1.65022473","1.635705053","1.644744338","1.631807461","1.619220687","1.622412953","1.617834906","1.624593217","1.613019786","1.606918077","1.605686469","1.585831301","1.585517886","1.589965262","1.582793548","1.5718314","1.583342247","1.59053875","1.571254547","1.562827874","1.560466282","1.558813158","1.548216011","1.543571055","1.538218739","1.540713322","1.54450765","1.540062732","1.539209111","1.533398156","1.525249232","1.517369291","1.509887555","1.507833932","1.504634162","1.506643462","1.506042859","1.502284917","1.501937242","1.500412489","1.495977243","1.494021366","1.49165951","1.48894296","1.486068943","1.485528958","1.490557093","1.491018914","1.485927934","1.478208442","1.471357863","1.465631462","1.463483134","694-91-7","C=C1CC2CC1C=C2","InChI=1/C8H10/c1-6-4-7-2-3-8(6)5-7/h2-3,7-8H,1,4-5H2
","C=C1CC2C=CC1C2"
"696-30-0","15.8813867","11.00049486","7.432169368","6.287113536","4.592023374","3.914149182","3.434228832","2.842541179","2.312819506","2.093965282","1.73382768","1.507250193","1.357171598","1.274402237","1.142886128","0.981988753","0.9719565","0.913625333","0.923601597","0.81618932","0.967993026","1.099849949","1.161602683","1.346878903","1.358816143","1.558172022","1.735205843","1.806641441","1.908187493","2.039570415","2.156524539","2.282858506","2.356286748","2.425700572","2.539152896","2.627513807","2.684612376","2.700270333","2.755664179","2.843116096","2.933816061","2.999735062","3.05221821","3.087871744","3.126916783","3.164809929","3.201668676","3.240126639","3.267849833","3.312782089","3.363846609","3.408430257","3.458392669","3.483234904","3.495631153","3.518162588","3.530413452","3.52567339","3.530959424","3.549959346","3.573121197","3.595978967","3.631881582","3.663544753","3.692625182","3.725221858","3.745641882","3.769111541","3.787641135","3.801663715","3.805160665","3.811605954","3.820445266","3.826796849","3.828953285","3.838219867","3.841934461","3.846285175","3.854568505","3.861850708","3.872003164","3.8833716","3.889601022","3.895622038","3.902497226","3.908992298","3.913619045","3.917458844","3.925590935","3.934986161","3.943580928","3.951629275","3.960553202","3.969319862","3.975458279","3.980012721","3.983507058","3.986552397","3.990802278","3.994601586","696-30-0","CC(C)C1=CC=NC=C1","InChI=1S/C8H11N/c1-7(2)8-3-5-9-6-4-8/h3-7H,1-2H3
","CC(C)c1ccncc1"
"696-68-4","126.4782381","132.2656453","137.7670085","143.7483948","150.7454237","157.4416025","164.0140856","170.176772","176.6810732","181.817331","187.5327098","192.4010138","197.5679415","205.1614614","210.0989881","214.8626343","219.6017682","223.9871039","228.1603267","232.1900799","236.0553854","239.6113157","243.0680595","246.4041857","249.61871","252.7054098","255.6236255","258.41112","261.0747238","263.7300373","262.5909942","265.2744669","268.0095109","271.1467782","274.6099821","276.5504207","278.436562","280.2470053","281.954043","283.6329758","285.4838445","286.7997332","287.7499425","288.6190879","289.4312414","290.1600344","290.7880603","291.3839671","291.935225","292.3812634","292.8170015","293.2482205","293.5786067","293.9323225","294.2159491","294.4949243","294.8091115","295.0238288","295.310679","295.54145","295.8118361","296.0596984","296.3296632","296.6211355","296.8898157","297.2455474","297.5618915","297.882241","298.2503923","298.6601519","299.1019755","299.5451889","298.4870125","298.9320991","299.5499342","300.0879424","300.7394276","301.4521281","302.1344802","303.0102535","303.7667661","304.6671462","305.6820724","306.5854954","307.7160767","308.824094","311.2637657","312.6659543","313.8861542","315.2410076","315.5986195","316.9309819","389.3614539","390.4311215","391.7044324","393.4772487","394.7693218","396.1839616","397.7471404","399.056789","696-68-4","CN(C)C=C1C=CC=C1","InChI=1S/C8H11N/c1-9(2)7-8-5-3-4-6-8/h3-7H,1-2H3
","CN(C)C=C1C=CC=C1"
"71-30-7","32.77265251","33.62945464","32.21958687","31.22898324","30.18327426","29.30274762","28.47864913","27.69883403","27.00333638","26.35651595","25.72099399","25.17660183","24.57041613","24.16289529","23.61842662","23.17872647","22.75689255","22.29648119","21.98425405","21.58668273","21.21300748","20.95331381","20.58607282","20.30882523","20.03556316","19.76857775","19.50771639","19.22858767","19.04256758","18.8224359","18.58180035","18.3463527","18.20431107","18.03027421","17.83462239","17.64015773","17.47516522","17.31454575","17.20564892","17.07346347","16.89256293","16.72844681","16.59008375","16.45934341","16.35805434","16.2661864","16.16460876","16.02589263","15.91547833","15.7939701","15.67433602","15.56093702","15.47995105","15.41870923","15.33485722","15.25255582","15.19339831","15.10932465","15.00795619","14.90702884","14.80996162","14.72663217","14.63972134","14.574396","14.50266251","14.43652488","14.36703332","14.30473838","14.09705897","13.8939854","13.72586731","13.54482474","13.38625143","13.24735179","13.08008558","12.90077013","12.774563","12.63734189","12.45108124","12.32066028","12.24250763","12.10428322","11.95314668","11.89359897","11.83275091","11.6798581","11.57313078","11.52281343","11.43400694","11.29062273","11.21390237","11.19249505","11.11293724","10.98897536","10.92283362","10.90054926","10.8458997","10.74564913","10.6698654","10.63262602","71-30-7","NC1=CC=NC(=O)N1","InChI=1S/C4H5N3O/c5-3-1-2-6-4(8)7-3/h1-2H,(H3,5,6,7,8)
","c1cnc([nH]c1=N)O"
"71-43-2","76.42708253","62.46532741","64.38134121","51.74824468","46.13686006","42.12154624","39.12774708","36.88367497","34.99821775","33.43141155","32.27880936","31.52258151","31.07285648","30.85612223","30.65599929","30.48383551","30.35811662","30.24089996","30.17871505","30.11847979","30.07943387","30.03771503","29.96190586","29.90153483","29.83744596","29.87169408","29.82482155","29.78899426","29.86977184","30.04020909","30.28572925","30.58151634","30.92179207","31.30649953","31.73104313","32.11172267","32.46388054","32.8227056","33.16547131","33.47834139","33.78470353","34.07696238","34.36663806","34.62511589","34.88111951","35.11952552","35.35295202","35.58121211","35.79147028","35.9900799","36.20020611","36.38987512","36.56744183","36.74607948","36.91656566","37.08859597","37.25102549","37.40805465","37.54712092","37.69245754","37.83313937","37.97835064","38.10321409","38.22369404","38.34580351","38.47126937","38.5859168","38.69923807","38.81128005","38.90750953","39.01638206","39.11399637","39.20710005","39.30292677","39.39633231","39.49356787","39.58359027","39.66514932","39.74123126","39.8259022","39.90285403","39.98222478","40.06279824","40.13971916","40.2060038","40.27347881","40.34610051","40.40997989","40.46982829","40.53477887","40.59661504","40.65745709","40.71260062","40.77335093","40.83634103","40.8934661","40.94438657","40.99796919","41.05091912","41.10147596","71-43-2","C1=CC=CC=C1","InChI=1S/C6H6/c1-2-4-6-5-3-1/h1-6H
","c1ccccc1"
"7119-92-8","11.94003353","10.4131411","8.971543767","7.853505384","7.048184677","6.447013588","5.939951054","5.521566222","5.163138873","4.819041623","4.550253891","4.248123564","4.025908334","3.773195524","3.568361303","3.379121888","3.169666306","3.051283264","2.864049715","2.749495556","2.598441129","2.469279168","2.378273322","2.272224719","2.12956801","2.087036335","1.966384222","1.88344898","1.830720629","1.770284696","1.669465795","1.61186027","1.60328095","1.519516325","1.439861993","1.396342547","1.398339878","1.329718904","1.257983328","1.236390876","1.231026057","1.175239818","1.110900621","1.073068266","1.092001426","1.080171431","1.017627401","0.964854724","0.94681685","0.956800411","0.954208913","0.905211348","0.851297216","0.832066134","0.83121038","0.851779384","0.850329291","0.792261521","0.762278965","0.728522567","0.728146894","0.755073461","0.753893083","0.723722225","0.693494802","0.661663868","0.642017642","0.646773278","0.665072701","0.667377006","0.657950876","0.622662549","0.592283898","0.569160965","0.556710613","0.567912025","0.583820829","0.59487134","0.601331082","0.576099255","0.548884555","0.517360346","0.499000866","0.490678251","0.498113249","0.51915543","0.536032331","0.542001763","0.541070343","0.51223412","0.487266833","0.471727916","0.45521605","0.445077169","0.433698244","0.429936078","0.449617109","0.466666494","0.476998739","0.488393187","7119-92-8","CCN(CC)[N+]([O-])=O","InChI=1S/C4H10N2O2/c1-3-5(4-2)6(7)8/h3-4H2,1-2H3
","CCN(CC)N(=O)=O"
"7133-36-0","3.218905332","1.86813969","1.348929199","1.098094651","0.958951887","0.84874977","0.784769052","0.705541929","0.694301295","0.625752751","0.62485552","0.595665161","0.570764894","0.555432359","0.554436666","0.522901721","0.536832344","0.5598848","0.520173497","0.553156826","0.536145419","0.537159541","0.549891482","0.539136932","0.54860152","0.551078896","0.558611852","0.565166866","0.564826005","0.566186878","0.572155828","0.575598435","0.576891462","0.580414731","0.586170103","0.590497544","0.590467353","0.600331562","0.598764384","0.605426604","0.606536296","0.607281999","0.611537949","0.611867044","0.613249935","0.616319411","0.621530054","0.618979088","0.626821075","0.627059469","0.629053256","0.631223676","0.631254986","0.641532693","0.639420865","0.642645918","0.641123663","0.646837561","0.645982064","0.643115326","0.652622619","0.645594697","0.655702778","0.651769114","0.657132227","0.655367089","0.656772951","0.665986916","0.659129255","0.660668472","0.660160461","0.666996369","0.669257244","0.66750561","0.670384073","0.671737728","0.671722054","0.672682909","0.674507082","0.672325981","0.67579663","0.676429935","0.680144403","0.676172598","0.67302509","0.681690778","0.678181951","0.680117056","0.68324096","0.682625609","0.686947698","0.677240689","0.692703718","0.683555485","0.686740945","0.690339667","0.683519198","0.692780038","0.687191703","0.689710855","7133-36-0","CSC1CCCC1","InChI=1S/C6H12S/c1-7-6-4-2-3-5-6/h6H,2-5H2,1H3
","CSC1CCCC1"
"72762-00-6","132.3081534","130.7496386","128.1488425","114.7312166","112.6109104","110.0376823","107.9463918","105.8260376","103.9150383","102.0020305","100.1489361","98.7215979","96.8515401","95.16278733","93.61960458","92.11741811","90.64735582","89.34896364","88.04043176","86.82734606","85.64992224","84.46835194","83.41681092","82.35892151","81.36008017","80.39192157","79.47731623","78.62554548","77.77761337","76.94852545","76.17916098","75.45139665","74.70700998","74.10326249","73.41708988","72.79589948","72.22424428","71.64141552","71.10053216","70.57045519","70.06635915","69.56222584","69.11323312","68.688151","68.21583607","67.82807945","67.4313571","67.01466905","66.67201705","66.32321011","65.96392634","65.62547546","65.29882267","65.02639009","64.7089379","64.4135682","64.1225068","63.80483913","63.03505269","62.26671005","61.52035581","60.80242257","60.10182115","59.41684005","58.74729254","58.09646052","57.50053705","56.87286215","56.25613726","55.68972285","55.12305331","54.56600592","54.03516775","53.53792894","53.00974024","52.56839318","52.12375499","51.665473","51.21625979","50.82063604","50.43194092","50.02143256","49.65949331","49.30598704","48.96014281","48.6083998","48.31383057","47.9876939","47.6857815","47.38526446","47.10622995","46.83556776","46.57215264","46.29934484","46.04157215","45.81600642","45.58216787","45.35523018","45.13125023","44.9132117","72762-00-6","O=C1NC=CC=C1","InChI=1S/C5H5NO/c7-5-3-1-2-4-6-5/h1-4H,(H,6,7)
","c1ccnc(c1)O"
"74-83-9","2.469914605","1.872711846","1.940160516","1.964517569","2.090302093","2.180393854","2.212368163","2.249882884","2.332363604","2.302600985","2.354570513","2.361197962","2.365789325","2.378068447","2.381921661","2.394151572","2.389512002","2.383304745","2.385570006","2.373277944","2.378964521","2.370944989","2.366994085","2.352564988","2.351348448","2.347001887","2.337659458","2.332484269","2.325981459","2.317660293","2.301159342","2.293095717","2.290851419","2.283326572","2.272401815","2.272179141","2.265460942","2.250553712","2.240530184","2.235121487","2.22129495","2.225295473","2.214020351","2.208597039","2.204478462","2.196038011","2.189807767","2.180872972","2.174447001","2.164841348","2.15767373","2.148031109","2.145022299","2.14450009","2.132436079","2.128424733","2.12377452","2.11821119","2.111104852","2.106245712","2.100175047","2.096660661","2.089341697","2.081623839","2.07758964","2.074531766","2.068687112","2.065750804","2.058099434","2.058800812","2.049484479","2.045241541","2.038044667","2.033800438","2.03115991","2.028409624","2.023055804","2.018918719","2.016342146","2.010520223","2.008148504","2.00086188","1.99887207","1.993158506","1.99147873","1.987054674","1.98262465","1.978568137","1.978680505","1.971963977","1.969346578","1.966747641","1.962605781","1.961253004","1.954765467","1.954902496","1.950921459","1.949590208","1.94437787","1.940533678","74-83-9","CBr","InChI=1S/CH3Br/c1-2/h1H3
","CBr"
"74-85-1","19.22927386","15.39478436","11.75206532","9.418218788","8.908265124","8.912873725","9.067533614","9.152014234","8.989178493","8.982988976","8.886321674","8.943159243","8.963199714","8.868306894","8.780277271","8.732660869","8.812702921","8.73094214","8.64211094","8.620262186","8.618026192","8.628075143","8.61654625","8.660291822","8.694620588","8.741966362","8.790675294","8.817629155","8.881417269","8.951734526","9.032893019","9.081925252","9.150028868","9.207282124","9.278858963","9.365044769","9.451402695","9.547227176","9.637279831","9.708499494","9.786975959","9.877660122","9.975203367","10.05588815","10.14095323","10.22678178","10.30361719","10.38603512","10.45661048","10.52946675","10.59241448","10.66125084","10.72342936","10.79086832","10.84943677","10.90455446","10.97470908","11.0154508","11.07426934","11.12767398","11.17355779","11.21513836","11.26881286","11.31171758","11.3487019","11.40034018","11.44459772","11.47019876","11.51591054","11.56152073","11.59269979","11.6208163","11.66006385","11.70040763","11.74303623","11.77690089","11.80482921","11.838344","11.87868189","11.91843039","11.94722307","11.96962904","12.0003905","12.03847138","12.07013981","12.09673857","12.11797645","12.13737959","12.16803688","12.19846969","12.22456496","12.24801588","12.26921861","12.29002874","12.30892963","12.32820714","12.35019012","12.37083575","12.39009398","12.40962266","74-85-1","C=C","InChI=1S/C2H4/c1-2/h1-2H2
","C=C"
"74-89-5","71.81120918","69.63717321","74.80590103","79.01547673","85.60808203","87.16765935","88.15226077","100.2989301","100.7740882","101.3137909","80.98018556","80.44563219","82.38520387","83.77094616","85.32987136","87.27671233","89.34826385","92.78149411","94.43463174","96.32436071","97.86002741","99.59535529","101.1758004","99.80579172","101.7086392","103.5547834","105.3769324","107.4103421","109.5029952","111.7892445","114.0478227","116.6108095","117.1287312","117.6318351","118.1211759","118.5904847","119.0334871","119.4616446","119.8753456","120.2749719","120.64235","120.9945279","121.3343604","121.6621912","121.9640144","122.2495617","122.5247289","122.7898293","123.0314667","123.259403","123.4787794","123.6898771","123.8784504","124.0573251","124.2292964","124.3953515","124.542085","124.6833745","124.8207679","124.9525314","125.0656117","125.1747346","125.2807004","125.3838293","125.4701136","125.5541771","125.6362282","125.7156942","125.7845725","125.8456659","125.8954404","125.9461221","125.9958232","126.0346111","126.0715174","126.1070321","126.1412172","126.1741318","126.2008702","126.2244333","126.2494456","126.2745802","126.2996848","126.3241406","126.3455781","126.3633191","126.3812183","126.3988076","126.4174522","126.4359902","126.4542571","127.2829743","127.2779559","127.2738593","127.2737291","127.278008","127.2843745","127.2911873","127.2992599","127.3072721","74-89-5","CN","InChI=1S/CH5N/c1-2/h2H2,1H3
","CN"
"74-93-1","11.82253506","10.39318071","8.842864857","7.769760473","6.916475955","6.12660139","5.515066574","4.949274285","4.469372686","4.044239009","3.669425501","3.338282228","3.044591292","2.799480574","2.571535685","2.397429506","2.206794754","2.047118298","1.890858355","1.763295602","1.644306811","1.524424371","1.440854693","1.348481542","1.281615251","1.221498203","1.134184766","1.058564388","1.033086411","0.972944333","0.905576309","0.874596824","0.850821693","0.778576172","0.785173232","0.729193119","0.711223206","0.697518043","0.65323649","0.647255765","0.599231157","0.586756837","0.526498986","0.536403242","0.513053967","0.52757674","0.521101444","0.510927261","0.516680677","0.460739295","0.472114086","0.420515121","0.415566072","0.439233533","0.402728347","0.431732842","0.417636449","0.353629451","0.378361651","0.380889089","0.362428487","0.400205754","0.403940686","0.352117494","0.336240676","0.360990226","0.33747795","0.341758827","0.381565102","0.372368701","0.315108636","0.298107079","0.327801289","0.342348797","0.334704429","0.322755168","0.33542598","0.33097393","0.289617511","0.277651048","0.310291122","0.352999497","0.350956353","0.297200835","0.255467051","0.268361012","0.308829134","0.345339472","0.33337578","0.297932907","0.261429543","0.258521986","0.285114227","0.316698579","0.315125482","0.312585863","0.295161223","0.276103257","0.273303525","0.2692153","74-93-1","CS","InChI=1S/CH4S/c1-2/h2H,1H3
","CS"
"75-07-0","85.04808935","94.88926315","105.0614309","114.3636206","122.9632941","129.9866913","133.7697268","131.0970468","5.745147791","5.907845423","6.045786595","6.127595982","6.207121729","6.247832252","6.301235627","6.315335508","6.336784274","6.322793822","6.326329414","6.312695929","6.278945762","6.268994319","6.241205212","6.204820541","6.175222967","6.141552834","6.11021368","6.074136568","6.03377035","5.993303818","5.956754084","5.915030035","5.863716116","5.827557206","5.78698915","5.747304547","5.711071249","5.668190064","5.632988675","5.590699253","5.550658698","5.515993868","5.477475606","5.443231441","5.410412282","5.370624659","5.328174716","5.302669814","5.26764917","5.231873091","5.209205368","5.168858832","5.146565109","5.108753846","5.084834995","5.056059376","5.02287195","5.000083695","4.973001225","4.943683593","4.92255872","4.891639787","4.869671417","4.846991123","4.82550748","4.805076052","4.780725338","4.761002212","4.74211438","4.724935301","4.70826549","4.691163704","4.67420014","4.657688627","4.641139697","4.628820592","4.614094833","4.596873825","4.587419994","4.572394046","4.559175936","4.54950766","4.54194812","4.522209782","4.518608926","4.504410379","4.494923405","4.486667391","4.473697542","4.463921498","4.458168017","4.447207","4.442256587","4.431627666","4.426455894","4.421185027","4.411547665","4.398805175","4.398805642","4.389548128","75-07-0","CC=O","InChI=1S/C2H4O/c1-2-3/h2H,1H3
","CC=O"
"75-18-3","12.02471316","8.409819774","6.552855821","5.207310958","4.213792852","3.477482902","3.000764306","2.586266114","2.245856056","2.011270254","1.806975784","1.620275353","1.512142418","1.37113369","1.30764343","1.242833705","1.156706659","1.118349014","1.077240531","1.052376874","0.994033681","0.992722456","0.940155717","0.934223618","0.927963457","0.910931411","0.902970306","0.862071173","0.872950114","0.878061626","0.874360414","0.861110931","0.844136656","0.849562588","0.815138908","0.823769563","0.825036345","0.8252036","0.836712872","0.853089062","0.825372904","0.816956871","0.815932762","0.828862567","0.848164745","0.851619061","0.850856139","0.839051493","0.82917467","0.83522981","0.848354481","0.854379502","0.830460666","0.841347512","0.848793117","0.840793367","0.847455207","0.852069255","0.848508341","0.840277556","0.853130572","0.849853447","0.849282089","0.84398369","0.850000566","0.848822441","0.848872701","0.852215995","0.844324487","0.853897797","0.851294959","0.845659993","0.857806586","0.841894127","0.852940487","0.842505451","0.849692082","0.850150589","0.849909867","0.850974393","0.845895605","0.852331135","0.845998885","0.85027238","0.85324269","0.842552245","0.844770804","0.849980802","0.849841155","0.848177081","0.838389326","0.848294371","0.848828663","0.83483066","0.838824344","0.851108999","0.850836719","0.841488146","0.838882815","0.838724528","75-18-3","CSC","InChI=1S/C2H6S/c1-3-2/h1-2H3
","CSC"
"75-21-8","27.08107718","26.20033907","20.88284714","17.91376317","14.36719175","11.42973449","8.738193047","6.512800568","4.743313582","3.671118627","4.035796631","5.437330125","7.523577758","10.13269104","12.44387919","14.86899897","13.42203712","12.51611856","11.84885794","11.42024357","11.27747253","11.19755624","11.16173615","11.19265935","11.24158814","12.49231099","11.9569692","11.55034529","11.20168064","10.95590708","10.73802821","10.57779594","10.41209987","10.28668587","10.19612784","10.09452177","10.01701871","9.961393826","9.921012923","9.898150763","9.880200185","9.865355599","9.850987689","9.838125394","9.831886787","9.824920648","9.822650253","9.822832801","9.82483358","9.828093466","9.830301189","9.834824527","9.839975848","9.84574169","9.854945463","9.86408284","9.873922679","9.885813502","9.900559583","9.916515073","9.930101285","9.93881641","9.950261991","9.961830857","9.973883612","9.989093409","10.00647181","10.02476087","10.04580901","10.06945791","10.09358848","10.11247353","10.12591272","10.13814186","10.1518097","10.16423833","10.17408217","10.18381182","10.19272754","10.20222967","10.21273922","10.22495332","10.23746943","10.24990842","10.26134382","10.27067242","10.27887415","10.28811305","10.29732291","10.30598526","10.31377425","10.3237732","10.33545349","10.34887447","10.36224139","10.374109","10.38628968","10.39789349","10.40968178","10.4229212","75-21-8","C1CO1","InChI=1S/C2H4O/c1-2-3-1/h1-2H2
","C1CO1"
"75-36-5","24.95599569","22.13895024","20.07379051","18.01944543","16.21000351","14.78578926","13.41674866","12.16531581","11.08262726","10.13776443","9.365646522","8.543919252","7.897021544","7.290953894","6.730631389","6.24772982","5.839088204","5.433438764","5.113334943","4.75697668","4.508146409","4.239380026","4.008226376","3.821738656","3.614614467","3.457366007","3.287367505","3.154154734","3.019917784","2.882815629","2.799691242","2.699156477","2.589673724","2.514485639","2.432069122","2.359625223","2.295790448","2.235593198","2.173249721","2.121137818","2.088752465","2.03252688","1.990134262","1.948743712","1.917461525","1.886051759","1.841997101","1.820034797","1.80174492","1.760301825","1.74377403","1.717817295","1.710138034","1.684497556","1.660767213","1.646658186","1.630565792","1.622320876","1.595589599","1.584665521","1.577602598","1.570009903","1.560694461","1.541916881","1.535462151","1.536178445","1.518930701","1.507692391","1.504642786","1.492101817","1.485254064","1.481944076","1.483639314","1.469631879","1.456854904","1.463227641","1.46170649","1.44819748","1.44723422","1.454569224","1.442185099","1.427837853","1.427410582","1.441098598","1.441808468","1.430335313","1.423623199","1.426999609","1.419171554","1.40468117","1.405601427","1.420395503","1.435020299","1.424257724","1.411043783","1.404367848","1.408042535","1.410862695","1.412274883","1.418751614","75-36-5","CC(Cl)=O","InChI=1S/C2H3ClO/c1-2(3)4/h1H3
","CC(=O)Cl"
"75-52-5","15.80412009","8.891982027","9.144521623","9.786949655","10.46789217","11.26448795","11.65725486","11.84301089","12.08440333","12.72050054","11.40564006","10.07620091","8.787125916","7.562900117","6.468538177","5.441654468","4.525855024","3.741601766","3.017209333","2.434616861","1.937078644","1.726095562","1.820876343","2.087465383","2.455135054","2.821448926","3.307918215","3.849675479","4.457968771","5.075723029","5.741966381","5.96418419","6.059078214","5.58483489","5.678840859","3.798614981","3.777681819","3.593950851","3.475615697","3.419581047","3.5195216","3.659757979","3.501460889","3.456286757","3.492680113","3.471430265","3.474063615","3.474495915","3.476497964","3.485967909","3.491096999","3.502042681","3.500077594","3.501180413","3.508047353","3.506695481","3.518144239","3.513002724","3.517683313","3.527905432","3.528923149","3.536986141","3.535856753","3.54962725","3.544118639","3.550641981","3.557257324","3.56450577","3.559868022","3.567023587","3.581791921","3.570201273","3.588000465","3.582291545","3.597018663","3.597382905","3.597356673","3.606097788","3.618973794","3.617083886","3.616776524","3.628862667","3.63736229","3.637592359","3.638877955","3.643552017","3.651485662","3.662862843","3.659262148","3.661222876","3.67425718","3.67036581","3.672793853","3.686615262","3.679250693","3.690037437","3.697828399","3.693789465","3.695829165","3.701947646","75-52-5","C[N+]([O-])=O","InChI=1S/CH3NO2/c1-2(3)4/h1H3
","CN(=O)=O"
"75-66-1","11.4283084","8.000057593","3.119534996","2.725162503","2.107841892","1.727500963","1.840312707","1.512838266","1.401350345","1.447320546","1.107043158","1.151659131","1.253744665","0.981194566","0.975812986","1.022515201","0.892736356","0.913225765","0.907008794","0.781459515","0.829168047","0.851778855","0.752427772","0.748579685","0.744182763","0.693974793","0.733875675","0.714667082","0.682646902","0.698674965","0.682296396","0.662523734","0.652430779","0.672877475","0.626901771","0.643049969","0.697515243","0.563684901","0.566946655","0.651814131","0.574881686","0.587645021","0.619691211","0.587109868","0.567060655","0.572807737","0.617876555","0.567140428","0.547647672","0.593550354","0.571222312","0.550868858","0.558698002","0.583702876","0.556721367","0.544456481","0.55219977","0.567302092","0.557951214","0.519519181","0.583445664","0.55172534","0.527573133","0.567274605","0.550295241","0.533940802","0.559646971","0.541761352","0.541737396","0.549621311","0.548616594","0.532149015","0.542910322","0.549474413","0.538148439","0.53427316","0.547196888","0.55129245","0.537624735","0.5319209","0.551610966","0.533033074","0.551132535","0.556136268","0.525727916","0.542522834","0.534741678","0.538391525","0.547120284","0.534630454","0.536905966","0.541081222","0.541681122","0.542959864","0.534112095","0.535422738","0.539561371","0.536815439","0.538925244","0.544162366","75-66-1","CC(C)(C)S","InChI=1S/C4H10S/c1-4(2,3)5/h5H,1-3H3
","CC(C)(C)S"
"75-76-3","28.36476768","26.48099141","19.48502947","9.678207334","9.402680059","10.25934567","9.865410676","9.828114728","9.672217734","9.285161887","9.095375904","9.185555557","8.015999434","7.041294436","6.026255464","5.164612914","4.364132788","3.630350973","3.029771893","2.447533913","1.971120424","1.651686241","1.451922024","1.474732869","1.659144368","2.038471147","2.44549067","2.012571229","1.837048643","1.671216239","1.543141031","1.44991937","1.388550939","1.335403426","1.345954099","1.357688649","1.359573609","1.377314909","1.412689048","1.482938849","1.52037141","1.604771769","1.667348215","1.673598906","1.693919025","1.720095945","1.777642821","1.830728808","1.883111508","1.912519689","1.933654151","1.954495911","1.973126548","1.993169054","2.014477677","2.033328447","2.052518489","2.074237628","2.08884169","2.100561281","2.114604204","2.127457033","2.138943396","2.151668255","2.162607062","2.173054397","2.181463901","2.188303849","2.193977065","2.198931984","2.203102414","2.206954523","2.210102893","2.212333552","2.214260975","2.21590884","2.217299013","2.218451699","2.219666644","2.220937285","2.221836903","2.22233994","2.222682537","2.22256691","2.221959826","2.219762714","2.217286183","2.214986053","2.213014387","2.210877348","2.207825958","2.204481985","2.201444936","2.198526295","2.196242115","2.19305802","2.189390485","2.186270172","2.183640616","2.180439752","75-76-3","C[Si](C)(C)C","InChI=1S/C4H12Si/c1-5(2,3)4/h1-4H3
","C[Si](C)(C)C"
"75-97-8","473.1981157","467.4369445","460.5983226","452.2010229","443.8919819","436.1899631","428.6914448","421.5666537","414.8005416","408.3831438","402.3031113","396.552546","390.9374881","385.1849105","379.3208833","373.3815284","367.3951621","361.3809443","355.3417277","349.3259899","343.3290282","337.3728831","331.4649397","283.7967312","277.5384132","271.4447111","137.1331405","133.3831087","129.8459702","126.4828554","123.2612156","120.2300164","117.3067019","114.4569656","111.7295552","109.0557086","106.4815679","103.9807883","101.5620588","99.21923619","96.94671852","94.74576364","92.62154693","90.55028538","88.5581383","86.62162428","84.75506575","82.94657082","81.20068233","79.50095676","77.86023668","76.28973593","74.76443574","73.28424236","71.86899286","70.49502332","69.17223793","67.90397861","66.68030798","65.50696801","64.37425525","63.28999766","62.24708609","61.24978733","60.30075268","59.38381461","58.51218786","57.68448022","56.89498372","56.14091121","55.42475521","54.75091655","54.10693275","53.49489808","52.92533733","52.38316267","51.87449608","51.39343116","50.94258208","50.51613315","50.12181958","49.74799378","49.39331438","49.0707165","48.76265893","48.47350357","48.20674766","47.95418205","47.7184597","47.49794244","47.28771096","47.08715541","46.90527457","46.72555216","46.56577621","46.41251917","46.26003364","46.11898571","45.98412131","45.84921962","75-97-8","CC(=O)C(C)(C)C","InChI=1S/C6H12O/c1-5(7)6(2,3)4/h1-4H3
","CC(=O)C(C)(C)C"
"76-39-1","28.46830707","20.12282959","18.41295126","17.02615377","15.9430958","15.00756417","14.23827963","13.56767177","12.86548574","12.23411397","11.66324345","11.16161099","10.67298598","10.21536195","9.719004893","9.286093988","8.919009733","8.498796647","8.11797998","7.780607508","7.383956368","7.123841543","6.754430636","6.512741935","6.188310395","5.924615145","5.651714727","5.431751525","5.170594337","4.956711077","4.718848476","4.521029043","4.340869115","4.153237202","3.937962416","3.823185731","3.613935818","3.40763773","3.392593049","3.20918352","2.997864144","2.948198391","2.82143017","2.672709277","2.606746646","2.4934129","2.37261017","2.284035842","2.162540141","2.054403521","2.031937855","2.002024021","1.838089876","1.718238173","1.70134399","1.749574888","1.669409724","1.524868933","1.436580291","1.428430921","1.45251107","1.413125047","1.33828307","1.291525542","1.228204244","1.178717865","1.110258879","1.078290829","1.072220976","1.074407358","1.062445561","1.018568255","0.981735175","0.942618602","0.933644485","0.93543179","0.909286866","0.872707677","0.838786237","0.806021797","0.789342787","0.795420604","0.79434412","0.782201993","0.761771182","0.750250973","0.72972897","0.714263313","0.717401767","0.714603261","0.703175041","0.6950913","0.686904702","0.676128825","0.65699549","0.639269954","0.636568231","0.641510101","0.650166136","0.645645684","76-39-1","CC(C)(CO)[N+]([O-])=O","InChI=1S/C4H9NO3/c1-4(2,3-6)5(7)8/h6H,3H2,1-2H3
","CC(C)(CO)N(=O)=O"
"760-20-3","8.885649516","9.617913029","9.657111966","9.666236362","9.625099445","9.505481565","9.409856278","9.221221003","8.979487841","8.766995434","8.527232287","8.527271903","8.313416235","8.127536527","7.931137095","7.745194967","7.580339045","7.433642142","7.302644861","7.185273894","7.071112311","6.59293592","6.500223208","6.415627191","6.338628221","6.269851053","6.20630881","6.147876253","6.094150825","6.050644819","6.011293984","5.973216843","5.935748064","5.901099655","5.867838375","5.835586616","5.805515247","5.777438934","5.75119093","5.72662097","5.70359342","5.68198566","5.661547988","5.642268916","5.624118724","5.607013181","5.590875575","5.575635942","5.561230382","5.548235449","5.537296631","5.526483129","5.5159439","5.50412017","5.492887052","5.482206525","5.47204353","5.462365698","5.453143114","5.444348099","5.435955015","5.427940089","5.420281257","5.412715353","5.405307605","5.398216596","5.391424737","5.384915626","5.378744041","5.373263378","5.368001516","5.362947091","5.35808946","5.353418645","5.348925288","5.344600603","5.340436336","5.336424727","5.332558474","5.328830704","5.325234941","5.32176508","5.318415361","5.31518035","5.31205491","5.309034188","5.306113596","5.303288791","5.300555661","5.297910312","5.295349051","5.292868377","5.290464969","5.288135673","5.285877493","5.283687583","5.281563235","5.279501876","5.277501056","5.27555844","760-20-3","CCC(C)C=C","InChI=1/C6H12/c1-4-6(3)5-2/h4,6H,1,5H2,2-3H3
","C=CC(C)CC"
"764-13-6","310.8138432","281.4111712","265.448573","254.1391421","243.7127254","234.1573742","225.4098444","217.3200347","209.866456","203.0296854","196.7946754","191.1645266","186.3575244","181.8974245","177.6407715","173.4881082","169.5105871","165.6911196","161.9945073","158.4226443","154.9926135","151.7244897","148.5880818","145.5583116","142.6843882","139.909566","137.2595001","134.7238139","132.2774063","129.920347","127.6752774","125.4944249","123.3940931","121.374079","119.4133198","117.505581","115.6761358","113.8854571","112.1876024","110.5441418","108.9931914","107.4557605","106.0330369","104.6160575","103.2967687","101.990558","100.718786","99.50394542","98.3150301","97.17302434","96.05745008","95.00668271","93.97578211","93.00072589","92.04606975","91.12541038","90.23541087","89.3668057","88.53132339","87.71391513","86.94256239","86.1640253","85.42890884","84.69349507","84.02202604","83.30418612","82.6584052","82.01075278","81.38116902","80.78170722","80.18918264","79.63235943","79.07322184","78.54685759","78.02944729","77.52983578","77.0462692","76.58079855","76.12307384","75.69025482","75.25657931","74.84490984","74.43885932","74.04970036","73.67422263","73.28908785","72.94479875","72.59230759","72.24184322","71.92623916","71.59088494","71.28689055","70.97804169","70.6780384","70.39064355","70.09640256","69.82726748","69.53804621","69.27991898","69.0172812","764-13-6","CC(C)=CC=C(C)C","InChI=1S/C8H14/c1-7(2)5-6-8(3)4/h5-6H,1-4H3
","CC(=CC=C(C)C)C"
"7688-21-3","10.23520682","8.472946202","7.340467075","6.489579539","5.675802318","5.150656999","4.695067548","4.265598925","3.913425164","3.518430149","3.227611642","2.992507479","2.705823345","2.524886625","2.310377145","2.170306847","2.026157439","1.881110355","1.792618575","1.70395655","1.535567932","1.427788146","1.457463694","1.403638287","1.246668084","1.110299369","1.100308097","1.120033585","1.146754216","1.066587008","0.960161718","0.897830102","0.867765242","0.839807833","0.849849045","0.844947945","0.812684087","0.777539039","0.746022507","0.71947685","0.710557137","0.704228085","0.706234504","0.705812087","0.70283162","0.686602453","0.666674989","0.64768489","0.625479009","0.607858172","0.601648614","0.601214287","0.606616622","0.5998682","0.593068408","0.589741993","0.587960847","0.588042637","0.588942448","0.58946385","0.589796286","0.588521471","0.581320218","0.575082141","0.566515983","0.558466448","0.553620574","0.551156952","0.547832856","0.544417844","0.541121717","0.535402987","0.528005542","0.522158721","0.517345263","0.51502077","0.511958135","0.508525479","0.510889624","0.514375317","0.517758511","0.521107306","0.524396018","0.524427315","0.523804076","0.52495996","0.525398411","0.527255042","0.529337956","0.53136766","0.533345739","0.534745444","0.534862424","0.534985717","0.535114616","0.53524847","0.535386685","0.535528715","0.535674061","0.535835678","7688-21-3","CCC\C=C/C","InChI=1S/C6H12/c1-3-5-6-4-2/h3,5H,4,6H2,1-2H3/b5-3-
","C/C=C\CCC"
"77-86-1","7.344678306","6.553143564","7.202011556","1.567869209","1.480292733","1.463875871","1.514596999","1.551641132","1.328146503","1.277175496","1.280938626","1.262800695","1.259090559","1.225432829","1.216376553","1.26329789","1.215510418","1.237846566","1.248230448","1.254464964","1.255813984","1.245287523","1.255584429","1.259514036","1.258585404","1.268672608","1.272197366","1.273498041","1.280102592","1.291863213","1.297473196","1.299249568","1.304812086","1.31258022","1.323845257","1.32364823","1.322682636","1.328572017","1.340456025","1.336891082","1.344640907","1.349772088","1.354311746","1.356708081","1.36573851","1.377208588","1.367229084","1.390379399","1.392266001","1.386375303","1.399216694","1.39897679","1.39972464","1.405985949","1.410526825","1.416814754","1.418139879","1.427487853","1.427268979","1.433026438","1.436510214","1.441810096","1.449111299","1.447217155","1.459296733","1.459274068","1.467665918","1.466136505","1.474529228","1.477123194","1.478992842","1.48281001","1.487584673","1.496387353","1.503144569","1.498690294","1.506314796","1.509063903","1.5147914","1.522701187","1.525846421","1.526355597","1.528719778","1.544967866","1.538439364","1.547472834","1.5508314","1.550791306","1.562924045","1.564340624","1.57054906","1.572026812","1.576864973","1.579230124","1.584270913","1.590083778","1.590270118","1.594715578","1.599255553","1.603917277","77-86-1","NC(CO)(CO)CO","InChI=1S/C4H11NO3/c5-4(1-6,2-7)3-8/h6-8H,1-3,5H2
","C(C(CO)(CO)N)O"
"78-79-5","88.66368043","98.38253223","105.1797231","74.53626847","70.0733668","65.90745713","62.05354068","58.65052268","55.59823746","52.74977804","50.13085529","47.72790389","45.5753361","43.5749333","41.68142002","39.9687826","38.42774854","37.0027723","35.66663973","34.40951718","33.25296686","32.22003233","31.26542826","30.39771961","29.58258738","28.82302484","28.13387601","27.49578198","26.89483006","26.33873002","25.78967998","25.28227872","24.80084604","24.37155507","23.97111304","23.59022895","23.2427626","22.91704637","22.61472702","22.34289834","22.07305838","21.82523034","21.59394561","21.36895073","21.13857738","20.93433571","20.73145865","20.55331087","20.37540511","20.21363447","20.0525723","19.91187455","19.7673795","19.63879657","19.51729748","19.39274643","19.29143619","19.18158266","19.08681867","18.99753598","18.89323587","18.82036789","18.74610446","18.65437312","18.57556422","18.50539433","18.43713368","18.36486764","18.30374254","18.23557354","18.17212813","18.10095085","18.04947637","17.99442997","17.94266121","17.88829478","17.83505342","17.79221602","17.74678734","17.70437926","17.65974041","17.61343405","17.57275283","17.53278832","17.49578933","17.46418313","17.4306254","17.39749039","17.36311447","17.33534195","17.30576231","17.27213838","17.24513744","17.22051508","17.19444502","17.16990041","17.1438609","17.11996658","17.09880667","17.0754951","78-79-5","CC(=C)C=C","InChI=1S/C5H8/c1-4-5(2)3/h4H,1-2H2,3H3
","C=CC(=C)C"
"78-94-4","12.78265953","4.077427158","4.076715889","4.422741747","4.840784212","5.41769075","5.970272436","6.58647731","7.14272617","7.696943401","8.190761631","8.841136173","9.453980105","10.0088888","10.583905","11.2630759","11.78709311","12.38697542","12.88332119","13.41222651","13.96406523","14.57865219","15.03916725","15.54076753","16.04390477","16.57438005","17.08750817","17.54617348","18.02002162","18.49413948","19.13521752","19.69401685","20.1570607","20.44536114","20.96703788","21.39606374","21.82873254","22.22942921","22.65360706","23.11432934","23.51788079","23.99241453","24.32369666","24.76766966","25.19681744","25.64757948","26.03351068","26.47837606","26.91626569","27.37684489","27.78001385","28.17655169","28.5865562","29.00955111","29.43708835","29.87721332","30.51404433","31.02514944","31.43279854","31.90874316","32.37010669","32.8192508","33.28067771","33.7772826","34.27624383","34.79410705","28.86136267","28.4946538","28.01233794","27.4911919","26.98241178","26.46027842","25.96726481","25.50326427","25.03671784","24.57936968","24.13009177","23.71551545","23.30599933","22.91450672","22.54188562","22.06411842","21.53189863","21.00525662","20.50038184","19.94972215","19.46708972","19.00865198","18.55923373","18.14254269","17.73516295","17.36405729","16.99720255","16.6672728","16.28995819","15.80768307","15.34709501","14.90378486","14.47997027","14.07764426","78-94-4","CC(=O)C=C","InChI=1S/C4H6O/c1-3-4(2)5/h3H,1H2,2H3
","C=CC(=O)C"
"78-95-5","52.70528213","54.10120841","44.24536993","43.35111441","40.57675675","39.58423937","38.32052768","36.91602478","36.51773494","35.23258738","34.04620239","32.81008114","31.55381004","30.3622257","29.09899967","27.85914026","26.69522281","25.54086647","24.41242533","23.41516379","22.48023347","21.64903201","20.93336664","20.58048068","20.39168665","14.45119103","13.95590334","13.54883011","13.223251","12.98138321","12.45129053","11.97863186","11.4529521","10.61290958","9.956701119","9.335985066","8.816541743","8.258696639","7.718464227","7.225225761","6.757140109","6.292734944","5.849334001","5.467902805","5.062793196","4.718437832","4.390706629","4.057724973","3.776207895","3.512440389","3.312481169","3.115781984","2.89040851","2.726148821","2.615165704","2.547849439","2.433973432","2.331367167","2.286185284","2.335646995","2.355456472","2.284911164","2.26484424","2.262295139","2.258431111","2.255342239","2.246619859","2.240132726","2.234257744","2.226560117","2.223514668","2.215354392","2.209240388","2.203103538","2.194034043","2.189292311","2.185157973","2.183495576","2.175848713","2.168396014","2.163092785","2.157533047","2.153452031","2.150662659","2.141680836","2.139008269","2.138888189","2.130561046","2.12238653","2.116530684","2.113353788","2.109604869","2.102474706","2.099623534","2.09391825","2.091890912","2.091608748","2.081704756","2.078553477","2.071962903","78-95-5","CC(=O)CCl","InChI=1S/C3H5ClO/c1-3(5)2-4/h2H2,1H3
","CC(=O)CCl"
"79-05-0","3.203728082","2.310597191","2.003567855","1.934840593","1.870967127","1.846307463","1.810782527","1.779308273","1.7390398","1.694542913","1.664084472","1.659401025","1.581912659","1.572216983","1.552854067","1.55619631","1.515658119","1.48767662","1.479221294","1.463609228","1.4485684","1.437752853","1.415804652","1.41995551","1.400029886","1.385850268","1.377816639","1.357569786","1.349906836","1.347299606","1.340894341","1.32832658","1.309497572","1.297313013","1.302905893","1.28818841","1.278925365","1.277822038","1.274220259","1.254557346","1.251308799","1.24998058","1.241953511","1.240231778","1.230658682","1.221758841","1.222714547","1.214169581","1.205019365","1.199317308","1.196973204","1.191377985","1.190868801","1.185829909","1.183601469","1.172167341","1.170085115","1.167275692","1.170801996","1.163431787","1.152672373","1.152203352","1.152279622","1.148925745","1.143746488","1.138989127","1.133465808","1.127983332","1.131334896","1.125662981","1.128454365","1.120667969","1.117720379","1.117385628","1.112731318","1.114002665","1.106381989","1.107655988","1.104096408","1.096152885","1.101040747","1.095557782","1.095182945","1.093760403","1.087863205","1.087561624","1.090230129","1.082102143","1.084073242","1.082016396","1.079727801","1.077536478","1.075976373","1.076354237","1.077733199","1.075429303","1.071904264","1.068521413","1.070138112","1.068313232","79-05-0","CCC(N)=O","InChI=1S/C3H7NO/c1-2-3(4)5/h2H2,1H3,(H2,4,5)
","CCC(=N)O"
"79-38-9","2.421761858","2.479569733","2.716563703","2.839468498","2.908321579","2.871776854","2.824471626","2.746720865","2.669981325","2.593549554","2.502854645","2.432536039","2.337414478","2.268723492","2.199382855","2.15384692","2.084804157","2.03946032","1.978042532","1.948933972","1.912515251","1.863737546","1.818035883","1.784644311","1.749055305","1.715584984","1.691853908","1.66397386","1.635570609","1.616059965","1.600216364","1.575539126","1.551066134","1.537350789","1.518357831","1.502781528","1.485369495","1.472135292","1.463841209","1.44416551","1.437490568","1.418457494","1.418011276","1.397777848","1.39273562","1.390812056","1.368259083","1.368060121","1.355292199","1.349390929","1.343129961","1.336761227","1.327193053","1.326879176","1.315655968","1.311047357","1.307006803","1.298696633","1.296715175","1.289236725","1.282831643","1.285429771","1.281737215","1.276162389","1.26858421","1.269871414","1.26296592","1.258765392","1.252225481","1.255925231","1.252451532","1.244320159","1.240361394","1.23851497","1.245553175","1.245726653","1.237347189","1.232750148","1.223849598","1.221770436","1.227027876","1.224359627","1.220605454","1.216567705","1.214661073","1.210566565","1.209986297","1.212358048","1.212285729","1.211481356","1.210156414","1.206523257","1.204104375","1.200776401","1.197580077","1.19578562","1.195589778","1.196606826","1.196363906","1.194488826","79-38-9","FC(F)=C(F)Cl","InChI=1S/C2ClF3/c3-1(4)2(5)6
","C(=C(F)F)(Cl)F"
"79-40-3","60.65125691","52.24585515","50.49987681","49.46027185","48.52953936","47.23594148","46.00079751","44.87479965","43.79213836","42.72761453","41.72564151","40.73378072","39.78109481","38.85127298","37.94204811","37.07779768","36.20427093","35.35500909","34.53227636","33.73533527","32.96363098","32.17199167","31.43034386","30.68644954","29.97236403","29.27401432","28.57217055","27.89493368","27.25274609","26.5947415","25.96715623","25.34700716","24.74005321","24.16579228","23.59282382","22.99873668","22.4460689","21.89568986","21.37727832","20.86551285","20.35219853","19.82508824","19.34553454","18.89392784","18.42047723","17.947265","17.52570777","17.09753819","16.6514079","16.24741771","15.85156227","15.43784322","15.09773722","14.69442132","14.31983707","14.05675926","13.62800677","13.31579684","12.99200209","12.65515223","12.39285337","12.03437732","11.8362917","11.49207816","11.29887448","10.95496518","10.76749994","10.47953695","10.29328842","10.04402118","9.878925082","9.669670574","9.391299856","9.330909341","9.113591536","8.952931214","8.792582935","8.614788326","8.508625128","8.349348388","8.255838988","8.167605467","8.048995223","7.965031585","7.848987879","7.778074106","7.747097576","7.643490073","7.612792181","7.63158216","7.542020465","7.426518739","7.44130732","7.481514026","7.418120328","7.352112311","7.345405939","7.322914572","7.288305446","7.274982367","79-40-3","NC(=S)C(N)=S","InChI=1S/C2H4N2S2/c3-1(5)2(4)6/h(H2,3,5)(H2,4,6)
","C(=S)(C(=S)N)N"
"79-41-4","42.18826109","36.79648552","31.79055567","27.30482934","23.40535098","20.06352695","17.20413692","14.77310901","12.70736719","10.97216722","9.481140681","8.228909694","7.167782304","6.298404551","5.498305965","4.871642341","4.325495364","3.851385136","3.44057651","3.091883613","2.78644368","2.543393503","2.30363665","2.14523226","1.970916568","1.837777312","1.72116232","1.620442264","1.535412056","1.463169209","1.404908247","1.350726134","1.311483966","1.279217171","1.249988946","1.222950722","1.204274512","1.192739698","1.183585645","1.182142087","1.169619902","1.166833944","1.166066074","1.161546858","1.161556041","1.15605531","1.165340947","1.159776155","1.168071599","1.157007102","1.164113227","1.169207336","1.165092541","1.170155967","1.171903626","1.17156816","1.174896909","1.174818774","1.180482797","1.184383222","1.183547596","1.184962882","1.192015321","1.190339389","1.200263467","1.194696662","1.202011484","1.206516041","1.204631046","1.207399706","1.20886297","1.210932171","1.215044646","1.214476516","1.212716207","1.21957931","1.228057461","1.224494449","1.224382285","1.224400924","1.230098343","1.233209783","1.235696741","1.237430879","1.239126889","1.235627595","1.238044858","1.236005695","1.240491203","1.247629956","1.249909345","1.248186085","1.247329344","1.242963145","1.24809527","1.253312281","1.25417691","1.257878415","1.261187791","1.259646358","79-41-4","CC(=C)C(O)=O","InChI=1S/C4H6O2/c1-3(2)4(5)6/h1H2,2H3,(H,5,6)
","C=C(C)C(=O)O"
"79-46-9","52.04418331","48.20533952","45.98751709","39.5903237","38.10257844","36.65084168","35.43743318","30.53605383","29.62189028","28.44676151","27.5221798","26.57825328","25.62163324","24.77178596","23.91638501","23.14083733","22.25636927","21.55769136","20.8255055","20.11148324","19.44461037","18.74966243","18.12943643","17.49995875","16.92725279","16.37688757","15.77707409","15.23954616","14.76723044","14.23258799","13.72614996","13.30702224","12.80914718","12.3719343","11.95534933","11.61288617","11.16434895","10.77548341","10.41936251","10.11329357","9.741806611","9.378005425","9.111161794","8.834321222","8.451282855","8.247139825","7.955611973","7.640179327","7.488020484","7.128187638","6.966752312","6.712032623","6.487935698","6.286346302","6.113693848","5.87390563","5.693873492","5.470144584","5.370703151","5.186698453","5.003492592","4.822034721","4.697758908","4.531153534","4.405094339","4.259385565","4.106925785","4.030420779","3.903901187","3.755738479","3.666721749","3.561589824","3.431981212","3.340293761","3.253308208","3.150196818","3.057541795","2.962965296","2.888338848","2.789671738","2.716393135","2.650820987","2.57524942","2.503296477","2.432716324","2.364662615","2.293607012","2.237378512","2.173064521","2.116465482","2.065353603","2.024139706","1.970451949","1.901823649","1.85665352","1.817765413","1.775227761","1.721558503","1.687810493","1.655366799","79-46-9","CC(C)[N+]([O-])=O","InChI=1S/C3H7NO2/c1-3(2)4(5)6/h3H,1-2H3
","CC(C)N(=O)=O"
"80-62-6","106.4909865","115.3401576","122.4361046","128.3446577","133.0647233","136.6866351","139.2735212","141.5281669","141.5600629","131.6156034","128.7376975","125.366214","121.7238465","117.5882467","113.3241474","108.9166637","101.0573332","94.81189216","89.18585651","84.1352835","79.71547493","75.94517473","72.82658379","73.15939349","69.02155389","65.04041241","61.17497001","57.56522054","53.87421432","52.66236947","48.79942923","45.33637681","42.27807028","39.4630074","36.7991912","34.27844313","31.90313522","28.82038547","26.80726688","24.90836565","23.17019256","21.63251501","20.11743006","18.80145203","17.61617446","16.52058103","15.59302471","14.7400081","14.01778145","13.41016839","12.94138329","12.46498762","12.21660231","11.93711279","12.01750639","11.92416718","11.89918057","11.86580179","11.99600519","12.23929168","12.50407495","12.76010877","13.03378758","13.30719682","13.58494885","13.82687537","14.07694627","14.31575103","14.53552053","14.75434061","14.9497579","15.15506404","15.34279529","15.5148221","15.6864113","15.84816368","15.99586602","16.13774513","16.27126128","16.39863978","16.51639843","16.62541161","16.73060443","16.82957649","16.92097056","16.99897817","17.08346526","17.15548148","17.22405635","17.27987628","17.3340838","17.38455839","17.43340759","17.4769257","17.51366571","17.54584246","17.57505152","17.60144792","17.62501458","17.64401908","80-62-6","COC(=O)C(C)=C","InChI=1S/C5H8O2/c1-4(2)5(6)7-3/h1H2,2-3H3
","C=C(C)C(=O)OC"
"80-68-2","17.11701782","3.386916523","2.474746983","2.010523446","1.713986065","1.486309664","1.322389875","1.233392976","1.131804982","1.047110623","0.985615309","0.958989252","0.906428413","0.869085393","0.825624653","0.782775662","0.774563002","0.765507059","0.724670367","0.685647777","0.670418316","0.647197857","0.644244231","0.616110281","0.586918157","0.60963184","0.565300153","0.573381067","0.55463878","0.539433085","0.545157208","0.512291447","0.524443799","0.500549197","0.4970839","0.49843128","0.463474494","0.504221614","0.460871944","0.468191907","0.479898376","0.442483089","0.466559888","0.458390374","0.425838881","0.44201382","0.455987777","0.422152407","0.411833363","0.434607075","0.42548308","0.40472593","0.393567164","0.420108309","0.430110451","0.394549173","0.38463603","0.386456796","0.409338163","0.411798783","0.393892148","0.368718077","0.373948891","0.387616508","0.402477191","0.399351262","0.382312646","0.367243162","0.357560531","0.366316515","0.374576843","0.383605378","0.393017377","0.376614954","0.351464746","0.338784797","0.33384274","0.336366841","0.349565597","0.36417941","0.372852363","0.371573974","0.370036943","0.357194026","0.344077301","0.337147454","0.332040367","0.329581801","0.331987116","0.335950227","0.343478769","0.35510325","0.367195318","0.377536584","0.377942388","0.373461129","0.365226566","0.355434178","0.344395448","0.330004321","80-68-2","CC(O)C(N)C(O)=O","InChI=1/C4H9NO3/c1-2(6)3(5)4(7)8/h2-3,6H,5H2,1H3,(H,7,8)
","CC(C(C(=O)O)N)O"
"814-78-8","66.33839467","64.41294722","63.09284677","47.87539251","46.85022537","45.99080227","45.29654353","44.6973814","44.03477777","43.41330038","42.89952889","42.35111606","41.93961624","41.48748856","41.13828537","40.78112678","40.46701245","40.18855947","39.91533257","39.7050829","39.49248225","39.2930078","39.13119884","38.99901119","38.87437299","38.76420554","38.65748234","38.60244151","38.5248719","38.47167671","38.46008319","38.42238991","38.41955002","38.44151023","38.45990173","38.50388325","38.54914084","38.63723955","38.7383339","38.8440736","38.97016939","39.1386195","39.33178469","39.55652904","39.81231303","40.11758145","40.48615198","40.938416","41.56245795","42.17357302","42.78004114","43.44974258","44.06778899","44.7143334","45.37009671","46.47842841","47.04225427","47.6009364","48.11865255","48.79667273","49.45395362","50.06322147","43.97840509","43.17537873","42.39202524","41.63606766","40.77351566","39.93041508","39.10371817","38.30479873","37.54010986","36.65480638","35.77873275","34.93231129","34.12496643","33.33822713","32.49585479","31.62293416","30.79468732","29.98972036","29.21503959","28.48117153","27.73713225","26.85672335","26.01411535","25.1907228","24.402072","23.65870277","22.95180805","22.29045604","21.58890072","20.78566461","20.02276435","19.29174608","18.60648077","17.96483786","17.37222702","16.82615145","16.32832683","15.89043545","814-78-8","CC(=C)C(C)=O","InChI=1S/C5H8O/c1-4(2)5(3)6/h1H2,2-3H3
","C=C(C)C(=O)C"
"821-08-9","62.17209896","55.31688677","51.5310538","48.67463971","42.6420979","40.18372327","38.17046523","35.88437422","33.80165419","32.17008513","30.60086918","29.14058541","27.92537863","26.83865806","25.87860863","25.01822329","24.09453493","23.36310749","22.59137456","21.98676212","21.36678504","20.7255867","20.16266773","19.62702795","19.13187135","18.66315032","18.19837196","17.83185955","17.37995296","16.94029204","16.55686719","16.22488473","15.86824392","15.52024481","15.19589161","14.87902672","14.54328968","14.2464353","14.00376481","13.73443339","13.45600708","13.17640963","12.96106329","12.71289174","12.48437899","12.28957188","12.05953497","11.82548818","11.62799998","11.45464792","11.29088269","11.12224876","10.95742948","10.79889884","10.60235543","10.45199353","10.32630502","10.17262349","10.04815344","9.960811862","9.830720046","9.701424953","9.601131383","9.476327141","9.354514305","9.243727366","9.145406842","9.030530826","8.935617951","8.856025824","8.77200557","8.685018717","8.605422951","8.545553473","8.465193732","8.383897974","8.312491636","8.251614813","8.175567659","8.105438469","8.044864949","7.982206929","7.899852789","7.824036021","7.763381563","7.711297128","7.652312349","7.59210251","7.532529583","7.487140782","7.43761409","7.369898643","7.312514445","7.258294214","7.213167994","7.173497396","7.115236647","7.063284955","7.010875321","6.97674902","821-08-9","C=CC#CC=C","InChI=1S/C6H6/c1-3-5-6-4-2/h3-4H,1-2H2
","C=CC#CC=C"
"87-62-7","30.02322998","21.96402556","25.72576496","27.65825313","29.9374184","32.64842531","34.30112394","34.74614599","35.57296674","35.87985043","36.4653","36.74904067","36.85728533","36.74264642","36.21416154","36.07088442","35.58116179","34.90348353","34.37118391","33.50434501","33.04860971","32.27745375","31.36124643","32.73780489","31.23837837","30.30939528","30.25276976","29.21162652","28.28165951","27.15395466","26.17894135","25.20911226","24.26103583","23.47562519","22.5178698","21.46262887","20.49424319","19.58428041","18.75978828","17.98401621","17.26565081","16.57843109","15.63102815","14.72282501","13.92953922","13.12143598","12.48218073","11.77604483","11.3288107","10.78023678","10.21276701","9.655288633","9.183921842","8.550170529","8.243934651","8.348451039","7.981820992","7.768838227","7.929921965","7.581630926","7.506279789","6.982489089","6.573099549","6.550882836","6.992802282","7.624071485","7.682092649","7.609350776","7.391140444","7.617933113","7.555561769","7.519209192","7.470705375","7.497074415","7.431408947","7.377872799","7.269961466","7.294198422","7.2541042","7.214754872","7.172249324","7.126974557","7.09405279","7.435544937","7.422994299","7.409626241","7.397883137","7.38388414","7.369652164","7.02418459","7.006659791","6.651158224","6.996154611","6.99368139","6.986732142","6.982525287","7.043360704","7.038247677","7.039451261","6.752224532","87-62-7","CC1=CC=CC(C)=C1N","InChI=1S/C8H11N/c1-6-4-3-5-7(2)8(6)9/h3-5H,9H2,1-2H3
","Cc1cccc(C)c1N"
"872-50-4","13.11911195","8.187832184","6.075908659","4.803087792","3.64510732","2.99737232","2.730252423","2.50504497","2.324179798","2.14031643","1.862354724","1.593331969","1.430195286","1.389386345","1.403384142","1.400061464","1.317156611","1.208933299","1.088376851","1.007297753","0.983714389","0.996138758","0.990743856","0.955767836","0.891668141","0.866697899","0.836572745","0.780923589","0.752023189","0.767741284","0.766838653","0.732144882","0.726136114","0.699070433","0.656208993","0.66643666","0.629677284","0.662038144","0.615297158","0.63486875","0.597100939","0.604871446","0.57002367","0.599306693","0.54073259","0.601227659","0.533511774","0.555216595","0.526743398","0.509694506","0.555055737","0.498286681","0.515534359","0.52287166","0.476109372","0.522161431","0.506288965","0.457879792","0.495031143","0.486458945","0.442996201","0.463495563","0.489180873","0.445092411","0.437378262","0.471014511","0.469883313","0.436374553","0.434444479","0.461873313","0.444061696","0.414519175","0.407181853","0.434308287","0.440666392","0.409784857","0.394255222","0.413845142","0.439480364","0.432653531","0.401998961","0.381864393","0.393502932","0.416305773","0.419268598","0.396518378","0.376016731","0.377092242","0.389212549","0.413000136","0.410445945","0.388728812","0.368819578","0.361798928","0.372304115","0.388717724","0.40233005","0.405295547","0.372892103","0.358371427","872-50-4","CN1CCCC1=O","InChI=1S/C5H9NO/c1-6-4-2-3-5(6)7/h2-4H2,1H3
","CN1CCCC1=O"
"872-55-9","195.5469603","183.1220953","171.9147536","105.0503965","97.33530477","91.10851722","85.76079854","81.29237948","75.49471351","71.97005794","68.31272704","64.85960051","60.97259915","57.27068263","53.56799826","49.93327829","46.38282094","42.97974376","39.64962878","36.44946811","33.40202347","30.53001462","27.19016257","24.25750667","21.63077868","19.36485358","17.40519297","16.16427814","14.73168318","12.73606355","11.42626049","10.32012028","9.365971479","8.487542952","7.8974819","7.35539104","6.612461967","6.204729782","5.922503086","5.665382102","5.54485223","5.607279598","5.725678889","5.670333879","5.738167234","5.988174701","6.322279093","6.501244107","6.668608142","6.751375894","7.033178012","7.406318762","7.433492277","7.50556853","7.7703975","8.17624325","8.567979418","8.853533557","9.230638081","9.403872904","9.78010209","9.880043503","10.03736385","10.20187092","10.34324616","10.46290798","10.54790075","10.59283843","10.53755309","10.45861096","10.14890369","10.08815724","9.893813401","9.894557137","9.885108664","9.905402195","9.944092007","9.989886286","10.03001898","10.07481408","10.1122932","10.14434764","10.18185099","10.21637825","10.24998436","10.28390366","10.31487807","10.35293085","10.37726189","10.40355951","10.42905736","10.4536402","10.48004893","10.4989465","10.51536062","10.52770886","10.55159088","10.56576619","10.58539183","10.59999263","872-55-9","CCC1=CC=CS1","InChI=1S/C6H8S/c1-2-6-4-3-5-7-6/h3-5H,2H2,1H3
","CCc1cccs1"
"873-49-4","34.35026725","23.05259435","36.41809905","33.26488092","30.83494601","29.07770534","27.6344601","27.51713704","27.13337541","27.66211711","28.16352847","28.51002198","28.8044064","29.33948124","29.96772301","30.83645554","31.37079009","32.11335127","32.51516341","32.89499516","33.30396269","33.64793312","34.10620192","34.46617534","34.57209598","34.43483601","34.35618664","34.33089244","34.28872929","34.24712977","34.28133389","34.32192628","34.39788237","34.47865458","34.567998","34.69027086","34.86342401","35.04291182","35.27682334","35.46321899","35.67367246","35.86940978","36.0889653","36.11395941","36.27134762","36.4124711","36.18524422","36.40835574","36.75017851","36.83459419","37.16622777","37.42661924","37.71433649","38.17994659","38.56733473","38.93378738","39.27426079","39.82767023","40.48762398","41.21709221","42.02745469","41.12063111","39.67340684","38.29989101","36.91777591","35.848407","34.98678176","34.33463912","33.98675804","34.22857967","34.8747096","35.80354387","37.04793713","29.88891047","28.83254392","27.77398441","26.7701963","25.8561158","25.04918509","24.3621729","23.74181588","23.10880204","22.53361168","22.05142154","21.57447139","21.09968401","20.71354643","20.41407909","20.1775302","19.93141166","19.77989294","19.55548765","19.27365674","19.10927046","18.99088386","18.90530935","18.80042597","18.71461938","18.58043215","18.46503271","873-49-4","C1CC1C1=CC=CC=C1","InChI=1S/C9H10/c1-2-4-8(5-3-1)9-6-7-9/h1-5,9H,6-7H2
","c1ccc(cc1)C1CC1"
"873-74-5","158.6134441","153.5189305","149.0232563","144.7861556","140.9453044","137.2529779","133.4554011","129.4568529","125.2793761","121.0319139","116.7936436","112.5080332","108.2942689","33.19408813","30.2723085","27.49786164","24.87880044","22.33673456","19.9655887","17.74162095","15.63758325","13.70624339","11.91249815","10.30871186","8.86358018","7.616287196","6.588614459","5.841976843","5.461635671","5.664173079","5.971735689","6.306971743","6.581627291","6.919910503","7.313867116","8.465727451","8.317920464","8.716902135","8.878609247","9.295069435","9.54570789","9.83406714","10.32152976","13.8412553","14.22302329","14.96427855","15.16089804","15.89227628","16.15510014","16.92542104","17.22588658","21.90250926","22.20472629","22.17819323","22.20354627","22.6312732","22.41067055","22.43537798","22.68727061","22.56696203","36.37569848","22.88583362","22.62236809","23.39706189","23.11590078","22.83582961","22.5154506","22.29611849","21.97609016","21.78779932","21.80426163","21.36473294","20.9598427","20.45884766","20.0642897","19.75049391","19.33504479","19.03073139","18.86853872","18.7103639","18.32042122","18.04863671","17.93849159","18.05822129","17.78690154","17.55492805","17.52143647","17.4727322","17.33944373","17.2106732","17.10384352","16.99759397","16.88920238","16.78057326","16.67760774","16.5784898","16.47431064","16.37278496","16.27114486","16.16726268","873-74-5","NC1=CC=C(C=C1)C#N","InChI=1S/C7H6N2/c8-5-6-1-3-7(9)4-2-6/h1-4H,9H2
","c1cc(ccc1C#N)N"
"922-69-0","14.912063","12.71059092","11.10641267","9.649064524","8.3750485","7.317432678","6.46247797","5.652934043","5.037858532","4.506264339","4.027561932","3.713662992","3.379598731","3.118827335","2.90613069","2.704226163","2.531840595","2.381900286","2.278803742","2.155087029","2.081173013","1.999394823","1.918365376","1.8395014","1.804493941","1.756145274","1.718020392","1.662926503","1.641823655","1.613019566","1.599606772","1.569420277","1.536491183","1.525949949","1.505097103","1.49391671","1.483131321","1.460027258","1.461471601","1.441411981","1.44116045","1.428825204","1.421364706","1.421714662","1.405257297","1.397331047","1.393980553","1.394593993","1.395411884","1.380462775","1.379153036","1.378451492","1.369747995","1.371680208","1.366858216","1.363782268","1.368493535","1.361050934","1.361821973","1.35686699","1.361047745","1.366994215","1.353807259","1.358357495","1.356870448","1.352686677","1.357499249","1.353365962","1.354772513","1.345176404","1.363262429","1.348474776","1.350566765","1.353522528","1.349903178","1.349013774","1.351831511","1.349869869","1.349795686","1.349174473","1.353094328","1.347057448","1.349861074","1.342452209","1.352608296","1.350085996","1.3475357","1.351695785","1.35265797","1.347263527","1.34296062","1.348044773","1.348805225","1.346284351","1.344331624","1.348349494","1.350799434","1.347160649","1.344065533","1.342805584","922-69-0","COC(=C)OC","InChI=1S/C4H8O2/c1-4(5-2)6-3/h1H2,2-3H3
","C=C(OC)OC"
"926-67-0","41.05322716","29.26281847","25.41656982","22.66390934","20.28964058","18.55659593","16.93109106","15.56115645","14.45508843","13.40138885","12.52013807","11.6902168","10.89800283","10.18526109","9.575207025","8.947225372","8.375200889","7.863738544","7.409772353","6.943647934","6.518438921","6.131926371","5.787424009","5.475262548","5.187269947","4.920320256","4.706172704","4.469803689","4.296119655","4.11442168","3.905399257","3.721667474","3.59480104","3.458565042","3.292396498","3.174797103","3.078257805","2.956577282","2.854621464","2.808171215","2.707107227","2.683078067","2.605151813","2.556681449","2.567358439","2.511829714","2.526646284","2.458227537","2.469293366","2.467519646","2.462593697","2.471671236","2.51272069","2.521512973","2.549066949","2.615970401","2.618509539","2.694485758","2.766530976","2.841842352","2.884332291","2.950486515","3.038304259","3.104595242","3.240698803","3.299449925","3.418788537","3.504536706","3.638019842","3.74934237","3.853648835","3.991540022","4.097934471","4.243522813","4.374863161","4.529475136","4.666408152","4.801296965","5.013409594","5.136973313","5.288014623","5.466296003","5.583097162","5.755618938","5.940325541","6.091075108","6.307353721","6.467007422","6.632529178","6.836477542","7.05897507","7.218276492","7.409041723","7.604083518","7.759944525","7.938092444","8.141175657","8.346880814","8.524524361","8.728166513","926-67-0","CCOC(C)=S","InChI=1S/C4H8OS/c1-3-5-4(2)6/h3H2,1-2H3
","CCOC(=S)C"
"930-55-2","124.5092631","121.652547","119.9562328","118.0635143","116.6913451","115.4576592","115.2031879","68.88164155","67.50493499","66.22062047","65.03734053","63.92720674","62.91508402","61.97413685","61.1078561","60.30454882","59.57901344","58.90989451","58.31306801","57.78572387","57.32651454","56.93886098","56.62255646","56.39728308","56.25124541","56.21445571","56.29225243","56.49665651","56.86226775","57.43498504","58.27856279","59.37970962","60.6181778","63.06097267","64.83196676","66.40939542","65.96157843","65.64812196","64.26565581","64.29976044","75.57740178","75.25559555","75.10756595","75.70117117","75.78910772","75.84513164","75.94691238","77.3375515","77.28923448","76.86589863","77.38198508","77.43671683","77.36353949","78.09206434","78.60591315","79.22831192","78.58099368","78.10335488","78.01952876","78.08163069","78.38562665","78.71324835","78.98120132","79.62589969","80.79495434","82.95905571","85.39192569","87.75936666","90.05542061","92.28477041","94.44240528","96.52712268","98.54142182","100.4809929","102.346948","104.1368048","105.8491989","107.4848477","109.0398271","110.5135847","111.9019558","113.2088705","114.4270428","115.5566195","116.596725","117.5444922","118.3971088","119.1537024","119.8089363","120.3643868","120.8120885","121.1544864","121.3854865","121.4982846","121.4920679","121.3639251","121.108975","120.7198372","120.1966908","119.5317552","930-55-2","O=NN1CCCC1","InChI=1S/C4H8N2O/c7-5-6-3-1-2-4-6/h1-4H2
","C1CCN(C1)N=O"
"930-68-7","18.31098124","16.51054289","14.80435757","13.66217189","12.88590985","11.98010261","11.15506006","10.51117051","9.852023002","9.257893329","8.655671714","8.14138632","7.643943179","7.218869874","6.752013928","6.373755715","6.001534642","5.629676465","5.346267011","5.000548038","4.709316394","4.425583947","4.142812463","3.94047367","3.729271274","3.552596605","3.357820772","3.099868046","2.93666955","2.734469181","2.709759795","2.572086462","2.442850877","2.424433291","2.319000275","2.257166277","2.243256608","2.220880863","2.21094092","2.22698338","2.224789117","2.232827598","2.28522197","2.355763314","2.414698188","2.455112697","2.533547806","2.628898736","2.721346152","2.792220404","2.851635361","2.952828293","3.080737107","3.211865023","3.302802092","3.403913607","3.539209301","3.693306975","3.826611492","3.952981441","4.077285568","4.240936187","4.413879716","4.555550979","4.686310785","4.826996508","4.974926731","5.113856871","5.249425191","5.368763323","5.505514116","5.647395551","5.720222648","5.761106077","5.807265006","5.828232185","5.771302963","5.571129123","5.600312447","5.581300959","5.606856019","5.626467219","5.666737979","5.652732059","5.64819377","5.656111608","5.669685236","5.669162266","5.688471379","5.689654899","5.708503258","5.715998407","5.699843453","5.709115385","5.731132694","5.735978743","5.736857787","5.725098856","5.713968819","5.73910417","930-68-7","O=C1CCCC=C1","InChI=1S/C6H8O/c7-6-4-2-1-3-5-6/h2,4H,1,3,5H2
","C1C=CC(=O)CC1"
"931-63-5","60.98923155","57.18680221","39.04014286","36.65158888","34.28941039","32.17531166","30.28182625","28.60817734","26.99058028","25.62758456","24.32554435","23.22277279","22.19795281","21.27981861","20.48776038","19.75871118","19.1148033","18.59417664","18.12484462","17.74753299","17.5099398","17.43279095","17.58367707","17.72520772","17.92025537","18.12438665","18.35121478","18.63033861","18.86330223","19.15776365","19.44532126","19.69783193","19.94922732","20.27728637","21.22369848","21.6328233","21.90916224","21.91764519","21.92877144","21.70672349","21.92429611","22.14239784","22.40388669","22.62478316","22.85888219","23.11215121","23.27551167","23.45805992","23.56466688","23.68380412","23.80971088","23.91835644","24.03242443","24.12132839","24.17265066","24.33458787","24.3459571","24.3287112","24.30362855","24.26058449","24.20703501","24.15444416","24.13512981","24.03641639","24.00804672","23.94742413","23.90105518","23.87427188","23.83406948","23.79221225","23.76299771","23.72317879","23.70081668","23.67421189","23.64876152","23.61537499","23.58619668","23.5523333","23.5264604","23.50172732","23.47119859","23.45202901","23.42503559","23.39708224","23.3713625","23.3513205","23.32654991","23.30292982","23.27395815","23.25385188","23.24286161","23.22126696","23.20103706","23.17405582","23.15831579","23.13524674","23.11678158","23.09735209","23.07667667","23.06091537","931-63-5","COC1=NC=CC=N1","InChI=1S/C5H6N2O/c1-8-5-6-3-2-4-7-5/h2-4H,1H3
","COc1ncccn1"
"931-87-3","21.7633097","15.99225814","13.1827577","11.17622928","9.714583545","8.488115594","7.461591278","6.602746708","5.892531021","5.283272592","4.747628594","4.307762774","3.908185904","3.569366407","3.281564627","3.043502467","2.816860984","2.610134075","2.460453456","2.285633574","2.166181623","2.038806243","1.942969936","1.842703813","1.778482459","1.684072232","1.628528031","1.558873166","1.490707303","1.454024761","1.405451054","1.368885","1.339127424","1.30517123","1.273225298","1.253299302","1.227367916","1.195961329","1.160457537","1.141699995","1.134033242","1.121030032","1.10588503","1.08188196","1.06261255","1.049566547","1.042546986","1.038396026","1.023300778","1.007605503","1.01116509","0.987041275","0.986562463","0.979758738","0.974311117","0.96539204","0.965407674","0.959823022","0.951367869","0.945903165","0.940661433","0.934576562","0.924535659","0.915345701","0.919221328","0.922471519","0.91974662","0.91666095","0.913161238","0.905169912","0.901407742","0.904827876","0.903134384","0.90062126","0.896168617","0.893217111","0.888481165","0.88417375","0.877921417","0.8728889","0.870083827","0.871833002","0.868131409","0.864904086","0.862105266","0.861619994","0.860267286","0.862586517","0.863573737","0.862180864","0.861217669","0.863090499","0.862988524","0.864225422","0.865785642","0.866993677","0.867893285","0.868258376","0.867757241","0.866765367","931-87-3","C1CCC\C=C/CC1","InChI=1S/C8H14/c1-2-4-6-8-7-5-3-1/h1-2H,3-8H2/b2-1-
","C1=CCCCCCC1"
"932-90-1","87.41132725","84.94147248","82.88540792","81.30131091","80.32308109","79.4012797","78.014862","76.64815829","75.77586949","74.25442663","73.24400868","72.33363561","70.92144654","69.51359677","68.21193746","67.00987714","66.09833655","64.76184918","64.00477575","62.88244881","62.10019291","61.0614189","60.11702495","59.29940894","58.49381767","57.58344202","56.67384428","55.90026339","55.16536806","54.30998193","53.65624105","52.85026035","52.11269732","51.51711509","50.7577148","50.12161927","49.43597547","48.82169024","48.16000515","47.55766293","47.0101428","46.41366285","45.81121759","45.28591912","44.72764892","44.22004205","43.68101826","43.23249559","42.69108272","42.21045713","41.73355808","41.29483439","40.80982792","40.42958129","39.98192864","39.53202432","39.14216646","38.73771371","38.35861856","37.95610957","37.61186002","37.2313657","36.87934859","36.54698241","36.17113102","35.85688955","35.51801458","35.23272544","34.88444236","34.63439477","34.30642552","34.00019152","33.74230041","33.43768851","33.19842498","32.9259117","32.69556208","32.39958032","32.16760048","31.91621785","31.68037746","31.48133035","31.20661817","31.00549183","30.81498974","30.5807336","30.37377534","30.18154418","29.99024787","29.76260854","29.58181648","29.42971342","29.21781484","29.02797389","28.89281418","28.70438323","28.5155703","28.3824715","28.24268832","28.04142326","932-90-1","O\N=C\C1=CC=CC=C1","InChI=1S/C7H7NO/c9-8-6-7-4-2-1-3-5-7/h1-6,9H/b8-6+
","c1ccc(cc1)/C=N/O"
"95-13-6","95.01699446","94.54715094","83.32804607","76.35709727","46.60667886","48.55654022","47.58165905","48.02307972","49.26113502","53.35814605","58.47567175","63.12533755","67.68240673","71.77970136","75.50518499","79.34781409","83.12567777","86.63484715","90.17278421","93.81194116","97.34451221","101.0817399","105.2740965","109.3601996","113.5118993","116.2295231","91.37865805","91.41649274","91.50039413","91.34329211","54.38397936","54.0378716","52.7664209","50.63465055","48.17184983","45.7537458","43.78354392","41.83556433","40.10624729","38.59821725","37.09914118","35.81437477","82.48230227","79.9448199","78.15062854","69.4634105","68.43196027","66.64588613","65.67560207","64.56381781","63.69946162","62.90977992","62.19163951","24.06999992","23.55209989","23.02065565","22.42537377","21.9323732","21.46857305","21.11392245","20.8291757","20.53055918","20.31204908","20.04744298","19.82627753","19.55825376","19.40143076","19.24871343","19.19063097","19.14963103","19.03321956","18.97388495","18.9200423","18.82299497","18.65130229","18.49474043","18.37673624","18.2857876","18.26122337","18.21144556","18.13134791","18.0391656","18.04012807","17.98634748","17.95082588","17.98091113","17.91757491","17.80891406","17.6940697","17.62053729","17.58875034","17.55493399","17.52917069","17.52279811","17.47227987","17.43964927","17.42298983","17.39449751","17.40575164","17.39293713","95-13-6","C1C=CC2=CC=CC=C12","InChI=1S/C9H8/c1-2-5-9-7-3-6-8(9)4-1/h1-6H,7H2
","c1ccc2CC=Cc2c1"
"95-14-7","117.4884577","125.4315598","129.7524494","130.8149896","129.6313156","126.6305635","122.3221087","111.0615321","104.7515754","98.27784196","91.76278826","85.35162704","79.18100777","73.25673145","67.70171712","62.52305372","57.72298619","53.31692599","49.31727649","45.67975915","42.41002921","39.50695154","35.2970819","32.83446465","31.01602249","30.06415427","29.68933006","28.58860298","27.68059747","26.97286554","26.46261978","26.17354829","25.93893532","25.82113808","25.75859125","25.72731244","25.7283954","25.74131756","25.75368808","25.7466627","25.73206","25.70311003","25.65566104","25.59946364","25.53090171","25.45360654","25.36584642","25.2707962","25.16977892","25.0559729","24.93683894","24.81401914","24.69236022","24.55523111","24.41682673","24.27598818","24.13560591","23.98984232","23.83958098","23.69437415","23.54136265","23.39260877","23.24085701","23.09241786","22.943599","22.79034316","22.6359126","22.48374686","22.33813507","22.18762962","22.04287985","21.89478299","21.75213124","21.60309674","21.46251912","21.32794121","21.18173057","21.0509049","20.91336375","20.77688415","20.6413211","20.5106679","20.38261558","20.2550529","20.12798549","20.00566602","19.88274008","19.76856395","19.64732527","19.52234938","19.41136627","19.29729784","19.18880325","19.07301472","18.96889287","18.86566382","18.7591733","18.66089524","18.55551351","18.45304783","95-14-7","N1N=C2C=CC=CC2=N1","InChI=1S/C6H5N3/c1-2-4-6-5(3-1)7-9-8-6/h1-4H,(H,7,8,9)
","c1ccc2c(c1)nn[nH]2"
"95-45-4","30.05543883","22.90136955","19.99592555","15.89033398","14.51731679","13.35714996","12.09538999","11.24733272","10.46388305","9.781435049","9.11466216","8.546559516","8.019661859","7.5130583","7.078219815","6.644540118","6.225871938","5.861274115","5.549060331","5.228559215","4.956562292","4.655356627","4.399212686","4.175809164","3.940016355","3.721643833","3.5350252","3.337487288","3.161290841","3.002405719","2.862985674","2.740674304","2.595414196","2.467492792","2.329949279","2.23589396","2.138741421","2.022079972","1.935972651","1.856717172","1.762825006","1.699176691","1.625196346","1.547651948","1.504611701","1.422065202","1.371953109","1.314158997","1.247968212","1.222994071","1.160996769","1.142395985","1.076724385","1.0584081","0.987012866","0.966345193","0.924619774","0.912610349","0.869367904","0.834193053","0.816506585","0.766561456","0.77517074","0.725995664","0.716848694","0.706301801","0.657524781","0.663199529","0.647441083","0.614386026","0.624956665","0.595637482","0.564726442","0.577829147","0.54932505","0.519322688","0.534170331","0.519173783","0.49319317","0.483466972","0.489593036","0.470383904","0.437678739","0.448122856","0.447238152","0.43333848","0.412296396","0.421703396","0.439168276","0.438405873","0.418687491","0.408169755","0.418032996","0.42710325","0.403963942","0.374867197","0.36830257","0.361041963","0.382905943","0.383526329","95-45-4","C\C(NO)=C(/C)N=O","InChI=1S/C4H8N2O2/c1-3(5-7)4(2)6-8/h5,7H,1-2H3/b4-3-
","C/C(=C(\C)/N=O)/NO"
"95-48-7","124.0100209","119.6472","115.7009853","112.2895134","108.9390347","105.8489097","102.8729399","100.1501249","97.61009285","95.12447758","92.81951915","90.63285016","88.52152009","86.49931772","84.54228905","82.65598422","80.85216884","79.07792863","77.38297627","75.71073578","74.07940646","72.50373911","70.95308985","69.43876341","67.95153024","66.49198169","65.06609959","63.65896079","62.27097669","60.91803629","59.57736669","58.26957026","56.99684793","55.72951907","54.4900037","53.27335684","52.08925795","50.9235361","49.7842413","48.67608647","47.58253982","46.5253358","45.48697047","44.4817529","43.50399988","42.54469902","41.62266313","40.7267846","39.86505924","39.02109067","38.21490548","37.43015312","36.67312009","35.94823288","35.25229388","34.57760863","33.93210408","33.31212645","32.71858938","32.15892868","31.60903195","31.08995941","30.59064813","30.11723611","29.66228109","29.23329773","28.82060192","28.42485524","28.04364971","27.6839885","27.3371648","27.00669741","26.69001074","26.38333143","26.09504014","25.81137967","25.54360993","25.29058512","25.04236654","24.80014156","24.57164942","24.35614153","24.13890245","23.93954228","23.7398293","23.5526036","23.36540399","23.18991089","23.01124429","22.84288716","22.67661414","22.512289","22.35651983","22.20368826","22.0580741","21.91088459","21.76833004","21.6291138","21.49409838","21.36013694","95-48-7","CC1=CC=CC=C1O","InChI=1S/C7H8O/c1-6-4-2-3-5-7(6)8/h2-5,8H,1H3
","Cc1ccccc1O"
"95-53-4","33.68541033","49.08116551","66.94742961","83.3457185","97.59562262","107.1881633","115.5953189","122.9548985","127.8848997","130.855933","133.3870203","134.1207617","123.3308283","119.2925264","114.7095374","110.9127202","106.9963113","103.2925319","100.6227821","98.09274683","96.76857285","97.07056029","101.1135697","91.25286386","85.51510997","80.1280763","75.42892391","70.75616496","66.74115055","63.67702879","61.87756929","60.80724023","59.19004228","58.38043494","49.65829243","46.29914856","43.49970875","40.05952695","36.73367462","34.02636956","31.79218629","29.06878462","26.59848962","24.80059346","22.89104115","20.929695","19.49687254","18.49592797","10.26659365","9.702713739","9.597511605","9.611881063","9.998254343","10.24722512","11.04117558","11.39410617","12.70352165","12.94993122","13.00952655","13.33383834","14.28871821","14.45913534","14.64367247","14.78860101","15.00190094","15.40596652","15.66988381","15.81367655","15.91208871","15.79379722","15.93879688","16.0430802","16.14640098","16.17294397","16.41683059","16.48389661","16.46537901","16.59678423","16.61690178","16.66613614","16.68158079","16.76880027","16.78159017","16.86862293","16.01577239","16.4109074","16.97465571","17.06506481","17.11052035","16.84319118","16.65055464","16.955902","17.33698051","17.3788494","17.66859772","17.70451009","17.26074648","17.56973618","17.36559847","17.4928034","95-53-4","CC1=CC=CC=C1N","InChI=1S/C7H9N/c1-6-4-2-3-5-7(6)8/h2-5H,8H2,1H3
","Cc1ccccc1N"
"95-54-5","18.76783702","20.93914458","17.82943816","13.83377731","14.89804925","12.41496753","12.49530323","11.92217363","11.80344201","11.34323101","11.61198657","11.15582391","11.28670272","11.16837619","11.10837046","10.98099196","11.09744952","10.8056853","10.92117068","10.75152848","10.70277597","10.55782122","10.54613575","10.29910513","10.31862391","10.09814467","9.968803035","9.839813561","9.695151343","9.472539335","9.393112712","9.160823682","8.979180621","8.820598452","8.619701415","8.409304374","8.228247016","8.035355996","7.819434515","7.652385882","7.42417151","7.249210781","7.03352114","6.826864801","6.604891164","6.471634178","6.203644702","6.016444323","5.823091981","5.63989165","5.426380401","5.268265318","5.049013607","4.878007485","4.721044839","4.542109127","4.380664838","4.244334502","4.079602437","3.92550686","3.802974292","3.651613844","3.537552369","3.443049099","3.318261283","3.242124869","3.143202039","3.058994101","2.977490595","2.922965569","2.819338791","2.783895839","2.726598135","2.658613212","2.663345743","2.626491862","2.613783415","2.646041577","2.625058416","2.63914428","2.619245678","2.617254469","2.611004865","2.611584401","2.631281472","2.621465466","2.618632479","2.601890567","2.600883997","2.616896501","2.610289526","2.60029844","2.57998358","2.575659206","2.586644797","2.581915016","2.580246735","2.545113261","2.555482929","2.560062237","95-54-5","NC1=CC=CC=C1N","InChI=1S/C6H8N2/c7-5-3-1-2-4-6(5)8/h1-4H,7-8H2
","c1ccc(c(c1)N)N"
"95-63-6","42.44842756","35.13654589","31.38695229","27.03137506","24.90207548","23.6921154","23.82916731","24.47304681","25.22401476","25.76874197","26.84077853","27.59748671","29.14703937","30.14087823","31.01531105","31.36727811","31.91326438","32.64135062","33.06409919","33.67247527","34.22414462","34.81317076","35.39078337","35.92992011","36.54556904","37.15312941","37.28201124","37.50691231","37.79955808","37.97495973","38.33006701","38.58521478","38.90795845","39.22630411","39.58106201","40.06246395","40.26257096","40.59888613","40.98593488","41.32513686","41.82601607","42.21636848","42.53627419","42.98531731","43.36844064","43.81359461","44.26036267","44.72638539","45.20477083","45.85761548","46.29068916","46.74658342","47.11494795","47.49867719","47.92624351","48.3671903","48.75179365","49.20562709","49.70463026","50.17217237","50.63062381","51.16709942","51.70340798","52.26885732","52.87333086","53.54319659","54.29495621","55.00436516","55.66433301","56.49861719","57.34249068","58.13802323","59.07185221","60.04782511","61.0350419","61.85570488","62.87174816","64.05317451","65.38869611","66.95883607","68.72523366","70.79980774","73.00740367","75.3633937","77.8534482","80.53458337","83.55380905","87.04440102","89.61744308","91.29972459","92.99980135","94.68703863","96.01021214","96.76483076","97.80876035","98.86586063","99.92167926","100.969203","95.37073126","95.61732934","95-63-6","CC1=CC=C(C)C(C)=C1","InChI=1S/C9H12/c1-7-4-5-8(2)9(3)6-7/h4-6H,1-3H3
","Cc1ccc(C)c(C)c1"
"96-45-7","62.01129051","64.67656811","66.4856421","67.43305144","67.89228744","67.81810535","67.39390745","66.64868973","65.71548947","64.66991701","63.52209364","62.76412553","60.78539515","58.93787766","57.1722569","55.50766222","53.91313208","52.40720473","50.9687365","49.62383219","48.34820021","47.11834979","45.97422122","44.86111991","43.82098998","42.83992269","41.89000015","41.01636287","40.1525489","39.35129965","38.58081837","37.86434029","37.15434119","36.49962307","35.87212806","35.27200286","34.68346798","34.14815368","33.65109054","33.13714073","32.66422835","32.21396795","31.78425833","31.36660019","30.9863793","30.59267159","30.234009","29.89552488","29.55790471","29.23094421","28.94816707","28.65481583","28.36945004","28.10423123","27.83991767","27.5853554","27.35238565","27.12707953","26.91333639","26.7006234","26.49213306","26.29633669","26.10058695","25.92765928","25.75891952","25.59131188","25.41713243","25.25949773","25.1103537","24.97254996","24.8266627","24.68888667","24.56552606","24.4418237","24.32071931","24.19330924","24.07028172","23.95989031","23.8559925","23.75820248","23.6601001","23.55952476","23.45560071","23.36412559","23.27340546","23.18458144","23.10573559","23.03234591","22.95513394","22.8791184","22.80035939","22.72862483","22.65570355","22.58805184","22.52564919","22.46373295","22.40043525","22.33867187","22.2758685","22.21685405","96-45-7","S=C1NCCN1","InChI=1S/C3H6N2S/c6-3-4-1-2-5-3/h1-2H2,(H2,4,5,6)
","C1CNC(=N1)S"
"96-50-4","99.73885141","92.50913847","89.01638929","85.69127807","82.35866378","55.28335443","51.56295658","48.13355645","45.00120881","42.02302933","39.33773964","36.97454198","34.69422927","32.69564461","30.87353666","29.19453481","27.70065936","26.34832463","16.19364774","15.76985904","15.43308425","15.14648956","14.94729509","14.79632722","14.67709939","14.58858181","14.53549926","14.50844992","14.51777347","14.53889865","14.58910037","14.65285241","14.74275535","14.84990671","14.95171847","15.105387","15.233913","15.39307656","15.56284788","15.7083733","15.36864377","14.49911309","13.66823423","12.9441092","12.28758034","11.68199677","11.13034157","10.62310416","10.1502901","9.746730143","9.384931628","9.07625283","8.797755484","8.560881238","8.317716948","8.10335173","7.907895492","7.744389739","7.597955633","7.468791692","7.342026677","7.235584215","7.131548148","7.04968006","6.955472527","6.878734287","6.799213302","6.725646018","6.664478567","6.599836339","6.540396357","6.490750884","6.439266249","6.392939854","6.349952979","6.307510453","6.279494147","6.23658899","6.201789801","6.178224836","6.144546572","6.099960398","6.071428453","6.0456514","6.02239842","5.987705066","5.96346385","5.932139473","5.906523299","5.896258878","5.875014363","5.841079952","5.821230807","5.792537297","5.775893307","5.756740343","5.739327831","5.721254052","5.703259573","5.693417233","96-50-4","NC1=NC=CS1","InChI=1S/C3H4N2S/c4-3-5-1-2-6-3/h1-2H,(H2,4,5)
","c1csc(=N)[nH]1"
"98-00-0","78.1384325","77.7895192","75.69118696","72.51611368","68.9480951","65.31620688","61.7879063","58.35113105","55.09604024","52.10405647","49.24695486","42.71794829","39.955926","37.42879873","35.12838155","33.01641026","31.08314372","29.29507758","27.65999605","26.16919233","24.80403587","23.53525273","22.38212176","21.32277033","20.32338273","19.41945558","18.59076783","17.80317755","17.08364198","16.41928815","15.80114811","15.23206885","14.69053955","14.1822014","13.72826922","13.29296551","12.88317617","12.50760166","12.15919354","11.8126728","11.50605305","11.21304288","10.94705537","10.67723462","10.43969816","10.20047119","9.982325878","9.782170171","9.588158349","9.407440964","9.222490522","9.070776699","8.912345949","8.750577561","8.61667974","8.487280336","8.361939319","8.228231276","8.114669734","8.015652054","7.898260992","7.796556314","7.707990048","7.607095489","7.534447303","7.439288728","7.362349281","7.288427921","7.203938988","7.137214699","7.078250703","7.01149182","6.948264825","6.886381701","6.82181023","6.758530937","6.723000469","6.677832585","6.622982019","6.563813361","6.517111049","6.477738318","6.439544479","6.390893085","6.350005631","6.30914205","6.27500483","6.243900346","6.20260627","6.171352805","6.137550824","6.106718386","6.0816673","6.054401462","6.020974426","5.99240617","5.960595169","5.92668768","5.901175754","5.878873876","98-00-0","OCC1=CC=CO1","InChI=1S/C5H6O2/c6-4-5-2-1-3-7-5/h1-3,6H,4H2
","c1cc(CO)oc1"
"98-82-8","88.4592436","74.17462172","60.07020588","50.5336595","45.88737974","42.71777979","40.65961391","39.6303008","39.27166632","39.1585604","39.15163792","39.44256109","39.92896835","40.39243099","40.89606148","41.42753669","41.96555998","42.50524907","43.01748101","43.5038323","43.93608821","44.31065685","44.58637308","44.79032099","44.67956549","42.56014441","40.63994566","38.87060079","37.26980803","35.81919573","34.49741326","33.31727934","32.25314874","31.27985344","30.4413747","29.67921067","28.96786792","28.35075424","27.80223225","27.30997661","26.86633823","26.47543063","26.13565952","25.82110528","25.52873435","25.2835887","25.06934464","24.8745864","24.67990201","24.49582869","24.33379276","24.20663756","24.06670033","23.93877437","23.81947103","23.70548305","23.59630278","23.52568949","23.44169302","23.34003357","23.25003788","23.17164792","23.08967559","23.00817365","22.97768345","22.90257226","22.84809708","22.77462287","22.72362285","22.66829648","22.60601175","22.51884054","22.46677847","22.4209705","22.37459502","22.32330655","22.27909719","22.23507753","22.18444269","22.14516126","22.09508512","22.0521214","22.00886999","21.97281375","21.93388595","21.89179517","21.85668515","21.82015485","21.78668873","21.74523744","21.70702491","21.67577367","21.64052481","21.60615168","21.57288133","21.54544038","21.50928714","21.47592267","21.45002355","21.41364691","98-82-8","CC(C)C1=CC=CC=C1","InChI=1S/C9H12/c1-8(2)9-6-4-3-5-7-9/h3-8H,1-2H3
","CC(C)c1ccccc1"
"98-83-9","135.1951035","125.9166644","109.4993099","102.0116478","94.97792923","78.03719525","79.94629354","40.07962238","40.69354074","40.81350014","40.54860879","40.01800785","39.21381519","38.18613075","36.94086373","35.63609771","34.19725727","27.29196921","23.92606577","20.7606363","17.85882049","15.1428392","12.67745731","10.38293035","8.359744604","6.534717483","4.925375843","3.536346019","2.457541214","1.611890121","1.199568226","1.422852231","1.873756026","2.38979762","3.026984882","3.779316127","4.529409256","5.276164624","6.058291281","6.800010848","8.766619652","8.430293824","8.164984511","8.045125145","7.783704371","7.600456739","7.509143668","7.470390075","7.425669806","7.441899465","7.541998915","7.588880358","7.701664385","7.81534863","7.933259016","8.042890222","8.138939038","8.230521713","8.3297458","8.424265976","8.500532433","8.578123912","8.637392928","8.704186746","8.760261213","8.807195233","8.848758665","8.898731898","7.845235883","7.786618453","7.735653389","7.693495325","7.652978322","7.627481089","7.595171466","7.57035001","7.537381966","7.534064984","7.501715754","7.496865177","7.473614512","7.459025362","7.461475111","7.444046736","7.448895831","7.434947713","7.423199461","7.420404726","7.426351369","7.427175239","7.417410113","7.43085885","7.417324398","7.422412673","7.433462919","7.417014337","7.428579826","7.438601807","7.430391158","7.442455478","98-83-9","CC(=C)C1=CC=CC=C1","InChI=1S/C9H10/c1-8(2)9-6-4-3-5-7-9/h3-7H,1H2,2H3
","C=C(C)c1ccccc1"
"98-86-2","52.37476405","43.96569114","39.09354948","35.28567853","32.22311286","29.67694784","27.46109773","25.61449809","24.10917424","22.72471685","21.61653383","20.61576115","19.85546589","19.1349582","18.48909203","17.92942374","17.49332646","17.08286807","16.69999353","16.28222496","16.00447176","15.71303323","15.40404183","15.13225002","14.80705689","14.64023769","14.27873031","13.41797769","12.48578191","11.55877286","10.64507571","9.766534665","8.91509553","8.141397098","7.490206409","6.994879611","6.821349939","6.874493741","7.003295477","7.230672613","7.487089776","7.884939282","8.292113107","8.831190639","9.469876017","10.24410453","11.0648239","11.99501584","13.05250245","15.46350228","14.45515824","13.55111736","12.67896812","11.79917112","11.065956","10.38254222","9.749366334","9.199587854","8.70454557","8.289155549","7.959591443","7.64979164","7.423222529","7.351428798","7.230470775","7.316319689","7.267886931","7.290982014","7.371432948","7.404139802","7.44851235","7.523525668","7.571064624","7.641903601","7.700207167","7.779127435","7.844857485","7.920004923","7.992641948","8.091660499","8.163971747","8.238594247","8.329338962","8.434476342","8.466645743","8.605226","8.631086403","8.748413952","8.80191009","8.884497384","8.962710674","9.026605922","9.113376661","9.179181323","9.247079697","9.319465347","9.385778553","9.452847401","9.518468487","9.576418014","98-86-2","CC(=O)C1=CC=CC=C1","InChI=1S/C8H8O/c1-7(9)8-5-3-2-4-6-8/h2-6H,1H3
","CC(=O)c1ccccc1"
"98-92-0","43.75857287","35.63442202","32.08580083","26.39769211","23.96075405","21.86580583","19.54922748","17.68661739","16.36833523","15.2174973","14.08548314","13.5898245","14.42510168","13.4098002","12.17457022","11.20336335","10.3996017","9.757916484","9.232232396","8.607112681","8.076494148","7.602173208","7.134021549","6.69458263","6.273325447","5.855133096","5.491312771","5.145386752","4.779445956","4.483861902","4.186151964","3.893353698","3.714594176","3.459484364","3.291365856","3.111698719","3.011939602","2.895624302","2.852804805","2.822921384","2.866625912","2.92049642","2.945118018","2.954096363","2.993918012","3.02883183","3.08518904","3.130073458","3.171097464","3.230380304","3.299346862","3.3261654","3.374265446","3.423087757","3.464219282","3.483606072","3.513678851","3.550832481","3.560427479","3.56342775","3.570512253","3.586350076","3.594894132","3.581637779","3.582995569","3.580243919","3.589120785","3.584551141","3.588406089","3.584985694","3.58952636","3.58421817","3.598739796","3.583974682","3.586258231","3.582418135","3.585826978","3.589731826","3.592231902","3.594613715","3.58720102","3.59990824","3.59873958","3.604004234","3.600080839","3.600934575","3.597648319","3.607825785","3.60290917","3.602975031","3.600825055","3.608764083","3.607066493","3.611649354","3.603506539","3.621705499","3.612399934","3.611376951","3.617565392","3.62059315","98-92-0","NC(=O)C1=CC=CN=C1","InChI=1S/C6H6N2O/c7-6(9)5-2-1-3-8-4-5/h1-4H,(H2,7,9)
","c1cc(cnc1)C(=N)O"
